Iteración 0
-----------
Abiertos = (3,8)
Cerrados = 
------------------------
Iteración 1
-----------
Abiertos = (3,7), (4,8), (3,9)
Cerrados = (3,8)
------------------------
Iteración 2
-----------
Abiertos = (3,6), (4,7), (4,8), (3,9)
Cerrados = (3,8), (3,7)
------------------------
Iteración 3
-----------
Abiertos = (3,6), (4,8), (5,7), (3,9), (4,8)
Cerrados = (3,8), (3,7), (4,7)
------------------------
Iteración 4
-----------
Abiertos = (4,8), (5,7), (3,9), (3,5), (4,8), (2,6)
Cerrados = (3,8), (3,7), (4,7), (3,6)
------------------------
Iteración 5
-----------
Abiertos = (4,8), (3,9), (3,5), (5,8), (4,8), (5,6), (2,6)
Cerrados = (3,8), (3,7), (4,7), (3,6), (5,7)
------------------------
Iteración 6
-----------
Abiertos = (5,8), (3,9), (3,5), (5,8), (4,8), (5,6), (2,6)
Cerrados = (3,8), (3,7), (4,7), (3,6), (5,7), (4,8)
------------------------
Iteración 7
-----------
Abiertos = (3,9), (3,5), (5,8), (4,8), (5,6), (2,6), (5,9)
Cerrados = (3,8), (3,7), (4,7), (3,6), (5,7), (4,8), (5,8)
------------------------
Iteración 8
-----------
Abiertos = (3,5), (5,8), (4,8), (3,10), (5,6), (2,6), (5,9)
Cerrados = (3,8), (3,7), (4,7), (3,6), (5,7), (4,8), (5,8), (3,9)
------------------------
Iteración 9
-----------
Abiertos = (4,8), (3,10), (3,4), (5,6), (2,6), (2,5), (5,9)
Cerrados = (3,8), (3,7), (4,7), (3,6), (5,7), (4,8), (5,8), (3,9), (3,5)
------------------------
Iteración 10
-----------
Abiertos = (5,6), (3,4), (2,6), (2,5), (4,10), (2,10), (5,9)
Cerrados = (3,8), (3,7), (4,7), (3,6), (5,7), (4,8), (5,8), (3,9), (3,5), (3,10)
------------------------
Iteración 11
-----------
Abiertos = (3,4), (2,6), (5,5), (2,5), (4,10), (2,10), (5,9)
Cerrados = (3,8), (3,7), (4,7), (3,6), (5,7), (4,8), (5,8), (3,9), (3,5), (3,10), (5,6)
------------------------
Iteración 12
-----------
Abiertos = (3,3), (2,6), (5,5), (2,4), (2,5), (4,10), (2,10), (5,9)
Cerrados = (3,8), (3,7), (4,7), (3,6), (5,7), (4,8), (5,8), (3,9), (3,5), (3,10), (5,6), (3,4)
------------------------
Iteración 13
-----------
Abiertos = (3,3), (5,5), (2,4), (2,5), (2,5), (4,10), (2,10), (5,9), (1,6)
Cerrados = (3,8), (3,7), (4,7), (3,6), (5,7), (4,8), (5,8), (3,9), (3,5), (3,10), (5,6), (3,4), (2,6)
------------------------
Iteración 14
-----------
Abiertos = (4,3), (5,5), (2,4), (2,5), (2,5), (4,10), (2,10), (5,9), (1,6), (2,3)
Cerrados = (3,8), (3,7), (4,7), (3,6), (5,7), (4,8), (5,8), (3,9), (3,5), (3,10), (5,6), (3,4), (2,6), (3,3)
------------------------
Iteración 15
-----------
Abiertos = (4,3), (5,4), (2,4), (2,5), (2,5), (4,10), (2,10), (5,9), (1,6), (2,3)
Cerrados = (3,8), (3,7), (4,7), (3,6), (5,7), (4,8), (5,8), (3,9), (3,5), (3,10), (5,6), (3,4), (2,6), (3,3), (5,5)
------------------------
Iteración 16
-----------
Abiertos = (4,3), (2,4), (2,5), (2,5), (4,10), (5,3), (2,10), (5,9), (1,6), (2,3)
Cerrados = (3,8), (3,7), (4,7), (3,6), (5,7), (4,8), (5,8), (3,9), (3,5), (3,10), (5,6), (3,4), (2,6), (3,3), (5,5), (5,4)
------------------------
Iteración 17
-----------
Abiertos = (4,3), (2,5), (2,5), (4,10), (5,3), (2,10), (5,9), (1,6), (2,3), (2,3), (1,4), (2,5)
Cerrados = (3,8), (3,7), (4,7), (3,6), (5,7), (4,8), (5,8), (3,9), (3,5), (3,10), (5,6), (3,4), (2,6), (3,3), (5,5), (5,4), (2,4)
------------------------
Iteración 18
-----------
Abiertos = (4,3), (2,5), (4,10), (5,3), (2,10), (5,9), (1,5), (1,6), (2,3), (2,3), (2,5), (1,4)
Cerrados = (3,8), (3,7), (4,7), (3,6), (5,7), (4,8), (5,8), (3,9), (3,5), (3,10), (5,6), (3,4), (2,6), (3,3), (5,5), (5,4), (2,4), (2,5)
------------------------
Iteración 19
-----------
Abiertos = (4,10), (5,3), (5,3), (2,10), (5,9), (1,5), (1,6), (2,3), (2,3), (2,5), (1,4)
Cerrados = (3,8), (3,7), (4,7), (3,6), (5,7), (4,8), (5,8), (3,9), (3,5), (3,10), (5,6), (3,4), (2,6), (3,3), (5,5), (5,4), (2,4), (2,5), (4,3)
------------------------
Iteración 20
-----------
Abiertos = (5,3), (5,3), (2,10), (5,9), (1,5), (1,6), (5,10), (2,3), (2,3), (1,4), (2,5)
Cerrados = (3,8), (3,7), (4,7), (3,6), (5,7), (4,8), (5,8), (3,9), (3,5), (3,10), (5,6), (3,4), (2,6), (3,3), (5,5), (5,4), (2,4), (2,5), (4,3), (4,10)
------------------------
Iteración 21
-----------
Abiertos = (5,3), (2,10), (5,9), (1,5), (1,6), (5,10), (5,2), (2,3), (2,3), (2,5), (1,4)
Cerrados = (3,8), (3,7), (4,7), (3,6), (5,7), (4,8), (5,8), (3,9), (3,5), (3,10), (5,6), (3,4), (2,6), (3,3), (5,5), (5,4), (2,4), (2,5), (4,3), (4,10), (5,3)
------------------------
Iteración 22
-----------
Abiertos = (1,5), (5,9), (1,6), (5,10), (5,2), (2,3), (2,3), (1,10), (2,5), (1,4)
Cerrados = (3,8), (3,7), (4,7), (3,6), (5,7), (4,8), (5,8), (3,9), (3,5), (3,10), (5,6), (3,4), (2,6), (3,3), (5,5), (5,4), (2,4), (2,5), (4,3), (4,10), (5,3), (2,10)
------------------------
Iteración 23
-----------
Abiertos = (1,5), (1,6), (5,10), (5,2), (2,3), (2,3), (1,10), (1,4), (2,5), (5,10)
Cerrados = (3,8), (3,7), (4,7), (3,6), (5,7), (4,8), (5,8), (3,9), (3,5), (3,10), (5,6), (3,4), (2,6), (3,3), (5,5), (5,4), (2,4), (2,5), (4,3), (4,10), (5,3), (2,10), (5,9)
------------------------
Iteración 24
-----------
Abiertos = (1,5), (1,5), (5,10), (5,2), (2,3), (2,3), (1,10), (1,4), (2,5), (5,10), (1,7)
Cerrados = (3,8), (3,7), (4,7), (3,6), (5,7), (4,8), (5,8), (3,9), (3,5), (3,10), (5,6), (3,4), (2,6), (3,3), (5,5), (5,4), (2,4), (2,5), (4,3), (4,10), (5,3), (2,10), (5,9), (1,6)
------------------------
Iteración 25
-----------
Abiertos = (1,5), (5,10), (5,2), (2,3), (2,3), (1,10), (1,4), (1,4), (2,5), (5,10), (1,7)
Cerrados = (3,8), (3,7), (4,7), (3,6), (5,7), (4,8), (5,8), (3,9), (3,5), (3,10), (5,6), (3,4), (2,6), (3,3), (5,5), (5,4), (2,4), (2,5), (4,3), (4,10), (5,3), (2,10), (5,9), (1,6), (1,5)
------------------------
Iteración 26
-----------
Abiertos = (5,10), (2,3), (2,3), (1,10), (1,4), (1,4), (2,5), (5,1), (5,10), (1,7)
Cerrados = (3,8), (3,7), (4,7), (3,6), (5,7), (4,8), (5,8), (3,9), (3,5), (3,10), (5,6), (3,4), (2,6), (3,3), (5,5), (5,4), (2,4), (2,5), (4,3), (4,10), (5,3), (2,10), (5,9), (1,6), (1,5), (5,2)
------------------------
Iteración 27
-----------
Abiertos = (5,10), (2,3), (1,10), (1,4), (1,4), (2,5), (5,1), (1,3), (5,10), (1,7)
Cerrados = (3,8), (3,7), (4,7), (3,6), (5,7), (4,8), (5,8), (3,9), (3,5), (3,10), (5,6), (3,4), (2,6), (3,3), (5,5), (5,4), (2,4), (2,5), (4,3), (4,10), (5,3), (2,10), (5,9), (1,6), (1,5), (5,2), (2,3)
------------------------
Iteración 28
-----------
Abiertos = (1,10), (1,4), (1,4), (2,5), (5,1), (1,3), (5,10), (1,7)
Cerrados = (3,8), (3,7), (4,7), (3,6), (5,7), (4,8), (5,8), (3,9), (3,5), (3,10), (5,6), (3,4), (2,6), (3,3), (5,5), (5,4), (2,4), (2,5), (4,3), (4,10), (5,3), (2,10), (5,9), (1,6), (1,5), (5,2), (2,3), (5,10)
------------------------
Iteración 29
-----------
Abiertos = (1,4), (1,4), (2,5), (5,1), (1,9), (1,3), (5,10), (1,7)
Cerrados = (3,8), (3,7), (4,7), (3,6), (5,7), (4,8), (5,8), (3,9), (3,5), (3,10), (5,6), (3,4), (2,6), (3,3), (5,5), (5,4), (2,4), (2,5), (4,3), (4,10), (5,3), (2,10), (5,9), (1,6), (1,5), (5,2), (2,3), (5,10), (1,10)
------------------------
Iteración 30
-----------
Abiertos = (1,3), (1,4), (2,5), (5,1), (1,9), (1,3), (5,10), (1,7)
Cerrados = (3,8), (3,7), (4,7), (3,6), (5,7), (4,8), (5,8), (3,9), (3,5), (3,10), (5,6), (3,4), (2,6), (3,3), (5,5), (5,4), (2,4), (2,5), (4,3), (4,10), (5,3), (2,10), (5,9), (1,6), (1,5), (5,2), (2,3), (5,10), (1,10), (1,4)
------------------------
Iteración 31
-----------
Abiertos = (2,5), (1,4), (5,1), (1,9), (1,3), (5,10), (1,2), (1,7)
Cerrados = (3,8), (3,7), (4,7), (3,6), (5,7), (4,8), (5,8), (3,9), (3,5), (3,10), (5,6), (3,4), (2,6), (3,3), (5,5), (5,4), (2,4), (2,5), (4,3), (4,10), (5,3), (2,10), (5,9), (1,6), (1,5), (5,2), (2,3), (5,10), (1,10), (1,4), (1,3)
------------------------
Iteración 32
-----------
Abiertos = (1,4), (1,9), (1,3), (5,10), (1,2), (1,7), (4,1)
Cerrados = (3,8), (3,7), (4,7), (3,6), (5,7), (4,8), (5,8), (3,9), (3,5), (3,10), (5,6), (3,4), (2,6), (3,3), (5,5), (5,4), (2,4), (2,5), (4,3), (4,10), (5,3), (2,10), (5,9), (1,6), (1,5), (5,2), (2,3), (5,10), (1,10), (1,4), (1,3), (5,1)
------------------------
Iteración 33
-----------
Abiertos = (1,8), (5,10), (1,2), (1,7), (4,1)
Cerrados = (3,8), (3,7), (4,7), (3,6), (5,7), (4,8), (5,8), (3,9), (3,5), (3,10), (5,6), (3,4), (2,6), (3,3), (5,5), (5,4), (2,4), (2,5), (4,3), (4,10), (5,3), (2,10), (5,9), (1,6), (1,5), (5,2), (2,3), (5,10), (1,10), (1,4), (1,3), (5,1), (1,9)
------------------------
Iteración 34
-----------
Abiertos = (5,10), (1,2), (1,7), (1,7), (4,1)
Cerrados = (3,8), (3,7), (4,7), (3,6), (5,7), (4,8), (5,8), (3,9), (3,5), (3,10), (5,6), (3,4), (2,6), (3,3), (5,5), (5,4), (2,4), (2,5), (4,3), (4,10), (5,3), (2,10), (5,9), (1,6), (1,5), (5,2), (2,3), (5,10), (1,10), (1,4), (1,3), (5,1), (1,9), (1,8)
------------------------
Iteración 35
-----------
Abiertos = (5,10), (1,1), (1,7), (1,7), (4,1)
Cerrados = (3,8), (3,7), (4,7), (3,6), (5,7), (4,8), (5,8), (3,9), (3,5), (3,10), (5,6), (3,4), (2,6), (3,3), (5,5), (5,4), (2,4), (2,5), (4,3), (4,10), (5,3), (2,10), (5,9), (1,6), (1,5), (5,2), (2,3), (5,10), (1,10), (1,4), (1,3), (5,1), (1,9), (1,8), (1,2)
------------------------
Iteración 36
-----------
Abiertos = (5,10), (1,7), (1,7), (2,1), (4,1)
Cerrados = (3,8), (3,7), (4,7), (3,6), (5,7), (4,8), (5,8), (3,9), (3,5), (3,10), (5,6), (3,4), (2,6), (3,3), (5,5), (5,4), (2,4), (2,5), (4,3), (4,10), (5,3), (2,10), (5,9), (1,6), (1,5), (5,2), (2,3), (5,10), (1,10), (1,4), (1,3), (5,1), (1,9), (1,8), (1,2), (1,1)
------------------------
Iteración 37
-----------
Abiertos = (5,10), (1,7), (2,1), (4,1)
Cerrados = (3,8), (3,7), (4,7), (3,6), (5,7), (4,8), (5,8), (3,9), (3,5), (3,10), (5,6), (3,4), (2,6), (3,3), (5,5), (5,4), (2,4), (2,5), (4,3), (4,10), (5,3), (2,10), (5,9), (1,6), (1,5), (5,2), (2,3), (5,10), (1,10), (1,4), (1,3), (5,1), (1,9), (1,8), (1,2), (1,1), (1,7)
------------------------
Iteración 38
-----------
Abiertos = (2,1), (3,1)
Cerrados = (3,8), (3,7), (4,7), (3,6), (5,7), (4,8), (5,8), (3,9), (3,5), (3,10), (5,6), (3,4), (2,6), (3,3), (5,5), (5,4), (2,4), (2,5), (4,3), (4,10), (5,3), (2,10), (5,9), (1,6), (1,5), (5,2), (2,3), (5,10), (1,10), (1,4), (1,3), (5,1), (1,9), (1,8), (1,2), (1,1), (1,7), (4,1)
------------------------
Iteración 39
-----------
Abiertos = (2,1), (2,1)
Cerrados = (3,8), (3,7), (4,7), (3,6), (5,7), (4,8), (5,8), (3,9), (3,5), (3,10), (5,6), (3,4), (2,6), (3,3), (5,5), (5,4), (2,4), (2,5), (4,3), (4,10), (5,3), (2,10), (5,9), (1,6), (1,5), (5,2), (2,3), (5,10), (1,10), (1,4), (1,3), (5,1), (1,9), (1,8), (1,2), (1,1), (1,7), (4,1), (3,1)
------------------------
Iteración 40
-----------
Abiertos = (2,1)
Cerrados = (3,8), (3,7), (4,7), (3,6), (5,7), (4,8), (5,8), (3,9), (3,5), (3,10), (5,6), (3,4), (2,6), (3,3), (5,5), (5,4), (2,4), (2,5), (4,3), (4,10), (5,3), (2,10), (5,9), (1,6), (1,5), (5,2), (2,3), (5,10), (1,10), (1,4), (1,3), (5,1), (1,9), (1,8), (1,2), (1,1), (1,7), (4,1), (3,1), (2,1)
------------------------
No se ha encontrado ningún camino al destino.
Iteración 0
-----------
Abiertos = (3,8)
Cerrados = 
------------------------
Iteración 1
-----------
Abiertos = (3,7), (4,8), (3,9)
Cerrados = (3,8)
------------------------
Iteración 2
-----------
Abiertos = (4,7), (5,8), (3,7), (3,9)
Cerrados = (3,8), (4,8)
------------------------
Iteración 3
-----------
Abiertos = (5,8), (3,7), (5,7), (3,9), (3,7)
Cerrados = (3,8), (4,8), (4,7)
------------------------
Iteración 4
-----------
Abiertos = (5,8), (3,6), (5,7), (3,9), (3,7)
Cerrados = (3,8), (4,8), (4,7), (3,7)
------------------------
Iteración 5
-----------
Abiertos = (5,8), (5,7), (3,9), (3,5), (3,7), (2,6)
Cerrados = (3,8), (4,8), (4,7), (3,7), (3,6)
------------------------
Iteración 6
-----------
Abiertos = (5,7), (5,7), (3,9), (3,5), (3,7), (2,6), (5,9)
Cerrados = (3,8), (4,8), (4,7), (3,7), (3,6), (5,8)
------------------------
Iteración 7
-----------
Abiertos = (5,7), (3,9), (3,5), (3,7), (5,6), (2,6), (5,9)
Cerrados = (3,8), (4,8), (4,7), (3,7), (3,6), (5,8), (5,7)
------------------------
Iteración 8
-----------
Abiertos = (5,7), (3,5), (3,7), (3,10), (5,6), (2,6), (5,9)
Cerrados = (3,8), (4,8), (4,7), (3,7), (3,6), (5,8), (5,7), (3,9)
------------------------
Iteración 9
-----------
Abiertos = (3,7), (3,10), (3,4), (5,6), (5,9), (2,6), (2,5)
Cerrados = (3,8), (4,8), (4,7), (3,7), (3,6), (5,8), (5,7), (3,9), (3,5)
------------------------
Iteración 10
-----------
Abiertos = (3,10), (3,3), (5,6), (5,9), (2,6), (2,4), (2,5)
Cerrados = (3,8), (4,8), (4,7), (3,7), (3,6), (5,8), (5,7), (3,9), (3,5), (3,4)
------------------------
Iteración 11
-----------
Abiertos = (3,10), (5,6), (5,9), (2,6), (4,3), (2,4), (2,5), (2,3)
Cerrados = (3,8), (4,8), (4,7), (3,7), (3,6), (5,8), (5,7), (3,9), (3,5), (3,4), (3,3)
------------------------
Iteración 12
-----------
Abiertos = (3,10), (5,9), (2,6), (4,3), (5,5), (2,4), (2,5), (2,3)
Cerrados = (3,8), (4,8), (4,7), (3,7), (3,6), (5,8), (5,7), (3,9), (3,5), (3,4), (3,3), (5,6)
------------------------
Iteración 13
-----------
Abiertos = (2,6), (5,9), (4,3), (5,5), (2,4), (2,5), (4,10), (2,10), (2,3)
Cerrados = (3,8), (4,8), (4,7), (3,7), (3,6), (5,8), (5,7), (3,9), (3,5), (3,4), (3,3), (5,6), (3,10)
------------------------
Iteración 14
-----------
Abiertos = (2,6), (4,3), (5,5), (2,4), (2,5), (4,10), (2,10), (5,10), (2,3)
Cerrados = (3,8), (4,8), (4,7), (3,7), (3,6), (5,8), (5,7), (3,9), (3,5), (3,4), (3,3), (5,6), (3,10), (5,9)
------------------------
Iteración 15
-----------
Abiertos = (2,6), (5,5), (2,4), (2,5), (4,10), (5,3), (2,10), (5,10), (2,3)
Cerrados = (3,8), (4,8), (4,7), (3,7), (3,6), (5,8), (5,7), (3,9), (3,5), (3,4), (3,3), (5,6), (3,10), (5,9), (4,3)
------------------------
Iteración 16
-----------
Abiertos = (5,5), (2,4), (2,5), (2,5), (4,10), (5,3), (2,10), (5,10), (1,6), (2,3)
Cerrados = (3,8), (4,8), (4,7), (3,7), (3,6), (5,8), (5,7), (3,9), (3,5), (3,4), (3,3), (5,6), (3,10), (5,9), (4,3), (2,6)
------------------------
Iteración 17
-----------
Abiertos = (5,5), (2,5), (2,5), (4,10), (5,3), (2,10), (5,10), (1,6), (2,3), (2,3), (2,5), (1,4)
Cerrados = (3,8), (4,8), (4,7), (3,7), (3,6), (5,8), (5,7), (3,9), (3,5), (3,4), (3,3), (5,6), (3,10), (5,9), (4,3), (2,6), (2,4)
------------------------
Iteración 18
-----------
Abiertos = (5,4), (2,5), (2,5), (4,10), (5,3), (2,10), (5,10), (1,6), (2,3), (2,3), (2,5), (1,4)
Cerrados = (3,8), (4,8), (4,7), (3,7), (3,6), (5,8), (5,7), (3,9), (3,5), (3,4), (3,3), (5,6), (3,10), (5,9), (4,3), (2,6), (2,4), (5,5)
------------------------
Iteración 19
-----------
Abiertos = (2,5), (2,5), (4,10), (5,3), (5,3), (2,10), (5,10), (1,6), (2,3), (2,3), (2,5), (1,4)
Cerrados = (3,8), (4,8), (4,7), (3,7), (3,6), (5,8), (5,7), (3,9), (3,5), (3,4), (3,3), (5,6), (3,10), (5,9), (4,3), (2,6), (2,4), (5,5), (5,4)
------------------------
Iteración 20
-----------
Abiertos = (2,5), (4,10), (5,3), (5,3), (2,10), (1,5), (5,10), (1,6), (2,3), (2,3), (2,5), (1,4)
Cerrados = (3,8), (4,8), (4,7), (3,7), (3,6), (5,8), (5,7), (3,9), (3,5), (3,4), (3,3), (5,6), (3,10), (5,9), (4,3), (2,6), (2,4), (5,5), (5,4), (2,5)
------------------------
Iteración 21
-----------
Abiertos = (5,3), (5,3), (2,10), (1,5), (5,10), (5,10), (1,6), (2,3), (2,3), (1,4), (2,5)
Cerrados = (3,8), (4,8), (4,7), (3,7), (3,6), (5,8), (5,7), (3,9), (3,5), (3,4), (3,3), (5,6), (3,10), (5,9), (4,3), (2,6), (2,4), (5,5), (5,4), (2,5), (4,10)
------------------------
Iteración 22
-----------
Abiertos = (5,3), (2,10), (1,5), (5,10), (5,10), (1,6), (5,2), (2,3), (2,3), (2,5), (1,4)
Cerrados = (3,8), (4,8), (4,7), (3,7), (3,6), (5,8), (5,7), (3,9), (3,5), (3,4), (3,3), (5,6), (3,10), (5,9), (4,3), (2,6), (2,4), (5,5), (5,4), (2,5), (4,10), (5,3)
------------------------
Iteración 23
-----------
Abiertos = (5,3), (1,5), (5,10), (5,10), (1,6), (5,2), (2,3), (2,3), (1,10), (2,5), (1,4)
Cerrados = (3,8), (4,8), (4,7), (3,7), (3,6), (5,8), (5,7), (3,9), (3,5), (3,4), (3,3), (5,6), (3,10), (5,9), (4,3), (2,6), (2,4), (5,5), (5,4), (2,5), (4,10), (5,3), (2,10)
------------------------
Iteración 24
-----------
Abiertos = (1,5), (5,10), (1,6), (5,2), (2,3), (2,3), (1,10), (1,4), (2,5)
Cerrados = (3,8), (4,8), (4,7), (3,7), (3,6), (5,8), (5,7), (3,9), (3,5), (3,4), (3,3), (5,6), (3,10), (5,9), (4,3), (2,6), (2,4), (5,5), (5,4), (2,5), (4,10), (5,3), (2,10), (5,10)
------------------------
Iteración 25
-----------
Abiertos = (1,6), (5,10), (5,2), (2,3), (2,3), (1,10), (1,4), (2,5), (1,4), (1,6)
Cerrados = (3,8), (4,8), (4,7), (3,7), (3,6), (5,8), (5,7), (3,9), (3,5), (3,4), (3,3), (5,6), (3,10), (5,9), (4,3), (2,6), (2,4), (5,5), (5,4), (2,5), (4,10), (5,3), (2,10), (5,10), (1,5)
------------------------
Iteración 26
-----------
Abiertos = (5,10), (5,2), (2,3), (2,3), (1,10), (1,4), (2,5), (1,4), (1,6), (1,7)
Cerrados = (3,8), (4,8), (4,7), (3,7), (3,6), (5,8), (5,7), (3,9), (3,5), (3,4), (3,3), (5,6), (3,10), (5,9), (4,3), (2,6), (2,4), (5,5), (5,4), (2,5), (4,10), (5,3), (2,10), (5,10), (1,5), (1,6)
------------------------
Iteración 27
-----------
Abiertos = (2,3), (2,3), (1,10), (1,4), (2,5), (1,4), (5,1), (1,6), (1,7)
Cerrados = (3,8), (4,8), (4,7), (3,7), (3,6), (5,8), (5,7), (3,9), (3,5), (3,4), (3,3), (5,6), (3,10), (5,9), (4,3), (2,6), (2,4), (5,5), (5,4), (2,5), (4,10), (5,3), (2,10), (5,10), (1,5), (1,6), (5,2)
------------------------
Iteración 28
-----------
Abiertos = (2,3), (1,10), (1,4), (2,5), (1,4), (5,1), (1,3), (1,6), (1,7)
Cerrados = (3,8), (4,8), (4,7), (3,7), (3,6), (5,8), (5,7), (3,9), (3,5), (3,4), (3,3), (5,6), (3,10), (5,9), (4,3), (2,6), (2,4), (5,5), (5,4), (2,5), (4,10), (5,3), (2,10), (5,10), (1,5), (1,6), (5,2), (2,3)
------------------------
Iteración 29
-----------
Abiertos = (2,3), (1,4), (2,5), (1,4), (5,1), (1,9), (1,3), (1,6), (1,7)
Cerrados = (3,8), (4,8), (4,7), (3,7), (3,6), (5,8), (5,7), (3,9), (3,5), (3,4), (3,3), (5,6), (3,10), (5,9), (4,3), (2,6), (2,4), (5,5), (5,4), (2,5), (4,10), (5,3), (2,10), (5,10), (1,5), (1,6), (5,2), (2,3), (1,10)
------------------------
Iteración 30
-----------
Abiertos = (1,3), (1,4), (5,1), (1,9), (1,3), (1,6), (1,7)
Cerrados = (3,8), (4,8), (4,7), (3,7), (3,6), (5,8), (5,7), (3,9), (3,5), (3,4), (3,3), (5,6), (3,10), (5,9), (4,3), (2,6), (2,4), (5,5), (5,4), (2,5), (4,10), (5,3), (2,10), (5,10), (1,5), (1,6), (5,2), (2,3), (1,10), (1,4)
------------------------
Iteración 31
-----------
Abiertos = (1,3), (1,9), (1,3), (1,6), (1,7), (4,1)
Cerrados = (3,8), (4,8), (4,7), (3,7), (3,6), (5,8), (5,7), (3,9), (3,5), (3,4), (3,3), (5,6), (3,10), (5,9), (4,3), (2,6), (2,4), (5,5), (5,4), (2,5), (4,10), (5,3), (2,10), (5,10), (1,5), (1,6), (5,2), (2,3), (1,10), (1,4), (5,1)
------------------------
Iteración 32
-----------
Abiertos = (1,3), (1,8), (1,3), (1,6), (1,7), (4,1)
Cerrados = (3,8), (4,8), (4,7), (3,7), (3,6), (5,8), (5,7), (3,9), (3,5), (3,4), (3,3), (5,6), (3,10), (5,9), (4,3), (2,6), (2,4), (5,5), (5,4), (2,5), (4,10), (5,3), (2,10), (5,10), (1,5), (1,6), (5,2), (2,3), (1,10), (1,4), (5,1), (1,9)
------------------------
Iteración 33
-----------
Abiertos = (1,8), (1,3), (1,6), (1,2), (1,7), (4,1)
Cerrados = (3,8), (4,8), (4,7), (3,7), (3,6), (5,8), (5,7), (3,9), (3,5), (3,4), (3,3), (5,6), (3,10), (5,9), (4,3), (2,6), (2,4), (5,5), (5,4), (2,5), (4,10), (5,3), (2,10), (5,10), (1,5), (1,6), (5,2), (2,3), (1,10), (1,4), (5,1), (1,9), (1,3)
------------------------
Iteración 34
-----------
Abiertos = (1,3), (1,6), (1,2), (1,7), (1,7), (4,1)
Cerrados = (3,8), (4,8), (4,7), (3,7), (3,6), (5,8), (5,7), (3,9), (3,5), (3,4), (3,3), (5,6), (3,10), (5,9), (4,3), (2,6), (2,4), (5,5), (5,4), (2,5), (4,10), (5,3), (2,10), (5,10), (1,5), (1,6), (5,2), (2,3), (1,10), (1,4), (5,1), (1,9), (1,3), (1,8)
------------------------
Iteración 35
-----------
Abiertos = (1,3), (1,1), (1,7), (1,7), (4,1)
Cerrados = (3,8), (4,8), (4,7), (3,7), (3,6), (5,8), (5,7), (3,9), (3,5), (3,4), (3,3), (5,6), (3,10), (5,9), (4,3), (2,6), (2,4), (5,5), (5,4), (2,5), (4,10), (5,3), (2,10), (5,10), (1,5), (1,6), (5,2), (2,3), (1,10), (1,4), (5,1), (1,9), (1,3), (1,8), (1,2)
------------------------
Iteración 36
-----------
Abiertos = (1,3), (1,7), (1,7), (2,1), (4,1)
Cerrados = (3,8), (4,8), (4,7), (3,7), (3,6), (5,8), (5,7), (3,9), (3,5), (3,4), (3,3), (5,6), (3,10), (5,9), (4,3), (2,6), (2,4), (5,5), (5,4), (2,5), (4,10), (5,3), (2,10), (5,10), (1,5), (1,6), (5,2), (2,3), (1,10), (1,4), (5,1), (1,9), (1,3), (1,8), (1,2), (1,1)
------------------------
Iteración 37
-----------
Abiertos = (1,7), (2,1), (4,1)
Cerrados = (3,8), (4,8), (4,7), (3,7), (3,6), (5,8), (5,7), (3,9), (3,5), (3,4), (3,3), (5,6), (3,10), (5,9), (4,3), (2,6), (2,4), (5,5), (5,4), (2,5), (4,10), (5,3), (2,10), (5,10), (1,5), (1,6), (5,2), (2,3), (1,10), (1,4), (5,1), (1,9), (1,3), (1,8), (1,2), (1,1), (1,7)
------------------------
Iteración 38
-----------
Abiertos = (2,1), (3,1)
Cerrados = (3,8), (4,8), (4,7), (3,7), (3,6), (5,8), (5,7), (3,9), (3,5), (3,4), (3,3), (5,6), (3,10), (5,9), (4,3), (2,6), (2,4), (5,5), (5,4), (2,5), (4,10), (5,3), (2,10), (5,10), (1,5), (1,6), (5,2), (2,3), (1,10), (1,4), (5,1), (1,9), (1,3), (1,8), (1,2), (1,1), (1,7), (4,1)
------------------------
Iteración 39
-----------
Abiertos = (3,1), (3,1)
Cerrados = (3,8), (4,8), (4,7), (3,7), (3,6), (5,8), (5,7), (3,9), (3,5), (3,4), (3,3), (5,6), (3,10), (5,9), (4,3), (2,6), (2,4), (5,5), (5,4), (2,5), (4,10), (5,3), (2,10), (5,10), (1,5), (1,6), (5,2), (2,3), (1,10), (1,4), (5,1), (1,9), (1,3), (1,8), (1,2), (1,1), (1,7), (4,1), (2,1)
------------------------
Iteración 40
-----------
Abiertos = (3,1)
Cerrados = (3,8), (4,8), (4,7), (3,7), (3,6), (5,8), (5,7), (3,9), (3,5), (3,4), (3,3), (5,6), (3,10), (5,9), (4,3), (2,6), (2,4), (5,5), (5,4), (2,5), (4,10), (5,3), (2,10), (5,10), (1,5), (1,6), (5,2), (2,3), (1,10), (1,4), (5,1), (1,9), (1,3), (1,8), (1,2), (1,1), (1,7), (4,1), (2,1), (3,1)
------------------------
No se ha encontrado ningún camino al destino.
Iteración 0
-----------
Abiertos = (3,8)
Cerrados = 
------------------------
Iteración 1
-----------
Abiertos = (3,7), (4,8), (3,9)
Cerrados = (3,8)
------------------------
Iteración 2
-----------
Abiertos = (4,7), (5,8), (3,7), (3,9)
Cerrados = (3,8), (4,8)
------------------------
Iteración 3
-----------
Abiertos = (5,8), (3,7), (5,7), (3,9), (3,7)
Cerrados = (3,8), (4,8), (4,7)
------------------------
Iteración 4
-----------
Abiertos = (5,8), (3,6), (5,7), (3,9), (3,7)
Cerrados = (3,8), (4,8), (4,7), (3,7)
------------------------
Iteración 5
-----------
Abiertos = (5,8), (5,7), (3,9), (3,5), (3,7), (2,6)
Cerrados = (3,8), (4,8), (4,7), (3,7), (3,6)
------------------------
Iteración 6
-----------
Abiertos = (5,7), (5,7), (3,9), (3,5), (3,7), (2,6), (5,9)
Cerrados = (3,8), (4,8), (4,7), (3,7), (3,6), (5,8)
------------------------
Iteración 7
-----------
Abiertos = (5,7), (3,9), (3,5), (3,7), (5,6), (2,6), (5,9)
Cerrados = (3,8), (4,8), (4,7), (3,7), (3,6), (5,8), (5,7)
------------------------
Iteración 8
-----------
Abiertos = (5,7), (3,5), (3,7), (3,10), (5,6), (2,6), (5,9)
Cerrados = (3,8), (4,8), (4,7), (3,7), (3,6), (5,8), (5,7), (3,9)
------------------------
Iteración 9
-----------
Abiertos = (3,7), (3,10), (3,4), (5,6), (5,9), (2,6), (2,5)
Cerrados = (3,8), (4,8), (4,7), (3,7), (3,6), (5,8), (5,7), (3,9), (3,5)
------------------------
Iteración 10
-----------
Abiertos = (3,10), (3,3), (5,6), (5,9), (2,6), (2,4), (2,5)
Cerrados = (3,8), (4,8), (4,7), (3,7), (3,6), (5,8), (5,7), (3,9), (3,5), (3,4)
------------------------
Iteración 11
-----------
Abiertos = (3,10), (5,6), (5,9), (2,6), (4,3), (2,4), (2,5), (2,3)
Cerrados = (3,8), (4,8), (4,7), (3,7), (3,6), (5,8), (5,7), (3,9), (3,5), (3,4), (3,3)
------------------------
Iteración 12
-----------
Abiertos = (3,10), (5,9), (2,6), (4,3), (5,5), (2,4), (2,5), (2,3)
Cerrados = (3,8), (4,8), (4,7), (3,7), (3,6), (5,8), (5,7), (3,9), (3,5), (3,4), (3,3), (5,6)
------------------------
Iteración 13
-----------
Abiertos = (2,6), (5,9), (4,3), (5,5), (2,4), (2,5), (4,10), (2,10), (2,3)
Cerrados = (3,8), (4,8), (4,7), (3,7), (3,6), (5,8), (5,7), (3,9), (3,5), (3,4), (3,3), (5,6), (3,10)
------------------------
Iteración 14
-----------
Abiertos = (2,6), (4,3), (5,5), (2,4), (2,5), (4,10), (2,10), (5,10), (2,3)
Cerrados = (3,8), (4,8), (4,7), (3,7), (3,6), (5,8), (5,7), (3,9), (3,5), (3,4), (3,3), (5,6), (3,10), (5,9)
------------------------
Iteración 15
-----------
Abiertos = (2,6), (5,5), (2,4), (2,5), (4,10), (5,3), (2,10), (5,10), (2,3)
Cerrados = (3,8), (4,8), (4,7), (3,7), (3,6), (5,8), (5,7), (3,9), (3,5), (3,4), (3,3), (5,6), (3,10), (5,9), (4,3)
------------------------
Iteración 16
-----------
Abiertos = (5,5), (2,4), (2,5), (2,5), (4,10), (5,3), (2,10), (5,10), (1,6), (2,3)
Cerrados = (3,8), (4,8), (4,7), (3,7), (3,6), (5,8), (5,7), (3,9), (3,5), (3,4), (3,3), (5,6), (3,10), (5,9), (4,3), (2,6)
------------------------
Iteración 17
-----------
Abiertos = (5,5), (2,5), (2,5), (4,10), (5,3), (2,10), (5,10), (1,6), (2,3), (2,3), (2,5), (1,4)
Cerrados = (3,8), (4,8), (4,7), (3,7), (3,6), (5,8), (5,7), (3,9), (3,5), (3,4), (3,3), (5,6), (3,10), (5,9), (4,3), (2,6), (2,4)
------------------------
Iteración 18
-----------
Abiertos = (5,4), (2,5), (2,5), (4,10), (5,3), (2,10), (5,10), (1,6), (2,3), (2,3), (2,5), (1,4)
Cerrados = (3,8), (4,8), (4,7), (3,7), (3,6), (5,8), (5,7), (3,9), (3,5), (3,4), (3,3), (5,6), (3,10), (5,9), (4,3), (2,6), (2,4), (5,5)
------------------------
Iteración 19
-----------
Abiertos = (2,5), (2,5), (4,10), (5,3), (5,3), (2,10), (5,10), (1,6), (2,3), (2,3), (2,5), (1,4)
Cerrados = (3,8), (4,8), (4,7), (3,7), (3,6), (5,8), (5,7), (3,9), (3,5), (3,4), (3,3), (5,6), (3,10), (5,9), (4,3), (2,6), (2,4), (5,5), (5,4)
------------------------
Iteración 20
-----------
Abiertos = (2,5), (4,10), (5,3), (5,3), (2,10), (1,5), (5,10), (1,6), (2,3), (2,3), (2,5), (1,4)
Cerrados = (3,8), (4,8), (4,7), (3,7), (3,6), (5,8), (5,7), (3,9), (3,5), (3,4), (3,3), (5,6), (3,10), (5,9), (4,3), (2,6), (2,4), (5,5), (5,4), (2,5)
------------------------
Iteración 21
-----------
Abiertos = (5,3), (5,3), (2,10), (1,5), (5,10), (5,10), (1,6), (2,3), (2,3), (1,4), (2,5)
Cerrados = (3,8), (4,8), (4,7), (3,7), (3,6), (5,8), (5,7), (3,9), (3,5), (3,4), (3,3), (5,6), (3,10), (5,9), (4,3), (2,6), (2,4), (5,5), (5,4), (2,5), (4,10)
------------------------
Iteración 22
-----------
Abiertos = (5,3), (2,10), (1,5), (5,10), (5,10), (1,6), (5,2), (2,3), (2,3), (2,5), (1,4)
Cerrados = (3,8), (4,8), (4,7), (3,7), (3,6), (5,8), (5,7), (3,9), (3,5), (3,4), (3,3), (5,6), (3,10), (5,9), (4,3), (2,6), (2,4), (5,5), (5,4), (2,5), (4,10), (5,3)
------------------------
Iteración 23
-----------
Abiertos = (5,3), (1,5), (5,10), (5,10), (1,6), (5,2), (2,3), (2,3), (1,10), (2,5), (1,4)
Cerrados = (3,8), (4,8), (4,7), (3,7), (3,6), (5,8), (5,7), (3,9), (3,5), (3,4), (3,3), (5,6), (3,10), (5,9), (4,3), (2,6), (2,4), (5,5), (5,4), (2,5), (4,10), (5,3), (2,10)
------------------------
Iteración 24
-----------
Abiertos = (1,5), (5,10), (1,6), (5,2), (2,3), (2,3), (1,10), (1,4), (2,5)
Cerrados = (3,8), (4,8), (4,7), (3,7), (3,6), (5,8), (5,7), (3,9), (3,5), (3,4), (3,3), (5,6), (3,10), (5,9), (4,3), (2,6), (2,4), (5,5), (5,4), (2,5), (4,10), (5,3), (2,10), (5,10)
------------------------
Iteración 25
-----------
Abiertos = (1,6), (5,10), (5,2), (2,3), (2,3), (1,10), (1,4), (2,5), (1,4), (1,6)
Cerrados = (3,8), (4,8), (4,7), (3,7), (3,6), (5,8), (5,7), (3,9), (3,5), (3,4), (3,3), (5,6), (3,10), (5,9), (4,3), (2,6), (2,4), (5,5), (5,4), (2,5), (4,10), (5,3), (2,10), (5,10), (1,5)
------------------------
Iteración 26
-----------
Abiertos = (5,10), (5,2), (2,3), (2,3), (1,10), (1,4), (2,5), (1,4), (1,6), (1,7)
Cerrados = (3,8), (4,8), (4,7), (3,7), (3,6), (5,8), (5,7), (3,9), (3,5), (3,4), (3,3), (5,6), (3,10), (5,9), (4,3), (2,6), (2,4), (5,5), (5,4), (2,5), (4,10), (5,3), (2,10), (5,10), (1,5), (1,6)
------------------------
Iteración 27
-----------
Abiertos = (2,3), (2,3), (1,10), (1,4), (2,5), (1,4), (5,1), (1,6), (1,7)
Cerrados = (3,8), (4,8), (4,7), (3,7), (3,6), (5,8), (5,7), (3,9), (3,5), (3,4), (3,3), (5,6), (3,10), (5,9), (4,3), (2,6), (2,4), (5,5), (5,4), (2,5), (4,10), (5,3), (2,10), (5,10), (1,5), (1,6), (5,2)
------------------------
Iteración 28
-----------
Abiertos = (2,3), (1,10), (1,4), (2,5), (1,4), (5,1), (1,3), (1,6), (1,7)
Cerrados = (3,8), (4,8), (4,7), (3,7), (3,6), (5,8), (5,7), (3,9), (3,5), (3,4), (3,3), (5,6), (3,10), (5,9), (4,3), (2,6), (2,4), (5,5), (5,4), (2,5), (4,10), (5,3), (2,10), (5,10), (1,5), (1,6), (5,2), (2,3)
------------------------
Iteración 29
-----------
Abiertos = (2,3), (1,4), (2,5), (1,4), (5,1), (1,9), (1,3), (1,6), (1,7)
Cerrados = (3,8), (4,8), (4,7), (3,7), (3,6), (5,8), (5,7), (3,9), (3,5), (3,4), (3,3), (5,6), (3,10), (5,9), (4,3), (2,6), (2,4), (5,5), (5,4), (2,5), (4,10), (5,3), (2,10), (5,10), (1,5), (1,6), (5,2), (2,3), (1,10)
------------------------
Iteración 30
-----------
Abiertos = (1,3), (1,4), (5,1), (1,9), (1,3), (1,6), (1,7)
Cerrados = (3,8), (4,8), (4,7), (3,7), (3,6), (5,8), (5,7), (3,9), (3,5), (3,4), (3,3), (5,6), (3,10), (5,9), (4,3), (2,6), (2,4), (5,5), (5,4), (2,5), (4,10), (5,3), (2,10), (5,10), (1,5), (1,6), (5,2), (2,3), (1,10), (1,4)
------------------------
Iteración 31
-----------
Abiertos = (1,3), (1,9), (1,3), (1,6), (1,7), (4,1)
Cerrados = (3,8), (4,8), (4,7), (3,7), (3,6), (5,8), (5,7), (3,9), (3,5), (3,4), (3,3), (5,6), (3,10), (5,9), (4,3), (2,6), (2,4), (5,5), (5,4), (2,5), (4,10), (5,3), (2,10), (5,10), (1,5), (1,6), (5,2), (2,3), (1,10), (1,4), (5,1)
------------------------
Iteración 32
-----------
Abiertos = (1,3), (1,8), (1,3), (1,6), (1,7), (4,1)
Cerrados = (3,8), (4,8), (4,7), (3,7), (3,6), (5,8), (5,7), (3,9), (3,5), (3,4), (3,3), (5,6), (3,10), (5,9), (4,3), (2,6), (2,4), (5,5), (5,4), (2,5), (4,10), (5,3), (2,10), (5,10), (1,5), (1,6), (5,2), (2,3), (1,10), (1,4), (5,1), (1,9)
------------------------
Iteración 33
-----------
Abiertos = (1,8), (1,3), (1,6), (1,2), (1,7), (4,1)
Cerrados = (3,8), (4,8), (4,7), (3,7), (3,6), (5,8), (5,7), (3,9), (3,5), (3,4), (3,3), (5,6), (3,10), (5,9), (4,3), (2,6), (2,4), (5,5), (5,4), (2,5), (4,10), (5,3), (2,10), (5,10), (1,5), (1,6), (5,2), (2,3), (1,10), (1,4), (5,1), (1,9), (1,3)
------------------------
Iteración 34
-----------
Abiertos = (1,3), (1,6), (1,2), (1,7), (1,7), (4,1)
Cerrados = (3,8), (4,8), (4,7), (3,7), (3,6), (5,8), (5,7), (3,9), (3,5), (3,4), (3,3), (5,6), (3,10), (5,9), (4,3), (2,6), (2,4), (5,5), (5,4), (2,5), (4,10), (5,3), (2,10), (5,10), (1,5), (1,6), (5,2), (2,3), (1,10), (1,4), (5,1), (1,9), (1,3), (1,8)
------------------------
Iteración 35
-----------
Abiertos = (1,3), (1,1), (1,7), (1,7), (4,1)
Cerrados = (3,8), (4,8), (4,7), (3,7), (3,6), (5,8), (5,7), (3,9), (3,5), (3,4), (3,3), (5,6), (3,10), (5,9), (4,3), (2,6), (2,4), (5,5), (5,4), (2,5), (4,10), (5,3), (2,10), (5,10), (1,5), (1,6), (5,2), (2,3), (1,10), (1,4), (5,1), (1,9), (1,3), (1,8), (1,2)
------------------------
Iteración 36
-----------
Abiertos = (1,3), (1,7), (1,7), (2,1), (4,1)
Cerrados = (3,8), (4,8), (4,7), (3,7), (3,6), (5,8), (5,7), (3,9), (3,5), (3,4), (3,3), (5,6), (3,10), (5,9), (4,3), (2,6), (2,4), (5,5), (5,4), (2,5), (4,10), (5,3), (2,10), (5,10), (1,5), (1,6), (5,2), (2,3), (1,10), (1,4), (5,1), (1,9), (1,3), (1,8), (1,2), (1,1)
------------------------
Iteración 37
-----------
Abiertos = (1,7), (2,1), (4,1)
Cerrados = (3,8), (4,8), (4,7), (3,7), (3,6), (5,8), (5,7), (3,9), (3,5), (3,4), (3,3), (5,6), (3,10), (5,9), (4,3), (2,6), (2,4), (5,5), (5,4), (2,5), (4,10), (5,3), (2,10), (5,10), (1,5), (1,6), (5,2), (2,3), (1,10), (1,4), (5,1), (1,9), (1,3), (1,8), (1,2), (1,1), (1,7)
------------------------
Iteración 38
-----------
Abiertos = (2,1), (3,1)
Cerrados = (3,8), (4,8), (4,7), (3,7), (3,6), (5,8), (5,7), (3,9), (3,5), (3,4), (3,3), (5,6), (3,10), (5,9), (4,3), (2,6), (2,4), (5,5), (5,4), (2,5), (4,10), (5,3), (2,10), (5,10), (1,5), (1,6), (5,2), (2,3), (1,10), (1,4), (5,1), (1,9), (1,3), (1,8), (1,2), (1,1), (1,7), (4,1)
------------------------
Iteración 39
-----------
Abiertos = (3,1), (3,1)
Cerrados = (3,8), (4,8), (4,7), (3,7), (3,6), (5,8), (5,7), (3,9), (3,5), (3,4), (3,3), (5,6), (3,10), (5,9), (4,3), (2,6), (2,4), (5,5), (5,4), (2,5), (4,10), (5,3), (2,10), (5,10), (1,5), (1,6), (5,2), (2,3), (1,10), (1,4), (5,1), (1,9), (1,3), (1,8), (1,2), (1,1), (1,7), (4,1), (2,1)
------------------------
Iteración 40
-----------
Abiertos = (3,1)
Cerrados = (3,8), (4,8), (4,7), (3,7), (3,6), (5,8), (5,7), (3,9), (3,5), (3,4), (3,3), (5,6), (3,10), (5,9), (4,3), (2,6), (2,4), (5,5), (5,4), (2,5), (4,10), (5,3), (2,10), (5,10), (1,5), (1,6), (5,2), (2,3), (1,10), (1,4), (5,1), (1,9), (1,3), (1,8), (1,2), (1,1), (1,7), (4,1), (2,1), (3,1)
------------------------
No se ha encontrado ningún camino al destino.
Iteración 0
-----------
Abiertos = (3,8)
Cerrados = 
------------------------
Iteración 1
-----------
Abiertos = (3,7), (4,8), (3,9)
Cerrados = (3,8)
------------------------
Iteración 2
-----------
Abiertos = (3,6), (4,7), (4,8), (3,9)
Cerrados = (3,8), (3,7)
------------------------
Iteración 3
-----------
Abiertos = (3,6), (4,8), (5,7), (3,9), (4,8)
Cerrados = (3,8), (3,7), (4,7)
------------------------
Iteración 4
-----------
Abiertos = (4,8), (5,7), (3,9), (3,5), (4,8), (2,6)
Cerrados = (3,8), (3,7), (4,7), (3,6)
------------------------
Iteración 5
-----------
Abiertos = (5,8), (5,7), (3,9), (3,5), (4,8), (2,6)
Cerrados = (3,8), (3,7), (4,7), (3,6), (4,8)
------------------------
Iteración 6
-----------
Abiertos = (5,7), (5,7), (3,9), (3,5), (4,8), (5,9), (2,6)
Cerrados = (3,8), (3,7), (4,7), (3,6), (4,8), (5,8)
------------------------
Iteración 7
-----------
Abiertos = (5,7), (3,9), (3,5), (4,8), (5,6), (2,6), (5,9)
Cerrados = (3,8), (3,7), (4,7), (3,6), (4,8), (5,8), (5,7)
------------------------
Iteración 8
-----------
Abiertos = (5,7), (3,5), (4,8), (3,10), (5,6), (2,6), (5,9)
Cerrados = (3,8), (3,7), (4,7), (3,6), (4,8), (5,8), (5,7), (3,9)
------------------------
Iteración 9
-----------
Abiertos = (4,8), (3,10), (3,4), (5,6), (5,9), (2,6), (2,5)
Cerrados = (3,8), (3,7), (4,7), (3,6), (4,8), (5,8), (5,7), (3,9), (3,5)
------------------------
Iteración 10
-----------
Abiertos = (4,8), (3,4), (5,6), (5,9), (2,6), (2,5), (4,10), (2,10)
Cerrados = (3,8), (3,7), (4,7), (3,6), (4,8), (5,8), (5,7), (3,9), (3,5), (3,10)
------------------------
Iteración 11
-----------
Abiertos = (4,8), (3,3), (5,6), (5,9), (2,6), (2,4), (2,5), (4,10), (2,10)
Cerrados = (3,8), (3,7), (4,7), (3,6), (4,8), (5,8), (5,7), (3,9), (3,5), (3,10), (3,4)
------------------------
Iteración 12
-----------
Abiertos = (4,8), (5,6), (5,9), (2,6), (4,3), (2,4), (2,5), (4,10), (2,10), (2,3)
Cerrados = (3,8), (3,7), (4,7), (3,6), (4,8), (5,8), (5,7), (3,9), (3,5), (3,10), (3,4), (3,3)
------------------------
Iteración 13
-----------
Abiertos = (4,8), (5,9), (2,6), (4,3), (5,5), (2,4), (2,5), (4,10), (2,10), (2,3)
Cerrados = (3,8), (3,7), (4,7), (3,6), (4,8), (5,8), (5,7), (3,9), (3,5), (3,10), (3,4), (3,3), (5,6)
------------------------
Iteración 14
-----------
Abiertos = (5,9), (4,3), (5,5), (2,4), (2,5), (2,5), (4,10), (2,10), (1,6), (2,3)
Cerrados = (3,8), (3,7), (4,7), (3,6), (4,8), (5,8), (5,7), (3,9), (3,5), (3,10), (3,4), (3,3), (5,6), (2,6)
------------------------
Iteración 15
-----------
Abiertos = (4,3), (5,5), (2,4), (2,5), (2,5), (4,10), (2,10), (5,10), (1,6), (2,3)
Cerrados = (3,8), (3,7), (4,7), (3,6), (4,8), (5,8), (5,7), (3,9), (3,5), (3,10), (3,4), (3,3), (5,6), (2,6), (5,9)
------------------------
Iteración 16
-----------
Abiertos = (5,5), (2,4), (2,5), (2,5), (4,10), (5,3), (2,10), (5,10), (1,6), (2,3)
Cerrados = (3,8), (3,7), (4,7), (3,6), (4,8), (5,8), (5,7), (3,9), (3,5), (3,10), (3,4), (3,3), (5,6), (2,6), (5,9), (4,3)
------------------------
Iteración 17
-----------
Abiertos = (5,4), (2,4), (2,5), (2,5), (4,10), (5,3), (2,10), (1,6), (5,10), (2,3)
Cerrados = (3,8), (3,7), (4,7), (3,6), (4,8), (5,8), (5,7), (3,9), (3,5), (3,10), (3,4), (3,3), (5,6), (2,6), (5,9), (4,3), (5,5)
------------------------
Iteración 18
-----------
Abiertos = (5,4), (2,5), (2,5), (4,10), (5,3), (2,10), (5,10), (1,6), (2,3), (2,3), (1,4), (2,5)
Cerrados = (3,8), (3,7), (4,7), (3,6), (4,8), (5,8), (5,7), (3,9), (3,5), (3,10), (3,4), (3,3), (5,6), (2,6), (5,9), (4,3), (5,5), (2,4)
------------------------
Iteración 19
-----------
Abiertos = (5,4), (2,5), (4,10), (5,3), (2,10), (1,5), (5,10), (1,6), (2,3), (2,3), (1,4), (2,5)
Cerrados = (3,8), (3,7), (4,7), (3,6), (4,8), (5,8), (5,7), (3,9), (3,5), (3,10), (3,4), (3,3), (5,6), (2,6), (5,9), (4,3), (5,5), (2,4), (2,5)
------------------------
Iteración 20
-----------
Abiertos = (2,5), (4,10), (5,3), (5,3), (2,10), (1,5), (5,10), (1,6), (2,3), (2,3), (1,4), (2,5)
Cerrados = (3,8), (3,7), (4,7), (3,6), (4,8), (5,8), (5,7), (3,9), (3,5), (3,10), (3,4), (3,3), (5,6), (2,6), (5,9), (4,3), (5,5), (2,4), (2,5), (5,4)
------------------------
Iteración 21
-----------
Abiertos = (4,10), (5,3), (2,10), (1,5), (5,10), (1,6), (5,2), (2,3), (2,3), (1,4), (2,5)
Cerrados = (3,8), (3,7), (4,7), (3,6), (4,8), (5,8), (5,7), (3,9), (3,5), (3,10), (3,4), (3,3), (5,6), (2,6), (5,9), (4,3), (5,5), (2,4), (2,5), (5,4), (5,3)
------------------------
Iteración 22
-----------
Abiertos = (5,3), (2,10), (1,5), (5,10), (5,10), (1,6), (5,2), (2,3), (2,3), (1,4), (2,5)
Cerrados = (3,8), (3,7), (4,7), (3,6), (4,8), (5,8), (5,7), (3,9), (3,5), (3,10), (3,4), (3,3), (5,6), (2,6), (5,9), (4,3), (5,5), (2,4), (2,5), (5,4), (5,3), (4,10)
------------------------
Iteración 23
-----------
Abiertos = (2,10), (5,10), (5,10), (1,6), (5,2), (2,3), (2,3), (2,5), (1,4), (1,4), (1,6)
Cerrados = (3,8), (3,7), (4,7), (3,6), (4,8), (5,8), (5,7), (3,9), (3,5), (3,10), (3,4), (3,3), (5,6), (2,6), (5,9), (4,3), (5,5), (2,4), (2,5), (5,4), (5,3), (4,10), (1,5)
------------------------
Iteración 24
-----------
Abiertos = (5,10), (1,6), (5,10), (5,2), (2,3), (2,3), (1,10), (1,4), (1,4), (2,5), (1,6)
Cerrados = (3,8), (3,7), (4,7), (3,6), (4,8), (5,8), (5,7), (3,9), (3,5), (3,10), (3,4), (3,3), (5,6), (2,6), (5,9), (4,3), (5,5), (2,4), (2,5), (5,4), (5,3), (4,10), (1,5), (2,10)
------------------------
Iteración 25
-----------
Abiertos = (5,10), (5,10), (5,2), (2,3), (2,3), (1,10), (2,5), (1,4), (1,4), (1,6), (1,7)
Cerrados = (3,8), (3,7), (4,7), (3,6), (4,8), (5,8), (5,7), (3,9), (3,5), (3,10), (3,4), (3,3), (5,6), (2,6), (5,9), (4,3), (5,5), (2,4), (2,5), (5,4), (5,3), (4,10), (1,5), (2,10), (1,6)
------------------------
Iteración 26
-----------
Abiertos = (5,10), (5,2), (2,3), (2,3), (1,10), (2,5), (1,4), (1,4), (1,6), (1,7)
Cerrados = (3,8), (3,7), (4,7), (3,6), (4,8), (5,8), (5,7), (3,9), (3,5), (3,10), (3,4), (3,3), (5,6), (2,6), (5,9), (4,3), (5,5), (2,4), (2,5), (5,4), (5,3), (4,10), (1,5), (2,10), (1,6), (5,10)
------------------------
Iteración 27
-----------
Abiertos = (2,3), (2,3), (1,10), (2,5), (1,4), (1,4), (5,1), (1,6), (1,7)
Cerrados = (3,8), (3,7), (4,7), (3,6), (4,8), (5,8), (5,7), (3,9), (3,5), (3,10), (3,4), (3,3), (5,6), (2,6), (5,9), (4,3), (5,5), (2,4), (2,5), (5,4), (5,3), (4,10), (1,5), (2,10), (1,6), (5,10), (5,2)
------------------------
Iteración 28
-----------
Abiertos = (2,3), (1,10), (2,5), (1,4), (1,4), (5,1), (1,3), (1,6), (1,7)
Cerrados = (3,8), (3,7), (4,7), (3,6), (4,8), (5,8), (5,7), (3,9), (3,5), (3,10), (3,4), (3,3), (5,6), (2,6), (5,9), (4,3), (5,5), (2,4), (2,5), (5,4), (5,3), (4,10), (1,5), (2,10), (1,6), (5,10), (5,2), (2,3)
------------------------
Iteración 29
-----------
Abiertos = (2,3), (1,4), (2,5), (1,4), (5,1), (1,9), (1,3), (1,6), (1,7)
Cerrados = (3,8), (3,7), (4,7), (3,6), (4,8), (5,8), (5,7), (3,9), (3,5), (3,10), (3,4), (3,3), (5,6), (2,6), (5,9), (4,3), (5,5), (2,4), (2,5), (5,4), (5,3), (4,10), (1,5), (2,10), (1,6), (5,10), (5,2), (2,3), (1,10)
------------------------
Iteración 30
-----------
Abiertos = (2,3), (1,3), (2,5), (1,4), (5,1), (1,9), (1,3), (1,6), (1,7)
Cerrados = (3,8), (3,7), (4,7), (3,6), (4,8), (5,8), (5,7), (3,9), (3,5), (3,10), (3,4), (3,3), (5,6), (2,6), (5,9), (4,3), (5,5), (2,4), (2,5), (5,4), (5,3), (4,10), (1,5), (2,10), (1,6), (5,10), (5,2), (2,3), (1,10), (1,4)
------------------------
Iteración 31
-----------
Abiertos = (1,4), (2,5), (5,1), (1,9), (1,3), (1,6), (1,2), (1,7)
Cerrados = (3,8), (3,7), (4,7), (3,6), (4,8), (5,8), (5,7), (3,9), (3,5), (3,10), (3,4), (3,3), (5,6), (2,6), (5,9), (4,3), (5,5), (2,4), (2,5), (5,4), (5,3), (4,10), (1,5), (2,10), (1,6), (5,10), (5,2), (2,3), (1,10), (1,4), (1,3)
------------------------
Iteración 32
-----------
Abiertos = (1,9), (1,3), (1,6), (1,2), (1,7), (4,1)
Cerrados = (3,8), (3,7), (4,7), (3,6), (4,8), (5,8), (5,7), (3,9), (3,5), (3,10), (3,4), (3,3), (5,6), (2,6), (5,9), (4,3), (5,5), (2,4), (2,5), (5,4), (5,3), (4,10), (1,5), (2,10), (1,6), (5,10), (5,2), (2,3), (1,10), (1,4), (1,3), (5,1)
------------------------
Iteración 33
-----------
Abiertos = (1,8), (1,3), (1,6), (1,2), (1,7), (4,1)
Cerrados = (3,8), (3,7), (4,7), (3,6), (4,8), (5,8), (5,7), (3,9), (3,5), (3,10), (3,4), (3,3), (5,6), (2,6), (5,9), (4,3), (5,5), (2,4), (2,5), (5,4), (5,3), (4,10), (1,5), (2,10), (1,6), (5,10), (5,2), (2,3), (1,10), (1,4), (1,3), (5,1), (1,9)
------------------------
Iteración 34
-----------
Abiertos = (1,6), (1,2), (1,7), (1,7), (4,1)
Cerrados = (3,8), (3,7), (4,7), (3,6), (4,8), (5,8), (5,7), (3,9), (3,5), (3,10), (3,4), (3,3), (5,6), (2,6), (5,9), (4,3), (5,5), (2,4), (2,5), (5,4), (5,3), (4,10), (1,5), (2,10), (1,6), (5,10), (5,2), (2,3), (1,10), (1,4), (1,3), (5,1), (1,9), (1,8)
------------------------
Iteración 35
-----------
Abiertos = (1,6), (1,1), (1,7), (1,7), (4,1)
Cerrados = (3,8), (3,7), (4,7), (3,6), (4,8), (5,8), (5,7), (3,9), (3,5), (3,10), (3,4), (3,3), (5,6), (2,6), (5,9), (4,3), (5,5), (2,4), (2,5), (5,4), (5,3), (4,10), (1,5), (2,10), (1,6), (5,10), (5,2), (2,3), (1,10), (1,4), (1,3), (5,1), (1,9), (1,8), (1,2)
------------------------
Iteración 36
-----------
Abiertos = (1,1), (1,7), (4,1)
Cerrados = (3,8), (3,7), (4,7), (3,6), (4,8), (5,8), (5,7), (3,9), (3,5), (3,10), (3,4), (3,3), (5,6), (2,6), (5,9), (4,3), (5,5), (2,4), (2,5), (5,4), (5,3), (4,10), (1,5), (2,10), (1,6), (5,10), (5,2), (2,3), (1,10), (1,4), (1,3), (5,1), (1,9), (1,8), (1,2), (1,7)
------------------------
Iteración 37
-----------
Abiertos = (1,7), (2,1), (4,1)
Cerrados = (3,8), (3,7), (4,7), (3,6), (4,8), (5,8), (5,7), (3,9), (3,5), (3,10), (3,4), (3,3), (5,6), (2,6), (5,9), (4,3), (5,5), (2,4), (2,5), (5,4), (5,3), (4,10), (1,5), (2,10), (1,6), (5,10), (5,2), (2,3), (1,10), (1,4), (1,3), (5,1), (1,9), (1,8), (1,2), (1,7), (1,1)
------------------------
Iteración 38
-----------
Abiertos = (1,7), (3,1), (4,1)
Cerrados = (3,8), (3,7), (4,7), (3,6), (4,8), (5,8), (5,7), (3,9), (3,5), (3,10), (3,4), (3,3), (5,6), (2,6), (5,9), (4,3), (5,5), (2,4), (2,5), (5,4), (5,3), (4,10), (1,5), (2,10), (1,6), (5,10), (5,2), (2,3), (1,10), (1,4), (1,3), (5,1), (1,9), (1,8), (1,2), (1,7), (1,1), (2,1)
------------------------
Iteración 39
-----------
Abiertos = (1,7), (4,1), (4,1)
Cerrados = (3,8), (3,7), (4,7), (3,6), (4,8), (5,8), (5,7), (3,9), (3,5), (3,10), (3,4), (3,3), (5,6), (2,6), (5,9), (4,3), (5,5), (2,4), (2,5), (5,4), (5,3), (4,10), (1,5), (2,10), (1,6), (5,10), (5,2), (2,3), (1,10), (1,4), (1,3), (5,1), (1,9), (1,8), (1,2), (1,7), (1,1), (2,1), (3,1)
------------------------
Iteración 40
-----------
Abiertos = (1,7), (4,1)
Cerrados = (3,8), (3,7), (4,7), (3,6), (4,8), (5,8), (5,7), (3,9), (3,5), (3,10), (3,4), (3,3), (5,6), (2,6), (5,9), (4,3), (5,5), (2,4), (2,5), (5,4), (5,3), (4,10), (1,5), (2,10), (1,6), (5,10), (5,2), (2,3), (1,10), (1,4), (1,3), (5,1), (1,9), (1,8), (1,2), (1,7), (1,1), (2,1), (3,1), (4,1)
------------------------
No se ha encontrado ningún camino al destino.
Iteración 0
-----------
Abiertos = (3,8)
Cerrados = 
------------------------
Iteración 1
-----------
Abiertos = (3,7), (4,8), (3,9)
Cerrados = (3,8)
------------------------
Iteración 2
-----------
Abiertos = (4,7), (5,8), (3,7), (3,9)
Cerrados = (3,8), (4,8)
------------------------
Iteración 3
-----------
Abiertos = (5,8), (3,7), (5,7), (3,9), (3,7)
Cerrados = (3,8), (4,8), (4,7)
------------------------
Iteración 4
-----------
Abiertos = (5,8), (3,6), (5,7), (3,9), (3,7)
Cerrados = (3,8), (4,8), (4,7), (3,7)
------------------------
Iteración 5
-----------
Abiertos = (5,8), (5,7), (3,9), (3,5), (3,7), (2,6)
Cerrados = (3,8), (4,8), (4,7), (3,7), (3,6)
------------------------
Iteración 6
-----------
Abiertos = (5,7), (5,7), (3,9), (3,5), (3,7), (2,6), (5,9)
Cerrados = (3,8), (4,8), (4,7), (3,7), (3,6), (5,8)
------------------------
Iteración 7
-----------
Abiertos = (5,7), (3,9), (3,5), (3,7), (5,6), (2,6), (5,9)
Cerrados = (3,8), (4,8), (4,7), (3,7), (3,6), (5,8), (5,7)
------------------------
Iteración 8
-----------
Abiertos = (5,7), (3,5), (3,7), (3,10), (5,6), (2,6), (5,9)
Cerrados = (3,8), (4,8), (4,7), (3,7), (3,6), (5,8), (5,7), (3,9)
------------------------
Iteración 9
-----------
Abiertos = (3,7), (3,10), (3,4), (5,6), (5,9), (2,6), (2,5)
Cerrados = (3,8), (4,8), (4,7), (3,7), (3,6), (5,8), (5,7), (3,9), (3,5)
------------------------
Iteración 10
-----------
Abiertos = (3,10), (3,3), (5,6), (5,9), (2,6), (2,4), (2,5)
Cerrados = (3,8), (4,8), (4,7), (3,7), (3,6), (5,8), (5,7), (3,9), (3,5), (3,4)
------------------------
Iteración 11
-----------
Abiertos = (3,10), (5,6), (5,9), (2,6), (4,3), (2,4), (2,5), (2,3)
Cerrados = (3,8), (4,8), (4,7), (3,7), (3,6), (5,8), (5,7), (3,9), (3,5), (3,4), (3,3)
------------------------
Iteración 12
-----------
Abiertos = (3,10), (5,9), (2,6), (4,3), (5,5), (2,4), (2,5), (2,3)
Cerrados = (3,8), (4,8), (4,7), (3,7), (3,6), (5,8), (5,7), (3,9), (3,5), (3,4), (3,3), (5,6)
------------------------
Iteración 13
-----------
Abiertos = (2,6), (5,9), (4,3), (5,5), (2,4), (2,5), (4,10), (2,10), (2,3)
Cerrados = (3,8), (4,8), (4,7), (3,7), (3,6), (5,8), (5,7), (3,9), (3,5), (3,4), (3,3), (5,6), (3,10)
------------------------
Iteración 14
-----------
Abiertos = (2,6), (4,3), (5,5), (2,4), (2,5), (4,10), (2,10), (5,10), (2,3)
Cerrados = (3,8), (4,8), (4,7), (3,7), (3,6), (5,8), (5,7), (3,9), (3,5), (3,4), (3,3), (5,6), (3,10), (5,9)
------------------------
Iteración 15
-----------
Abiertos = (2,6), (5,5), (2,4), (2,5), (4,10), (5,3), (2,10), (5,10), (2,3)
Cerrados = (3,8), (4,8), (4,7), (3,7), (3,6), (5,8), (5,7), (3,9), (3,5), (3,4), (3,3), (5,6), (3,10), (5,9), (4,3)
------------------------
Iteración 16
-----------
Abiertos = (5,5), (2,4), (2,5), (2,5), (4,10), (5,3), (2,10), (5,10), (1,6), (2,3)
Cerrados = (3,8), (4,8), (4,7), (3,7), (3,6), (5,8), (5,7), (3,9), (3,5), (3,4), (3,3), (5,6), (3,10), (5,9), (4,3), (2,6)
------------------------
Iteración 17
-----------
Abiertos = (5,5), (2,5), (2,5), (4,10), (5,3), (2,10), (5,10), (1,6), (2,3), (2,3), (2,5), (1,4)
Cerrados = (3,8), (4,8), (4,7), (3,7), (3,6), (5,8), (5,7), (3,9), (3,5), (3,4), (3,3), (5,6), (3,10), (5,9), (4,3), (2,6), (2,4)
------------------------
Iteración 18
-----------
Abiertos = (5,4), (2,5), (2,5), (4,10), (5,3), (2,10), (5,10), (1,6), (2,3), (2,3), (2,5), (1,4)
Cerrados = (3,8), (4,8), (4,7), (3,7), (3,6), (5,8), (5,7), (3,9), (3,5), (3,4), (3,3), (5,6), (3,10), (5,9), (4,3), (2,6), (2,4), (5,5)
------------------------
Iteración 19
-----------
Abiertos = (2,5), (2,5), (4,10), (5,3), (5,3), (2,10), (5,10), (1,6), (2,3), (2,3), (2,5), (1,4)
Cerrados = (3,8), (4,8), (4,7), (3,7), (3,6), (5,8), (5,7), (3,9), (3,5), (3,4), (3,3), (5,6), (3,10), (5,9), (4,3), (2,6), (2,4), (5,5), (5,4)
------------------------
Iteración 20
-----------
Abiertos = (2,5), (4,10), (5,3), (5,3), (2,10), (1,5), (5,10), (1,6), (2,3), (2,3), (2,5), (1,4)
Cerrados = (3,8), (4,8), (4,7), (3,7), (3,6), (5,8), (5,7), (3,9), (3,5), (3,4), (3,3), (5,6), (3,10), (5,9), (4,3), (2,6), (2,4), (5,5), (5,4), (2,5)
------------------------
Iteración 21
-----------
Abiertos = (5,3), (5,3), (2,10), (1,5), (5,10), (5,10), (1,6), (2,3), (2,3), (1,4), (2,5)
Cerrados = (3,8), (4,8), (4,7), (3,7), (3,6), (5,8), (5,7), (3,9), (3,5), (3,4), (3,3), (5,6), (3,10), (5,9), (4,3), (2,6), (2,4), (5,5), (5,4), (2,5), (4,10)
------------------------
Iteración 22
-----------
Abiertos = (5,3), (2,10), (1,5), (5,10), (5,10), (1,6), (5,2), (2,3), (2,3), (2,5), (1,4)
Cerrados = (3,8), (4,8), (4,7), (3,7), (3,6), (5,8), (5,7), (3,9), (3,5), (3,4), (3,3), (5,6), (3,10), (5,9), (4,3), (2,6), (2,4), (5,5), (5,4), (2,5), (4,10), (5,3)
------------------------
Iteración 23
-----------
Abiertos = (5,3), (1,5), (5,10), (5,10), (1,6), (5,2), (2,3), (2,3), (1,10), (2,5), (1,4)
Cerrados = (3,8), (4,8), (4,7), (3,7), (3,6), (5,8), (5,7), (3,9), (3,5), (3,4), (3,3), (5,6), (3,10), (5,9), (4,3), (2,6), (2,4), (5,5), (5,4), (2,5), (4,10), (5,3), (2,10)
------------------------
Iteración 24
-----------
Abiertos = (1,5), (5,10), (1,6), (5,2), (2,3), (2,3), (1,10), (1,4), (2,5)
Cerrados = (3,8), (4,8), (4,7), (3,7), (3,6), (5,8), (5,7), (3,9), (3,5), (3,4), (3,3), (5,6), (3,10), (5,9), (4,3), (2,6), (2,4), (5,5), (5,4), (2,5), (4,10), (5,3), (2,10), (5,10)
------------------------
Iteración 25
-----------
Abiertos = (1,6), (5,10), (5,2), (2,3), (2,3), (1,10), (1,4), (2,5), (1,4), (1,6)
Cerrados = (3,8), (4,8), (4,7), (3,7), (3,6), (5,8), (5,7), (3,9), (3,5), (3,4), (3,3), (5,6), (3,10), (5,9), (4,3), (2,6), (2,4), (5,5), (5,4), (2,5), (4,10), (5,3), (2,10), (5,10), (1,5)
------------------------
Iteración 26
-----------
Abiertos = (5,10), (5,2), (2,3), (2,3), (1,10), (1,4), (2,5), (1,4), (1,6), (1,7)
Cerrados = (3,8), (4,8), (4,7), (3,7), (3,6), (5,8), (5,7), (3,9), (3,5), (3,4), (3,3), (5,6), (3,10), (5,9), (4,3), (2,6), (2,4), (5,5), (5,4), (2,5), (4,10), (5,3), (2,10), (5,10), (1,5), (1,6)
------------------------
Iteración 27
-----------
Abiertos = (2,3), (2,3), (1,10), (1,4), (2,5), (1,4), (5,1), (1,6), (1,7)
Cerrados = (3,8), (4,8), (4,7), (3,7), (3,6), (5,8), (5,7), (3,9), (3,5), (3,4), (3,3), (5,6), (3,10), (5,9), (4,3), (2,6), (2,4), (5,5), (5,4), (2,5), (4,10), (5,3), (2,10), (5,10), (1,5), (1,6), (5,2)
------------------------
Iteración 28
-----------
Abiertos = (2,3), (1,10), (1,4), (2,5), (1,4), (5,1), (1,3), (1,6), (1,7)
Cerrados = (3,8), (4,8), (4,7), (3,7), (3,6), (5,8), (5,7), (3,9), (3,5), (3,4), (3,3), (5,6), (3,10), (5,9), (4,3), (2,6), (2,4), (5,5), (5,4), (2,5), (4,10), (5,3), (2,10), (5,10), (1,5), (1,6), (5,2), (2,3)
------------------------
Iteración 29
-----------
Abiertos = (2,3), (1,4), (2,5), (1,4), (5,1), (1,9), (1,3), (1,6), (1,7)
Cerrados = (3,8), (4,8), (4,7), (3,7), (3,6), (5,8), (5,7), (3,9), (3,5), (3,4), (3,3), (5,6), (3,10), (5,9), (4,3), (2,6), (2,4), (5,5), (5,4), (2,5), (4,10), (5,3), (2,10), (5,10), (1,5), (1,6), (5,2), (2,3), (1,10)
------------------------
Iteración 30
-----------
Abiertos = (1,3), (1,4), (5,1), (1,9), (1,3), (1,6), (1,7)
Cerrados = (3,8), (4,8), (4,7), (3,7), (3,6), (5,8), (5,7), (3,9), (3,5), (3,4), (3,3), (5,6), (3,10), (5,9), (4,3), (2,6), (2,4), (5,5), (5,4), (2,5), (4,10), (5,3), (2,10), (5,10), (1,5), (1,6), (5,2), (2,3), (1,10), (1,4)
------------------------
Iteración 31
-----------
Abiertos = (1,3), (1,9), (1,3), (1,6), (1,7), (4,1)
Cerrados = (3,8), (4,8), (4,7), (3,7), (3,6), (5,8), (5,7), (3,9), (3,5), (3,4), (3,3), (5,6), (3,10), (5,9), (4,3), (2,6), (2,4), (5,5), (5,4), (2,5), (4,10), (5,3), (2,10), (5,10), (1,5), (1,6), (5,2), (2,3), (1,10), (1,4), (5,1)
------------------------
Iteración 32
-----------
Abiertos = (1,3), (1,8), (1,3), (1,6), (1,7), (4,1)
Cerrados = (3,8), (4,8), (4,7), (3,7), (3,6), (5,8), (5,7), (3,9), (3,5), (3,4), (3,3), (5,6), (3,10), (5,9), (4,3), (2,6), (2,4), (5,5), (5,4), (2,5), (4,10), (5,3), (2,10), (5,10), (1,5), (1,6), (5,2), (2,3), (1,10), (1,4), (5,1), (1,9)
------------------------
Iteración 33
-----------
Abiertos = (1,8), (1,3), (1,6), (1,2), (1,7), (4,1)
Cerrados = (3,8), (4,8), (4,7), (3,7), (3,6), (5,8), (5,7), (3,9), (3,5), (3,4), (3,3), (5,6), (3,10), (5,9), (4,3), (2,6), (2,4), (5,5), (5,4), (2,5), (4,10), (5,3), (2,10), (5,10), (1,5), (1,6), (5,2), (2,3), (1,10), (1,4), (5,1), (1,9), (1,3)
------------------------
Iteración 34
-----------
Abiertos = (1,3), (1,6), (1,2), (1,7), (1,7), (4,1)
Cerrados = (3,8), (4,8), (4,7), (3,7), (3,6), (5,8), (5,7), (3,9), (3,5), (3,4), (3,3), (5,6), (3,10), (5,9), (4,3), (2,6), (2,4), (5,5), (5,4), (2,5), (4,10), (5,3), (2,10), (5,10), (1,5), (1,6), (5,2), (2,3), (1,10), (1,4), (5,1), (1,9), (1,3), (1,8)
------------------------
Iteración 35
-----------
Abiertos = (1,3), (1,1), (1,7), (1,7), (4,1)
Cerrados = (3,8), (4,8), (4,7), (3,7), (3,6), (5,8), (5,7), (3,9), (3,5), (3,4), (3,3), (5,6), (3,10), (5,9), (4,3), (2,6), (2,4), (5,5), (5,4), (2,5), (4,10), (5,3), (2,10), (5,10), (1,5), (1,6), (5,2), (2,3), (1,10), (1,4), (5,1), (1,9), (1,3), (1,8), (1,2)
------------------------
Iteración 36
-----------
Abiertos = (1,3), (1,7), (1,7), (2,1), (4,1)
Cerrados = (3,8), (4,8), (4,7), (3,7), (3,6), (5,8), (5,7), (3,9), (3,5), (3,4), (3,3), (5,6), (3,10), (5,9), (4,3), (2,6), (2,4), (5,5), (5,4), (2,5), (4,10), (5,3), (2,10), (5,10), (1,5), (1,6), (5,2), (2,3), (1,10), (1,4), (5,1), (1,9), (1,3), (1,8), (1,2), (1,1)
------------------------
Iteración 37
-----------
Abiertos = (1,7), (2,1), (4,1)
Cerrados = (3,8), (4,8), (4,7), (3,7), (3,6), (5,8), (5,7), (3,9), (3,5), (3,4), (3,3), (5,6), (3,10), (5,9), (4,3), (2,6), (2,4), (5,5), (5,4), (2,5), (4,10), (5,3), (2,10), (5,10), (1,5), (1,6), (5,2), (2,3), (1,10), (1,4), (5,1), (1,9), (1,3), (1,8), (1,2), (1,1), (1,7)
------------------------
Iteración 38
-----------
Abiertos = (2,1), (3,1)
Cerrados = (3,8), (4,8), (4,7), (3,7), (3,6), (5,8), (5,7), (3,9), (3,5), (3,4), (3,3), (5,6), (3,10), (5,9), (4,3), (2,6), (2,4), (5,5), (5,4), (2,5), (4,10), (5,3), (2,10), (5,10), (1,5), (1,6), (5,2), (2,3), (1,10), (1,4), (5,1), (1,9), (1,3), (1,8), (1,2), (1,1), (1,7), (4,1)
------------------------
Iteración 39
-----------
Abiertos = (3,1), (3,1)
Cerrados = (3,8), (4,8), (4,7), (3,7), (3,6), (5,8), (5,7), (3,9), (3,5), (3,4), (3,3), (5,6), (3,10), (5,9), (4,3), (2,6), (2,4), (5,5), (5,4), (2,5), (4,10), (5,3), (2,10), (5,10), (1,5), (1,6), (5,2), (2,3), (1,10), (1,4), (5,1), (1,9), (1,3), (1,8), (1,2), (1,1), (1,7), (4,1), (2,1)
------------------------
Iteración 40
-----------
Abiertos = (3,1)
Cerrados = (3,8), (4,8), (4,7), (3,7), (3,6), (5,8), (5,7), (3,9), (3,5), (3,4), (3,3), (5,6), (3,10), (5,9), (4,3), (2,6), (2,4), (5,5), (5,4), (2,5), (4,10), (5,3), (2,10), (5,10), (1,5), (1,6), (5,2), (2,3), (1,10), (1,4), (5,1), (1,9), (1,3), (1,8), (1,2), (1,1), (1,7), (4,1), (2,1), (3,1)
------------------------
No se ha encontrado ningún camino al destino.
Iteración 0
-----------
Abiertos = (3,8)
Cerrados = 
------------------------
Iteración 1
-----------
Abiertos = (3,7), (4,8), (3,9)
Cerrados = (3,8)
------------------------
Iteración 2
-----------
Abiertos = (3,6), (4,7), (4,8), (3,9)
Cerrados = (3,8), (3,7)
------------------------
Iteración 3
-----------
Abiertos = (3,6), (4,8), (5,7), (3,9), (4,8)
Cerrados = (3,8), (3,7), (4,7)
------------------------
Iteración 4
-----------
Abiertos = (4,8), (5,7), (3,9), (3,5), (4,8), (2,6)
Cerrados = (3,8), (3,7), (4,7), (3,6)
------------------------
Iteración 5
-----------
Abiertos = (5,8), (5,7), (3,9), (3,5), (4,8), (2,6)
Cerrados = (3,8), (3,7), (4,7), (3,6), (4,8)
------------------------
Iteración 6
-----------
Abiertos = (5,7), (5,7), (3,9), (3,5), (4,8), (5,9), (2,6)
Cerrados = (3,8), (3,7), (4,7), (3,6), (4,8), (5,8)
------------------------
Iteración 7
-----------
Abiertos = (5,7), (3,9), (3,5), (4,8), (5,6), (2,6), (5,9)
Cerrados = (3,8), (3,7), (4,7), (3,6), (4,8), (5,8), (5,7)
------------------------
Iteración 8
-----------
Abiertos = (5,7), (3,5), (4,8), (3,10), (5,6), (2,6), (5,9)
Cerrados = (3,8), (3,7), (4,7), (3,6), (4,8), (5,8), (5,7), (3,9)
------------------------
Iteración 9
-----------
Abiertos = (4,8), (3,10), (3,4), (5,6), (5,9), (2,6), (2,5)
Cerrados = (3,8), (3,7), (4,7), (3,6), (4,8), (5,8), (5,7), (3,9), (3,5)
------------------------
Iteración 10
-----------
Abiertos = (4,8), (3,4), (5,6), (5,9), (2,6), (2,5), (4,10), (2,10)
Cerrados = (3,8), (3,7), (4,7), (3,6), (4,8), (5,8), (5,7), (3,9), (3,5), (3,10)
------------------------
Iteración 11
-----------
Abiertos = (4,8), (3,3), (5,6), (5,9), (2,6), (2,4), (2,5), (4,10), (2,10)
Cerrados = (3,8), (3,7), (4,7), (3,6), (4,8), (5,8), (5,7), (3,9), (3,5), (3,10), (3,4)
------------------------
Iteración 12
-----------
Abiertos = (4,8), (5,6), (5,9), (2,6), (4,3), (2,4), (2,5), (4,10), (2,10), (2,3)
Cerrados = (3,8), (3,7), (4,7), (3,6), (4,8), (5,8), (5,7), (3,9), (3,5), (3,10), (3,4), (3,3)
------------------------
Iteración 13
-----------
Abiertos = (4,8), (5,9), (2,6), (4,3), (5,5), (2,4), (2,5), (4,10), (2,10), (2,3)
Cerrados = (3,8), (3,7), (4,7), (3,6), (4,8), (5,8), (5,7), (3,9), (3,5), (3,10), (3,4), (3,3), (5,6)
------------------------
Iteración 14
-----------
Abiertos = (5,9), (4,3), (5,5), (2,4), (2,5), (2,5), (4,10), (2,10), (1,6), (2,3)
Cerrados = (3,8), (3,7), (4,7), (3,6), (4,8), (5,8), (5,7), (3,9), (3,5), (3,10), (3,4), (3,3), (5,6), (2,6)
------------------------
Iteración 15
-----------
Abiertos = (4,3), (5,5), (2,4), (2,5), (2,5), (4,10), (2,10), (5,10), (1,6), (2,3)
Cerrados = (3,8), (3,7), (4,7), (3,6), (4,8), (5,8), (5,7), (3,9), (3,5), (3,10), (3,4), (3,3), (5,6), (2,6), (5,9)
------------------------
Iteración 16
-----------
Abiertos = (5,5), (2,4), (2,5), (2,5), (4,10), (5,3), (2,10), (5,10), (1,6), (2,3)
Cerrados = (3,8), (3,7), (4,7), (3,6), (4,8), (5,8), (5,7), (3,9), (3,5), (3,10), (3,4), (3,3), (5,6), (2,6), (5,9), (4,3)
------------------------
Iteración 17
-----------
Abiertos = (5,4), (2,4), (2,5), (2,5), (4,10), (5,3), (2,10), (1,6), (5,10), (2,3)
Cerrados = (3,8), (3,7), (4,7), (3,6), (4,8), (5,8), (5,7), (3,9), (3,5), (3,10), (3,4), (3,3), (5,6), (2,6), (5,9), (4,3), (5,5)
------------------------
Iteración 18
-----------
Abiertos = (5,4), (2,5), (2,5), (4,10), (5,3), (2,10), (5,10), (1,6), (2,3), (2,3), (1,4), (2,5)
Cerrados = (3,8), (3,7), (4,7), (3,6), (4,8), (5,8), (5,7), (3,9), (3,5), (3,10), (3,4), (3,3), (5,6), (2,6), (5,9), (4,3), (5,5), (2,4)
------------------------
Iteración 19
-----------
Abiertos = (5,4), (2,5), (4,10), (5,3), (2,10), (1,5), (5,10), (1,6), (2,3), (2,3), (1,4), (2,5)
Cerrados = (3,8), (3,7), (4,7), (3,6), (4,8), (5,8), (5,7), (3,9), (3,5), (3,10), (3,4), (3,3), (5,6), (2,6), (5,9), (4,3), (5,5), (2,4), (2,5)
------------------------
Iteración 20
-----------
Abiertos = (2,5), (4,10), (5,3), (5,3), (2,10), (1,5), (5,10), (1,6), (2,3), (2,3), (1,4), (2,5)
Cerrados = (3,8), (3,7), (4,7), (3,6), (4,8), (5,8), (5,7), (3,9), (3,5), (3,10), (3,4), (3,3), (5,6), (2,6), (5,9), (4,3), (5,5), (2,4), (2,5), (5,4)
------------------------
Iteración 21
-----------
Abiertos = (4,10), (5,3), (2,10), (1,5), (5,10), (1,6), (5,2), (2,3), (2,3), (1,4), (2,5)
Cerrados = (3,8), (3,7), (4,7), (3,6), (4,8), (5,8), (5,7), (3,9), (3,5), (3,10), (3,4), (3,3), (5,6), (2,6), (5,9), (4,3), (5,5), (2,4), (2,5), (5,4), (5,3)
------------------------
Iteración 22
-----------
Abiertos = (5,3), (2,10), (1,5), (5,10), (5,10), (1,6), (5,2), (2,3), (2,3), (1,4), (2,5)
Cerrados = (3,8), (3,7), (4,7), (3,6), (4,8), (5,8), (5,7), (3,9), (3,5), (3,10), (3,4), (3,3), (5,6), (2,6), (5,9), (4,3), (5,5), (2,4), (2,5), (5,4), (5,3), (4,10)
------------------------
Iteración 23
-----------
Abiertos = (2,10), (5,10), (5,10), (1,6), (5,2), (2,3), (2,3), (2,5), (1,4), (1,4), (1,6)
Cerrados = (3,8), (3,7), (4,7), (3,6), (4,8), (5,8), (5,7), (3,9), (3,5), (3,10), (3,4), (3,3), (5,6), (2,6), (5,9), (4,3), (5,5), (2,4), (2,5), (5,4), (5,3), (4,10), (1,5)
------------------------
Iteración 24
-----------
Abiertos = (5,10), (1,6), (5,10), (5,2), (2,3), (2,3), (1,10), (1,4), (1,4), (2,5), (1,6)
Cerrados = (3,8), (3,7), (4,7), (3,6), (4,8), (5,8), (5,7), (3,9), (3,5), (3,10), (3,4), (3,3), (5,6), (2,6), (5,9), (4,3), (5,5), (2,4), (2,5), (5,4), (5,3), (4,10), (1,5), (2,10)
------------------------
Iteración 25
-----------
Abiertos = (5,10), (5,10), (5,2), (2,3), (2,3), (1,10), (2,5), (1,4), (1,4), (1,6), (1,7)
Cerrados = (3,8), (3,7), (4,7), (3,6), (4,8), (5,8), (5,7), (3,9), (3,5), (3,10), (3,4), (3,3), (5,6), (2,6), (5,9), (4,3), (5,5), (2,4), (2,5), (5,4), (5,3), (4,10), (1,5), (2,10), (1,6)
------------------------
Iteración 26
-----------
Abiertos = (5,10), (5,2), (2,3), (2,3), (1,10), (2,5), (1,4), (1,4), (1,6), (1,7)
Cerrados = (3,8), (3,7), (4,7), (3,6), (4,8), (5,8), (5,7), (3,9), (3,5), (3,10), (3,4), (3,3), (5,6), (2,6), (5,9), (4,3), (5,5), (2,4), (2,5), (5,4), (5,3), (4,10), (1,5), (2,10), (1,6), (5,10)
------------------------
Iteración 27
-----------
Abiertos = (2,3), (2,3), (1,10), (2,5), (1,4), (1,4), (5,1), (1,6), (1,7)
Cerrados = (3,8), (3,7), (4,7), (3,6), (4,8), (5,8), (5,7), (3,9), (3,5), (3,10), (3,4), (3,3), (5,6), (2,6), (5,9), (4,3), (5,5), (2,4), (2,5), (5,4), (5,3), (4,10), (1,5), (2,10), (1,6), (5,10), (5,2)
------------------------
Iteración 28
-----------
Abiertos = (2,3), (1,10), (2,5), (1,4), (1,4), (5,1), (1,3), (1,6), (1,7)
Cerrados = (3,8), (3,7), (4,7), (3,6), (4,8), (5,8), (5,7), (3,9), (3,5), (3,10), (3,4), (3,3), (5,6), (2,6), (5,9), (4,3), (5,5), (2,4), (2,5), (5,4), (5,3), (4,10), (1,5), (2,10), (1,6), (5,10), (5,2), (2,3)
------------------------
Iteración 29
-----------
Abiertos = (2,3), (1,4), (2,5), (1,4), (5,1), (1,9), (1,3), (1,6), (1,7)
Cerrados = (3,8), (3,7), (4,7), (3,6), (4,8), (5,8), (5,7), (3,9), (3,5), (3,10), (3,4), (3,3), (5,6), (2,6), (5,9), (4,3), (5,5), (2,4), (2,5), (5,4), (5,3), (4,10), (1,5), (2,10), (1,6), (5,10), (5,2), (2,3), (1,10)
------------------------
Iteración 30
-----------
Abiertos = (2,3), (1,3), (2,5), (1,4), (5,1), (1,9), (1,3), (1,6), (1,7)
Cerrados = (3,8), (3,7), (4,7), (3,6), (4,8), (5,8), (5,7), (3,9), (3,5), (3,10), (3,4), (3,3), (5,6), (2,6), (5,9), (4,3), (5,5), (2,4), (2,5), (5,4), (5,3), (4,10), (1,5), (2,10), (1,6), (5,10), (5,2), (2,3), (1,10), (1,4)
------------------------
Iteración 31
-----------
Abiertos = (1,4), (2,5), (5,1), (1,9), (1,3), (1,6), (1,2), (1,7)
Cerrados = (3,8), (3,7), (4,7), (3,6), (4,8), (5,8), (5,7), (3,9), (3,5), (3,10), (3,4), (3,3), (5,6), (2,6), (5,9), (4,3), (5,5), (2,4), (2,5), (5,4), (5,3), (4,10), (1,5), (2,10), (1,6), (5,10), (5,2), (2,3), (1,10), (1,4), (1,3)
------------------------
Iteración 32
-----------
Abiertos = (1,9), (1,3), (1,6), (1,2), (1,7), (4,1)
Cerrados = (3,8), (3,7), (4,7), (3,6), (4,8), (5,8), (5,7), (3,9), (3,5), (3,10), (3,4), (3,3), (5,6), (2,6), (5,9), (4,3), (5,5), (2,4), (2,5), (5,4), (5,3), (4,10), (1,5), (2,10), (1,6), (5,10), (5,2), (2,3), (1,10), (1,4), (1,3), (5,1)
------------------------
Iteración 33
-----------
Abiertos = (1,8), (1,3), (1,6), (1,2), (1,7), (4,1)
Cerrados = (3,8), (3,7), (4,7), (3,6), (4,8), (5,8), (5,7), (3,9), (3,5), (3,10), (3,4), (3,3), (5,6), (2,6), (5,9), (4,3), (5,5), (2,4), (2,5), (5,4), (5,3), (4,10), (1,5), (2,10), (1,6), (5,10), (5,2), (2,3), (1,10), (1,4), (1,3), (5,1), (1,9)
------------------------
Iteración 34
-----------
Abiertos = (1,6), (1,2), (1,7), (1,7), (4,1)
Cerrados = (3,8), (3,7), (4,7), (3,6), (4,8), (5,8), (5,7), (3,9), (3,5), (3,10), (3,4), (3,3), (5,6), (2,6), (5,9), (4,3), (5,5), (2,4), (2,5), (5,4), (5,3), (4,10), (1,5), (2,10), (1,6), (5,10), (5,2), (2,3), (1,10), (1,4), (1,3), (5,1), (1,9), (1,8)
------------------------
Iteración 35
-----------
Abiertos = (1,6), (1,1), (1,7), (1,7), (4,1)
Cerrados = (3,8), (3,7), (4,7), (3,6), (4,8), (5,8), (5,7), (3,9), (3,5), (3,10), (3,4), (3,3), (5,6), (2,6), (5,9), (4,3), (5,5), (2,4), (2,5), (5,4), (5,3), (4,10), (1,5), (2,10), (1,6), (5,10), (5,2), (2,3), (1,10), (1,4), (1,3), (5,1), (1,9), (1,8), (1,2)
------------------------
Iteración 36
-----------
Abiertos = (1,1), (1,7), (4,1)
Cerrados = (3,8), (3,7), (4,7), (3,6), (4,8), (5,8), (5,7), (3,9), (3,5), (3,10), (3,4), (3,3), (5,6), (2,6), (5,9), (4,3), (5,5), (2,4), (2,5), (5,4), (5,3), (4,10), (1,5), (2,10), (1,6), (5,10), (5,2), (2,3), (1,10), (1,4), (1,3), (5,1), (1,9), (1,8), (1,2), (1,7)
------------------------
Iteración 37
-----------
Abiertos = (1,7), (2,1), (4,1)
Cerrados = (3,8), (3,7), (4,7), (3,6), (4,8), (5,8), (5,7), (3,9), (3,5), (3,10), (3,4), (3,3), (5,6), (2,6), (5,9), (4,3), (5,5), (2,4), (2,5), (5,4), (5,3), (4,10), (1,5), (2,10), (1,6), (5,10), (5,2), (2,3), (1,10), (1,4), (1,3), (5,1), (1,9), (1,8), (1,2), (1,7), (1,1)
------------------------
Iteración 38
-----------
Abiertos = (1,7), (3,1), (4,1)
Cerrados = (3,8), (3,7), (4,7), (3,6), (4,8), (5,8), (5,7), (3,9), (3,5), (3,10), (3,4), (3,3), (5,6), (2,6), (5,9), (4,3), (5,5), (2,4), (2,5), (5,4), (5,3), (4,10), (1,5), (2,10), (1,6), (5,10), (5,2), (2,3), (1,10), (1,4), (1,3), (5,1), (1,9), (1,8), (1,2), (1,7), (1,1), (2,1)
------------------------
Iteración 39
-----------
Abiertos = (1,7), (4,1), (4,1)
Cerrados = (3,8), (3,7), (4,7), (3,6), (4,8), (5,8), (5,7), (3,9), (3,5), (3,10), (3,4), (3,3), (5,6), (2,6), (5,9), (4,3), (5,5), (2,4), (2,5), (5,4), (5,3), (4,10), (1,5), (2,10), (1,6), (5,10), (5,2), (2,3), (1,10), (1,4), (1,3), (5,1), (1,9), (1,8), (1,2), (1,7), (1,1), (2,1), (3,1)
------------------------
Iteración 40
-----------
Abiertos = (1,7), (4,1)
Cerrados = (3,8), (3,7), (4,7), (3,6), (4,8), (5,8), (5,7), (3,9), (3,5), (3,10), (3,4), (3,3), (5,6), (2,6), (5,9), (4,3), (5,5), (2,4), (2,5), (5,4), (5,3), (4,10), (1,5), (2,10), (1,6), (5,10), (5,2), (2,3), (1,10), (1,4), (1,3), (5,1), (1,9), (1,8), (1,2), (1,7), (1,1), (2,1), (3,1), (4,1)
------------------------
No se ha encontrado ningún camino al destino.
Iteración 0
-----------
Abiertos = (3,8)
Cerrados = 
------------------------
Iteración 1
-----------
Abiertos = (3,7), (4,8), (3,9)
Cerrados = (3,8)
------------------------
Iteración 2
-----------
Abiertos = (4,7), (5,8), (3,7), (3,9)
Cerrados = (3,8), (4,8)
------------------------
Iteración 3
-----------
Abiertos = (5,8), (3,7), (5,7), (3,9), (3,7)
Cerrados = (3,8), (4,8), (4,7)
------------------------
Iteración 4
-----------
Abiertos = (3,7), (5,7), (5,7), (3,9), (3,7), (5,9)
Cerrados = (3,8), (4,8), (4,7), (5,8)
------------------------
Iteración 5
-----------
Abiertos = (3,6), (5,7), (5,7), (3,9), (3,7), (5,9)
Cerrados = (3,8), (4,8), (4,7), (5,8), (3,7)
------------------------
Iteración 6
-----------
Abiertos = (3,6), (5,7), (3,9), (3,7), (5,6), (5,9)
Cerrados = (3,8), (4,8), (4,7), (5,8), (3,7), (5,7)
------------------------
Iteración 7
-----------
Abiertos = (3,9), (3,5), (3,7), (5,6), (2,6), (5,9)
Cerrados = (3,8), (4,8), (4,7), (5,8), (3,7), (5,7), (3,6)
------------------------
Iteración 8
-----------
Abiertos = (3,5), (3,7), (3,10), (5,6), (2,6), (5,9)
Cerrados = (3,8), (4,8), (4,7), (5,8), (3,7), (5,7), (3,6), (3,9)
------------------------
Iteración 9
-----------
Abiertos = (3,5), (5,6), (5,9), (2,6), (4,10), (2,10)
Cerrados = (3,8), (4,8), (4,7), (5,8), (3,7), (5,7), (3,6), (3,9), (3,10)
------------------------
Iteración 10
-----------
Abiertos = (3,5), (5,9), (2,6), (5,5), (4,10), (2,10)
Cerrados = (3,8), (4,8), (4,7), (5,8), (3,7), (5,7), (3,6), (3,9), (3,10), (5,6)
------------------------
Iteración 11
-----------
Abiertos = (3,4), (2,6), (5,9), (5,5), (2,5), (4,10), (2,10)
Cerrados = (3,8), (4,8), (4,7), (5,8), (3,7), (5,7), (3,6), (3,9), (3,10), (5,6), (3,5)
------------------------
Iteración 12
-----------
Abiertos = (3,4), (5,9), (5,5), (2,5), (2,5), (4,10), (2,10), (1,6)
Cerrados = (3,8), (4,8), (4,7), (5,8), (3,7), (5,7), (3,6), (3,9), (3,10), (5,6), (3,5), (2,6)
------------------------
Iteración 13
-----------
Abiertos = (3,4), (5,5), (2,5), (2,5), (4,10), (2,10), (5,10), (1,6)
Cerrados = (3,8), (4,8), (4,7), (5,8), (3,7), (5,7), (3,6), (3,9), (3,10), (5,6), (3,5), (2,6), (5,9)
------------------------
Iteración 14
-----------
Abiertos = (3,4), (5,4), (2,5), (2,5), (4,10), (2,10), (1,6), (5,10)
Cerrados = (3,8), (4,8), (4,7), (5,8), (3,7), (5,7), (3,6), (3,9), (3,10), (5,6), (3,5), (2,6), (5,9), (5,5)
------------------------
Iteración 15
-----------
Abiertos = (3,3), (5,4), (2,4), (2,5), (2,5), (4,10), (2,10), (5,10), (1,6)
Cerrados = (3,8), (4,8), (4,7), (5,8), (3,7), (5,7), (3,6), (3,9), (3,10), (5,6), (3,5), (2,6), (5,9), (5,5), (3,4)
------------------------
Iteración 16
-----------
Abiertos = (3,3), (2,4), (2,5), (2,5), (4,10), (5,3), (2,10), (1,6), (5,10)
Cerrados = (3,8), (4,8), (4,7), (5,8), (3,7), (5,7), (3,6), (3,9), (3,10), (5,6), (3,5), (2,6), (5,9), (5,5), (3,4), (5,4)
------------------------
Iteración 17
-----------
Abiertos = (3,3), (2,5), (2,5), (4,10), (5,3), (2,10), (1,6), (5,10), (2,3), (1,4), (2,5)
Cerrados = (3,8), (4,8), (4,7), (5,8), (3,7), (5,7), (3,6), (3,9), (3,10), (5,6), (3,5), (2,6), (5,9), (5,5), (3,4), (5,4), (2,4)
------------------------
Iteración 18
-----------
Abiertos = (3,3), (2,5), (4,10), (5,3), (2,10), (1,5), (5,10), (1,6), (2,3), (1,4), (2,5)
Cerrados = (3,8), (4,8), (4,7), (5,8), (3,7), (5,7), (3,6), (3,9), (3,10), (5,6), (3,5), (2,6), (5,9), (5,5), (3,4), (5,4), (2,4), (2,5)
------------------------
Iteración 19
-----------
Abiertos = (4,3), (2,5), (4,10), (5,3), (2,10), (1,5), (5,10), (1,6), (2,3), (2,3), (1,4), (2,5)
Cerrados = (3,8), (4,8), (4,7), (5,8), (3,7), (5,7), (3,6), (3,9), (3,10), (5,6), (3,5), (2,6), (5,9), (5,5), (3,4), (5,4), (2,4), (2,5), (3,3)
------------------------
Iteración 20
-----------
Abiertos = (4,3), (5,3), (2,10), (1,5), (5,10), (1,6), (5,10), (2,3), (2,3), (1,4), (2,5)
Cerrados = (3,8), (4,8), (4,7), (5,8), (3,7), (5,7), (3,6), (3,9), (3,10), (5,6), (3,5), (2,6), (5,9), (5,5), (3,4), (5,4), (2,4), (2,5), (3,3), (4,10)
------------------------
Iteración 21
-----------
Abiertos = (4,3), (2,10), (1,5), (5,10), (1,6), (5,10), (5,2), (2,3), (2,3), (2,5), (1,4), (4,3)
Cerrados = (3,8), (4,8), (4,7), (5,8), (3,7), (5,7), (3,6), (3,9), (3,10), (5,6), (3,5), (2,6), (5,9), (5,5), (3,4), (5,4), (2,4), (2,5), (3,3), (4,10), (5,3)
------------------------
Iteración 22
-----------
Abiertos = (4,3), (1,5), (5,10), (1,6), (5,10), (5,2), (2,3), (2,3), (1,10), (2,5), (1,4), (4,3)
Cerrados = (3,8), (4,8), (4,7), (5,8), (3,7), (5,7), (3,6), (3,9), (3,10), (5,6), (3,5), (2,6), (5,9), (5,5), (3,4), (5,4), (2,4), (2,5), (3,3), (4,10), (5,3), (2,10)
------------------------
Iteración 23
-----------
Abiertos = (4,3), (1,6), (5,10), (5,10), (5,2), (2,3), (2,3), (1,10), (1,4), (1,4), (2,5), (4,3), (1,6)
Cerrados = (3,8), (4,8), (4,7), (5,8), (3,7), (5,7), (3,6), (3,9), (3,10), (5,6), (3,5), (2,6), (5,9), (5,5), (3,4), (5,4), (2,4), (2,5), (3,3), (4,10), (5,3), (2,10), (1,5)
------------------------
Iteración 24
-----------
Abiertos = (4,3), (5,10), (5,10), (5,2), (2,3), (2,3), (1,10), (1,4), (1,4), (2,5), (4,3), (1,6), (1,7)
Cerrados = (3,8), (4,8), (4,7), (5,8), (3,7), (5,7), (3,6), (3,9), (3,10), (5,6), (3,5), (2,6), (5,9), (5,5), (3,4), (5,4), (2,4), (2,5), (3,3), (4,10), (5,3), (2,10), (1,5), (1,6)
------------------------
Iteración 25
-----------
Abiertos = (5,10), (5,10), (5,2), (2,3), (2,3), (1,10), (1,4), (1,4), (2,5), (4,3), (1,6), (1,7)
Cerrados = (3,8), (4,8), (4,7), (5,8), (3,7), (5,7), (3,6), (3,9), (3,10), (5,6), (3,5), (2,6), (5,9), (5,5), (3,4), (5,4), (2,4), (2,5), (3,3), (4,10), (5,3), (2,10), (1,5), (1,6), (4,3)
------------------------
Iteración 26
-----------
Abiertos = (5,10), (5,2), (2,3), (2,3), (1,10), (1,4), (1,4), (2,5), (4,3), (1,6), (1,7)
Cerrados = (3,8), (4,8), (4,7), (5,8), (3,7), (5,7), (3,6), (3,9), (3,10), (5,6), (3,5), (2,6), (5,9), (5,5), (3,4), (5,4), (2,4), (2,5), (3,3), (4,10), (5,3), (2,10), (1,5), (1,6), (4,3), (5,10)
------------------------
Iteración 27
-----------
Abiertos = (5,2), (2,3), (1,10), (1,4), (2,5), (1,4), (4,3), (1,3), (1,6), (1,7)
Cerrados = (3,8), (4,8), (4,7), (5,8), (3,7), (5,7), (3,6), (3,9), (3,10), (5,6), (3,5), (2,6), (5,9), (5,5), (3,4), (5,4), (2,4), (2,5), (3,3), (4,10), (5,3), (2,10), (1,5), (1,6), (4,3), (5,10), (2,3)
------------------------
Iteración 28
-----------
Abiertos = (1,10), (1,4), (1,4), (2,5), (5,1), (4,3), (1,3), (1,6), (1,7)
Cerrados = (3,8), (4,8), (4,7), (5,8), (3,7), (5,7), (3,6), (3,9), (3,10), (5,6), (3,5), (2,6), (5,9), (5,5), (3,4), (5,4), (2,4), (2,5), (3,3), (4,10), (5,3), (2,10), (1,5), (1,6), (4,3), (5,10), (2,3), (5,2)
------------------------
Iteración 29
-----------
Abiertos = (1,10), (1,3), (1,4), (2,5), (5,1), (4,3), (1,3), (1,6), (1,7)
Cerrados = (3,8), (4,8), (4,7), (5,8), (3,7), (5,7), (3,6), (3,9), (3,10), (5,6), (3,5), (2,6), (5,9), (5,5), (3,4), (5,4), (2,4), (2,5), (3,3), (4,10), (5,3), (2,10), (1,5), (1,6), (4,3), (5,10), (2,3), (5,2), (1,4)
------------------------
Iteración 30
-----------
Abiertos = (1,10), (1,4), (2,5), (5,1), (4,3), (1,3), (1,6), (1,2), (1,7)
Cerrados = (3,8), (4,8), (4,7), (5,8), (3,7), (5,7), (3,6), (3,9), (3,10), (5,6), (3,5), (2,6), (5,9), (5,5), (3,4), (5,4), (2,4), (2,5), (3,3), (4,10), (5,3), (2,10), (1,5), (1,6), (4,3), (5,10), (2,3), (5,2), (1,4), (1,3)
------------------------
Iteración 31
-----------
Abiertos = (2,5), (5,1), (4,3), (1,9), (1,3), (1,6), (1,2), (1,7)
Cerrados = (3,8), (4,8), (4,7), (5,8), (3,7), (5,7), (3,6), (3,9), (3,10), (5,6), (3,5), (2,6), (5,9), (5,5), (3,4), (5,4), (2,4), (2,5), (3,3), (4,10), (5,3), (2,10), (1,5), (1,6), (4,3), (5,10), (2,3), (5,2), (1,4), (1,3), (1,10)
------------------------
Iteración 32
-----------
Abiertos = (2,5), (4,3), (1,9), (1,3), (1,6), (1,2), (1,7), (4,1)
Cerrados = (3,8), (4,8), (4,7), (5,8), (3,7), (5,7), (3,6), (3,9), (3,10), (5,6), (3,5), (2,6), (5,9), (5,5), (3,4), (5,4), (2,4), (2,5), (3,3), (4,10), (5,3), (2,10), (1,5), (1,6), (4,3), (5,10), (2,3), (5,2), (1,4), (1,3), (1,10), (5,1)
------------------------
Iteración 33
-----------
Abiertos = (4,3), (1,8), (1,3), (1,6), (1,2), (1,7), (4,1)
Cerrados = (3,8), (4,8), (4,7), (5,8), (3,7), (5,7), (3,6), (3,9), (3,10), (5,6), (3,5), (2,6), (5,9), (5,5), (3,4), (5,4), (2,4), (2,5), (3,3), (4,10), (5,3), (2,10), (1,5), (1,6), (4,3), (5,10), (2,3), (5,2), (1,4), (1,3), (1,10), (5,1), (1,9)
------------------------
Iteración 34
-----------
Abiertos = (4,3), (1,3), (1,6), (1,2), (1,7), (1,7), (4,1)
Cerrados = (3,8), (4,8), (4,7), (5,8), (3,7), (5,7), (3,6), (3,9), (3,10), (5,6), (3,5), (2,6), (5,9), (5,5), (3,4), (5,4), (2,4), (2,5), (3,3), (4,10), (5,3), (2,10), (1,5), (1,6), (4,3), (5,10), (2,3), (5,2), (1,4), (1,3), (1,10), (5,1), (1,9), (1,8)
------------------------
Iteración 35
-----------
Abiertos = (4,3), (1,1), (1,7), (1,7), (4,1)
Cerrados = (3,8), (4,8), (4,7), (5,8), (3,7), (5,7), (3,6), (3,9), (3,10), (5,6), (3,5), (2,6), (5,9), (5,5), (3,4), (5,4), (2,4), (2,5), (3,3), (4,10), (5,3), (2,10), (1,5), (1,6), (4,3), (5,10), (2,3), (5,2), (1,4), (1,3), (1,10), (5,1), (1,9), (1,8), (1,2)
------------------------
Iteración 36
-----------
Abiertos = (4,3), (1,7), (1,7), (2,1), (4,1)
Cerrados = (3,8), (4,8), (4,7), (5,8), (3,7), (5,7), (3,6), (3,9), (3,10), (5,6), (3,5), (2,6), (5,9), (5,5), (3,4), (5,4), (2,4), (2,5), (3,3), (4,10), (5,3), (2,10), (1,5), (1,6), (4,3), (5,10), (2,3), (5,2), (1,4), (1,3), (1,10), (5,1), (1,9), (1,8), (1,2), (1,1)
------------------------
Iteración 37
-----------
Abiertos = (4,3), (1,7), (2,1), (4,1)
Cerrados = (3,8), (4,8), (4,7), (5,8), (3,7), (5,7), (3,6), (3,9), (3,10), (5,6), (3,5), (2,6), (5,9), (5,5), (3,4), (5,4), (2,4), (2,5), (3,3), (4,10), (5,3), (2,10), (1,5), (1,6), (4,3), (5,10), (2,3), (5,2), (1,4), (1,3), (1,10), (5,1), (1,9), (1,8), (1,2), (1,1), (1,7)
------------------------
Iteración 38
-----------
Abiertos = (1,7), (3,1), (4,1)
Cerrados = (3,8), (4,8), (4,7), (5,8), (3,7), (5,7), (3,6), (3,9), (3,10), (5,6), (3,5), (2,6), (5,9), (5,5), (3,4), (5,4), (2,4), (2,5), (3,3), (4,10), (5,3), (2,10), (1,5), (1,6), (4,3), (5,10), (2,3), (5,2), (1,4), (1,3), (1,10), (5,1), (1,9), (1,8), (1,2), (1,1), (1,7), (2,1)
------------------------
Iteración 39
-----------
Abiertos = (4,1), (4,1)
Cerrados = (3,8), (4,8), (4,7), (5,8), (3,7), (5,7), (3,6), (3,9), (3,10), (5,6), (3,5), (2,6), (5,9), (5,5), (3,4), (5,4), (2,4), (2,5), (3,3), (4,10), (5,3), (2,10), (1,5), (1,6), (4,3), (5,10), (2,3), (5,2), (1,4), (1,3), (1,10), (5,1), (1,9), (1,8), (1,2), (1,1), (1,7), (2,1), (3,1)
------------------------
Iteración 40
-----------
Abiertos = (4,1)
Cerrados = (3,8), (4,8), (4,7), (5,8), (3,7), (5,7), (3,6), (3,9), (3,10), (5,6), (3,5), (2,6), (5,9), (5,5), (3,4), (5,4), (2,4), (2,5), (3,3), (4,10), (5,3), (2,10), (1,5), (1,6), (4,3), (5,10), (2,3), (5,2), (1,4), (1,3), (1,10), (5,1), (1,9), (1,8), (1,2), (1,1), (1,7), (2,1), (3,1), (4,1)
------------------------
No se ha encontrado ningún camino al destino.
Iteración 0
-----------
Abiertos = (3,8)
Cerrados = 
------------------------
Iteración 1
-----------
Abiertos = (3,7), (4,8), (3,9)
Cerrados = (3,8)
------------------------
Iteración 2
-----------
Abiertos = (4,7), (5,8), (3,7), (3,9)
Cerrados = (3,8), (4,8)
------------------------
Iteración 3
-----------
Abiertos = (5,8), (3,7), (5,7), (3,9), (3,7)
Cerrados = (3,8), (4,8), (4,7)
------------------------
Iteración 4
-----------
Abiertos = (5,8), (3,6), (5,7), (3,9), (3,7)
Cerrados = (3,8), (4,8), (4,7), (3,7)
------------------------
Iteración 5
-----------
Abiertos = (5,8), (5,7), (3,9), (3,5), (3,7), (2,6)
Cerrados = (3,8), (4,8), (4,7), (3,7), (3,6)
------------------------
Iteración 6
-----------
Abiertos = (5,7), (5,7), (3,9), (3,5), (3,7), (2,6), (5,9)
Cerrados = (3,8), (4,8), (4,7), (3,7), (3,6), (5,8)
------------------------
Iteración 7
-----------
Abiertos = (5,7), (3,9), (3,5), (3,7), (5,6), (2,6), (5,9)
Cerrados = (3,8), (4,8), (4,7), (3,7), (3,6), (5,8), (5,7)
------------------------
Iteración 8
-----------
Abiertos = (5,7), (3,5), (3,7), (3,10), (5,6), (2,6), (5,9)
Cerrados = (3,8), (4,8), (4,7), (3,7), (3,6), (5,8), (5,7), (3,9)
------------------------
Iteración 9
-----------
Abiertos = (3,7), (3,10), (3,4), (5,6), (5,9), (2,6), (2,5)
Cerrados = (3,8), (4,8), (4,7), (3,7), (3,6), (5,8), (5,7), (3,9), (3,5)
------------------------
Iteración 10
-----------
Abiertos = (3,10), (3,3), (5,6), (5,9), (2,6), (2,4), (2,5)
Cerrados = (3,8), (4,8), (4,7), (3,7), (3,6), (5,8), (5,7), (3,9), (3,5), (3,4)
------------------------
Iteración 11
-----------
Abiertos = (3,10), (5,6), (5,9), (2,6), (4,3), (2,4), (2,5), (2,3)
Cerrados = (3,8), (4,8), (4,7), (3,7), (3,6), (5,8), (5,7), (3,9), (3,5), (3,4), (3,3)
------------------------
Iteración 12
-----------
Abiertos = (3,10), (5,9), (2,6), (4,3), (5,5), (2,4), (2,5), (2,3)
Cerrados = (3,8), (4,8), (4,7), (3,7), (3,6), (5,8), (5,7), (3,9), (3,5), (3,4), (3,3), (5,6)
------------------------
Iteración 13
-----------
Abiertos = (2,6), (5,9), (4,3), (5,5), (2,4), (2,5), (4,10), (2,10), (2,3)
Cerrados = (3,8), (4,8), (4,7), (3,7), (3,6), (5,8), (5,7), (3,9), (3,5), (3,4), (3,3), (5,6), (3,10)
------------------------
Iteración 14
-----------
Abiertos = (2,6), (4,3), (5,5), (2,4), (2,5), (4,10), (2,10), (5,10), (2,3)
Cerrados = (3,8), (4,8), (4,7), (3,7), (3,6), (5,8), (5,7), (3,9), (3,5), (3,4), (3,3), (5,6), (3,10), (5,9)
------------------------
Iteración 15
-----------
Abiertos = (2,6), (5,5), (2,4), (2,5), (4,10), (5,3), (2,10), (5,10), (2,3)
Cerrados = (3,8), (4,8), (4,7), (3,7), (3,6), (5,8), (5,7), (3,9), (3,5), (3,4), (3,3), (5,6), (3,10), (5,9), (4,3)
------------------------
Iteración 16
-----------
Abiertos = (5,5), (2,4), (2,5), (2,5), (4,10), (5,3), (2,10), (5,10), (1,6), (2,3)
Cerrados = (3,8), (4,8), (4,7), (3,7), (3,6), (5,8), (5,7), (3,9), (3,5), (3,4), (3,3), (5,6), (3,10), (5,9), (4,3), (2,6)
------------------------
Iteración 17
-----------
Abiertos = (5,5), (2,5), (2,5), (4,10), (5,3), (2,10), (5,10), (1,6), (2,3), (2,3), (2,5), (1,4)
Cerrados = (3,8), (4,8), (4,7), (3,7), (3,6), (5,8), (5,7), (3,9), (3,5), (3,4), (3,3), (5,6), (3,10), (5,9), (4,3), (2,6), (2,4)
------------------------
Iteración 18
-----------
Abiertos = (5,4), (2,5), (2,5), (4,10), (5,3), (2,10), (5,10), (1,6), (2,3), (2,3), (2,5), (1,4)
Cerrados = (3,8), (4,8), (4,7), (3,7), (3,6), (5,8), (5,7), (3,9), (3,5), (3,4), (3,3), (5,6), (3,10), (5,9), (4,3), (2,6), (2,4), (5,5)
------------------------
Iteración 19
-----------
Abiertos = (2,5), (2,5), (4,10), (5,3), (5,3), (2,10), (5,10), (1,6), (2,3), (2,3), (2,5), (1,4)
Cerrados = (3,8), (4,8), (4,7), (3,7), (3,6), (5,8), (5,7), (3,9), (3,5), (3,4), (3,3), (5,6), (3,10), (5,9), (4,3), (2,6), (2,4), (5,5), (5,4)
------------------------
Iteración 20
-----------
Abiertos = (2,5), (4,10), (5,3), (5,3), (2,10), (1,5), (5,10), (1,6), (2,3), (2,3), (2,5), (1,4)
Cerrados = (3,8), (4,8), (4,7), (3,7), (3,6), (5,8), (5,7), (3,9), (3,5), (3,4), (3,3), (5,6), (3,10), (5,9), (4,3), (2,6), (2,4), (5,5), (5,4), (2,5)
------------------------
Iteración 21
-----------
Abiertos = (5,3), (5,3), (2,10), (1,5), (5,10), (5,10), (1,6), (2,3), (2,3), (1,4), (2,5)
Cerrados = (3,8), (4,8), (4,7), (3,7), (3,6), (5,8), (5,7), (3,9), (3,5), (3,4), (3,3), (5,6), (3,10), (5,9), (4,3), (2,6), (2,4), (5,5), (5,4), (2,5), (4,10)
------------------------
Iteración 22
-----------
Abiertos = (5,3), (2,10), (1,5), (5,10), (5,10), (1,6), (5,2), (2,3), (2,3), (2,5), (1,4)
Cerrados = (3,8), (4,8), (4,7), (3,7), (3,6), (5,8), (5,7), (3,9), (3,5), (3,4), (3,3), (5,6), (3,10), (5,9), (4,3), (2,6), (2,4), (5,5), (5,4), (2,5), (4,10), (5,3)
------------------------
Iteración 23
-----------
Abiertos = (5,3), (1,5), (5,10), (5,10), (1,6), (5,2), (2,3), (2,3), (1,10), (2,5), (1,4)
Cerrados = (3,8), (4,8), (4,7), (3,7), (3,6), (5,8), (5,7), (3,9), (3,5), (3,4), (3,3), (5,6), (3,10), (5,9), (4,3), (2,6), (2,4), (5,5), (5,4), (2,5), (4,10), (5,3), (2,10)
------------------------
Iteración 24
-----------
Abiertos = (1,5), (5,10), (1,6), (5,2), (2,3), (2,3), (1,10), (1,4), (2,5)
Cerrados = (3,8), (4,8), (4,7), (3,7), (3,6), (5,8), (5,7), (3,9), (3,5), (3,4), (3,3), (5,6), (3,10), (5,9), (4,3), (2,6), (2,4), (5,5), (5,4), (2,5), (4,10), (5,3), (2,10), (5,10)
------------------------
Iteración 25
-----------
Abiertos = (1,6), (5,10), (5,2), (2,3), (2,3), (1,10), (1,4), (2,5), (1,4), (1,6)
Cerrados = (3,8), (4,8), (4,7), (3,7), (3,6), (5,8), (5,7), (3,9), (3,5), (3,4), (3,3), (5,6), (3,10), (5,9), (4,3), (2,6), (2,4), (5,5), (5,4), (2,5), (4,10), (5,3), (2,10), (5,10), (1,5)
------------------------
Iteración 26
-----------
Abiertos = (5,10), (5,2), (2,3), (2,3), (1,10), (1,4), (2,5), (1,4), (1,6), (1,7)
Cerrados = (3,8), (4,8), (4,7), (3,7), (3,6), (5,8), (5,7), (3,9), (3,5), (3,4), (3,3), (5,6), (3,10), (5,9), (4,3), (2,6), (2,4), (5,5), (5,4), (2,5), (4,10), (5,3), (2,10), (5,10), (1,5), (1,6)
------------------------
Iteración 27
-----------
Abiertos = (2,3), (2,3), (1,10), (1,4), (2,5), (1,4), (5,1), (1,6), (1,7)
Cerrados = (3,8), (4,8), (4,7), (3,7), (3,6), (5,8), (5,7), (3,9), (3,5), (3,4), (3,3), (5,6), (3,10), (5,9), (4,3), (2,6), (2,4), (5,5), (5,4), (2,5), (4,10), (5,3), (2,10), (5,10), (1,5), (1,6), (5,2)
------------------------
Iteración 28
-----------
Abiertos = (2,3), (1,10), (1,4), (2,5), (1,4), (5,1), (1,3), (1,6), (1,7)
Cerrados = (3,8), (4,8), (4,7), (3,7), (3,6), (5,8), (5,7), (3,9), (3,5), (3,4), (3,3), (5,6), (3,10), (5,9), (4,3), (2,6), (2,4), (5,5), (5,4), (2,5), (4,10), (5,3), (2,10), (5,10), (1,5), (1,6), (5,2), (2,3)
------------------------
Iteración 29
-----------
Abiertos = (2,3), (1,4), (2,5), (1,4), (5,1), (1,9), (1,3), (1,6), (1,7)
Cerrados = (3,8), (4,8), (4,7), (3,7), (3,6), (5,8), (5,7), (3,9), (3,5), (3,4), (3,3), (5,6), (3,10), (5,9), (4,3), (2,6), (2,4), (5,5), (5,4), (2,5), (4,10), (5,3), (2,10), (5,10), (1,5), (1,6), (5,2), (2,3), (1,10)
------------------------
Iteración 30
-----------
Abiertos = (1,3), (1,4), (5,1), (1,9), (1,3), (1,6), (1,7)
Cerrados = (3,8), (4,8), (4,7), (3,7), (3,6), (5,8), (5,7), (3,9), (3,5), (3,4), (3,3), (5,6), (3,10), (5,9), (4,3), (2,6), (2,4), (5,5), (5,4), (2,5), (4,10), (5,3), (2,10), (5,10), (1,5), (1,6), (5,2), (2,3), (1,10), (1,4)
------------------------
Iteración 31
-----------
Abiertos = (1,3), (1,9), (1,3), (1,6), (1,7), (4,1)
Cerrados = (3,8), (4,8), (4,7), (3,7), (3,6), (5,8), (5,7), (3,9), (3,5), (3,4), (3,3), (5,6), (3,10), (5,9), (4,3), (2,6), (2,4), (5,5), (5,4), (2,5), (4,10), (5,3), (2,10), (5,10), (1,5), (1,6), (5,2), (2,3), (1,10), (1,4), (5,1)
------------------------
Iteración 32
-----------
Abiertos = (1,3), (1,8), (1,3), (1,6), (1,7), (4,1)
Cerrados = (3,8), (4,8), (4,7), (3,7), (3,6), (5,8), (5,7), (3,9), (3,5), (3,4), (3,3), (5,6), (3,10), (5,9), (4,3), (2,6), (2,4), (5,5), (5,4), (2,5), (4,10), (5,3), (2,10), (5,10), (1,5), (1,6), (5,2), (2,3), (1,10), (1,4), (5,1), (1,9)
------------------------
Iteración 33
-----------
Abiertos = (1,8), (1,3), (1,6), (1,2), (1,7), (4,1)
Cerrados = (3,8), (4,8), (4,7), (3,7), (3,6), (5,8), (5,7), (3,9), (3,5), (3,4), (3,3), (5,6), (3,10), (5,9), (4,3), (2,6), (2,4), (5,5), (5,4), (2,5), (4,10), (5,3), (2,10), (5,10), (1,5), (1,6), (5,2), (2,3), (1,10), (1,4), (5,1), (1,9), (1,3)
------------------------
Iteración 34
-----------
Abiertos = (1,3), (1,6), (1,2), (1,7), (1,7), (4,1)
Cerrados = (3,8), (4,8), (4,7), (3,7), (3,6), (5,8), (5,7), (3,9), (3,5), (3,4), (3,3), (5,6), (3,10), (5,9), (4,3), (2,6), (2,4), (5,5), (5,4), (2,5), (4,10), (5,3), (2,10), (5,10), (1,5), (1,6), (5,2), (2,3), (1,10), (1,4), (5,1), (1,9), (1,3), (1,8)
------------------------
Iteración 35
-----------
Abiertos = (1,3), (1,1), (1,7), (1,7), (4,1)
Cerrados = (3,8), (4,8), (4,7), (3,7), (3,6), (5,8), (5,7), (3,9), (3,5), (3,4), (3,3), (5,6), (3,10), (5,9), (4,3), (2,6), (2,4), (5,5), (5,4), (2,5), (4,10), (5,3), (2,10), (5,10), (1,5), (1,6), (5,2), (2,3), (1,10), (1,4), (5,1), (1,9), (1,3), (1,8), (1,2)
------------------------
Iteración 36
-----------
Abiertos = (1,3), (1,7), (1,7), (2,1), (4,1)
Cerrados = (3,8), (4,8), (4,7), (3,7), (3,6), (5,8), (5,7), (3,9), (3,5), (3,4), (3,3), (5,6), (3,10), (5,9), (4,3), (2,6), (2,4), (5,5), (5,4), (2,5), (4,10), (5,3), (2,10), (5,10), (1,5), (1,6), (5,2), (2,3), (1,10), (1,4), (5,1), (1,9), (1,3), (1,8), (1,2), (1,1)
------------------------
Iteración 37
-----------
Abiertos = (1,7), (2,1), (4,1)
Cerrados = (3,8), (4,8), (4,7), (3,7), (3,6), (5,8), (5,7), (3,9), (3,5), (3,4), (3,3), (5,6), (3,10), (5,9), (4,3), (2,6), (2,4), (5,5), (5,4), (2,5), (4,10), (5,3), (2,10), (5,10), (1,5), (1,6), (5,2), (2,3), (1,10), (1,4), (5,1), (1,9), (1,3), (1,8), (1,2), (1,1), (1,7)
------------------------
Iteración 38
-----------
Abiertos = (2,1), (3,1)
Cerrados = (3,8), (4,8), (4,7), (3,7), (3,6), (5,8), (5,7), (3,9), (3,5), (3,4), (3,3), (5,6), (3,10), (5,9), (4,3), (2,6), (2,4), (5,5), (5,4), (2,5), (4,10), (5,3), (2,10), (5,10), (1,5), (1,6), (5,2), (2,3), (1,10), (1,4), (5,1), (1,9), (1,3), (1,8), (1,2), (1,1), (1,7), (4,1)
------------------------
Iteración 39
-----------
Abiertos = (3,1), (3,1)
Cerrados = (3,8), (4,8), (4,7), (3,7), (3,6), (5,8), (5,7), (3,9), (3,5), (3,4), (3,3), (5,6), (3,10), (5,9), (4,3), (2,6), (2,4), (5,5), (5,4), (2,5), (4,10), (5,3), (2,10), (5,10), (1,5), (1,6), (5,2), (2,3), (1,10), (1,4), (5,1), (1,9), (1,3), (1,8), (1,2), (1,1), (1,7), (4,1), (2,1)
------------------------
Iteración 40
-----------
Abiertos = (3,1)
Cerrados = (3,8), (4,8), (4,7), (3,7), (3,6), (5,8), (5,7), (3,9), (3,5), (3,4), (3,3), (5,6), (3,10), (5,9), (4,3), (2,6), (2,4), (5,5), (5,4), (2,5), (4,10), (5,3), (2,10), (5,10), (1,5), (1,6), (5,2), (2,3), (1,10), (1,4), (5,1), (1,9), (1,3), (1,8), (1,2), (1,1), (1,7), (4,1), (2,1), (3,1)
------------------------
No se ha encontrado ningún camino al destino.
Iteración 0
-----------
Abiertos = (3,8)
Cerrados = 
------------------------
Iteración 1
-----------
Abiertos = (3,7), (4,8), (3,9)
Cerrados = (3,8)
------------------------
Iteración 2
-----------
Abiertos = (3,6), (4,7), (4,8), (3,9)
Cerrados = (3,8), (3,7)
------------------------
Iteración 3
-----------
Abiertos = (3,6), (4,8), (5,7), (3,9), (4,8)
Cerrados = (3,8), (3,7), (4,7)
------------------------
Iteración 4
-----------
Abiertos = (4,8), (5,7), (3,9), (3,5), (4,8), (2,6)
Cerrados = (3,8), (3,7), (4,7), (3,6)
------------------------
Iteración 5
-----------
Abiertos = (5,8), (5,7), (3,9), (3,5), (4,8), (2,6)
Cerrados = (3,8), (3,7), (4,7), (3,6), (4,8)
------------------------
Iteración 6
-----------
Abiertos = (5,7), (5,7), (3,9), (3,5), (4,8), (5,9), (2,6)
Cerrados = (3,8), (3,7), (4,7), (3,6), (4,8), (5,8)
------------------------
Iteración 7
-----------
Abiertos = (5,7), (3,9), (3,5), (4,8), (5,6), (2,6), (5,9)
Cerrados = (3,8), (3,7), (4,7), (3,6), (4,8), (5,8), (5,7)
------------------------
Iteración 8
-----------
Abiertos = (5,7), (3,5), (4,8), (3,10), (5,6), (2,6), (5,9)
Cerrados = (3,8), (3,7), (4,7), (3,6), (4,8), (5,8), (5,7), (3,9)
------------------------
Iteración 9
-----------
Abiertos = (4,8), (3,10), (3,4), (5,6), (5,9), (2,6), (2,5)
Cerrados = (3,8), (3,7), (4,7), (3,6), (4,8), (5,8), (5,7), (3,9), (3,5)
------------------------
Iteración 10
-----------
Abiertos = (4,8), (3,4), (5,6), (5,9), (2,6), (2,5), (4,10), (2,10)
Cerrados = (3,8), (3,7), (4,7), (3,6), (4,8), (5,8), (5,7), (3,9), (3,5), (3,10)
------------------------
Iteración 11
-----------
Abiertos = (4,8), (3,3), (5,6), (5,9), (2,6), (2,4), (2,5), (4,10), (2,10)
Cerrados = (3,8), (3,7), (4,7), (3,6), (4,8), (5,8), (5,7), (3,9), (3,5), (3,10), (3,4)
------------------------
Iteración 12
-----------
Abiertos = (4,8), (5,6), (5,9), (2,6), (4,3), (2,4), (2,5), (4,10), (2,10), (2,3)
Cerrados = (3,8), (3,7), (4,7), (3,6), (4,8), (5,8), (5,7), (3,9), (3,5), (3,10), (3,4), (3,3)
------------------------
Iteración 13
-----------
Abiertos = (4,8), (5,9), (2,6), (4,3), (5,5), (2,4), (2,5), (4,10), (2,10), (2,3)
Cerrados = (3,8), (3,7), (4,7), (3,6), (4,8), (5,8), (5,7), (3,9), (3,5), (3,10), (3,4), (3,3), (5,6)
------------------------
Iteración 14
-----------
Abiertos = (5,9), (4,3), (5,5), (2,4), (2,5), (2,5), (4,10), (2,10), (1,6), (2,3)
Cerrados = (3,8), (3,7), (4,7), (3,6), (4,8), (5,8), (5,7), (3,9), (3,5), (3,10), (3,4), (3,3), (5,6), (2,6)
------------------------
Iteración 15
-----------
Abiertos = (4,3), (5,5), (2,4), (2,5), (2,5), (4,10), (2,10), (5,10), (1,6), (2,3)
Cerrados = (3,8), (3,7), (4,7), (3,6), (4,8), (5,8), (5,7), (3,9), (3,5), (3,10), (3,4), (3,3), (5,6), (2,6), (5,9)
------------------------
Iteración 16
-----------
Abiertos = (5,5), (2,4), (2,5), (2,5), (4,10), (5,3), (2,10), (5,10), (1,6), (2,3)
Cerrados = (3,8), (3,7), (4,7), (3,6), (4,8), (5,8), (5,7), (3,9), (3,5), (3,10), (3,4), (3,3), (5,6), (2,6), (5,9), (4,3)
------------------------
Iteración 17
-----------
Abiertos = (5,4), (2,4), (2,5), (2,5), (4,10), (5,3), (2,10), (1,6), (5,10), (2,3)
Cerrados = (3,8), (3,7), (4,7), (3,6), (4,8), (5,8), (5,7), (3,9), (3,5), (3,10), (3,4), (3,3), (5,6), (2,6), (5,9), (4,3), (5,5)
------------------------
Iteración 18
-----------
Abiertos = (5,4), (2,5), (2,5), (4,10), (5,3), (2,10), (5,10), (1,6), (2,3), (2,3), (1,4), (2,5)
Cerrados = (3,8), (3,7), (4,7), (3,6), (4,8), (5,8), (5,7), (3,9), (3,5), (3,10), (3,4), (3,3), (5,6), (2,6), (5,9), (4,3), (5,5), (2,4)
------------------------
Iteración 19
-----------
Abiertos = (5,4), (2,5), (4,10), (5,3), (2,10), (1,5), (5,10), (1,6), (2,3), (2,3), (1,4), (2,5)
Cerrados = (3,8), (3,7), (4,7), (3,6), (4,8), (5,8), (5,7), (3,9), (3,5), (3,10), (3,4), (3,3), (5,6), (2,6), (5,9), (4,3), (5,5), (2,4), (2,5)
------------------------
Iteración 20
-----------
Abiertos = (2,5), (4,10), (5,3), (5,3), (2,10), (1,5), (5,10), (1,6), (2,3), (2,3), (1,4), (2,5)
Cerrados = (3,8), (3,7), (4,7), (3,6), (4,8), (5,8), (5,7), (3,9), (3,5), (3,10), (3,4), (3,3), (5,6), (2,6), (5,9), (4,3), (5,5), (2,4), (2,5), (5,4)
------------------------
Iteración 21
-----------
Abiertos = (4,10), (5,3), (2,10), (1,5), (5,10), (1,6), (5,2), (2,3), (2,3), (1,4), (2,5)
Cerrados = (3,8), (3,7), (4,7), (3,6), (4,8), (5,8), (5,7), (3,9), (3,5), (3,10), (3,4), (3,3), (5,6), (2,6), (5,9), (4,3), (5,5), (2,4), (2,5), (5,4), (5,3)
------------------------
Iteración 22
-----------
Abiertos = (5,3), (2,10), (1,5), (5,10), (5,10), (1,6), (5,2), (2,3), (2,3), (1,4), (2,5)
Cerrados = (3,8), (3,7), (4,7), (3,6), (4,8), (5,8), (5,7), (3,9), (3,5), (3,10), (3,4), (3,3), (5,6), (2,6), (5,9), (4,3), (5,5), (2,4), (2,5), (5,4), (5,3), (4,10)
------------------------
Iteración 23
-----------
Abiertos = (2,10), (5,10), (5,10), (1,6), (5,2), (2,3), (2,3), (2,5), (1,4), (1,4), (1,6)
Cerrados = (3,8), (3,7), (4,7), (3,6), (4,8), (5,8), (5,7), (3,9), (3,5), (3,10), (3,4), (3,3), (5,6), (2,6), (5,9), (4,3), (5,5), (2,4), (2,5), (5,4), (5,3), (4,10), (1,5)
------------------------
Iteración 24
-----------
Abiertos = (5,10), (1,6), (5,10), (5,2), (2,3), (2,3), (1,10), (1,4), (1,4), (2,5), (1,6)
Cerrados = (3,8), (3,7), (4,7), (3,6), (4,8), (5,8), (5,7), (3,9), (3,5), (3,10), (3,4), (3,3), (5,6), (2,6), (5,9), (4,3), (5,5), (2,4), (2,5), (5,4), (5,3), (4,10), (1,5), (2,10)
------------------------
Iteración 25
-----------
Abiertos = (5,10), (5,10), (5,2), (2,3), (2,3), (1,10), (2,5), (1,4), (1,4), (1,6), (1,7)
Cerrados = (3,8), (3,7), (4,7), (3,6), (4,8), (5,8), (5,7), (3,9), (3,5), (3,10), (3,4), (3,3), (5,6), (2,6), (5,9), (4,3), (5,5), (2,4), (2,5), (5,4), (5,3), (4,10), (1,5), (2,10), (1,6)
------------------------
Iteración 26
-----------
Abiertos = (5,10), (5,2), (2,3), (2,3), (1,10), (2,5), (1,4), (1,4), (1,6), (1,7)
Cerrados = (3,8), (3,7), (4,7), (3,6), (4,8), (5,8), (5,7), (3,9), (3,5), (3,10), (3,4), (3,3), (5,6), (2,6), (5,9), (4,3), (5,5), (2,4), (2,5), (5,4), (5,3), (4,10), (1,5), (2,10), (1,6), (5,10)
------------------------
Iteración 27
-----------
Abiertos = (2,3), (2,3), (1,10), (2,5), (1,4), (1,4), (5,1), (1,6), (1,7)
Cerrados = (3,8), (3,7), (4,7), (3,6), (4,8), (5,8), (5,7), (3,9), (3,5), (3,10), (3,4), (3,3), (5,6), (2,6), (5,9), (4,3), (5,5), (2,4), (2,5), (5,4), (5,3), (4,10), (1,5), (2,10), (1,6), (5,10), (5,2)
------------------------
Iteración 28
-----------
Abiertos = (2,3), (1,10), (2,5), (1,4), (1,4), (5,1), (1,3), (1,6), (1,7)
Cerrados = (3,8), (3,7), (4,7), (3,6), (4,8), (5,8), (5,7), (3,9), (3,5), (3,10), (3,4), (3,3), (5,6), (2,6), (5,9), (4,3), (5,5), (2,4), (2,5), (5,4), (5,3), (4,10), (1,5), (2,10), (1,6), (5,10), (5,2), (2,3)
------------------------
Iteración 29
-----------
Abiertos = (2,3), (1,4), (2,5), (1,4), (5,1), (1,9), (1,3), (1,6), (1,7)
Cerrados = (3,8), (3,7), (4,7), (3,6), (4,8), (5,8), (5,7), (3,9), (3,5), (3,10), (3,4), (3,3), (5,6), (2,6), (5,9), (4,3), (5,5), (2,4), (2,5), (5,4), (5,3), (4,10), (1,5), (2,10), (1,6), (5,10), (5,2), (2,3), (1,10)
------------------------
Iteración 30
-----------
Abiertos = (2,3), (1,3), (2,5), (1,4), (5,1), (1,9), (1,3), (1,6), (1,7)
Cerrados = (3,8), (3,7), (4,7), (3,6), (4,8), (5,8), (5,7), (3,9), (3,5), (3,10), (3,4), (3,3), (5,6), (2,6), (5,9), (4,3), (5,5), (2,4), (2,5), (5,4), (5,3), (4,10), (1,5), (2,10), (1,6), (5,10), (5,2), (2,3), (1,10), (1,4)
------------------------
Iteración 31
-----------
Abiertos = (1,4), (2,5), (5,1), (1,9), (1,3), (1,6), (1,2), (1,7)
Cerrados = (3,8), (3,7), (4,7), (3,6), (4,8), (5,8), (5,7), (3,9), (3,5), (3,10), (3,4), (3,3), (5,6), (2,6), (5,9), (4,3), (5,5), (2,4), (2,5), (5,4), (5,3), (4,10), (1,5), (2,10), (1,6), (5,10), (5,2), (2,3), (1,10), (1,4), (1,3)
------------------------
Iteración 32
-----------
Abiertos = (1,9), (1,3), (1,6), (1,2), (1,7), (4,1)
Cerrados = (3,8), (3,7), (4,7), (3,6), (4,8), (5,8), (5,7), (3,9), (3,5), (3,10), (3,4), (3,3), (5,6), (2,6), (5,9), (4,3), (5,5), (2,4), (2,5), (5,4), (5,3), (4,10), (1,5), (2,10), (1,6), (5,10), (5,2), (2,3), (1,10), (1,4), (1,3), (5,1)
------------------------
Iteración 33
-----------
Abiertos = (1,8), (1,3), (1,6), (1,2), (1,7), (4,1)
Cerrados = (3,8), (3,7), (4,7), (3,6), (4,8), (5,8), (5,7), (3,9), (3,5), (3,10), (3,4), (3,3), (5,6), (2,6), (5,9), (4,3), (5,5), (2,4), (2,5), (5,4), (5,3), (4,10), (1,5), (2,10), (1,6), (5,10), (5,2), (2,3), (1,10), (1,4), (1,3), (5,1), (1,9)
------------------------
Iteración 34
-----------
Abiertos = (1,6), (1,2), (1,7), (1,7), (4,1)
Cerrados = (3,8), (3,7), (4,7), (3,6), (4,8), (5,8), (5,7), (3,9), (3,5), (3,10), (3,4), (3,3), (5,6), (2,6), (5,9), (4,3), (5,5), (2,4), (2,5), (5,4), (5,3), (4,10), (1,5), (2,10), (1,6), (5,10), (5,2), (2,3), (1,10), (1,4), (1,3), (5,1), (1,9), (1,8)
------------------------
Iteración 35
-----------
Abiertos = (1,6), (1,1), (1,7), (1,7), (4,1)
Cerrados = (3,8), (3,7), (4,7), (3,6), (4,8), (5,8), (5,7), (3,9), (3,5), (3,10), (3,4), (3,3), (5,6), (2,6), (5,9), (4,3), (5,5), (2,4), (2,5), (5,4), (5,3), (4,10), (1,5), (2,10), (1,6), (5,10), (5,2), (2,3), (1,10), (1,4), (1,3), (5,1), (1,9), (1,8), (1,2)
------------------------
Iteración 36
-----------
Abiertos = (1,1), (1,7), (4,1)
Cerrados = (3,8), (3,7), (4,7), (3,6), (4,8), (5,8), (5,7), (3,9), (3,5), (3,10), (3,4), (3,3), (5,6), (2,6), (5,9), (4,3), (5,5), (2,4), (2,5), (5,4), (5,3), (4,10), (1,5), (2,10), (1,6), (5,10), (5,2), (2,3), (1,10), (1,4), (1,3), (5,1), (1,9), (1,8), (1,2), (1,7)
------------------------
Iteración 37
-----------
Abiertos = (1,7), (2,1), (4,1)
Cerrados = (3,8), (3,7), (4,7), (3,6), (4,8), (5,8), (5,7), (3,9), (3,5), (3,10), (3,4), (3,3), (5,6), (2,6), (5,9), (4,3), (5,5), (2,4), (2,5), (5,4), (5,3), (4,10), (1,5), (2,10), (1,6), (5,10), (5,2), (2,3), (1,10), (1,4), (1,3), (5,1), (1,9), (1,8), (1,2), (1,7), (1,1)
------------------------
Iteración 38
-----------
Abiertos = (1,7), (3,1), (4,1)
Cerrados = (3,8), (3,7), (4,7), (3,6), (4,8), (5,8), (5,7), (3,9), (3,5), (3,10), (3,4), (3,3), (5,6), (2,6), (5,9), (4,3), (5,5), (2,4), (2,5), (5,4), (5,3), (4,10), (1,5), (2,10), (1,6), (5,10), (5,2), (2,3), (1,10), (1,4), (1,3), (5,1), (1,9), (1,8), (1,2), (1,7), (1,1), (2,1)
------------------------
Iteración 39
-----------
Abiertos = (1,7), (4,1), (4,1)
Cerrados = (3,8), (3,7), (4,7), (3,6), (4,8), (5,8), (5,7), (3,9), (3,5), (3,10), (3,4), (3,3), (5,6), (2,6), (5,9), (4,3), (5,5), (2,4), (2,5), (5,4), (5,3), (4,10), (1,5), (2,10), (1,6), (5,10), (5,2), (2,3), (1,10), (1,4), (1,3), (5,1), (1,9), (1,8), (1,2), (1,7), (1,1), (2,1), (3,1)
------------------------
Iteración 40
-----------
Abiertos = (1,7), (4,1)
Cerrados = (3,8), (3,7), (4,7), (3,6), (4,8), (5,8), (5,7), (3,9), (3,5), (3,10), (3,4), (3,3), (5,6), (2,6), (5,9), (4,3), (5,5), (2,4), (2,5), (5,4), (5,3), (4,10), (1,5), (2,10), (1,6), (5,10), (5,2), (2,3), (1,10), (1,4), (1,3), (5,1), (1,9), (1,8), (1,2), (1,7), (1,1), (2,1), (3,1), (4,1)
------------------------
No se ha encontrado ningún camino al destino.
Iteración 0
-----------
Abiertos = (3,8)
Cerrados = 
------------------------
Iteración 1
-----------
Abiertos = (3,7), (4,8), (3,9)
Cerrados = (3,8)
------------------------
Iteración 2
-----------
Abiertos = (4,7), (5,8), (3,7), (3,9)
Cerrados = (3,8), (4,8)
------------------------
Iteración 3
-----------
Abiertos = (5,8), (3,7), (5,7), (3,9), (3,7)
Cerrados = (3,8), (4,8), (4,7)
------------------------
Iteración 4
-----------
Abiertos = (3,7), (5,7), (5,7), (3,9), (3,7), (5,9)
Cerrados = (3,8), (4,8), (4,7), (5,8)
------------------------
Iteración 5
-----------
Abiertos = (3,6), (5,7), (5,7), (3,9), (3,7), (5,9)
Cerrados = (3,8), (4,8), (4,7), (5,8), (3,7)
------------------------
Iteración 6
-----------
Abiertos = (3,6), (5,7), (3,9), (3,7), (5,6), (5,9)
Cerrados = (3,8), (4,8), (4,7), (5,8), (3,7), (5,7)
------------------------
Iteración 7
-----------
Abiertos = (3,9), (3,5), (3,7), (5,6), (2,6), (5,9)
Cerrados = (3,8), (4,8), (4,7), (5,8), (3,7), (5,7), (3,6)
------------------------
Iteración 8
-----------
Abiertos = (3,5), (3,7), (3,10), (5,6), (2,6), (5,9)
Cerrados = (3,8), (4,8), (4,7), (5,8), (3,7), (5,7), (3,6), (3,9)
------------------------
Iteración 9
-----------
Abiertos = (3,5), (5,6), (5,9), (2,6), (4,10), (2,10)
Cerrados = (3,8), (4,8), (4,7), (5,8), (3,7), (5,7), (3,6), (3,9), (3,10)
------------------------
Iteración 10
-----------
Abiertos = (3,5), (5,9), (2,6), (5,5), (4,10), (2,10)
Cerrados = (3,8), (4,8), (4,7), (5,8), (3,7), (5,7), (3,6), (3,9), (3,10), (5,6)
------------------------
Iteración 11
-----------
Abiertos = (3,4), (2,6), (5,9), (5,5), (2,5), (4,10), (2,10)
Cerrados = (3,8), (4,8), (4,7), (5,8), (3,7), (5,7), (3,6), (3,9), (3,10), (5,6), (3,5)
------------------------
Iteración 12
-----------
Abiertos = (3,4), (5,9), (5,5), (2,5), (2,5), (4,10), (2,10), (1,6)
Cerrados = (3,8), (4,8), (4,7), (5,8), (3,7), (5,7), (3,6), (3,9), (3,10), (5,6), (3,5), (2,6)
------------------------
Iteración 13
-----------
Abiertos = (3,4), (5,5), (2,5), (2,5), (4,10), (2,10), (5,10), (1,6)
Cerrados = (3,8), (4,8), (4,7), (5,8), (3,7), (5,7), (3,6), (3,9), (3,10), (5,6), (3,5), (2,6), (5,9)
------------------------
Iteración 14
-----------
Abiertos = (3,4), (5,4), (2,5), (2,5), (4,10), (2,10), (1,6), (5,10)
Cerrados = (3,8), (4,8), (4,7), (5,8), (3,7), (5,7), (3,6), (3,9), (3,10), (5,6), (3,5), (2,6), (5,9), (5,5)
------------------------
Iteración 15
-----------
Abiertos = (3,3), (5,4), (2,4), (2,5), (2,5), (4,10), (2,10), (5,10), (1,6)
Cerrados = (3,8), (4,8), (4,7), (5,8), (3,7), (5,7), (3,6), (3,9), (3,10), (5,6), (3,5), (2,6), (5,9), (5,5), (3,4)
------------------------
Iteración 16
-----------
Abiertos = (3,3), (2,4), (2,5), (2,5), (4,10), (5,3), (2,10), (1,6), (5,10)
Cerrados = (3,8), (4,8), (4,7), (5,8), (3,7), (5,7), (3,6), (3,9), (3,10), (5,6), (3,5), (2,6), (5,9), (5,5), (3,4), (5,4)
------------------------
Iteración 17
-----------
Abiertos = (3,3), (2,5), (2,5), (4,10), (5,3), (2,10), (1,6), (5,10), (2,3), (1,4), (2,5)
Cerrados = (3,8), (4,8), (4,7), (5,8), (3,7), (5,7), (3,6), (3,9), (3,10), (5,6), (3,5), (2,6), (5,9), (5,5), (3,4), (5,4), (2,4)
------------------------
Iteración 18
-----------
Abiertos = (3,3), (2,5), (4,10), (5,3), (2,10), (1,5), (5,10), (1,6), (2,3), (1,4), (2,5)
Cerrados = (3,8), (4,8), (4,7), (5,8), (3,7), (5,7), (3,6), (3,9), (3,10), (5,6), (3,5), (2,6), (5,9), (5,5), (3,4), (5,4), (2,4), (2,5)
------------------------
Iteración 19
-----------
Abiertos = (4,3), (2,5), (4,10), (5,3), (2,10), (1,5), (5,10), (1,6), (2,3), (2,3), (1,4), (2,5)
Cerrados = (3,8), (4,8), (4,7), (5,8), (3,7), (5,7), (3,6), (3,9), (3,10), (5,6), (3,5), (2,6), (5,9), (5,5), (3,4), (5,4), (2,4), (2,5), (3,3)
------------------------
Iteración 20
-----------
Abiertos = (4,3), (5,3), (2,10), (1,5), (5,10), (1,6), (5,10), (2,3), (2,3), (1,4), (2,5)
Cerrados = (3,8), (4,8), (4,7), (5,8), (3,7), (5,7), (3,6), (3,9), (3,10), (5,6), (3,5), (2,6), (5,9), (5,5), (3,4), (5,4), (2,4), (2,5), (3,3), (4,10)
------------------------
Iteración 21
-----------
Abiertos = (4,3), (2,10), (1,5), (5,10), (1,6), (5,10), (5,2), (2,3), (2,3), (2,5), (1,4), (4,3)
Cerrados = (3,8), (4,8), (4,7), (5,8), (3,7), (5,7), (3,6), (3,9), (3,10), (5,6), (3,5), (2,6), (5,9), (5,5), (3,4), (5,4), (2,4), (2,5), (3,3), (4,10), (5,3)
------------------------
Iteración 22
-----------
Abiertos = (4,3), (1,5), (5,10), (1,6), (5,10), (5,2), (2,3), (2,3), (1,10), (2,5), (1,4), (4,3)
Cerrados = (3,8), (4,8), (4,7), (5,8), (3,7), (5,7), (3,6), (3,9), (3,10), (5,6), (3,5), (2,6), (5,9), (5,5), (3,4), (5,4), (2,4), (2,5), (3,3), (4,10), (5,3), (2,10)
------------------------
Iteración 23
-----------
Abiertos = (4,3), (1,6), (5,10), (5,10), (5,2), (2,3), (2,3), (1,10), (1,4), (1,4), (2,5), (4,3), (1,6)
Cerrados = (3,8), (4,8), (4,7), (5,8), (3,7), (5,7), (3,6), (3,9), (3,10), (5,6), (3,5), (2,6), (5,9), (5,5), (3,4), (5,4), (2,4), (2,5), (3,3), (4,10), (5,3), (2,10), (1,5)
------------------------
Iteración 24
-----------
Abiertos = (4,3), (5,10), (5,10), (5,2), (2,3), (2,3), (1,10), (1,4), (1,4), (2,5), (4,3), (1,6), (1,7)
Cerrados = (3,8), (4,8), (4,7), (5,8), (3,7), (5,7), (3,6), (3,9), (3,10), (5,6), (3,5), (2,6), (5,9), (5,5), (3,4), (5,4), (2,4), (2,5), (3,3), (4,10), (5,3), (2,10), (1,5), (1,6)
------------------------
Iteración 25
-----------
Abiertos = (5,10), (5,10), (5,2), (2,3), (2,3), (1,10), (1,4), (1,4), (2,5), (4,3), (1,6), (1,7)
Cerrados = (3,8), (4,8), (4,7), (5,8), (3,7), (5,7), (3,6), (3,9), (3,10), (5,6), (3,5), (2,6), (5,9), (5,5), (3,4), (5,4), (2,4), (2,5), (3,3), (4,10), (5,3), (2,10), (1,5), (1,6), (4,3)
------------------------
Iteración 26
-----------
Abiertos = (5,10), (5,2), (2,3), (2,3), (1,10), (1,4), (1,4), (2,5), (4,3), (1,6), (1,7)
Cerrados = (3,8), (4,8), (4,7), (5,8), (3,7), (5,7), (3,6), (3,9), (3,10), (5,6), (3,5), (2,6), (5,9), (5,5), (3,4), (5,4), (2,4), (2,5), (3,3), (4,10), (5,3), (2,10), (1,5), (1,6), (4,3), (5,10)
------------------------
Iteración 27
-----------
Abiertos = (5,2), (2,3), (1,10), (1,4), (2,5), (1,4), (4,3), (1,3), (1,6), (1,7)
Cerrados = (3,8), (4,8), (4,7), (5,8), (3,7), (5,7), (3,6), (3,9), (3,10), (5,6), (3,5), (2,6), (5,9), (5,5), (3,4), (5,4), (2,4), (2,5), (3,3), (4,10), (5,3), (2,10), (1,5), (1,6), (4,3), (5,10), (2,3)
------------------------
Iteración 28
-----------
Abiertos = (1,10), (1,4), (1,4), (2,5), (5,1), (4,3), (1,3), (1,6), (1,7)
Cerrados = (3,8), (4,8), (4,7), (5,8), (3,7), (5,7), (3,6), (3,9), (3,10), (5,6), (3,5), (2,6), (5,9), (5,5), (3,4), (5,4), (2,4), (2,5), (3,3), (4,10), (5,3), (2,10), (1,5), (1,6), (4,3), (5,10), (2,3), (5,2)
------------------------
Iteración 29
-----------
Abiertos = (1,10), (1,3), (1,4), (2,5), (5,1), (4,3), (1,3), (1,6), (1,7)
Cerrados = (3,8), (4,8), (4,7), (5,8), (3,7), (5,7), (3,6), (3,9), (3,10), (5,6), (3,5), (2,6), (5,9), (5,5), (3,4), (5,4), (2,4), (2,5), (3,3), (4,10), (5,3), (2,10), (1,5), (1,6), (4,3), (5,10), (2,3), (5,2), (1,4)
------------------------
Iteración 30
-----------
Abiertos = (1,10), (1,4), (2,5), (5,1), (4,3), (1,3), (1,6), (1,2), (1,7)
Cerrados = (3,8), (4,8), (4,7), (5,8), (3,7), (5,7), (3,6), (3,9), (3,10), (5,6), (3,5), (2,6), (5,9), (5,5), (3,4), (5,4), (2,4), (2,5), (3,3), (4,10), (5,3), (2,10), (1,5), (1,6), (4,3), (5,10), (2,3), (5,2), (1,4), (1,3)
------------------------
Iteración 31
-----------
Abiertos = (2,5), (5,1), (4,3), (1,9), (1,3), (1,6), (1,2), (1,7)
Cerrados = (3,8), (4,8), (4,7), (5,8), (3,7), (5,7), (3,6), (3,9), (3,10), (5,6), (3,5), (2,6), (5,9), (5,5), (3,4), (5,4), (2,4), (2,5), (3,3), (4,10), (5,3), (2,10), (1,5), (1,6), (4,3), (5,10), (2,3), (5,2), (1,4), (1,3), (1,10)
------------------------
Iteración 32
-----------
Abiertos = (2,5), (4,3), (1,9), (1,3), (1,6), (1,2), (1,7), (4,1)
Cerrados = (3,8), (4,8), (4,7), (5,8), (3,7), (5,7), (3,6), (3,9), (3,10), (5,6), (3,5), (2,6), (5,9), (5,5), (3,4), (5,4), (2,4), (2,5), (3,3), (4,10), (5,3), (2,10), (1,5), (1,6), (4,3), (5,10), (2,3), (5,2), (1,4), (1,3), (1,10), (5,1)
------------------------
Iteración 33
-----------
Abiertos = (4,3), (1,8), (1,3), (1,6), (1,2), (1,7), (4,1)
Cerrados = (3,8), (4,8), (4,7), (5,8), (3,7), (5,7), (3,6), (3,9), (3,10), (5,6), (3,5), (2,6), (5,9), (5,5), (3,4), (5,4), (2,4), (2,5), (3,3), (4,10), (5,3), (2,10), (1,5), (1,6), (4,3), (5,10), (2,3), (5,2), (1,4), (1,3), (1,10), (5,1), (1,9)
------------------------
Iteración 34
-----------
Abiertos = (4,3), (1,3), (1,6), (1,2), (1,7), (1,7), (4,1)
Cerrados = (3,8), (4,8), (4,7), (5,8), (3,7), (5,7), (3,6), (3,9), (3,10), (5,6), (3,5), (2,6), (5,9), (5,5), (3,4), (5,4), (2,4), (2,5), (3,3), (4,10), (5,3), (2,10), (1,5), (1,6), (4,3), (5,10), (2,3), (5,2), (1,4), (1,3), (1,10), (5,1), (1,9), (1,8)
------------------------
Iteración 35
-----------
Abiertos = (4,3), (1,1), (1,7), (1,7), (4,1)
Cerrados = (3,8), (4,8), (4,7), (5,8), (3,7), (5,7), (3,6), (3,9), (3,10), (5,6), (3,5), (2,6), (5,9), (5,5), (3,4), (5,4), (2,4), (2,5), (3,3), (4,10), (5,3), (2,10), (1,5), (1,6), (4,3), (5,10), (2,3), (5,2), (1,4), (1,3), (1,10), (5,1), (1,9), (1,8), (1,2)
------------------------
Iteración 36
-----------
Abiertos = (4,3), (1,7), (1,7), (2,1), (4,1)
Cerrados = (3,8), (4,8), (4,7), (5,8), (3,7), (5,7), (3,6), (3,9), (3,10), (5,6), (3,5), (2,6), (5,9), (5,5), (3,4), (5,4), (2,4), (2,5), (3,3), (4,10), (5,3), (2,10), (1,5), (1,6), (4,3), (5,10), (2,3), (5,2), (1,4), (1,3), (1,10), (5,1), (1,9), (1,8), (1,2), (1,1)
------------------------
Iteración 37
-----------
Abiertos = (4,3), (1,7), (2,1), (4,1)
Cerrados = (3,8), (4,8), (4,7), (5,8), (3,7), (5,7), (3,6), (3,9), (3,10), (5,6), (3,5), (2,6), (5,9), (5,5), (3,4), (5,4), (2,4), (2,5), (3,3), (4,10), (5,3), (2,10), (1,5), (1,6), (4,3), (5,10), (2,3), (5,2), (1,4), (1,3), (1,10), (5,1), (1,9), (1,8), (1,2), (1,1), (1,7)
------------------------
Iteración 38
-----------
Abiertos = (1,7), (3,1), (4,1)
Cerrados = (3,8), (4,8), (4,7), (5,8), (3,7), (5,7), (3,6), (3,9), (3,10), (5,6), (3,5), (2,6), (5,9), (5,5), (3,4), (5,4), (2,4), (2,5), (3,3), (4,10), (5,3), (2,10), (1,5), (1,6), (4,3), (5,10), (2,3), (5,2), (1,4), (1,3), (1,10), (5,1), (1,9), (1,8), (1,2), (1,1), (1,7), (2,1)
------------------------
Iteración 39
-----------
Abiertos = (4,1), (4,1)
Cerrados = (3,8), (4,8), (4,7), (5,8), (3,7), (5,7), (3,6), (3,9), (3,10), (5,6), (3,5), (2,6), (5,9), (5,5), (3,4), (5,4), (2,4), (2,5), (3,3), (4,10), (5,3), (2,10), (1,5), (1,6), (4,3), (5,10), (2,3), (5,2), (1,4), (1,3), (1,10), (5,1), (1,9), (1,8), (1,2), (1,1), (1,7), (2,1), (3,1)
------------------------
Iteración 40
-----------
Abiertos = (4,1)
Cerrados = (3,8), (4,8), (4,7), (5,8), (3,7), (5,7), (3,6), (3,9), (3,10), (5,6), (3,5), (2,6), (5,9), (5,5), (3,4), (5,4), (2,4), (2,5), (3,3), (4,10), (5,3), (2,10), (1,5), (1,6), (4,3), (5,10), (2,3), (5,2), (1,4), (1,3), (1,10), (5,1), (1,9), (1,8), (1,2), (1,1), (1,7), (2,1), (3,1), (4,1)
------------------------
No se ha encontrado ningún camino al destino.
Iteración 0
-----------
Abiertos = (3,8)
Cerrados = 
------------------------
Iteración 1
-----------
Abiertos = (3,7), (4,8), (3,9)
Cerrados = (3,8)
------------------------
Iteración 2
-----------
Abiertos = (3,6), (4,7), (4,8), (3,9)
Cerrados = (3,8), (3,7)
------------------------
Iteración 3
-----------
Abiertos = (3,6), (4,8), (5,7), (3,9), (4,8)
Cerrados = (3,8), (3,7), (4,7)
------------------------
Iteración 4
-----------
Abiertos = (4,8), (5,7), (3,9), (3,5), (4,8), (2,6)
Cerrados = (3,8), (3,7), (4,7), (3,6)
------------------------
Iteración 5
-----------
Abiertos = (4,8), (3,9), (3,5), (5,8), (4,8), (5,6), (2,6)
Cerrados = (3,8), (3,7), (4,7), (3,6), (5,7)
------------------------
Iteración 6
-----------
Abiertos = (5,8), (3,9), (3,5), (5,8), (4,8), (5,6), (2,6)
Cerrados = (3,8), (3,7), (4,7), (3,6), (5,7), (4,8)
------------------------
Iteración 7
-----------
Abiertos = (3,9), (3,5), (5,8), (4,8), (5,6), (2,6), (5,9)
Cerrados = (3,8), (3,7), (4,7), (3,6), (5,7), (4,8), (5,8)
------------------------
Iteración 8
-----------
Abiertos = (3,5), (5,8), (4,8), (3,10), (5,6), (2,6), (5,9)
Cerrados = (3,8), (3,7), (4,7), (3,6), (5,7), (4,8), (5,8), (3,9)
------------------------
Iteración 9
-----------
Abiertos = (5,8), (4,8), (3,10), (3,4), (5,6), (2,6), (2,5), (5,9)
Cerrados = (3,8), (3,7), (4,7), (3,6), (5,7), (4,8), (5,8), (3,9), (3,5)
------------------------
Iteración 10
-----------
Abiertos = (5,6), (3,4), (2,6), (2,5), (4,10), (2,10), (5,9)
Cerrados = (3,8), (3,7), (4,7), (3,6), (5,7), (4,8), (5,8), (3,9), (3,5), (3,10)
------------------------
Iteración 11
-----------
Abiertos = (3,3), (5,6), (2,6), (2,4), (2,5), (4,10), (2,10), (5,9)
Cerrados = (3,8), (3,7), (4,7), (3,6), (5,7), (4,8), (5,8), (3,9), (3,5), (3,10), (3,4)
------------------------
Iteración 12
-----------
Abiertos = (3,3), (2,6), (5,5), (2,4), (2,5), (4,10), (2,10), (5,9)
Cerrados = (3,8), (3,7), (4,7), (3,6), (5,7), (4,8), (5,8), (3,9), (3,5), (3,10), (3,4), (5,6)
------------------------
Iteración 13
-----------
Abiertos = (2,6), (4,3), (5,5), (2,4), (2,5), (4,10), (2,10), (5,9), (2,3)
Cerrados = (3,8), (3,7), (4,7), (3,6), (5,7), (4,8), (5,8), (3,9), (3,5), (3,10), (3,4), (5,6), (3,3)
------------------------
Iteración 14
-----------
Abiertos = (2,6), (5,5), (2,4), (2,5), (4,10), (5,3), (2,10), (5,9), (2,3)
Cerrados = (3,8), (3,7), (4,7), (3,6), (5,7), (4,8), (5,8), (3,9), (3,5), (3,10), (3,4), (5,6), (3,3), (4,3)
------------------------
Iteración 15
-----------
Abiertos = (2,6), (5,4), (2,4), (2,5), (4,10), (5,3), (2,10), (5,9), (2,3)
Cerrados = (3,8), (3,7), (4,7), (3,6), (5,7), (4,8), (5,8), (3,9), (3,5), (3,10), (3,4), (5,6), (3,3), (4,3), (5,5)
------------------------
Iteración 16
-----------
Abiertos = (5,4), (2,4), (2,5), (2,5), (4,10), (5,3), (2,10), (5,9), (1,6), (2,3)
Cerrados = (3,8), (3,7), (4,7), (3,6), (5,7), (4,8), (5,8), (3,9), (3,5), (3,10), (3,4), (5,6), (3,3), (4,3), (5,5), (2,6)
------------------------
Iteración 17
-----------
Abiertos = (5,4), (2,5), (2,5), (4,10), (5,3), (2,10), (5,9), (1,6), (2,3), (2,3), (2,5), (1,4)
Cerrados = (3,8), (3,7), (4,7), (3,6), (5,7), (4,8), (5,8), (3,9), (3,5), (3,10), (3,4), (5,6), (3,3), (4,3), (5,5), (2,6), (2,4)
------------------------
Iteración 18
-----------
Abiertos = (5,4), (2,5), (4,10), (5,3), (2,10), (5,9), (1,5), (1,6), (2,3), (2,3), (2,5), (1,4)
Cerrados = (3,8), (3,7), (4,7), (3,6), (5,7), (4,8), (5,8), (3,9), (3,5), (3,10), (3,4), (5,6), (3,3), (4,3), (5,5), (2,6), (2,4), (2,5)
------------------------
Iteración 19
-----------
Abiertos = (2,5), (4,10), (5,3), (5,3), (2,10), (5,9), (1,5), (1,6), (2,3), (2,3), (2,5), (1,4)
Cerrados = (3,8), (3,7), (4,7), (3,6), (5,7), (4,8), (5,8), (3,9), (3,5), (3,10), (3,4), (5,6), (3,3), (4,3), (5,5), (2,6), (2,4), (2,5), (5,4)
------------------------
Iteración 20
-----------
Abiertos = (4,10), (5,3), (2,10), (5,9), (1,5), (1,6), (5,2), (2,3), (2,3), (1,4), (2,5)
Cerrados = (3,8), (3,7), (4,7), (3,6), (5,7), (4,8), (5,8), (3,9), (3,5), (3,10), (3,4), (5,6), (3,3), (4,3), (5,5), (2,6), (2,4), (2,5), (5,4), (5,3)
------------------------
Iteración 21
-----------
Abiertos = (5,3), (2,10), (5,9), (1,5), (1,6), (5,10), (5,2), (2,3), (2,3), (2,5), (1,4)
Cerrados = (3,8), (3,7), (4,7), (3,6), (5,7), (4,8), (5,8), (3,9), (3,5), (3,10), (3,4), (5,6), (3,3), (4,3), (5,5), (2,6), (2,4), (2,5), (5,4), (5,3), (4,10)
------------------------
Iteración 22
-----------
Abiertos = (5,3), (1,5), (5,9), (1,6), (5,10), (5,2), (2,3), (2,3), (1,10), (2,5), (1,4)
Cerrados = (3,8), (3,7), (4,7), (3,6), (5,7), (4,8), (5,8), (3,9), (3,5), (3,10), (3,4), (5,6), (3,3), (4,3), (5,5), (2,6), (2,4), (2,5), (5,4), (5,3), (4,10), (2,10)
------------------------
Iteración 23
-----------
Abiertos = (5,3), (5,9), (1,6), (5,10), (5,2), (2,3), (2,3), (1,10), (2,5), (1,4), (1,4), (1,6)
Cerrados = (3,8), (3,7), (4,7), (3,6), (5,7), (4,8), (5,8), (3,9), (3,5), (3,10), (3,4), (5,6), (3,3), (4,3), (5,5), (2,6), (2,4), (2,5), (5,4), (5,3), (4,10), (2,10), (1,5)
------------------------
Iteración 24
-----------
Abiertos = (5,10), (1,6), (5,2), (2,3), (2,3), (1,10), (1,4), (2,5), (1,4), (5,10), (1,6)
Cerrados = (3,8), (3,7), (4,7), (3,6), (5,7), (4,8), (5,8), (3,9), (3,5), (3,10), (3,4), (5,6), (3,3), (4,3), (5,5), (2,6), (2,4), (2,5), (5,4), (5,3), (4,10), (2,10), (1,5), (5,9)
------------------------
Iteración 25
-----------
Abiertos = (5,10), (5,2), (2,3), (2,3), (1,10), (2,5), (1,4), (1,4), (5,10), (1,6), (1,7)
Cerrados = (3,8), (3,7), (4,7), (3,6), (5,7), (4,8), (5,8), (3,9), (3,5), (3,10), (3,4), (5,6), (3,3), (4,3), (5,5), (2,6), (2,4), (2,5), (5,4), (5,3), (4,10), (2,10), (1,5), (5,9), (1,6)
------------------------
Iteración 26
-----------
Abiertos = (5,2), (2,3), (2,3), (1,10), (2,5), (1,4), (1,4), (5,10), (1,6), (1,7)
Cerrados = (3,8), (3,7), (4,7), (3,6), (5,7), (4,8), (5,8), (3,9), (3,5), (3,10), (3,4), (5,6), (3,3), (4,3), (5,5), (2,6), (2,4), (2,5), (5,4), (5,3), (4,10), (2,10), (1,5), (5,9), (1,6), (5,10)
------------------------
Iteración 27
-----------
Abiertos = (5,2), (2,3), (1,10), (1,4), (1,4), (2,5), (1,3), (5,10), (1,6), (1,7)
Cerrados = (3,8), (3,7), (4,7), (3,6), (5,7), (4,8), (5,8), (3,9), (3,5), (3,10), (3,4), (5,6), (3,3), (4,3), (5,5), (2,6), (2,4), (2,5), (5,4), (5,3), (4,10), (2,10), (1,5), (5,9), (1,6), (5,10), (2,3)
------------------------
Iteración 28
-----------
Abiertos = (1,10), (1,4), (2,5), (1,4), (5,1), (1,3), (5,10), (1,6), (1,7)
Cerrados = (3,8), (3,7), (4,7), (3,6), (5,7), (4,8), (5,8), (3,9), (3,5), (3,10), (3,4), (5,6), (3,3), (4,3), (5,5), (2,6), (2,4), (2,5), (5,4), (5,3), (4,10), (2,10), (1,5), (5,9), (1,6), (5,10), (2,3), (5,2)
------------------------
Iteración 29
-----------
Abiertos = (2,5), (1,4), (1,4), (5,1), (1,9), (1,3), (5,10), (1,6), (1,7)
Cerrados = (3,8), (3,7), (4,7), (3,6), (5,7), (4,8), (5,8), (3,9), (3,5), (3,10), (3,4), (5,6), (3,3), (4,3), (5,5), (2,6), (2,4), (2,5), (5,4), (5,3), (4,10), (2,10), (1,5), (5,9), (1,6), (5,10), (2,3), (5,2), (1,10)
------------------------
Iteración 30
-----------
Abiertos = (1,3), (1,4), (5,1), (1,9), (1,3), (5,10), (1,6), (1,7)
Cerrados = (3,8), (3,7), (4,7), (3,6), (5,7), (4,8), (5,8), (3,9), (3,5), (3,10), (3,4), (5,6), (3,3), (4,3), (5,5), (2,6), (2,4), (2,5), (5,4), (5,3), (4,10), (2,10), (1,5), (5,9), (1,6), (5,10), (2,3), (5,2), (1,10), (1,4)
------------------------
Iteración 31
-----------
Abiertos = (5,1), (1,9), (1,3), (5,10), (1,6), (1,2), (1,7)
Cerrados = (3,8), (3,7), (4,7), (3,6), (5,7), (4,8), (5,8), (3,9), (3,5), (3,10), (3,4), (5,6), (3,3), (4,3), (5,5), (2,6), (2,4), (2,5), (5,4), (5,3), (4,10), (2,10), (1,5), (5,9), (1,6), (5,10), (2,3), (5,2), (1,10), (1,4), (1,3)
------------------------
Iteración 32
-----------
Abiertos = (1,9), (1,3), (5,10), (1,6), (1,2), (1,7), (4,1)
Cerrados = (3,8), (3,7), (4,7), (3,6), (5,7), (4,8), (5,8), (3,9), (3,5), (3,10), (3,4), (5,6), (3,3), (4,3), (5,5), (2,6), (2,4), (2,5), (5,4), (5,3), (4,10), (2,10), (1,5), (5,9), (1,6), (5,10), (2,3), (5,2), (1,10), (1,4), (1,3), (5,1)
------------------------
Iteración 33
-----------
Abiertos = (1,8), (1,6), (5,10), (1,2), (1,7), (4,1)
Cerrados = (3,8), (3,7), (4,7), (3,6), (5,7), (4,8), (5,8), (3,9), (3,5), (3,10), (3,4), (5,6), (3,3), (4,3), (5,5), (2,6), (2,4), (2,5), (5,4), (5,3), (4,10), (2,10), (1,5), (5,9), (1,6), (5,10), (2,3), (5,2), (1,10), (1,4), (1,3), (5,1), (1,9)
------------------------
Iteración 34
-----------
Abiertos = (5,10), (1,2), (1,7), (1,7), (4,1)
Cerrados = (3,8), (3,7), (4,7), (3,6), (5,7), (4,8), (5,8), (3,9), (3,5), (3,10), (3,4), (5,6), (3,3), (4,3), (5,5), (2,6), (2,4), (2,5), (5,4), (5,3), (4,10), (2,10), (1,5), (5,9), (1,6), (5,10), (2,3), (5,2), (1,10), (1,4), (1,3), (5,1), (1,9), (1,8)
------------------------
Iteración 35
-----------
Abiertos = (5,10), (1,1), (1,7), (1,7), (4,1)
Cerrados = (3,8), (3,7), (4,7), (3,6), (5,7), (4,8), (5,8), (3,9), (3,5), (3,10), (3,4), (5,6), (3,3), (4,3), (5,5), (2,6), (2,4), (2,5), (5,4), (5,3), (4,10), (2,10), (1,5), (5,9), (1,6), (5,10), (2,3), (5,2), (1,10), (1,4), (1,3), (5,1), (1,9), (1,8), (1,2)
------------------------
Iteración 36
-----------
Abiertos = (1,7), (1,7), (2,1), (4,1)
Cerrados = (3,8), (3,7), (4,7), (3,6), (5,7), (4,8), (5,8), (3,9), (3,5), (3,10), (3,4), (5,6), (3,3), (4,3), (5,5), (2,6), (2,4), (2,5), (5,4), (5,3), (4,10), (2,10), (1,5), (5,9), (1,6), (5,10), (2,3), (5,2), (1,10), (1,4), (1,3), (5,1), (1,9), (1,8), (1,2), (1,1)
------------------------
Iteración 37
-----------
Abiertos = (1,7), (2,1), (4,1)
Cerrados = (3,8), (3,7), (4,7), (3,6), (5,7), (4,8), (5,8), (3,9), (3,5), (3,10), (3,4), (5,6), (3,3), (4,3), (5,5), (2,6), (2,4), (2,5), (5,4), (5,3), (4,10), (2,10), (1,5), (5,9), (1,6), (5,10), (2,3), (5,2), (1,10), (1,4), (1,3), (5,1), (1,9), (1,8), (1,2), (1,1), (1,7)
------------------------
Iteración 38
-----------
Abiertos = (3,1), (4,1)
Cerrados = (3,8), (3,7), (4,7), (3,6), (5,7), (4,8), (5,8), (3,9), (3,5), (3,10), (3,4), (5,6), (3,3), (4,3), (5,5), (2,6), (2,4), (2,5), (5,4), (5,3), (4,10), (2,10), (1,5), (5,9), (1,6), (5,10), (2,3), (5,2), (1,10), (1,4), (1,3), (5,1), (1,9), (1,8), (1,2), (1,1), (1,7), (2,1)
------------------------
Iteración 39
-----------
Abiertos = (3,1), (3,1)
Cerrados = (3,8), (3,7), (4,7), (3,6), (5,7), (4,8), (5,8), (3,9), (3,5), (3,10), (3,4), (5,6), (3,3), (4,3), (5,5), (2,6), (2,4), (2,5), (5,4), (5,3), (4,10), (2,10), (1,5), (5,9), (1,6), (5,10), (2,3), (5,2), (1,10), (1,4), (1,3), (5,1), (1,9), (1,8), (1,2), (1,1), (1,7), (2,1), (4,1)
------------------------
Iteración 40
-----------
Abiertos = (3,1)
Cerrados = (3,8), (3,7), (4,7), (3,6), (5,7), (4,8), (5,8), (3,9), (3,5), (3,10), (3,4), (5,6), (3,3), (4,3), (5,5), (2,6), (2,4), (2,5), (5,4), (5,3), (4,10), (2,10), (1,5), (5,9), (1,6), (5,10), (2,3), (5,2), (1,10), (1,4), (1,3), (5,1), (1,9), (1,8), (1,2), (1,1), (1,7), (2,1), (4,1), (3,1)
------------------------
No se ha encontrado ningún camino al destino.
Iteración 0
-----------
Abiertos = (3,8)
Cerrados = 
------------------------
Iteración 1
-----------
Abiertos = (3,7), (4,8), (3,9)
Cerrados = (3,8)
------------------------
Iteración 2
-----------
Abiertos = (4,7), (5,8), (3,7), (3,9)
Cerrados = (3,8), (4,8)
------------------------
Iteración 3
-----------
Abiertos = (5,8), (3,7), (5,7), (3,9), (3,7)
Cerrados = (3,8), (4,8), (4,7)
------------------------
Iteración 4
-----------
Abiertos = (5,8), (3,6), (5,7), (3,9), (3,7)
Cerrados = (3,8), (4,8), (4,7), (3,7)
------------------------
Iteración 5
-----------
Abiertos = (5,8), (5,7), (3,9), (3,5), (3,7), (2,6)
Cerrados = (3,8), (4,8), (4,7), (3,7), (3,6)
------------------------
Iteración 6
-----------
Abiertos = (5,7), (5,7), (3,9), (3,5), (3,7), (2,6), (5,9)
Cerrados = (3,8), (4,8), (4,7), (3,7), (3,6), (5,8)
------------------------
Iteración 7
-----------
Abiertos = (5,7), (3,9), (3,5), (3,7), (5,6), (2,6), (5,9)
Cerrados = (3,8), (4,8), (4,7), (3,7), (3,6), (5,8), (5,7)
------------------------
Iteración 8
-----------
Abiertos = (5,7), (3,5), (3,7), (3,10), (5,6), (2,6), (5,9)
Cerrados = (3,8), (4,8), (4,7), (3,7), (3,6), (5,8), (5,7), (3,9)
------------------------
Iteración 9
-----------
Abiertos = (3,7), (3,10), (3,4), (5,6), (5,9), (2,6), (2,5)
Cerrados = (3,8), (4,8), (4,7), (3,7), (3,6), (5,8), (5,7), (3,9), (3,5)
------------------------
Iteración 10
-----------
Abiertos = (3,10), (3,3), (5,6), (5,9), (2,6), (2,4), (2,5)
Cerrados = (3,8), (4,8), (4,7), (3,7), (3,6), (5,8), (5,7), (3,9), (3,5), (3,4)
------------------------
Iteración 11
-----------
Abiertos = (3,10), (5,6), (5,9), (2,6), (4,3), (2,4), (2,5), (2,3)
Cerrados = (3,8), (4,8), (4,7), (3,7), (3,6), (5,8), (5,7), (3,9), (3,5), (3,4), (3,3)
------------------------
Iteración 12
-----------
Abiertos = (3,10), (5,9), (2,6), (4,3), (5,5), (2,4), (2,5), (2,3)
Cerrados = (3,8), (4,8), (4,7), (3,7), (3,6), (5,8), (5,7), (3,9), (3,5), (3,4), (3,3), (5,6)
------------------------
Iteración 13
-----------
Abiertos = (2,6), (5,9), (4,3), (5,5), (2,4), (2,5), (4,10), (2,10), (2,3)
Cerrados = (3,8), (4,8), (4,7), (3,7), (3,6), (5,8), (5,7), (3,9), (3,5), (3,4), (3,3), (5,6), (3,10)
------------------------
Iteración 14
-----------
Abiertos = (2,6), (4,3), (5,5), (2,4), (2,5), (4,10), (2,10), (5,10), (2,3)
Cerrados = (3,8), (4,8), (4,7), (3,7), (3,6), (5,8), (5,7), (3,9), (3,5), (3,4), (3,3), (5,6), (3,10), (5,9)
------------------------
Iteración 15
-----------
Abiertos = (2,6), (5,5), (2,4), (2,5), (4,10), (5,3), (2,10), (5,10), (2,3)
Cerrados = (3,8), (4,8), (4,7), (3,7), (3,6), (5,8), (5,7), (3,9), (3,5), (3,4), (3,3), (5,6), (3,10), (5,9), (4,3)
------------------------
Iteración 16
-----------
Abiertos = (5,5), (2,4), (2,5), (2,5), (4,10), (5,3), (2,10), (5,10), (1,6), (2,3)
Cerrados = (3,8), (4,8), (4,7), (3,7), (3,6), (5,8), (5,7), (3,9), (3,5), (3,4), (3,3), (5,6), (3,10), (5,9), (4,3), (2,6)
------------------------
Iteración 17
-----------
Abiertos = (5,5), (2,5), (2,5), (4,10), (5,3), (2,10), (5,10), (1,6), (2,3), (2,3), (2,5), (1,4)
Cerrados = (3,8), (4,8), (4,7), (3,7), (3,6), (5,8), (5,7), (3,9), (3,5), (3,4), (3,3), (5,6), (3,10), (5,9), (4,3), (2,6), (2,4)
------------------------
Iteración 18
-----------
Abiertos = (5,4), (2,5), (2,5), (4,10), (5,3), (2,10), (5,10), (1,6), (2,3), (2,3), (2,5), (1,4)
Cerrados = (3,8), (4,8), (4,7), (3,7), (3,6), (5,8), (5,7), (3,9), (3,5), (3,4), (3,3), (5,6), (3,10), (5,9), (4,3), (2,6), (2,4), (5,5)
------------------------
Iteración 19
-----------
Abiertos = (2,5), (2,5), (4,10), (5,3), (5,3), (2,10), (5,10), (1,6), (2,3), (2,3), (2,5), (1,4)
Cerrados = (3,8), (4,8), (4,7), (3,7), (3,6), (5,8), (5,7), (3,9), (3,5), (3,4), (3,3), (5,6), (3,10), (5,9), (4,3), (2,6), (2,4), (5,5), (5,4)
------------------------
Iteración 20
-----------
Abiertos = (2,5), (4,10), (5,3), (5,3), (2,10), (1,5), (5,10), (1,6), (2,3), (2,3), (2,5), (1,4)
Cerrados = (3,8), (4,8), (4,7), (3,7), (3,6), (5,8), (5,7), (3,9), (3,5), (3,4), (3,3), (5,6), (3,10), (5,9), (4,3), (2,6), (2,4), (5,5), (5,4), (2,5)
------------------------
Iteración 21
-----------
Abiertos = (5,3), (5,3), (2,10), (1,5), (5,10), (5,10), (1,6), (2,3), (2,3), (1,4), (2,5)
Cerrados = (3,8), (4,8), (4,7), (3,7), (3,6), (5,8), (5,7), (3,9), (3,5), (3,4), (3,3), (5,6), (3,10), (5,9), (4,3), (2,6), (2,4), (5,5), (5,4), (2,5), (4,10)
------------------------
Iteración 22
-----------
Abiertos = (5,3), (2,10), (1,5), (5,10), (5,10), (1,6), (5,2), (2,3), (2,3), (2,5), (1,4)
Cerrados = (3,8), (4,8), (4,7), (3,7), (3,6), (5,8), (5,7), (3,9), (3,5), (3,4), (3,3), (5,6), (3,10), (5,9), (4,3), (2,6), (2,4), (5,5), (5,4), (2,5), (4,10), (5,3)
------------------------
Iteración 23
-----------
Abiertos = (5,3), (1,5), (5,10), (5,10), (1,6), (5,2), (2,3), (2,3), (1,10), (2,5), (1,4)
Cerrados = (3,8), (4,8), (4,7), (3,7), (3,6), (5,8), (5,7), (3,9), (3,5), (3,4), (3,3), (5,6), (3,10), (5,9), (4,3), (2,6), (2,4), (5,5), (5,4), (2,5), (4,10), (5,3), (2,10)
------------------------
Iteración 24
-----------
Abiertos = (1,5), (5,10), (1,6), (5,2), (2,3), (2,3), (1,10), (1,4), (2,5)
Cerrados = (3,8), (4,8), (4,7), (3,7), (3,6), (5,8), (5,7), (3,9), (3,5), (3,4), (3,3), (5,6), (3,10), (5,9), (4,3), (2,6), (2,4), (5,5), (5,4), (2,5), (4,10), (5,3), (2,10), (5,10)
------------------------
Iteración 25
-----------
Abiertos = (1,6), (5,10), (5,2), (2,3), (2,3), (1,10), (1,4), (2,5), (1,4), (1,6)
Cerrados = (3,8), (4,8), (4,7), (3,7), (3,6), (5,8), (5,7), (3,9), (3,5), (3,4), (3,3), (5,6), (3,10), (5,9), (4,3), (2,6), (2,4), (5,5), (5,4), (2,5), (4,10), (5,3), (2,10), (5,10), (1,5)
------------------------
Iteración 26
-----------
Abiertos = (5,10), (5,2), (2,3), (2,3), (1,10), (1,4), (2,5), (1,4), (1,6), (1,7)
Cerrados = (3,8), (4,8), (4,7), (3,7), (3,6), (5,8), (5,7), (3,9), (3,5), (3,4), (3,3), (5,6), (3,10), (5,9), (4,3), (2,6), (2,4), (5,5), (5,4), (2,5), (4,10), (5,3), (2,10), (5,10), (1,5), (1,6)
------------------------
Iteración 27
-----------
Abiertos = (2,3), (2,3), (1,10), (1,4), (2,5), (1,4), (5,1), (1,6), (1,7)
Cerrados = (3,8), (4,8), (4,7), (3,7), (3,6), (5,8), (5,7), (3,9), (3,5), (3,4), (3,3), (5,6), (3,10), (5,9), (4,3), (2,6), (2,4), (5,5), (5,4), (2,5), (4,10), (5,3), (2,10), (5,10), (1,5), (1,6), (5,2)
------------------------
Iteración 28
-----------
Abiertos = (2,3), (1,10), (1,4), (2,5), (1,4), (5,1), (1,3), (1,6), (1,7)
Cerrados = (3,8), (4,8), (4,7), (3,7), (3,6), (5,8), (5,7), (3,9), (3,5), (3,4), (3,3), (5,6), (3,10), (5,9), (4,3), (2,6), (2,4), (5,5), (5,4), (2,5), (4,10), (5,3), (2,10), (5,10), (1,5), (1,6), (5,2), (2,3)
------------------------
Iteración 29
-----------
Abiertos = (2,3), (1,4), (2,5), (1,4), (5,1), (1,9), (1,3), (1,6), (1,7)
Cerrados = (3,8), (4,8), (4,7), (3,7), (3,6), (5,8), (5,7), (3,9), (3,5), (3,4), (3,3), (5,6), (3,10), (5,9), (4,3), (2,6), (2,4), (5,5), (5,4), (2,5), (4,10), (5,3), (2,10), (5,10), (1,5), (1,6), (5,2), (2,3), (1,10)
------------------------
Iteración 30
-----------
Abiertos = (1,3), (1,4), (5,1), (1,9), (1,3), (1,6), (1,7)
Cerrados = (3,8), (4,8), (4,7), (3,7), (3,6), (5,8), (5,7), (3,9), (3,5), (3,4), (3,3), (5,6), (3,10), (5,9), (4,3), (2,6), (2,4), (5,5), (5,4), (2,5), (4,10), (5,3), (2,10), (5,10), (1,5), (1,6), (5,2), (2,3), (1,10), (1,4)
------------------------
Iteración 31
-----------
Abiertos = (1,3), (1,9), (1,3), (1,6), (1,7), (4,1)
Cerrados = (3,8), (4,8), (4,7), (3,7), (3,6), (5,8), (5,7), (3,9), (3,5), (3,4), (3,3), (5,6), (3,10), (5,9), (4,3), (2,6), (2,4), (5,5), (5,4), (2,5), (4,10), (5,3), (2,10), (5,10), (1,5), (1,6), (5,2), (2,3), (1,10), (1,4), (5,1)
------------------------
Iteración 32
-----------
Abiertos = (1,3), (1,8), (1,3), (1,6), (1,7), (4,1)
Cerrados = (3,8), (4,8), (4,7), (3,7), (3,6), (5,8), (5,7), (3,9), (3,5), (3,4), (3,3), (5,6), (3,10), (5,9), (4,3), (2,6), (2,4), (5,5), (5,4), (2,5), (4,10), (5,3), (2,10), (5,10), (1,5), (1,6), (5,2), (2,3), (1,10), (1,4), (5,1), (1,9)
------------------------
Iteración 33
-----------
Abiertos = (1,8), (1,3), (1,6), (1,2), (1,7), (4,1)
Cerrados = (3,8), (4,8), (4,7), (3,7), (3,6), (5,8), (5,7), (3,9), (3,5), (3,4), (3,3), (5,6), (3,10), (5,9), (4,3), (2,6), (2,4), (5,5), (5,4), (2,5), (4,10), (5,3), (2,10), (5,10), (1,5), (1,6), (5,2), (2,3), (1,10), (1,4), (5,1), (1,9), (1,3)
------------------------
Iteración 34
-----------
Abiertos = (1,3), (1,6), (1,2), (1,7), (1,7), (4,1)
Cerrados = (3,8), (4,8), (4,7), (3,7), (3,6), (5,8), (5,7), (3,9), (3,5), (3,4), (3,3), (5,6), (3,10), (5,9), (4,3), (2,6), (2,4), (5,5), (5,4), (2,5), (4,10), (5,3), (2,10), (5,10), (1,5), (1,6), (5,2), (2,3), (1,10), (1,4), (5,1), (1,9), (1,3), (1,8)
------------------------
Iteración 35
-----------
Abiertos = (1,3), (1,1), (1,7), (1,7), (4,1)
Cerrados = (3,8), (4,8), (4,7), (3,7), (3,6), (5,8), (5,7), (3,9), (3,5), (3,4), (3,3), (5,6), (3,10), (5,9), (4,3), (2,6), (2,4), (5,5), (5,4), (2,5), (4,10), (5,3), (2,10), (5,10), (1,5), (1,6), (5,2), (2,3), (1,10), (1,4), (5,1), (1,9), (1,3), (1,8), (1,2)
------------------------
Iteración 36
-----------
Abiertos = (1,3), (1,7), (1,7), (2,1), (4,1)
Cerrados = (3,8), (4,8), (4,7), (3,7), (3,6), (5,8), (5,7), (3,9), (3,5), (3,4), (3,3), (5,6), (3,10), (5,9), (4,3), (2,6), (2,4), (5,5), (5,4), (2,5), (4,10), (5,3), (2,10), (5,10), (1,5), (1,6), (5,2), (2,3), (1,10), (1,4), (5,1), (1,9), (1,3), (1,8), (1,2), (1,1)
------------------------
Iteración 37
-----------
Abiertos = (1,7), (2,1), (4,1)
Cerrados = (3,8), (4,8), (4,7), (3,7), (3,6), (5,8), (5,7), (3,9), (3,5), (3,4), (3,3), (5,6), (3,10), (5,9), (4,3), (2,6), (2,4), (5,5), (5,4), (2,5), (4,10), (5,3), (2,10), (5,10), (1,5), (1,6), (5,2), (2,3), (1,10), (1,4), (5,1), (1,9), (1,3), (1,8), (1,2), (1,1), (1,7)
------------------------
Iteración 38
-----------
Abiertos = (2,1), (3,1)
Cerrados = (3,8), (4,8), (4,7), (3,7), (3,6), (5,8), (5,7), (3,9), (3,5), (3,4), (3,3), (5,6), (3,10), (5,9), (4,3), (2,6), (2,4), (5,5), (5,4), (2,5), (4,10), (5,3), (2,10), (5,10), (1,5), (1,6), (5,2), (2,3), (1,10), (1,4), (5,1), (1,9), (1,3), (1,8), (1,2), (1,1), (1,7), (4,1)
------------------------
Iteración 39
-----------
Abiertos = (3,1), (3,1)
Cerrados = (3,8), (4,8), (4,7), (3,7), (3,6), (5,8), (5,7), (3,9), (3,5), (3,4), (3,3), (5,6), (3,10), (5,9), (4,3), (2,6), (2,4), (5,5), (5,4), (2,5), (4,10), (5,3), (2,10), (5,10), (1,5), (1,6), (5,2), (2,3), (1,10), (1,4), (5,1), (1,9), (1,3), (1,8), (1,2), (1,1), (1,7), (4,1), (2,1)
------------------------
Iteración 40
-----------
Abiertos = (3,1)
Cerrados = (3,8), (4,8), (4,7), (3,7), (3,6), (5,8), (5,7), (3,9), (3,5), (3,4), (3,3), (5,6), (3,10), (5,9), (4,3), (2,6), (2,4), (5,5), (5,4), (2,5), (4,10), (5,3), (2,10), (5,10), (1,5), (1,6), (5,2), (2,3), (1,10), (1,4), (5,1), (1,9), (1,3), (1,8), (1,2), (1,1), (1,7), (4,1), (2,1), (3,1)
------------------------
No se ha encontrado ningún camino al destino.
Iteración 0
-----------
Abiertos = (3,8)
Cerrados = 
------------------------
Iteración 1
-----------
Abiertos = (3,7), (4,8), (3,9)
Cerrados = (3,8)
------------------------
Iteración 2
-----------
Abiertos = (3,6), (4,7), (4,8), (3,9)
Cerrados = (3,8), (3,7)
------------------------
Iteración 3
-----------
Abiertos = (3,6), (4,8), (5,7), (3,9), (4,8)
Cerrados = (3,8), (3,7), (4,7)
------------------------
Iteración 4
-----------
Abiertos = (4,8), (5,7), (3,9), (3,5), (4,8), (2,6)
Cerrados = (3,8), (3,7), (4,7), (3,6)
------------------------
Iteración 5
-----------
Abiertos = (5,8), (5,7), (3,9), (3,5), (4,8), (2,6)
Cerrados = (3,8), (3,7), (4,7), (3,6), (4,8)
------------------------
Iteración 6
-----------
Abiertos = (5,7), (5,7), (3,9), (3,5), (4,8), (5,9), (2,6)
Cerrados = (3,8), (3,7), (4,7), (3,6), (4,8), (5,8)
------------------------
Iteración 7
-----------
Abiertos = (5,7), (3,9), (3,5), (4,8), (5,6), (2,6), (5,9)
Cerrados = (3,8), (3,7), (4,7), (3,6), (4,8), (5,8), (5,7)
------------------------
Iteración 8
-----------
Abiertos = (5,7), (3,5), (4,8), (3,10), (5,6), (2,6), (5,9)
Cerrados = (3,8), (3,7), (4,7), (3,6), (4,8), (5,8), (5,7), (3,9)
------------------------
Iteración 9
-----------
Abiertos = (4,8), (3,10), (3,4), (5,6), (5,9), (2,6), (2,5)
Cerrados = (3,8), (3,7), (4,7), (3,6), (4,8), (5,8), (5,7), (3,9), (3,5)
------------------------
Iteración 10
-----------
Abiertos = (4,8), (3,4), (5,6), (5,9), (2,6), (2,5), (4,10), (2,10)
Cerrados = (3,8), (3,7), (4,7), (3,6), (4,8), (5,8), (5,7), (3,9), (3,5), (3,10)
------------------------
Iteración 11
-----------
Abiertos = (4,8), (3,3), (5,6), (5,9), (2,6), (2,4), (2,5), (4,10), (2,10)
Cerrados = (3,8), (3,7), (4,7), (3,6), (4,8), (5,8), (5,7), (3,9), (3,5), (3,10), (3,4)
------------------------
Iteración 12
-----------
Abiertos = (4,8), (5,6), (5,9), (2,6), (4,3), (2,4), (2,5), (4,10), (2,10), (2,3)
Cerrados = (3,8), (3,7), (4,7), (3,6), (4,8), (5,8), (5,7), (3,9), (3,5), (3,10), (3,4), (3,3)
------------------------
Iteración 13
-----------
Abiertos = (4,8), (5,9), (2,6), (4,3), (5,5), (2,4), (2,5), (4,10), (2,10), (2,3)
Cerrados = (3,8), (3,7), (4,7), (3,6), (4,8), (5,8), (5,7), (3,9), (3,5), (3,10), (3,4), (3,3), (5,6)
------------------------
Iteración 14
-----------
Abiertos = (5,9), (4,3), (5,5), (2,4), (2,5), (2,5), (4,10), (2,10), (1,6), (2,3)
Cerrados = (3,8), (3,7), (4,7), (3,6), (4,8), (5,8), (5,7), (3,9), (3,5), (3,10), (3,4), (3,3), (5,6), (2,6)
------------------------
Iteración 15
-----------
Abiertos = (4,3), (5,5), (2,4), (2,5), (2,5), (4,10), (2,10), (5,10), (1,6), (2,3)
Cerrados = (3,8), (3,7), (4,7), (3,6), (4,8), (5,8), (5,7), (3,9), (3,5), (3,10), (3,4), (3,3), (5,6), (2,6), (5,9)
------------------------
Iteración 16
-----------
Abiertos = (5,5), (2,4), (2,5), (2,5), (4,10), (5,3), (2,10), (5,10), (1,6), (2,3)
Cerrados = (3,8), (3,7), (4,7), (3,6), (4,8), (5,8), (5,7), (3,9), (3,5), (3,10), (3,4), (3,3), (5,6), (2,6), (5,9), (4,3)
------------------------
Iteración 17
-----------
Abiertos = (5,4), (2,4), (2,5), (2,5), (4,10), (5,3), (2,10), (1,6), (5,10), (2,3)
Cerrados = (3,8), (3,7), (4,7), (3,6), (4,8), (5,8), (5,7), (3,9), (3,5), (3,10), (3,4), (3,3), (5,6), (2,6), (5,9), (4,3), (5,5)
------------------------
Iteración 18
-----------
Abiertos = (5,4), (2,5), (2,5), (4,10), (5,3), (2,10), (5,10), (1,6), (2,3), (2,3), (1,4), (2,5)
Cerrados = (3,8), (3,7), (4,7), (3,6), (4,8), (5,8), (5,7), (3,9), (3,5), (3,10), (3,4), (3,3), (5,6), (2,6), (5,9), (4,3), (5,5), (2,4)
------------------------
Iteración 19
-----------
Abiertos = (5,4), (2,5), (4,10), (5,3), (2,10), (1,5), (5,10), (1,6), (2,3), (2,3), (1,4), (2,5)
Cerrados = (3,8), (3,7), (4,7), (3,6), (4,8), (5,8), (5,7), (3,9), (3,5), (3,10), (3,4), (3,3), (5,6), (2,6), (5,9), (4,3), (5,5), (2,4), (2,5)
------------------------
Iteración 20
-----------
Abiertos = (2,5), (4,10), (5,3), (5,3), (2,10), (1,5), (5,10), (1,6), (2,3), (2,3), (1,4), (2,5)
Cerrados = (3,8), (3,7), (4,7), (3,6), (4,8), (5,8), (5,7), (3,9), (3,5), (3,10), (3,4), (3,3), (5,6), (2,6), (5,9), (4,3), (5,5), (2,4), (2,5), (5,4)
------------------------
Iteración 21
-----------
Abiertos = (4,10), (5,3), (2,10), (1,5), (5,10), (1,6), (5,2), (2,3), (2,3), (1,4), (2,5)
Cerrados = (3,8), (3,7), (4,7), (3,6), (4,8), (5,8), (5,7), (3,9), (3,5), (3,10), (3,4), (3,3), (5,6), (2,6), (5,9), (4,3), (5,5), (2,4), (2,5), (5,4), (5,3)
------------------------
Iteración 22
-----------
Abiertos = (5,3), (2,10), (1,5), (5,10), (5,10), (1,6), (5,2), (2,3), (2,3), (1,4), (2,5)
Cerrados = (3,8), (3,7), (4,7), (3,6), (4,8), (5,8), (5,7), (3,9), (3,5), (3,10), (3,4), (3,3), (5,6), (2,6), (5,9), (4,3), (5,5), (2,4), (2,5), (5,4), (5,3), (4,10)
------------------------
Iteración 23
-----------
Abiertos = (2,10), (5,10), (5,10), (1,6), (5,2), (2,3), (2,3), (2,5), (1,4), (1,4), (1,6)
Cerrados = (3,8), (3,7), (4,7), (3,6), (4,8), (5,8), (5,7), (3,9), (3,5), (3,10), (3,4), (3,3), (5,6), (2,6), (5,9), (4,3), (5,5), (2,4), (2,5), (5,4), (5,3), (4,10), (1,5)
------------------------
Iteración 24
-----------
Abiertos = (5,10), (1,6), (5,10), (5,2), (2,3), (2,3), (1,10), (1,4), (1,4), (2,5), (1,6)
Cerrados = (3,8), (3,7), (4,7), (3,6), (4,8), (5,8), (5,7), (3,9), (3,5), (3,10), (3,4), (3,3), (5,6), (2,6), (5,9), (4,3), (5,5), (2,4), (2,5), (5,4), (5,3), (4,10), (1,5), (2,10)
------------------------
Iteración 25
-----------
Abiertos = (5,10), (5,10), (5,2), (2,3), (2,3), (1,10), (2,5), (1,4), (1,4), (1,6), (1,7)
Cerrados = (3,8), (3,7), (4,7), (3,6), (4,8), (5,8), (5,7), (3,9), (3,5), (3,10), (3,4), (3,3), (5,6), (2,6), (5,9), (4,3), (5,5), (2,4), (2,5), (5,4), (5,3), (4,10), (1,5), (2,10), (1,6)
------------------------
Iteración 26
-----------
Abiertos = (5,10), (5,2), (2,3), (2,3), (1,10), (2,5), (1,4), (1,4), (1,6), (1,7)
Cerrados = (3,8), (3,7), (4,7), (3,6), (4,8), (5,8), (5,7), (3,9), (3,5), (3,10), (3,4), (3,3), (5,6), (2,6), (5,9), (4,3), (5,5), (2,4), (2,5), (5,4), (5,3), (4,10), (1,5), (2,10), (1,6), (5,10)
------------------------
Iteración 27
-----------
Abiertos = (2,3), (2,3), (1,10), (2,5), (1,4), (1,4), (5,1), (1,6), (1,7)
Cerrados = (3,8), (3,7), (4,7), (3,6), (4,8), (5,8), (5,7), (3,9), (3,5), (3,10), (3,4), (3,3), (5,6), (2,6), (5,9), (4,3), (5,5), (2,4), (2,5), (5,4), (5,3), (4,10), (1,5), (2,10), (1,6), (5,10), (5,2)
------------------------
Iteración 28
-----------
Abiertos = (2,3), (1,10), (2,5), (1,4), (1,4), (5,1), (1,3), (1,6), (1,7)
Cerrados = (3,8), (3,7), (4,7), (3,6), (4,8), (5,8), (5,7), (3,9), (3,5), (3,10), (3,4), (3,3), (5,6), (2,6), (5,9), (4,3), (5,5), (2,4), (2,5), (5,4), (5,3), (4,10), (1,5), (2,10), (1,6), (5,10), (5,2), (2,3)
------------------------
Iteración 29
-----------
Abiertos = (2,3), (1,4), (2,5), (1,4), (5,1), (1,9), (1,3), (1,6), (1,7)
Cerrados = (3,8), (3,7), (4,7), (3,6), (4,8), (5,8), (5,7), (3,9), (3,5), (3,10), (3,4), (3,3), (5,6), (2,6), (5,9), (4,3), (5,5), (2,4), (2,5), (5,4), (5,3), (4,10), (1,5), (2,10), (1,6), (5,10), (5,2), (2,3), (1,10)
------------------------
Iteración 30
-----------
Abiertos = (2,3), (1,3), (2,5), (1,4), (5,1), (1,9), (1,3), (1,6), (1,7)
Cerrados = (3,8), (3,7), (4,7), (3,6), (4,8), (5,8), (5,7), (3,9), (3,5), (3,10), (3,4), (3,3), (5,6), (2,6), (5,9), (4,3), (5,5), (2,4), (2,5), (5,4), (5,3), (4,10), (1,5), (2,10), (1,6), (5,10), (5,2), (2,3), (1,10), (1,4)
------------------------
Iteración 31
-----------
Abiertos = (1,4), (2,5), (5,1), (1,9), (1,3), (1,6), (1,2), (1,7)
Cerrados = (3,8), (3,7), (4,7), (3,6), (4,8), (5,8), (5,7), (3,9), (3,5), (3,10), (3,4), (3,3), (5,6), (2,6), (5,9), (4,3), (5,5), (2,4), (2,5), (5,4), (5,3), (4,10), (1,5), (2,10), (1,6), (5,10), (5,2), (2,3), (1,10), (1,4), (1,3)
------------------------
Iteración 32
-----------
Abiertos = (1,9), (1,3), (1,6), (1,2), (1,7), (4,1)
Cerrados = (3,8), (3,7), (4,7), (3,6), (4,8), (5,8), (5,7), (3,9), (3,5), (3,10), (3,4), (3,3), (5,6), (2,6), (5,9), (4,3), (5,5), (2,4), (2,5), (5,4), (5,3), (4,10), (1,5), (2,10), (1,6), (5,10), (5,2), (2,3), (1,10), (1,4), (1,3), (5,1)
------------------------
Iteración 33
-----------
Abiertos = (1,8), (1,3), (1,6), (1,2), (1,7), (4,1)
Cerrados = (3,8), (3,7), (4,7), (3,6), (4,8), (5,8), (5,7), (3,9), (3,5), (3,10), (3,4), (3,3), (5,6), (2,6), (5,9), (4,3), (5,5), (2,4), (2,5), (5,4), (5,3), (4,10), (1,5), (2,10), (1,6), (5,10), (5,2), (2,3), (1,10), (1,4), (1,3), (5,1), (1,9)
------------------------
Iteración 34
-----------
Abiertos = (1,6), (1,2), (1,7), (1,7), (4,1)
Cerrados = (3,8), (3,7), (4,7), (3,6), (4,8), (5,8), (5,7), (3,9), (3,5), (3,10), (3,4), (3,3), (5,6), (2,6), (5,9), (4,3), (5,5), (2,4), (2,5), (5,4), (5,3), (4,10), (1,5), (2,10), (1,6), (5,10), (5,2), (2,3), (1,10), (1,4), (1,3), (5,1), (1,9), (1,8)
------------------------
Iteración 35
-----------
Abiertos = (1,6), (1,1), (1,7), (1,7), (4,1)
Cerrados = (3,8), (3,7), (4,7), (3,6), (4,8), (5,8), (5,7), (3,9), (3,5), (3,10), (3,4), (3,3), (5,6), (2,6), (5,9), (4,3), (5,5), (2,4), (2,5), (5,4), (5,3), (4,10), (1,5), (2,10), (1,6), (5,10), (5,2), (2,3), (1,10), (1,4), (1,3), (5,1), (1,9), (1,8), (1,2)
------------------------
Iteración 36
-----------
Abiertos = (1,1), (1,7), (4,1)
Cerrados = (3,8), (3,7), (4,7), (3,6), (4,8), (5,8), (5,7), (3,9), (3,5), (3,10), (3,4), (3,3), (5,6), (2,6), (5,9), (4,3), (5,5), (2,4), (2,5), (5,4), (5,3), (4,10), (1,5), (2,10), (1,6), (5,10), (5,2), (2,3), (1,10), (1,4), (1,3), (5,1), (1,9), (1,8), (1,2), (1,7)
------------------------
Iteración 37
-----------
Abiertos = (1,7), (2,1), (4,1)
Cerrados = (3,8), (3,7), (4,7), (3,6), (4,8), (5,8), (5,7), (3,9), (3,5), (3,10), (3,4), (3,3), (5,6), (2,6), (5,9), (4,3), (5,5), (2,4), (2,5), (5,4), (5,3), (4,10), (1,5), (2,10), (1,6), (5,10), (5,2), (2,3), (1,10), (1,4), (1,3), (5,1), (1,9), (1,8), (1,2), (1,7), (1,1)
------------------------
Iteración 38
-----------
Abiertos = (1,7), (3,1), (4,1)
Cerrados = (3,8), (3,7), (4,7), (3,6), (4,8), (5,8), (5,7), (3,9), (3,5), (3,10), (3,4), (3,3), (5,6), (2,6), (5,9), (4,3), (5,5), (2,4), (2,5), (5,4), (5,3), (4,10), (1,5), (2,10), (1,6), (5,10), (5,2), (2,3), (1,10), (1,4), (1,3), (5,1), (1,9), (1,8), (1,2), (1,7), (1,1), (2,1)
------------------------
Iteración 39
-----------
Abiertos = (1,7), (4,1), (4,1)
Cerrados = (3,8), (3,7), (4,7), (3,6), (4,8), (5,8), (5,7), (3,9), (3,5), (3,10), (3,4), (3,3), (5,6), (2,6), (5,9), (4,3), (5,5), (2,4), (2,5), (5,4), (5,3), (4,10), (1,5), (2,10), (1,6), (5,10), (5,2), (2,3), (1,10), (1,4), (1,3), (5,1), (1,9), (1,8), (1,2), (1,7), (1,1), (2,1), (3,1)
------------------------
Iteración 40
-----------
Abiertos = (1,7), (4,1)
Cerrados = (3,8), (3,7), (4,7), (3,6), (4,8), (5,8), (5,7), (3,9), (3,5), (3,10), (3,4), (3,3), (5,6), (2,6), (5,9), (4,3), (5,5), (2,4), (2,5), (5,4), (5,3), (4,10), (1,5), (2,10), (1,6), (5,10), (5,2), (2,3), (1,10), (1,4), (1,3), (5,1), (1,9), (1,8), (1,2), (1,7), (1,1), (2,1), (3,1), (4,1)
------------------------
No se ha encontrado ningún camino al destino.
Iteración 0
-----------
Abiertos = (3,8)
Cerrados = 
------------------------
Iteración 1
-----------
Abiertos = (3,7), (4,8), (3,9)
Cerrados = (3,8)
------------------------
Iteración 2
-----------
Abiertos = (4,7), (5,8), (3,7), (3,9)
Cerrados = (3,8), (4,8)
------------------------
Iteración 3
-----------
Abiertos = (5,8), (3,7), (5,7), (3,9), (3,7)
Cerrados = (3,8), (4,8), (4,7)
------------------------
Iteración 4
-----------
Abiertos = (3,7), (5,7), (5,7), (3,9), (3,7), (5,9)
Cerrados = (3,8), (4,8), (4,7), (5,8)
------------------------
Iteración 5
-----------
Abiertos = (3,6), (5,7), (5,7), (3,9), (3,7), (5,9)
Cerrados = (3,8), (4,8), (4,7), (5,8), (3,7)
------------------------
Iteración 6
-----------
Abiertos = (3,6), (5,7), (3,9), (3,7), (5,6), (5,9)
Cerrados = (3,8), (4,8), (4,7), (5,8), (3,7), (5,7)
------------------------
Iteración 7
-----------
Abiertos = (3,9), (3,5), (3,7), (5,6), (2,6), (5,9)
Cerrados = (3,8), (4,8), (4,7), (5,8), (3,7), (5,7), (3,6)
------------------------
Iteración 8
-----------
Abiertos = (3,5), (3,7), (3,10), (5,6), (2,6), (5,9)
Cerrados = (3,8), (4,8), (4,7), (5,8), (3,7), (5,7), (3,6), (3,9)
------------------------
Iteración 9
-----------
Abiertos = (3,5), (5,6), (5,9), (2,6), (4,10), (2,10)
Cerrados = (3,8), (4,8), (4,7), (5,8), (3,7), (5,7), (3,6), (3,9), (3,10)
------------------------
Iteración 10
-----------
Abiertos = (3,5), (5,9), (2,6), (5,5), (4,10), (2,10)
Cerrados = (3,8), (4,8), (4,7), (5,8), (3,7), (5,7), (3,6), (3,9), (3,10), (5,6)
------------------------
Iteración 11
-----------
Abiertos = (3,4), (2,6), (5,9), (5,5), (2,5), (4,10), (2,10)
Cerrados = (3,8), (4,8), (4,7), (5,8), (3,7), (5,7), (3,6), (3,9), (3,10), (5,6), (3,5)
------------------------
Iteración 12
-----------
Abiertos = (3,4), (5,9), (5,5), (2,5), (2,5), (4,10), (2,10), (1,6)
Cerrados = (3,8), (4,8), (4,7), (5,8), (3,7), (5,7), (3,6), (3,9), (3,10), (5,6), (3,5), (2,6)
------------------------
Iteración 13
-----------
Abiertos = (3,4), (5,5), (2,5), (2,5), (4,10), (2,10), (5,10), (1,6)
Cerrados = (3,8), (4,8), (4,7), (5,8), (3,7), (5,7), (3,6), (3,9), (3,10), (5,6), (3,5), (2,6), (5,9)
------------------------
Iteración 14
-----------
Abiertos = (3,4), (5,4), (2,5), (2,5), (4,10), (2,10), (1,6), (5,10)
Cerrados = (3,8), (4,8), (4,7), (5,8), (3,7), (5,7), (3,6), (3,9), (3,10), (5,6), (3,5), (2,6), (5,9), (5,5)
------------------------
Iteración 15
-----------
Abiertos = (3,3), (5,4), (2,4), (2,5), (2,5), (4,10), (2,10), (5,10), (1,6)
Cerrados = (3,8), (4,8), (4,7), (5,8), (3,7), (5,7), (3,6), (3,9), (3,10), (5,6), (3,5), (2,6), (5,9), (5,5), (3,4)
------------------------
Iteración 16
-----------
Abiertos = (3,3), (2,4), (2,5), (2,5), (4,10), (5,3), (2,10), (1,6), (5,10)
Cerrados = (3,8), (4,8), (4,7), (5,8), (3,7), (5,7), (3,6), (3,9), (3,10), (5,6), (3,5), (2,6), (5,9), (5,5), (3,4), (5,4)
------------------------
Iteración 17
-----------
Abiertos = (3,3), (2,5), (2,5), (4,10), (5,3), (2,10), (1,6), (5,10), (2,3), (1,4), (2,5)
Cerrados = (3,8), (4,8), (4,7), (5,8), (3,7), (5,7), (3,6), (3,9), (3,10), (5,6), (3,5), (2,6), (5,9), (5,5), (3,4), (5,4), (2,4)
------------------------
Iteración 18
-----------
Abiertos = (3,3), (2,5), (4,10), (5,3), (2,10), (1,5), (5,10), (1,6), (2,3), (1,4), (2,5)
Cerrados = (3,8), (4,8), (4,7), (5,8), (3,7), (5,7), (3,6), (3,9), (3,10), (5,6), (3,5), (2,6), (5,9), (5,5), (3,4), (5,4), (2,4), (2,5)
------------------------
Iteración 19
-----------
Abiertos = (4,3), (2,5), (4,10), (5,3), (2,10), (1,5), (5,10), (1,6), (2,3), (2,3), (1,4), (2,5)
Cerrados = (3,8), (4,8), (4,7), (5,8), (3,7), (5,7), (3,6), (3,9), (3,10), (5,6), (3,5), (2,6), (5,9), (5,5), (3,4), (5,4), (2,4), (2,5), (3,3)
------------------------
Iteración 20
-----------
Abiertos = (4,3), (5,3), (2,10), (1,5), (5,10), (1,6), (5,10), (2,3), (2,3), (1,4), (2,5)
Cerrados = (3,8), (4,8), (4,7), (5,8), (3,7), (5,7), (3,6), (3,9), (3,10), (5,6), (3,5), (2,6), (5,9), (5,5), (3,4), (5,4), (2,4), (2,5), (3,3), (4,10)
------------------------
Iteración 21
-----------
Abiertos = (4,3), (2,10), (1,5), (5,10), (1,6), (5,10), (5,2), (2,3), (2,3), (2,5), (1,4), (4,3)
Cerrados = (3,8), (4,8), (4,7), (5,8), (3,7), (5,7), (3,6), (3,9), (3,10), (5,6), (3,5), (2,6), (5,9), (5,5), (3,4), (5,4), (2,4), (2,5), (3,3), (4,10), (5,3)
------------------------
Iteración 22
-----------
Abiertos = (4,3), (1,5), (5,10), (1,6), (5,10), (5,2), (2,3), (2,3), (1,10), (2,5), (1,4), (4,3)
Cerrados = (3,8), (4,8), (4,7), (5,8), (3,7), (5,7), (3,6), (3,9), (3,10), (5,6), (3,5), (2,6), (5,9), (5,5), (3,4), (5,4), (2,4), (2,5), (3,3), (4,10), (5,3), (2,10)
------------------------
Iteración 23
-----------
Abiertos = (4,3), (1,6), (5,10), (5,10), (5,2), (2,3), (2,3), (1,10), (1,4), (1,4), (2,5), (4,3), (1,6)
Cerrados = (3,8), (4,8), (4,7), (5,8), (3,7), (5,7), (3,6), (3,9), (3,10), (5,6), (3,5), (2,6), (5,9), (5,5), (3,4), (5,4), (2,4), (2,5), (3,3), (4,10), (5,3), (2,10), (1,5)
------------------------
Iteración 24
-----------
Abiertos = (4,3), (5,10), (5,10), (5,2), (2,3), (2,3), (1,10), (1,4), (1,4), (2,5), (4,3), (1,6), (1,7)
Cerrados = (3,8), (4,8), (4,7), (5,8), (3,7), (5,7), (3,6), (3,9), (3,10), (5,6), (3,5), (2,6), (5,9), (5,5), (3,4), (5,4), (2,4), (2,5), (3,3), (4,10), (5,3), (2,10), (1,5), (1,6)
------------------------
Iteración 25
-----------
Abiertos = (5,10), (5,10), (5,2), (2,3), (2,3), (1,10), (1,4), (1,4), (2,5), (4,3), (1,6), (1,7)
Cerrados = (3,8), (4,8), (4,7), (5,8), (3,7), (5,7), (3,6), (3,9), (3,10), (5,6), (3,5), (2,6), (5,9), (5,5), (3,4), (5,4), (2,4), (2,5), (3,3), (4,10), (5,3), (2,10), (1,5), (1,6), (4,3)
------------------------
Iteración 26
-----------
Abiertos = (5,10), (5,2), (2,3), (2,3), (1,10), (1,4), (1,4), (2,5), (4,3), (1,6), (1,7)
Cerrados = (3,8), (4,8), (4,7), (5,8), (3,7), (5,7), (3,6), (3,9), (3,10), (5,6), (3,5), (2,6), (5,9), (5,5), (3,4), (5,4), (2,4), (2,5), (3,3), (4,10), (5,3), (2,10), (1,5), (1,6), (4,3), (5,10)
------------------------
Iteración 27
-----------
Abiertos = (5,2), (2,3), (1,10), (1,4), (2,5), (1,4), (4,3), (1,3), (1,6), (1,7)
Cerrados = (3,8), (4,8), (4,7), (5,8), (3,7), (5,7), (3,6), (3,9), (3,10), (5,6), (3,5), (2,6), (5,9), (5,5), (3,4), (5,4), (2,4), (2,5), (3,3), (4,10), (5,3), (2,10), (1,5), (1,6), (4,3), (5,10), (2,3)
------------------------
Iteración 28
-----------
Abiertos = (1,10), (1,4), (1,4), (2,5), (5,1), (4,3), (1,3), (1,6), (1,7)
Cerrados = (3,8), (4,8), (4,7), (5,8), (3,7), (5,7), (3,6), (3,9), (3,10), (5,6), (3,5), (2,6), (5,9), (5,5), (3,4), (5,4), (2,4), (2,5), (3,3), (4,10), (5,3), (2,10), (1,5), (1,6), (4,3), (5,10), (2,3), (5,2)
------------------------
Iteración 29
-----------
Abiertos = (1,10), (1,3), (1,4), (2,5), (5,1), (4,3), (1,3), (1,6), (1,7)
Cerrados = (3,8), (4,8), (4,7), (5,8), (3,7), (5,7), (3,6), (3,9), (3,10), (5,6), (3,5), (2,6), (5,9), (5,5), (3,4), (5,4), (2,4), (2,5), (3,3), (4,10), (5,3), (2,10), (1,5), (1,6), (4,3), (5,10), (2,3), (5,2), (1,4)
------------------------
Iteración 30
-----------
Abiertos = (1,10), (1,4), (2,5), (5,1), (4,3), (1,3), (1,6), (1,2), (1,7)
Cerrados = (3,8), (4,8), (4,7), (5,8), (3,7), (5,7), (3,6), (3,9), (3,10), (5,6), (3,5), (2,6), (5,9), (5,5), (3,4), (5,4), (2,4), (2,5), (3,3), (4,10), (5,3), (2,10), (1,5), (1,6), (4,3), (5,10), (2,3), (5,2), (1,4), (1,3)
------------------------
Iteración 31
-----------
Abiertos = (2,5), (5,1), (4,3), (1,9), (1,3), (1,6), (1,2), (1,7)
Cerrados = (3,8), (4,8), (4,7), (5,8), (3,7), (5,7), (3,6), (3,9), (3,10), (5,6), (3,5), (2,6), (5,9), (5,5), (3,4), (5,4), (2,4), (2,5), (3,3), (4,10), (5,3), (2,10), (1,5), (1,6), (4,3), (5,10), (2,3), (5,2), (1,4), (1,3), (1,10)
------------------------
Iteración 32
-----------
Abiertos = (2,5), (4,3), (1,9), (1,3), (1,6), (1,2), (1,7), (4,1)
Cerrados = (3,8), (4,8), (4,7), (5,8), (3,7), (5,7), (3,6), (3,9), (3,10), (5,6), (3,5), (2,6), (5,9), (5,5), (3,4), (5,4), (2,4), (2,5), (3,3), (4,10), (5,3), (2,10), (1,5), (1,6), (4,3), (5,10), (2,3), (5,2), (1,4), (1,3), (1,10), (5,1)
------------------------
Iteración 33
-----------
Abiertos = (4,3), (1,8), (1,3), (1,6), (1,2), (1,7), (4,1)
Cerrados = (3,8), (4,8), (4,7), (5,8), (3,7), (5,7), (3,6), (3,9), (3,10), (5,6), (3,5), (2,6), (5,9), (5,5), (3,4), (5,4), (2,4), (2,5), (3,3), (4,10), (5,3), (2,10), (1,5), (1,6), (4,3), (5,10), (2,3), (5,2), (1,4), (1,3), (1,10), (5,1), (1,9)
------------------------
Iteración 34
-----------
Abiertos = (4,3), (1,3), (1,6), (1,2), (1,7), (1,7), (4,1)
Cerrados = (3,8), (4,8), (4,7), (5,8), (3,7), (5,7), (3,6), (3,9), (3,10), (5,6), (3,5), (2,6), (5,9), (5,5), (3,4), (5,4), (2,4), (2,5), (3,3), (4,10), (5,3), (2,10), (1,5), (1,6), (4,3), (5,10), (2,3), (5,2), (1,4), (1,3), (1,10), (5,1), (1,9), (1,8)
------------------------
Iteración 35
-----------
Abiertos = (4,3), (1,1), (1,7), (1,7), (4,1)
Cerrados = (3,8), (4,8), (4,7), (5,8), (3,7), (5,7), (3,6), (3,9), (3,10), (5,6), (3,5), (2,6), (5,9), (5,5), (3,4), (5,4), (2,4), (2,5), (3,3), (4,10), (5,3), (2,10), (1,5), (1,6), (4,3), (5,10), (2,3), (5,2), (1,4), (1,3), (1,10), (5,1), (1,9), (1,8), (1,2)
------------------------
Iteración 36
-----------
Abiertos = (4,3), (1,7), (1,7), (2,1), (4,1)
Cerrados = (3,8), (4,8), (4,7), (5,8), (3,7), (5,7), (3,6), (3,9), (3,10), (5,6), (3,5), (2,6), (5,9), (5,5), (3,4), (5,4), (2,4), (2,5), (3,3), (4,10), (5,3), (2,10), (1,5), (1,6), (4,3), (5,10), (2,3), (5,2), (1,4), (1,3), (1,10), (5,1), (1,9), (1,8), (1,2), (1,1)
------------------------
Iteración 37
-----------
Abiertos = (4,3), (1,7), (2,1), (4,1)
Cerrados = (3,8), (4,8), (4,7), (5,8), (3,7), (5,7), (3,6), (3,9), (3,10), (5,6), (3,5), (2,6), (5,9), (5,5), (3,4), (5,4), (2,4), (2,5), (3,3), (4,10), (5,3), (2,10), (1,5), (1,6), (4,3), (5,10), (2,3), (5,2), (1,4), (1,3), (1,10), (5,1), (1,9), (1,8), (1,2), (1,1), (1,7)
------------------------
Iteración 38
-----------
Abiertos = (1,7), (3,1), (4,1)
Cerrados = (3,8), (4,8), (4,7), (5,8), (3,7), (5,7), (3,6), (3,9), (3,10), (5,6), (3,5), (2,6), (5,9), (5,5), (3,4), (5,4), (2,4), (2,5), (3,3), (4,10), (5,3), (2,10), (1,5), (1,6), (4,3), (5,10), (2,3), (5,2), (1,4), (1,3), (1,10), (5,1), (1,9), (1,8), (1,2), (1,1), (1,7), (2,1)
------------------------
Iteración 39
-----------
Abiertos = (4,1), (4,1)
Cerrados = (3,8), (4,8), (4,7), (5,8), (3,7), (5,7), (3,6), (3,9), (3,10), (5,6), (3,5), (2,6), (5,9), (5,5), (3,4), (5,4), (2,4), (2,5), (3,3), (4,10), (5,3), (2,10), (1,5), (1,6), (4,3), (5,10), (2,3), (5,2), (1,4), (1,3), (1,10), (5,1), (1,9), (1,8), (1,2), (1,1), (1,7), (2,1), (3,1)
------------------------
Iteración 40
-----------
Abiertos = (4,1)
Cerrados = (3,8), (4,8), (4,7), (5,8), (3,7), (5,7), (3,6), (3,9), (3,10), (5,6), (3,5), (2,6), (5,9), (5,5), (3,4), (5,4), (2,4), (2,5), (3,3), (4,10), (5,3), (2,10), (1,5), (1,6), (4,3), (5,10), (2,3), (5,2), (1,4), (1,3), (1,10), (5,1), (1,9), (1,8), (1,2), (1,1), (1,7), (2,1), (3,1), (4,1)
------------------------
No se ha encontrado ningún camino al destino.
Iteración 0
-----------
Abiertos = (3,8)
Cerrados = 
------------------------
Iteración 1
-----------
Abiertos = (3,7), (4,8), (3,9)
Cerrados = (3,8)
------------------------
Iteración 2
-----------
Abiertos = (3,6), (4,7), (4,8), (3,9)
Cerrados = (3,8), (3,7)
------------------------
Iteración 3
-----------
Abiertos = (3,6), (4,8), (5,7), (3,9), (4,8)
Cerrados = (3,8), (3,7), (4,7)
------------------------
Iteración 4
-----------
Abiertos = (4,8), (5,7), (3,9), (3,5), (4,8), (2,6)
Cerrados = (3,8), (3,7), (4,7), (3,6)
------------------------
Iteración 5
-----------
Abiertos = (4,8), (3,9), (3,5), (5,8), (4,8), (5,6), (2,6)
Cerrados = (3,8), (3,7), (4,7), (3,6), (5,7)
------------------------
Iteración 6
-----------
Abiertos = (5,8), (3,9), (3,5), (5,8), (4,8), (5,6), (2,6)
Cerrados = (3,8), (3,7), (4,7), (3,6), (5,7), (4,8)
------------------------
Iteración 7
-----------
Abiertos = (3,9), (3,5), (5,8), (4,8), (5,6), (2,6), (5,9)
Cerrados = (3,8), (3,7), (4,7), (3,6), (5,7), (4,8), (5,8)
------------------------
Iteración 8
-----------
Abiertos = (3,5), (5,8), (4,8), (3,10), (5,6), (2,6), (5,9)
Cerrados = (3,8), (3,7), (4,7), (3,6), (5,7), (4,8), (5,8), (3,9)
------------------------
Iteración 9
-----------
Abiertos = (5,8), (4,8), (3,10), (3,4), (5,6), (2,6), (2,5), (5,9)
Cerrados = (3,8), (3,7), (4,7), (3,6), (5,7), (4,8), (5,8), (3,9), (3,5)
------------------------
Iteración 10
-----------
Abiertos = (5,6), (3,4), (2,6), (2,5), (4,10), (2,10), (5,9)
Cerrados = (3,8), (3,7), (4,7), (3,6), (5,7), (4,8), (5,8), (3,9), (3,5), (3,10)
------------------------
Iteración 11
-----------
Abiertos = (3,3), (5,6), (2,6), (2,4), (2,5), (4,10), (2,10), (5,9)
Cerrados = (3,8), (3,7), (4,7), (3,6), (5,7), (4,8), (5,8), (3,9), (3,5), (3,10), (3,4)
------------------------
Iteración 12
-----------
Abiertos = (3,3), (2,6), (5,5), (2,4), (2,5), (4,10), (2,10), (5,9)
Cerrados = (3,8), (3,7), (4,7), (3,6), (5,7), (4,8), (5,8), (3,9), (3,5), (3,10), (3,4), (5,6)
------------------------
Iteración 13
-----------
Abiertos = (2,6), (4,3), (5,5), (2,4), (2,5), (4,10), (2,10), (5,9), (2,3)
Cerrados = (3,8), (3,7), (4,7), (3,6), (5,7), (4,8), (5,8), (3,9), (3,5), (3,10), (3,4), (5,6), (3,3)
------------------------
Iteración 14
-----------
Abiertos = (2,6), (5,5), (2,4), (2,5), (4,10), (5,3), (2,10), (5,9), (2,3)
Cerrados = (3,8), (3,7), (4,7), (3,6), (5,7), (4,8), (5,8), (3,9), (3,5), (3,10), (3,4), (5,6), (3,3), (4,3)
------------------------
Iteración 15
-----------
Abiertos = (2,6), (5,4), (2,4), (2,5), (4,10), (5,3), (2,10), (5,9), (2,3)
Cerrados = (3,8), (3,7), (4,7), (3,6), (5,7), (4,8), (5,8), (3,9), (3,5), (3,10), (3,4), (5,6), (3,3), (4,3), (5,5)
------------------------
Iteración 16
-----------
Abiertos = (5,4), (2,4), (2,5), (2,5), (4,10), (5,3), (2,10), (5,9), (1,6), (2,3)
Cerrados = (3,8), (3,7), (4,7), (3,6), (5,7), (4,8), (5,8), (3,9), (3,5), (3,10), (3,4), (5,6), (3,3), (4,3), (5,5), (2,6)
------------------------
Iteración 17
-----------
Abiertos = (5,4), (2,5), (2,5), (4,10), (5,3), (2,10), (5,9), (1,6), (2,3), (2,3), (2,5), (1,4)
Cerrados = (3,8), (3,7), (4,7), (3,6), (5,7), (4,8), (5,8), (3,9), (3,5), (3,10), (3,4), (5,6), (3,3), (4,3), (5,5), (2,6), (2,4)
------------------------
Iteración 18
-----------
Abiertos = (5,4), (2,5), (4,10), (5,3), (2,10), (5,9), (1,5), (1,6), (2,3), (2,3), (2,5), (1,4)
Cerrados = (3,8), (3,7), (4,7), (3,6), (5,7), (4,8), (5,8), (3,9), (3,5), (3,10), (3,4), (5,6), (3,3), (4,3), (5,5), (2,6), (2,4), (2,5)
------------------------
Iteración 19
-----------
Abiertos = (2,5), (4,10), (5,3), (5,3), (2,10), (5,9), (1,5), (1,6), (2,3), (2,3), (2,5), (1,4)
Cerrados = (3,8), (3,7), (4,7), (3,6), (5,7), (4,8), (5,8), (3,9), (3,5), (3,10), (3,4), (5,6), (3,3), (4,3), (5,5), (2,6), (2,4), (2,5), (5,4)
------------------------
Iteración 20
-----------
Abiertos = (4,10), (5,3), (2,10), (5,9), (1,5), (1,6), (5,2), (2,3), (2,3), (1,4), (2,5)
Cerrados = (3,8), (3,7), (4,7), (3,6), (5,7), (4,8), (5,8), (3,9), (3,5), (3,10), (3,4), (5,6), (3,3), (4,3), (5,5), (2,6), (2,4), (2,5), (5,4), (5,3)
------------------------
Iteración 21
-----------
Abiertos = (5,3), (2,10), (5,9), (1,5), (1,6), (5,10), (5,2), (2,3), (2,3), (2,5), (1,4)
Cerrados = (3,8), (3,7), (4,7), (3,6), (5,7), (4,8), (5,8), (3,9), (3,5), (3,10), (3,4), (5,6), (3,3), (4,3), (5,5), (2,6), (2,4), (2,5), (5,4), (5,3), (4,10)
------------------------
Iteración 22
-----------
Abiertos = (5,3), (1,5), (5,9), (1,6), (5,10), (5,2), (2,3), (2,3), (1,10), (2,5), (1,4)
Cerrados = (3,8), (3,7), (4,7), (3,6), (5,7), (4,8), (5,8), (3,9), (3,5), (3,10), (3,4), (5,6), (3,3), (4,3), (5,5), (2,6), (2,4), (2,5), (5,4), (5,3), (4,10), (2,10)
------------------------
Iteración 23
-----------
Abiertos = (5,3), (5,9), (1,6), (5,10), (5,2), (2,3), (2,3), (1,10), (2,5), (1,4), (1,4), (1,6)
Cerrados = (3,8), (3,7), (4,7), (3,6), (5,7), (4,8), (5,8), (3,9), (3,5), (3,10), (3,4), (5,6), (3,3), (4,3), (5,5), (2,6), (2,4), (2,5), (5,4), (5,3), (4,10), (2,10), (1,5)
------------------------
Iteración 24
-----------
Abiertos = (5,10), (1,6), (5,2), (2,3), (2,3), (1,10), (1,4), (2,5), (1,4), (5,10), (1,6)
Cerrados = (3,8), (3,7), (4,7), (3,6), (5,7), (4,8), (5,8), (3,9), (3,5), (3,10), (3,4), (5,6), (3,3), (4,3), (5,5), (2,6), (2,4), (2,5), (5,4), (5,3), (4,10), (2,10), (1,5), (5,9)
------------------------
Iteración 25
-----------
Abiertos = (5,10), (5,2), (2,3), (2,3), (1,10), (2,5), (1,4), (1,4), (5,10), (1,6), (1,7)
Cerrados = (3,8), (3,7), (4,7), (3,6), (5,7), (4,8), (5,8), (3,9), (3,5), (3,10), (3,4), (5,6), (3,3), (4,3), (5,5), (2,6), (2,4), (2,5), (5,4), (5,3), (4,10), (2,10), (1,5), (5,9), (1,6)
------------------------
Iteración 26
-----------
Abiertos = (5,2), (2,3), (2,3), (1,10), (2,5), (1,4), (1,4), (5,10), (1,6), (1,7)
Cerrados = (3,8), (3,7), (4,7), (3,6), (5,7), (4,8), (5,8), (3,9), (3,5), (3,10), (3,4), (5,6), (3,3), (4,3), (5,5), (2,6), (2,4), (2,5), (5,4), (5,3), (4,10), (2,10), (1,5), (5,9), (1,6), (5,10)
------------------------
Iteración 27
-----------
Abiertos = (5,2), (2,3), (1,10), (1,4), (1,4), (2,5), (1,3), (5,10), (1,6), (1,7)
Cerrados = (3,8), (3,7), (4,7), (3,6), (5,7), (4,8), (5,8), (3,9), (3,5), (3,10), (3,4), (5,6), (3,3), (4,3), (5,5), (2,6), (2,4), (2,5), (5,4), (5,3), (4,10), (2,10), (1,5), (5,9), (1,6), (5,10), (2,3)
------------------------
Iteración 28
-----------
Abiertos = (1,10), (1,4), (2,5), (1,4), (5,1), (1,3), (5,10), (1,6), (1,7)
Cerrados = (3,8), (3,7), (4,7), (3,6), (5,7), (4,8), (5,8), (3,9), (3,5), (3,10), (3,4), (5,6), (3,3), (4,3), (5,5), (2,6), (2,4), (2,5), (5,4), (5,3), (4,10), (2,10), (1,5), (5,9), (1,6), (5,10), (2,3), (5,2)
------------------------
Iteración 29
-----------
Abiertos = (2,5), (1,4), (1,4), (5,1), (1,9), (1,3), (5,10), (1,6), (1,7)
Cerrados = (3,8), (3,7), (4,7), (3,6), (5,7), (4,8), (5,8), (3,9), (3,5), (3,10), (3,4), (5,6), (3,3), (4,3), (5,5), (2,6), (2,4), (2,5), (5,4), (5,3), (4,10), (2,10), (1,5), (5,9), (1,6), (5,10), (2,3), (5,2), (1,10)
------------------------
Iteración 30
-----------
Abiertos = (1,3), (1,4), (5,1), (1,9), (1,3), (5,10), (1,6), (1,7)
Cerrados = (3,8), (3,7), (4,7), (3,6), (5,7), (4,8), (5,8), (3,9), (3,5), (3,10), (3,4), (5,6), (3,3), (4,3), (5,5), (2,6), (2,4), (2,5), (5,4), (5,3), (4,10), (2,10), (1,5), (5,9), (1,6), (5,10), (2,3), (5,2), (1,10), (1,4)
------------------------
Iteración 31
-----------
Abiertos = (5,1), (1,9), (1,3), (5,10), (1,6), (1,2), (1,7)
Cerrados = (3,8), (3,7), (4,7), (3,6), (5,7), (4,8), (5,8), (3,9), (3,5), (3,10), (3,4), (5,6), (3,3), (4,3), (5,5), (2,6), (2,4), (2,5), (5,4), (5,3), (4,10), (2,10), (1,5), (5,9), (1,6), (5,10), (2,3), (5,2), (1,10), (1,4), (1,3)
------------------------
Iteración 32
-----------
Abiertos = (1,9), (1,3), (5,10), (1,6), (1,2), (1,7), (4,1)
Cerrados = (3,8), (3,7), (4,7), (3,6), (5,7), (4,8), (5,8), (3,9), (3,5), (3,10), (3,4), (5,6), (3,3), (4,3), (5,5), (2,6), (2,4), (2,5), (5,4), (5,3), (4,10), (2,10), (1,5), (5,9), (1,6), (5,10), (2,3), (5,2), (1,10), (1,4), (1,3), (5,1)
------------------------
Iteración 33
-----------
Abiertos = (1,8), (1,6), (5,10), (1,2), (1,7), (4,1)
Cerrados = (3,8), (3,7), (4,7), (3,6), (5,7), (4,8), (5,8), (3,9), (3,5), (3,10), (3,4), (5,6), (3,3), (4,3), (5,5), (2,6), (2,4), (2,5), (5,4), (5,3), (4,10), (2,10), (1,5), (5,9), (1,6), (5,10), (2,3), (5,2), (1,10), (1,4), (1,3), (5,1), (1,9)
------------------------
Iteración 34
-----------
Abiertos = (5,10), (1,2), (1,7), (1,7), (4,1)
Cerrados = (3,8), (3,7), (4,7), (3,6), (5,7), (4,8), (5,8), (3,9), (3,5), (3,10), (3,4), (5,6), (3,3), (4,3), (5,5), (2,6), (2,4), (2,5), (5,4), (5,3), (4,10), (2,10), (1,5), (5,9), (1,6), (5,10), (2,3), (5,2), (1,10), (1,4), (1,3), (5,1), (1,9), (1,8)
------------------------
Iteración 35
-----------
Abiertos = (5,10), (1,1), (1,7), (1,7), (4,1)
Cerrados = (3,8), (3,7), (4,7), (3,6), (5,7), (4,8), (5,8), (3,9), (3,5), (3,10), (3,4), (5,6), (3,3), (4,3), (5,5), (2,6), (2,4), (2,5), (5,4), (5,3), (4,10), (2,10), (1,5), (5,9), (1,6), (5,10), (2,3), (5,2), (1,10), (1,4), (1,3), (5,1), (1,9), (1,8), (1,2)
------------------------
Iteración 36
-----------
Abiertos = (1,7), (1,7), (2,1), (4,1)
Cerrados = (3,8), (3,7), (4,7), (3,6), (5,7), (4,8), (5,8), (3,9), (3,5), (3,10), (3,4), (5,6), (3,3), (4,3), (5,5), (2,6), (2,4), (2,5), (5,4), (5,3), (4,10), (2,10), (1,5), (5,9), (1,6), (5,10), (2,3), (5,2), (1,10), (1,4), (1,3), (5,1), (1,9), (1,8), (1,2), (1,1)
------------------------
Iteración 37
-----------
Abiertos = (1,7), (2,1), (4,1)
Cerrados = (3,8), (3,7), (4,7), (3,6), (5,7), (4,8), (5,8), (3,9), (3,5), (3,10), (3,4), (5,6), (3,3), (4,3), (5,5), (2,6), (2,4), (2,5), (5,4), (5,3), (4,10), (2,10), (1,5), (5,9), (1,6), (5,10), (2,3), (5,2), (1,10), (1,4), (1,3), (5,1), (1,9), (1,8), (1,2), (1,1), (1,7)
------------------------
Iteración 38
-----------
Abiertos = (3,1), (4,1)
Cerrados = (3,8), (3,7), (4,7), (3,6), (5,7), (4,8), (5,8), (3,9), (3,5), (3,10), (3,4), (5,6), (3,3), (4,3), (5,5), (2,6), (2,4), (2,5), (5,4), (5,3), (4,10), (2,10), (1,5), (5,9), (1,6), (5,10), (2,3), (5,2), (1,10), (1,4), (1,3), (5,1), (1,9), (1,8), (1,2), (1,1), (1,7), (2,1)
------------------------
Iteración 39
-----------
Abiertos = (3,1), (3,1)
Cerrados = (3,8), (3,7), (4,7), (3,6), (5,7), (4,8), (5,8), (3,9), (3,5), (3,10), (3,4), (5,6), (3,3), (4,3), (5,5), (2,6), (2,4), (2,5), (5,4), (5,3), (4,10), (2,10), (1,5), (5,9), (1,6), (5,10), (2,3), (5,2), (1,10), (1,4), (1,3), (5,1), (1,9), (1,8), (1,2), (1,1), (1,7), (2,1), (4,1)
------------------------
Iteración 40
-----------
Abiertos = (3,1)
Cerrados = (3,8), (3,7), (4,7), (3,6), (5,7), (4,8), (5,8), (3,9), (3,5), (3,10), (3,4), (5,6), (3,3), (4,3), (5,5), (2,6), (2,4), (2,5), (5,4), (5,3), (4,10), (2,10), (1,5), (5,9), (1,6), (5,10), (2,3), (5,2), (1,10), (1,4), (1,3), (5,1), (1,9), (1,8), (1,2), (1,1), (1,7), (2,1), (4,1), (3,1)
------------------------
No se ha encontrado ningún camino al destino.
Iteración 0
-----------
Abiertos = (3,8)
Cerrados = 
------------------------
Iteración 1
-----------
Abiertos = (3,7), (4,8), (3,9)
Cerrados = (3,8)
------------------------
Iteración 2
-----------
Abiertos = (3,6), (4,7), (4,8), (3,9)
Cerrados = (3,8), (3,7)
------------------------
Iteración 3
-----------
Abiertos = (3,6), (4,8), (5,7), (3,9), (4,8)
Cerrados = (3,8), (3,7), (4,7)
------------------------
Iteración 4
-----------
Abiertos = (3,6), (5,8), (5,7), (3,9), (4,8)
Cerrados = (3,8), (3,7), (4,7), (4,8)
------------------------
Iteración 5
-----------
Abiertos = (3,6), (5,7), (5,7), (3,9), (4,8), (5,9)
Cerrados = (3,8), (3,7), (4,7), (4,8), (5,8)
------------------------
Iteración 6
-----------
Abiertos = (5,7), (5,7), (3,9), (3,5), (4,8), (5,9), (2,6)
Cerrados = (3,8), (3,7), (4,7), (4,8), (5,8), (3,6)
------------------------
Iteración 7
-----------
Abiertos = (5,7), (3,9), (3,5), (4,8), (5,6), (5,9), (2,6)
Cerrados = (3,8), (3,7), (4,7), (4,8), (5,8), (3,6), (5,7)
------------------------
Iteración 8
-----------
Abiertos = (3,5), (4,8), (3,10), (5,6), (2,6), (5,9)
Cerrados = (3,8), (3,7), (4,7), (4,8), (5,8), (3,6), (5,7), (3,9)
------------------------
Iteración 9
-----------
Abiertos = (3,5), (5,6), (5,9), (2,6), (4,10), (2,10)
Cerrados = (3,8), (3,7), (4,7), (4,8), (5,8), (3,6), (5,7), (3,9), (3,10)
------------------------
Iteración 10
-----------
Abiertos = (5,6), (3,4), (5,9), (2,6), (2,5), (4,10), (2,10)
Cerrados = (3,8), (3,7), (4,7), (4,8), (5,8), (3,6), (5,7), (3,9), (3,10), (3,5)
------------------------
Iteración 11
-----------
Abiertos = (3,4), (5,9), (2,6), (5,5), (2,5), (4,10), (2,10)
Cerrados = (3,8), (3,7), (4,7), (4,8), (5,8), (3,6), (5,7), (3,9), (3,10), (3,5), (5,6)
------------------------
Iteración 12
-----------
Abiertos = (3,3), (2,6), (5,9), (5,5), (2,4), (2,5), (4,10), (2,10)
Cerrados = (3,8), (3,7), (4,7), (4,8), (5,8), (3,6), (5,7), (3,9), (3,10), (3,5), (5,6), (3,4)
------------------------
Iteración 13
-----------
Abiertos = (3,3), (5,9), (5,5), (2,4), (2,5), (2,5), (4,10), (2,10), (1,6)
Cerrados = (3,8), (3,7), (4,7), (4,8), (5,8), (3,6), (5,7), (3,9), (3,10), (3,5), (5,6), (3,4), (2,6)
------------------------
Iteración 14
-----------
Abiertos = (3,3), (5,5), (2,4), (2,5), (2,5), (4,10), (2,10), (5,10), (1,6)
Cerrados = (3,8), (3,7), (4,7), (4,8), (5,8), (3,6), (5,7), (3,9), (3,10), (3,5), (5,6), (3,4), (2,6), (5,9)
------------------------
Iteración 15
-----------
Abiertos = (3,3), (5,4), (2,4), (2,5), (2,5), (4,10), (2,10), (5,10), (1,6)
Cerrados = (3,8), (3,7), (4,7), (4,8), (5,8), (3,6), (5,7), (3,9), (3,10), (3,5), (5,6), (3,4), (2,6), (5,9), (5,5)
------------------------
Iteración 16
-----------
Abiertos = (3,3), (2,4), (2,5), (2,5), (4,10), (5,3), (2,10), (5,10), (1,6)
Cerrados = (3,8), (3,7), (4,7), (4,8), (5,8), (3,6), (5,7), (3,9), (3,10), (3,5), (5,6), (3,4), (2,6), (5,9), (5,5), (5,4)
------------------------
Iteración 17
-----------
Abiertos = (3,3), (2,5), (2,5), (4,10), (5,3), (2,10), (5,10), (1,6), (2,3), (1,4), (2,5)
Cerrados = (3,8), (3,7), (4,7), (4,8), (5,8), (3,6), (5,7), (3,9), (3,10), (3,5), (5,6), (3,4), (2,6), (5,9), (5,5), (5,4), (2,4)
------------------------
Iteración 18
-----------
Abiertos = (3,3), (2,5), (4,10), (5,3), (2,10), (1,5), (1,6), (5,10), (2,3), (1,4), (2,5)
Cerrados = (3,8), (3,7), (4,7), (4,8), (5,8), (3,6), (5,7), (3,9), (3,10), (3,5), (5,6), (3,4), (2,6), (5,9), (5,5), (5,4), (2,4), (2,5)
------------------------
Iteración 19
-----------
Abiertos = (3,3), (5,3), (2,10), (1,5), (1,6), (5,10), (5,10), (2,3), (1,4), (2,5)
Cerrados = (3,8), (3,7), (4,7), (4,8), (5,8), (3,6), (5,7), (3,9), (3,10), (3,5), (5,6), (3,4), (2,6), (5,9), (5,5), (5,4), (2,4), (2,5), (4,10)
------------------------
Iteración 20
-----------
Abiertos = (4,3), (5,3), (2,10), (1,5), (1,6), (5,10), (5,10), (2,3), (2,3), (2,5), (1,4)
Cerrados = (3,8), (3,7), (4,7), (4,8), (5,8), (3,6), (5,7), (3,9), (3,10), (3,5), (5,6), (3,4), (2,6), (5,9), (5,5), (5,4), (2,4), (2,5), (4,10), (3,3)
------------------------
Iteración 21
-----------
Abiertos = (4,3), (2,10), (1,5), (1,6), (5,10), (5,10), (5,2), (2,3), (2,3), (2,5), (1,4), (4,3)
Cerrados = (3,8), (3,7), (4,7), (4,8), (5,8), (3,6), (5,7), (3,9), (3,10), (3,5), (5,6), (3,4), (2,6), (5,9), (5,5), (5,4), (2,4), (2,5), (4,10), (3,3), (5,3)
------------------------
Iteración 22
-----------
Abiertos = (2,10), (1,5), (1,6), (5,10), (5,10), (5,2), (2,3), (2,3), (2,5), (1,4), (4,3)
Cerrados = (3,8), (3,7), (4,7), (4,8), (5,8), (3,6), (5,7), (3,9), (3,10), (3,5), (5,6), (3,4), (2,6), (5,9), (5,5), (5,4), (2,4), (2,5), (4,10), (3,3), (5,3), (4,3)
------------------------
Iteración 23
-----------
Abiertos = (1,5), (5,10), (1,6), (5,10), (5,2), (2,3), (2,3), (1,10), (1,4), (2,5), (4,3)
Cerrados = (3,8), (3,7), (4,7), (4,8), (5,8), (3,6), (5,7), (3,9), (3,10), (3,5), (5,6), (3,4), (2,6), (5,9), (5,5), (5,4), (2,4), (2,5), (4,10), (3,3), (5,3), (4,3), (2,10)
------------------------
Iteración 24
-----------
Abiertos = (1,6), (5,10), (5,10), (5,2), (2,3), (2,3), (1,10), (2,5), (1,4), (1,4), (4,3), (1,6)
Cerrados = (3,8), (3,7), (4,7), (4,8), (5,8), (3,6), (5,7), (3,9), (3,10), (3,5), (5,6), (3,4), (2,6), (5,9), (5,5), (5,4), (2,4), (2,5), (4,10), (3,3), (5,3), (4,3), (2,10), (1,5)
------------------------
Iteración 25
-----------
Abiertos = (5,10), (1,6), (5,2), (2,3), (2,3), (1,10), (2,5), (1,4), (1,4), (4,3), (1,6)
Cerrados = (3,8), (3,7), (4,7), (4,8), (5,8), (3,6), (5,7), (3,9), (3,10), (3,5), (5,6), (3,4), (2,6), (5,9), (5,5), (5,4), (2,4), (2,5), (4,10), (3,3), (5,3), (4,3), (2,10), (1,5), (5,10)
------------------------
Iteración 26
-----------
Abiertos = (5,10), (5,2), (2,3), (2,3), (1,10), (2,5), (1,4), (1,4), (4,3), (1,6), (1,7)
Cerrados = (3,8), (3,7), (4,7), (4,8), (5,8), (3,6), (5,7), (3,9), (3,10), (3,5), (5,6), (3,4), (2,6), (5,9), (5,5), (5,4), (2,4), (2,5), (4,10), (3,3), (5,3), (4,3), (2,10), (1,5), (5,10), (1,6)
------------------------
Iteración 27
-----------
Abiertos = (5,10), (2,3), (2,3), (1,10), (2,5), (1,4), (1,4), (5,1), (4,3), (1,6), (1,7)
Cerrados = (3,8), (3,7), (4,7), (4,8), (5,8), (3,6), (5,7), (3,9), (3,10), (3,5), (5,6), (3,4), (2,6), (5,9), (5,5), (5,4), (2,4), (2,5), (4,10), (3,3), (5,3), (4,3), (2,10), (1,5), (5,10), (1,6), (5,2)
------------------------
Iteración 28
-----------
Abiertos = (2,3), (1,10), (2,5), (1,4), (1,4), (5,1), (4,3), (1,3), (1,6), (1,7)
Cerrados = (3,8), (3,7), (4,7), (4,8), (5,8), (3,6), (5,7), (3,9), (3,10), (3,5), (5,6), (3,4), (2,6), (5,9), (5,5), (5,4), (2,4), (2,5), (4,10), (3,3), (5,3), (4,3), (2,10), (1,5), (5,10), (1,6), (5,2), (2,3)
------------------------
Iteración 29
-----------
Abiertos = (1,4), (1,4), (2,5), (5,1), (4,3), (1,9), (1,3), (1,6), (1,7)
Cerrados = (3,8), (3,7), (4,7), (4,8), (5,8), (3,6), (5,7), (3,9), (3,10), (3,5), (5,6), (3,4), (2,6), (5,9), (5,5), (5,4), (2,4), (2,5), (4,10), (3,3), (5,3), (4,3), (2,10), (1,5), (5,10), (1,6), (5,2), (2,3), (1,10)
------------------------
Iteración 30
-----------
Abiertos = (1,3), (2,5), (1,4), (5,1), (4,3), (1,9), (1,3), (1,6), (1,7)
Cerrados = (3,8), (3,7), (4,7), (4,8), (5,8), (3,6), (5,7), (3,9), (3,10), (3,5), (5,6), (3,4), (2,6), (5,9), (5,5), (5,4), (2,4), (2,5), (4,10), (3,3), (5,3), (4,3), (2,10), (1,5), (5,10), (1,6), (5,2), (2,3), (1,10), (1,4)
------------------------
Iteración 31
-----------
Abiertos = (1,4), (2,5), (5,1), (4,3), (1,9), (1,3), (1,6), (1,2), (1,7)
Cerrados = (3,8), (3,7), (4,7), (4,8), (5,8), (3,6), (5,7), (3,9), (3,10), (3,5), (5,6), (3,4), (2,6), (5,9), (5,5), (5,4), (2,4), (2,5), (4,10), (3,3), (5,3), (4,3), (2,10), (1,5), (5,10), (1,6), (5,2), (2,3), (1,10), (1,4), (1,3)
------------------------
Iteración 32
-----------
Abiertos = (1,9), (1,3), (1,6), (1,2), (1,7), (4,1)
Cerrados = (3,8), (3,7), (4,7), (4,8), (5,8), (3,6), (5,7), (3,9), (3,10), (3,5), (5,6), (3,4), (2,6), (5,9), (5,5), (5,4), (2,4), (2,5), (4,10), (3,3), (5,3), (4,3), (2,10), (1,5), (5,10), (1,6), (5,2), (2,3), (1,10), (1,4), (1,3), (5,1)
------------------------
Iteración 33
-----------
Abiertos = (1,9), (1,1), (1,7), (4,1)
Cerrados = (3,8), (3,7), (4,7), (4,8), (5,8), (3,6), (5,7), (3,9), (3,10), (3,5), (5,6), (3,4), (2,6), (5,9), (5,5), (5,4), (2,4), (2,5), (4,10), (3,3), (5,3), (4,3), (2,10), (1,5), (5,10), (1,6), (5,2), (2,3), (1,10), (1,4), (1,3), (5,1), (1,2)
------------------------
Iteración 34
-----------
Abiertos = (1,9), (1,7), (2,1), (4,1)
Cerrados = (3,8), (3,7), (4,7), (4,8), (5,8), (3,6), (5,7), (3,9), (3,10), (3,5), (5,6), (3,4), (2,6), (5,9), (5,5), (5,4), (2,4), (2,5), (4,10), (3,3), (5,3), (4,3), (2,10), (1,5), (5,10), (1,6), (5,2), (2,3), (1,10), (1,4), (1,3), (5,1), (1,2), (1,1)
------------------------
Iteración 35
-----------
Abiertos = (1,8), (1,7), (2,1), (4,1)
Cerrados = (3,8), (3,7), (4,7), (4,8), (5,8), (3,6), (5,7), (3,9), (3,10), (3,5), (5,6), (3,4), (2,6), (5,9), (5,5), (5,4), (2,4), (2,5), (4,10), (3,3), (5,3), (4,3), (2,10), (1,5), (5,10), (1,6), (5,2), (2,3), (1,10), (1,4), (1,3), (5,1), (1,2), (1,1), (1,9)
------------------------
Iteración 36
-----------
Abiertos = (1,7), (1,7), (2,1), (4,1)
Cerrados = (3,8), (3,7), (4,7), (4,8), (5,8), (3,6), (5,7), (3,9), (3,10), (3,5), (5,6), (3,4), (2,6), (5,9), (5,5), (5,4), (2,4), (2,5), (4,10), (3,3), (5,3), (4,3), (2,10), (1,5), (5,10), (1,6), (5,2), (2,3), (1,10), (1,4), (1,3), (5,1), (1,2), (1,1), (1,9), (1,8)
------------------------
Iteración 37
-----------
Abiertos = (1,7), (2,1), (4,1)
Cerrados = (3,8), (3,7), (4,7), (4,8), (5,8), (3,6), (5,7), (3,9), (3,10), (3,5), (5,6), (3,4), (2,6), (5,9), (5,5), (5,4), (2,4), (2,5), (4,10), (3,3), (5,3), (4,3), (2,10), (1,5), (5,10), (1,6), (5,2), (2,3), (1,10), (1,4), (1,3), (5,1), (1,2), (1,1), (1,9), (1,8), (1,7)
------------------------
Iteración 38
-----------
Abiertos = (2,1), (3,1)
Cerrados = (3,8), (3,7), (4,7), (4,8), (5,8), (3,6), (5,7), (3,9), (3,10), (3,5), (5,6), (3,4), (2,6), (5,9), (5,5), (5,4), (2,4), (2,5), (4,10), (3,3), (5,3), (4,3), (2,10), (1,5), (5,10), (1,6), (5,2), (2,3), (1,10), (1,4), (1,3), (5,1), (1,2), (1,1), (1,9), (1,8), (1,7), (4,1)
------------------------
Iteración 39
-----------
Abiertos = (2,1), (2,1)
Cerrados = (3,8), (3,7), (4,7), (4,8), (5,8), (3,6), (5,7), (3,9), (3,10), (3,5), (5,6), (3,4), (2,6), (5,9), (5,5), (5,4), (2,4), (2,5), (4,10), (3,3), (5,3), (4,3), (2,10), (1,5), (5,10), (1,6), (5,2), (2,3), (1,10), (1,4), (1,3), (5,1), (1,2), (1,1), (1,9), (1,8), (1,7), (4,1), (3,1)
------------------------
Iteración 40
-----------
Abiertos = (2,1)
Cerrados = (3,8), (3,7), (4,7), (4,8), (5,8), (3,6), (5,7), (3,9), (3,10), (3,5), (5,6), (3,4), (2,6), (5,9), (5,5), (5,4), (2,4), (2,5), (4,10), (3,3), (5,3), (4,3), (2,10), (1,5), (5,10), (1,6), (5,2), (2,3), (1,10), (1,4), (1,3), (5,1), (1,2), (1,1), (1,9), (1,8), (1,7), (4,1), (3,1), (2,1)
------------------------
No se ha encontrado ningún camino al destino.
Iteración 0
-----------
Abiertos = (3,8)
Cerrados = 
------------------------
Iteración 1
-----------
Abiertos = (3,7), (4,8), (3,9)
Cerrados = (3,8)
------------------------
Iteración 2
-----------
Abiertos = (4,7), (5,8), (3,7), (3,9)
Cerrados = (3,8), (4,8)
------------------------
Iteración 3
-----------
Abiertos = (5,8), (3,7), (5,7), (3,9), (3,7)
Cerrados = (3,8), (4,8), (4,7)
------------------------
Iteración 4
-----------
Abiertos = (5,8), (3,6), (5,7), (3,9), (3,7)
Cerrados = (3,8), (4,8), (4,7), (3,7)
------------------------
Iteración 5
-----------
Abiertos = (5,8), (5,7), (3,9), (3,5), (3,7), (2,6)
Cerrados = (3,8), (4,8), (4,7), (3,7), (3,6)
------------------------
Iteración 6
-----------
Abiertos = (5,7), (5,7), (3,9), (3,5), (3,7), (2,6), (5,9)
Cerrados = (3,8), (4,8), (4,7), (3,7), (3,6), (5,8)
------------------------
Iteración 7
-----------
Abiertos = (5,7), (3,9), (3,5), (3,7), (5,6), (2,6), (5,9)
Cerrados = (3,8), (4,8), (4,7), (3,7), (3,6), (5,8), (5,7)
------------------------
Iteración 8
-----------
Abiertos = (5,7), (3,5), (3,7), (3,10), (5,6), (2,6), (5,9)
Cerrados = (3,8), (4,8), (4,7), (3,7), (3,6), (5,8), (5,7), (3,9)
------------------------
Iteración 9
-----------
Abiertos = (3,7), (3,10), (3,4), (5,6), (5,9), (2,6), (2,5)
Cerrados = (3,8), (4,8), (4,7), (3,7), (3,6), (5,8), (5,7), (3,9), (3,5)
------------------------
Iteración 10
-----------
Abiertos = (3,10), (3,3), (5,6), (5,9), (2,6), (2,4), (2,5)
Cerrados = (3,8), (4,8), (4,7), (3,7), (3,6), (5,8), (5,7), (3,9), (3,5), (3,4)
------------------------
Iteración 11
-----------
Abiertos = (3,10), (5,6), (5,9), (2,6), (4,3), (2,4), (2,5), (2,3)
Cerrados = (3,8), (4,8), (4,7), (3,7), (3,6), (5,8), (5,7), (3,9), (3,5), (3,4), (3,3)
------------------------
Iteración 12
-----------
Abiertos = (3,10), (5,9), (2,6), (4,3), (5,5), (2,4), (2,5), (2,3)
Cerrados = (3,8), (4,8), (4,7), (3,7), (3,6), (5,8), (5,7), (3,9), (3,5), (3,4), (3,3), (5,6)
------------------------
Iteración 13
-----------
Abiertos = (2,6), (5,9), (4,3), (5,5), (2,4), (2,5), (4,10), (2,10), (2,3)
Cerrados = (3,8), (4,8), (4,7), (3,7), (3,6), (5,8), (5,7), (3,9), (3,5), (3,4), (3,3), (5,6), (3,10)
------------------------
Iteración 14
-----------
Abiertos = (2,6), (4,3), (5,5), (2,4), (2,5), (4,10), (2,10), (5,10), (2,3)
Cerrados = (3,8), (4,8), (4,7), (3,7), (3,6), (5,8), (5,7), (3,9), (3,5), (3,4), (3,3), (5,6), (3,10), (5,9)
------------------------
Iteración 15
-----------
Abiertos = (2,6), (5,5), (2,4), (2,5), (4,10), (5,3), (2,10), (5,10), (2,3)
Cerrados = (3,8), (4,8), (4,7), (3,7), (3,6), (5,8), (5,7), (3,9), (3,5), (3,4), (3,3), (5,6), (3,10), (5,9), (4,3)
------------------------
Iteración 16
-----------
Abiertos = (5,5), (2,4), (2,5), (2,5), (4,10), (5,3), (2,10), (5,10), (1,6), (2,3)
Cerrados = (3,8), (4,8), (4,7), (3,7), (3,6), (5,8), (5,7), (3,9), (3,5), (3,4), (3,3), (5,6), (3,10), (5,9), (4,3), (2,6)
------------------------
Iteración 17
-----------
Abiertos = (5,5), (2,5), (2,5), (4,10), (5,3), (2,10), (5,10), (1,6), (2,3), (2,3), (2,5), (1,4)
Cerrados = (3,8), (4,8), (4,7), (3,7), (3,6), (5,8), (5,7), (3,9), (3,5), (3,4), (3,3), (5,6), (3,10), (5,9), (4,3), (2,6), (2,4)
------------------------
Iteración 18
-----------
Abiertos = (5,4), (2,5), (2,5), (4,10), (5,3), (2,10), (5,10), (1,6), (2,3), (2,3), (2,5), (1,4)
Cerrados = (3,8), (4,8), (4,7), (3,7), (3,6), (5,8), (5,7), (3,9), (3,5), (3,4), (3,3), (5,6), (3,10), (5,9), (4,3), (2,6), (2,4), (5,5)
------------------------
Iteración 19
-----------
Abiertos = (2,5), (2,5), (4,10), (5,3), (5,3), (2,10), (5,10), (1,6), (2,3), (2,3), (2,5), (1,4)
Cerrados = (3,8), (4,8), (4,7), (3,7), (3,6), (5,8), (5,7), (3,9), (3,5), (3,4), (3,3), (5,6), (3,10), (5,9), (4,3), (2,6), (2,4), (5,5), (5,4)
------------------------
Iteración 20
-----------
Abiertos = (2,5), (4,10), (5,3), (5,3), (2,10), (1,5), (5,10), (1,6), (2,3), (2,3), (2,5), (1,4)
Cerrados = (3,8), (4,8), (4,7), (3,7), (3,6), (5,8), (5,7), (3,9), (3,5), (3,4), (3,3), (5,6), (3,10), (5,9), (4,3), (2,6), (2,4), (5,5), (5,4), (2,5)
------------------------
Iteración 21
-----------
Abiertos = (5,3), (5,3), (2,10), (1,5), (5,10), (5,10), (1,6), (2,3), (2,3), (1,4), (2,5)
Cerrados = (3,8), (4,8), (4,7), (3,7), (3,6), (5,8), (5,7), (3,9), (3,5), (3,4), (3,3), (5,6), (3,10), (5,9), (4,3), (2,6), (2,4), (5,5), (5,4), (2,5), (4,10)
------------------------
Iteración 22
-----------
Abiertos = (5,3), (2,10), (1,5), (5,10), (5,10), (1,6), (5,2), (2,3), (2,3), (2,5), (1,4)
Cerrados = (3,8), (4,8), (4,7), (3,7), (3,6), (5,8), (5,7), (3,9), (3,5), (3,4), (3,3), (5,6), (3,10), (5,9), (4,3), (2,6), (2,4), (5,5), (5,4), (2,5), (4,10), (5,3)
------------------------
Iteración 23
-----------
Abiertos = (5,3), (1,5), (5,10), (5,10), (1,6), (5,2), (2,3), (2,3), (1,10), (2,5), (1,4)
Cerrados = (3,8), (4,8), (4,7), (3,7), (3,6), (5,8), (5,7), (3,9), (3,5), (3,4), (3,3), (5,6), (3,10), (5,9), (4,3), (2,6), (2,4), (5,5), (5,4), (2,5), (4,10), (5,3), (2,10)
------------------------
Iteración 24
-----------
Abiertos = (1,5), (5,10), (1,6), (5,2), (2,3), (2,3), (1,10), (1,4), (2,5)
Cerrados = (3,8), (4,8), (4,7), (3,7), (3,6), (5,8), (5,7), (3,9), (3,5), (3,4), (3,3), (5,6), (3,10), (5,9), (4,3), (2,6), (2,4), (5,5), (5,4), (2,5), (4,10), (5,3), (2,10), (5,10)
------------------------
Iteración 25
-----------
Abiertos = (1,6), (5,10), (5,2), (2,3), (2,3), (1,10), (1,4), (2,5), (1,4), (1,6)
Cerrados = (3,8), (4,8), (4,7), (3,7), (3,6), (5,8), (5,7), (3,9), (3,5), (3,4), (3,3), (5,6), (3,10), (5,9), (4,3), (2,6), (2,4), (5,5), (5,4), (2,5), (4,10), (5,3), (2,10), (5,10), (1,5)
------------------------
Iteración 26
-----------
Abiertos = (5,10), (5,2), (2,3), (2,3), (1,10), (1,4), (2,5), (1,4), (1,6), (1,7)
Cerrados = (3,8), (4,8), (4,7), (3,7), (3,6), (5,8), (5,7), (3,9), (3,5), (3,4), (3,3), (5,6), (3,10), (5,9), (4,3), (2,6), (2,4), (5,5), (5,4), (2,5), (4,10), (5,3), (2,10), (5,10), (1,5), (1,6)
------------------------
Iteración 27
-----------
Abiertos = (2,3), (2,3), (1,10), (1,4), (2,5), (1,4), (5,1), (1,6), (1,7)
Cerrados = (3,8), (4,8), (4,7), (3,7), (3,6), (5,8), (5,7), (3,9), (3,5), (3,4), (3,3), (5,6), (3,10), (5,9), (4,3), (2,6), (2,4), (5,5), (5,4), (2,5), (4,10), (5,3), (2,10), (5,10), (1,5), (1,6), (5,2)
------------------------
Iteración 28
-----------
Abiertos = (2,3), (1,10), (1,4), (2,5), (1,4), (5,1), (1,3), (1,6), (1,7)
Cerrados = (3,8), (4,8), (4,7), (3,7), (3,6), (5,8), (5,7), (3,9), (3,5), (3,4), (3,3), (5,6), (3,10), (5,9), (4,3), (2,6), (2,4), (5,5), (5,4), (2,5), (4,10), (5,3), (2,10), (5,10), (1,5), (1,6), (5,2), (2,3)
------------------------
Iteración 29
-----------
Abiertos = (2,3), (1,4), (2,5), (1,4), (5,1), (1,9), (1,3), (1,6), (1,7)
Cerrados = (3,8), (4,8), (4,7), (3,7), (3,6), (5,8), (5,7), (3,9), (3,5), (3,4), (3,3), (5,6), (3,10), (5,9), (4,3), (2,6), (2,4), (5,5), (5,4), (2,5), (4,10), (5,3), (2,10), (5,10), (1,5), (1,6), (5,2), (2,3), (1,10)
------------------------
Iteración 30
-----------
Abiertos = (1,3), (1,4), (5,1), (1,9), (1,3), (1,6), (1,7)
Cerrados = (3,8), (4,8), (4,7), (3,7), (3,6), (5,8), (5,7), (3,9), (3,5), (3,4), (3,3), (5,6), (3,10), (5,9), (4,3), (2,6), (2,4), (5,5), (5,4), (2,5), (4,10), (5,3), (2,10), (5,10), (1,5), (1,6), (5,2), (2,3), (1,10), (1,4)
------------------------
Iteración 31
-----------
Abiertos = (1,3), (1,9), (1,3), (1,6), (1,7), (4,1)
Cerrados = (3,8), (4,8), (4,7), (3,7), (3,6), (5,8), (5,7), (3,9), (3,5), (3,4), (3,3), (5,6), (3,10), (5,9), (4,3), (2,6), (2,4), (5,5), (5,4), (2,5), (4,10), (5,3), (2,10), (5,10), (1,5), (1,6), (5,2), (2,3), (1,10), (1,4), (5,1)
------------------------
Iteración 32
-----------
Abiertos = (1,3), (1,8), (1,3), (1,6), (1,7), (4,1)
Cerrados = (3,8), (4,8), (4,7), (3,7), (3,6), (5,8), (5,7), (3,9), (3,5), (3,4), (3,3), (5,6), (3,10), (5,9), (4,3), (2,6), (2,4), (5,5), (5,4), (2,5), (4,10), (5,3), (2,10), (5,10), (1,5), (1,6), (5,2), (2,3), (1,10), (1,4), (5,1), (1,9)
------------------------
Iteración 33
-----------
Abiertos = (1,8), (1,3), (1,6), (1,2), (1,7), (4,1)
Cerrados = (3,8), (4,8), (4,7), (3,7), (3,6), (5,8), (5,7), (3,9), (3,5), (3,4), (3,3), (5,6), (3,10), (5,9), (4,3), (2,6), (2,4), (5,5), (5,4), (2,5), (4,10), (5,3), (2,10), (5,10), (1,5), (1,6), (5,2), (2,3), (1,10), (1,4), (5,1), (1,9), (1,3)
------------------------
Iteración 34
-----------
Abiertos = (1,3), (1,6), (1,2), (1,7), (1,7), (4,1)
Cerrados = (3,8), (4,8), (4,7), (3,7), (3,6), (5,8), (5,7), (3,9), (3,5), (3,4), (3,3), (5,6), (3,10), (5,9), (4,3), (2,6), (2,4), (5,5), (5,4), (2,5), (4,10), (5,3), (2,10), (5,10), (1,5), (1,6), (5,2), (2,3), (1,10), (1,4), (5,1), (1,9), (1,3), (1,8)
------------------------
Iteración 35
-----------
Abiertos = (1,3), (1,1), (1,7), (1,7), (4,1)
Cerrados = (3,8), (4,8), (4,7), (3,7), (3,6), (5,8), (5,7), (3,9), (3,5), (3,4), (3,3), (5,6), (3,10), (5,9), (4,3), (2,6), (2,4), (5,5), (5,4), (2,5), (4,10), (5,3), (2,10), (5,10), (1,5), (1,6), (5,2), (2,3), (1,10), (1,4), (5,1), (1,9), (1,3), (1,8), (1,2)
------------------------
Iteración 36
-----------
Abiertos = (1,3), (1,7), (1,7), (2,1), (4,1)
Cerrados = (3,8), (4,8), (4,7), (3,7), (3,6), (5,8), (5,7), (3,9), (3,5), (3,4), (3,3), (5,6), (3,10), (5,9), (4,3), (2,6), (2,4), (5,5), (5,4), (2,5), (4,10), (5,3), (2,10), (5,10), (1,5), (1,6), (5,2), (2,3), (1,10), (1,4), (5,1), (1,9), (1,3), (1,8), (1,2), (1,1)
------------------------
Iteración 37
-----------
Abiertos = (1,7), (2,1), (4,1)
Cerrados = (3,8), (4,8), (4,7), (3,7), (3,6), (5,8), (5,7), (3,9), (3,5), (3,4), (3,3), (5,6), (3,10), (5,9), (4,3), (2,6), (2,4), (5,5), (5,4), (2,5), (4,10), (5,3), (2,10), (5,10), (1,5), (1,6), (5,2), (2,3), (1,10), (1,4), (5,1), (1,9), (1,3), (1,8), (1,2), (1,1), (1,7)
------------------------
Iteración 38
-----------
Abiertos = (2,1), (3,1)
Cerrados = (3,8), (4,8), (4,7), (3,7), (3,6), (5,8), (5,7), (3,9), (3,5), (3,4), (3,3), (5,6), (3,10), (5,9), (4,3), (2,6), (2,4), (5,5), (5,4), (2,5), (4,10), (5,3), (2,10), (5,10), (1,5), (1,6), (5,2), (2,3), (1,10), (1,4), (5,1), (1,9), (1,3), (1,8), (1,2), (1,1), (1,7), (4,1)
------------------------
Iteración 39
-----------
Abiertos = (3,1), (3,1)
Cerrados = (3,8), (4,8), (4,7), (3,7), (3,6), (5,8), (5,7), (3,9), (3,5), (3,4), (3,3), (5,6), (3,10), (5,9), (4,3), (2,6), (2,4), (5,5), (5,4), (2,5), (4,10), (5,3), (2,10), (5,10), (1,5), (1,6), (5,2), (2,3), (1,10), (1,4), (5,1), (1,9), (1,3), (1,8), (1,2), (1,1), (1,7), (4,1), (2,1)
------------------------
Iteración 40
-----------
Abiertos = (3,1)
Cerrados = (3,8), (4,8), (4,7), (3,7), (3,6), (5,8), (5,7), (3,9), (3,5), (3,4), (3,3), (5,6), (3,10), (5,9), (4,3), (2,6), (2,4), (5,5), (5,4), (2,5), (4,10), (5,3), (2,10), (5,10), (1,5), (1,6), (5,2), (2,3), (1,10), (1,4), (5,1), (1,9), (1,3), (1,8), (1,2), (1,1), (1,7), (4,1), (2,1), (3,1)
------------------------
No se ha encontrado ningún camino al destino.
Iteración 0
-----------
Abiertos = (3,8)
Cerrados = 
------------------------
Iteración 1
-----------
Abiertos = (3,7), (4,8), (3,9)
Cerrados = (3,8)
------------------------
Iteración 2
-----------
Abiertos = (3,6), (4,7), (4,8), (3,9)
Cerrados = (3,8), (3,7)
------------------------
Iteración 3
-----------
Abiertos = (3,6), (4,8), (5,7), (3,9), (4,8)
Cerrados = (3,8), (3,7), (4,7)
------------------------
Iteración 4
-----------
Abiertos = (4,8), (5,7), (3,9), (3,5), (4,8), (2,6)
Cerrados = (3,8), (3,7), (4,7), (3,6)
------------------------
Iteración 5
-----------
Abiertos = (5,8), (5,7), (3,9), (3,5), (4,8), (2,6)
Cerrados = (3,8), (3,7), (4,7), (3,6), (4,8)
------------------------
Iteración 6
-----------
Abiertos = (5,7), (5,7), (3,9), (3,5), (4,8), (5,9), (2,6)
Cerrados = (3,8), (3,7), (4,7), (3,6), (4,8), (5,8)
------------------------
Iteración 7
-----------
Abiertos = (5,7), (3,9), (3,5), (4,8), (5,6), (2,6), (5,9)
Cerrados = (3,8), (3,7), (4,7), (3,6), (4,8), (5,8), (5,7)
------------------------
Iteración 8
-----------
Abiertos = (5,7), (3,5), (4,8), (3,10), (5,6), (2,6), (5,9)
Cerrados = (3,8), (3,7), (4,7), (3,6), (4,8), (5,8), (5,7), (3,9)
------------------------
Iteración 9
-----------
Abiertos = (4,8), (3,10), (3,4), (5,6), (5,9), (2,6), (2,5)
Cerrados = (3,8), (3,7), (4,7), (3,6), (4,8), (5,8), (5,7), (3,9), (3,5)
------------------------
Iteración 10
-----------
Abiertos = (4,8), (3,4), (5,6), (5,9), (2,6), (2,5), (4,10), (2,10)
Cerrados = (3,8), (3,7), (4,7), (3,6), (4,8), (5,8), (5,7), (3,9), (3,5), (3,10)
------------------------
Iteración 11
-----------
Abiertos = (4,8), (3,3), (5,6), (5,9), (2,6), (2,4), (2,5), (4,10), (2,10)
Cerrados = (3,8), (3,7), (4,7), (3,6), (4,8), (5,8), (5,7), (3,9), (3,5), (3,10), (3,4)
------------------------
Iteración 12
-----------
Abiertos = (4,8), (5,6), (5,9), (2,6), (4,3), (2,4), (2,5), (4,10), (2,10), (2,3)
Cerrados = (3,8), (3,7), (4,7), (3,6), (4,8), (5,8), (5,7), (3,9), (3,5), (3,10), (3,4), (3,3)
------------------------
Iteración 13
-----------
Abiertos = (4,8), (5,9), (2,6), (4,3), (5,5), (2,4), (2,5), (4,10), (2,10), (2,3)
Cerrados = (3,8), (3,7), (4,7), (3,6), (4,8), (5,8), (5,7), (3,9), (3,5), (3,10), (3,4), (3,3), (5,6)
------------------------
Iteración 14
-----------
Abiertos = (5,9), (4,3), (5,5), (2,4), (2,5), (2,5), (4,10), (2,10), (1,6), (2,3)
Cerrados = (3,8), (3,7), (4,7), (3,6), (4,8), (5,8), (5,7), (3,9), (3,5), (3,10), (3,4), (3,3), (5,6), (2,6)
------------------------
Iteración 15
-----------
Abiertos = (4,3), (5,5), (2,4), (2,5), (2,5), (4,10), (2,10), (5,10), (1,6), (2,3)
Cerrados = (3,8), (3,7), (4,7), (3,6), (4,8), (5,8), (5,7), (3,9), (3,5), (3,10), (3,4), (3,3), (5,6), (2,6), (5,9)
------------------------
Iteración 16
-----------
Abiertos = (5,5), (2,4), (2,5), (2,5), (4,10), (5,3), (2,10), (5,10), (1,6), (2,3)
Cerrados = (3,8), (3,7), (4,7), (3,6), (4,8), (5,8), (5,7), (3,9), (3,5), (3,10), (3,4), (3,3), (5,6), (2,6), (5,9), (4,3)
------------------------
Iteración 17
-----------
Abiertos = (5,4), (2,4), (2,5), (2,5), (4,10), (5,3), (2,10), (1,6), (5,10), (2,3)
Cerrados = (3,8), (3,7), (4,7), (3,6), (4,8), (5,8), (5,7), (3,9), (3,5), (3,10), (3,4), (3,3), (5,6), (2,6), (5,9), (4,3), (5,5)
------------------------
Iteración 18
-----------
Abiertos = (5,4), (2,5), (2,5), (4,10), (5,3), (2,10), (5,10), (1,6), (2,3), (2,3), (1,4), (2,5)
Cerrados = (3,8), (3,7), (4,7), (3,6), (4,8), (5,8), (5,7), (3,9), (3,5), (3,10), (3,4), (3,3), (5,6), (2,6), (5,9), (4,3), (5,5), (2,4)
------------------------
Iteración 19
-----------
Abiertos = (5,4), (2,5), (4,10), (5,3), (2,10), (1,5), (5,10), (1,6), (2,3), (2,3), (1,4), (2,5)
Cerrados = (3,8), (3,7), (4,7), (3,6), (4,8), (5,8), (5,7), (3,9), (3,5), (3,10), (3,4), (3,3), (5,6), (2,6), (5,9), (4,3), (5,5), (2,4), (2,5)
------------------------
Iteración 20
-----------
Abiertos = (2,5), (4,10), (5,3), (5,3), (2,10), (1,5), (5,10), (1,6), (2,3), (2,3), (1,4), (2,5)
Cerrados = (3,8), (3,7), (4,7), (3,6), (4,8), (5,8), (5,7), (3,9), (3,5), (3,10), (3,4), (3,3), (5,6), (2,6), (5,9), (4,3), (5,5), (2,4), (2,5), (5,4)
------------------------
Iteración 21
-----------
Abiertos = (4,10), (5,3), (2,10), (1,5), (5,10), (1,6), (5,2), (2,3), (2,3), (1,4), (2,5)
Cerrados = (3,8), (3,7), (4,7), (3,6), (4,8), (5,8), (5,7), (3,9), (3,5), (3,10), (3,4), (3,3), (5,6), (2,6), (5,9), (4,3), (5,5), (2,4), (2,5), (5,4), (5,3)
------------------------
Iteración 22
-----------
Abiertos = (5,3), (2,10), (1,5), (5,10), (5,10), (1,6), (5,2), (2,3), (2,3), (1,4), (2,5)
Cerrados = (3,8), (3,7), (4,7), (3,6), (4,8), (5,8), (5,7), (3,9), (3,5), (3,10), (3,4), (3,3), (5,6), (2,6), (5,9), (4,3), (5,5), (2,4), (2,5), (5,4), (5,3), (4,10)
------------------------
Iteración 23
-----------
Abiertos = (2,10), (5,10), (5,10), (1,6), (5,2), (2,3), (2,3), (2,5), (1,4), (1,4), (1,6)
Cerrados = (3,8), (3,7), (4,7), (3,6), (4,8), (5,8), (5,7), (3,9), (3,5), (3,10), (3,4), (3,3), (5,6), (2,6), (5,9), (4,3), (5,5), (2,4), (2,5), (5,4), (5,3), (4,10), (1,5)
------------------------
Iteración 24
-----------
Abiertos = (5,10), (1,6), (5,10), (5,2), (2,3), (2,3), (1,10), (1,4), (1,4), (2,5), (1,6)
Cerrados = (3,8), (3,7), (4,7), (3,6), (4,8), (5,8), (5,7), (3,9), (3,5), (3,10), (3,4), (3,3), (5,6), (2,6), (5,9), (4,3), (5,5), (2,4), (2,5), (5,4), (5,3), (4,10), (1,5), (2,10)
------------------------
Iteración 25
-----------
Abiertos = (5,10), (5,10), (5,2), (2,3), (2,3), (1,10), (2,5), (1,4), (1,4), (1,6), (1,7)
Cerrados = (3,8), (3,7), (4,7), (3,6), (4,8), (5,8), (5,7), (3,9), (3,5), (3,10), (3,4), (3,3), (5,6), (2,6), (5,9), (4,3), (5,5), (2,4), (2,5), (5,4), (5,3), (4,10), (1,5), (2,10), (1,6)
------------------------
Iteración 26
-----------
Abiertos = (5,10), (5,2), (2,3), (2,3), (1,10), (2,5), (1,4), (1,4), (1,6), (1,7)
Cerrados = (3,8), (3,7), (4,7), (3,6), (4,8), (5,8), (5,7), (3,9), (3,5), (3,10), (3,4), (3,3), (5,6), (2,6), (5,9), (4,3), (5,5), (2,4), (2,5), (5,4), (5,3), (4,10), (1,5), (2,10), (1,6), (5,10)
------------------------
Iteración 27
-----------
Abiertos = (2,3), (2,3), (1,10), (2,5), (1,4), (1,4), (5,1), (1,6), (1,7)
Cerrados = (3,8), (3,7), (4,7), (3,6), (4,8), (5,8), (5,7), (3,9), (3,5), (3,10), (3,4), (3,3), (5,6), (2,6), (5,9), (4,3), (5,5), (2,4), (2,5), (5,4), (5,3), (4,10), (1,5), (2,10), (1,6), (5,10), (5,2)
------------------------
Iteración 28
-----------
Abiertos = (2,3), (1,10), (2,5), (1,4), (1,4), (5,1), (1,3), (1,6), (1,7)
Cerrados = (3,8), (3,7), (4,7), (3,6), (4,8), (5,8), (5,7), (3,9), (3,5), (3,10), (3,4), (3,3), (5,6), (2,6), (5,9), (4,3), (5,5), (2,4), (2,5), (5,4), (5,3), (4,10), (1,5), (2,10), (1,6), (5,10), (5,2), (2,3)
------------------------
Iteración 29
-----------
Abiertos = (2,3), (1,4), (2,5), (1,4), (5,1), (1,9), (1,3), (1,6), (1,7)
Cerrados = (3,8), (3,7), (4,7), (3,6), (4,8), (5,8), (5,7), (3,9), (3,5), (3,10), (3,4), (3,3), (5,6), (2,6), (5,9), (4,3), (5,5), (2,4), (2,5), (5,4), (5,3), (4,10), (1,5), (2,10), (1,6), (5,10), (5,2), (2,3), (1,10)
------------------------
Iteración 30
-----------
Abiertos = (2,3), (1,3), (2,5), (1,4), (5,1), (1,9), (1,3), (1,6), (1,7)
Cerrados = (3,8), (3,7), (4,7), (3,6), (4,8), (5,8), (5,7), (3,9), (3,5), (3,10), (3,4), (3,3), (5,6), (2,6), (5,9), (4,3), (5,5), (2,4), (2,5), (5,4), (5,3), (4,10), (1,5), (2,10), (1,6), (5,10), (5,2), (2,3), (1,10), (1,4)
------------------------
Iteración 31
-----------
Abiertos = (1,4), (2,5), (5,1), (1,9), (1,3), (1,6), (1,2), (1,7)
Cerrados = (3,8), (3,7), (4,7), (3,6), (4,8), (5,8), (5,7), (3,9), (3,5), (3,10), (3,4), (3,3), (5,6), (2,6), (5,9), (4,3), (5,5), (2,4), (2,5), (5,4), (5,3), (4,10), (1,5), (2,10), (1,6), (5,10), (5,2), (2,3), (1,10), (1,4), (1,3)
------------------------
Iteración 32
-----------
Abiertos = (1,9), (1,3), (1,6), (1,2), (1,7), (4,1)
Cerrados = (3,8), (3,7), (4,7), (3,6), (4,8), (5,8), (5,7), (3,9), (3,5), (3,10), (3,4), (3,3), (5,6), (2,6), (5,9), (4,3), (5,5), (2,4), (2,5), (5,4), (5,3), (4,10), (1,5), (2,10), (1,6), (5,10), (5,2), (2,3), (1,10), (1,4), (1,3), (5,1)
------------------------
Iteración 33
-----------
Abiertos = (1,8), (1,3), (1,6), (1,2), (1,7), (4,1)
Cerrados = (3,8), (3,7), (4,7), (3,6), (4,8), (5,8), (5,7), (3,9), (3,5), (3,10), (3,4), (3,3), (5,6), (2,6), (5,9), (4,3), (5,5), (2,4), (2,5), (5,4), (5,3), (4,10), (1,5), (2,10), (1,6), (5,10), (5,2), (2,3), (1,10), (1,4), (1,3), (5,1), (1,9)
------------------------
Iteración 34
-----------
Abiertos = (1,6), (1,2), (1,7), (1,7), (4,1)
Cerrados = (3,8), (3,7), (4,7), (3,6), (4,8), (5,8), (5,7), (3,9), (3,5), (3,10), (3,4), (3,3), (5,6), (2,6), (5,9), (4,3), (5,5), (2,4), (2,5), (5,4), (5,3), (4,10), (1,5), (2,10), (1,6), (5,10), (5,2), (2,3), (1,10), (1,4), (1,3), (5,1), (1,9), (1,8)
------------------------
Iteración 35
-----------
Abiertos = (1,6), (1,1), (1,7), (1,7), (4,1)
Cerrados = (3,8), (3,7), (4,7), (3,6), (4,8), (5,8), (5,7), (3,9), (3,5), (3,10), (3,4), (3,3), (5,6), (2,6), (5,9), (4,3), (5,5), (2,4), (2,5), (5,4), (5,3), (4,10), (1,5), (2,10), (1,6), (5,10), (5,2), (2,3), (1,10), (1,4), (1,3), (5,1), (1,9), (1,8), (1,2)
------------------------
Iteración 36
-----------
Abiertos = (1,1), (1,7), (4,1)
Cerrados = (3,8), (3,7), (4,7), (3,6), (4,8), (5,8), (5,7), (3,9), (3,5), (3,10), (3,4), (3,3), (5,6), (2,6), (5,9), (4,3), (5,5), (2,4), (2,5), (5,4), (5,3), (4,10), (1,5), (2,10), (1,6), (5,10), (5,2), (2,3), (1,10), (1,4), (1,3), (5,1), (1,9), (1,8), (1,2), (1,7)
------------------------
Iteración 37
-----------
Abiertos = (1,7), (2,1), (4,1)
Cerrados = (3,8), (3,7), (4,7), (3,6), (4,8), (5,8), (5,7), (3,9), (3,5), (3,10), (3,4), (3,3), (5,6), (2,6), (5,9), (4,3), (5,5), (2,4), (2,5), (5,4), (5,3), (4,10), (1,5), (2,10), (1,6), (5,10), (5,2), (2,3), (1,10), (1,4), (1,3), (5,1), (1,9), (1,8), (1,2), (1,7), (1,1)
------------------------
Iteración 38
-----------
Abiertos = (1,7), (3,1), (4,1)
Cerrados = (3,8), (3,7), (4,7), (3,6), (4,8), (5,8), (5,7), (3,9), (3,5), (3,10), (3,4), (3,3), (5,6), (2,6), (5,9), (4,3), (5,5), (2,4), (2,5), (5,4), (5,3), (4,10), (1,5), (2,10), (1,6), (5,10), (5,2), (2,3), (1,10), (1,4), (1,3), (5,1), (1,9), (1,8), (1,2), (1,7), (1,1), (2,1)
------------------------
Iteración 39
-----------
Abiertos = (1,7), (4,1), (4,1)
Cerrados = (3,8), (3,7), (4,7), (3,6), (4,8), (5,8), (5,7), (3,9), (3,5), (3,10), (3,4), (3,3), (5,6), (2,6), (5,9), (4,3), (5,5), (2,4), (2,5), (5,4), (5,3), (4,10), (1,5), (2,10), (1,6), (5,10), (5,2), (2,3), (1,10), (1,4), (1,3), (5,1), (1,9), (1,8), (1,2), (1,7), (1,1), (2,1), (3,1)
------------------------
Iteración 40
-----------
Abiertos = (1,7), (4,1)
Cerrados = (3,8), (3,7), (4,7), (3,6), (4,8), (5,8), (5,7), (3,9), (3,5), (3,10), (3,4), (3,3), (5,6), (2,6), (5,9), (4,3), (5,5), (2,4), (2,5), (5,4), (5,3), (4,10), (1,5), (2,10), (1,6), (5,10), (5,2), (2,3), (1,10), (1,4), (1,3), (5,1), (1,9), (1,8), (1,2), (1,7), (1,1), (2,1), (3,1), (4,1)
------------------------
No se ha encontrado ningún camino al destino.
Iteración 0
-----------
Abiertos = (3,8)
Cerrados = 
------------------------
Iteración 1
-----------
Abiertos = (3,7), (4,8), (3,9)
Cerrados = (3,8)
------------------------
Iteración 2
-----------
Abiertos = (4,7), (5,8), (3,7), (3,9)
Cerrados = (3,8), (4,8)
------------------------
Iteración 3
-----------
Abiertos = (5,8), (3,7), (5,7), (3,9), (3,7)
Cerrados = (3,8), (4,8), (4,7)
------------------------
Iteración 4
-----------
Abiertos = (3,7), (5,7), (5,7), (3,9), (3,7), (5,9)
Cerrados = (3,8), (4,8), (4,7), (5,8)
------------------------
Iteración 5
-----------
Abiertos = (3,6), (5,7), (5,7), (3,9), (3,7), (5,9)
Cerrados = (3,8), (4,8), (4,7), (5,8), (3,7)
------------------------
Iteración 6
-----------
Abiertos = (3,6), (5,7), (3,9), (3,7), (5,6), (5,9)
Cerrados = (3,8), (4,8), (4,7), (5,8), (3,7), (5,7)
------------------------
Iteración 7
-----------
Abiertos = (3,9), (3,5), (3,7), (5,6), (2,6), (5,9)
Cerrados = (3,8), (4,8), (4,7), (5,8), (3,7), (5,7), (3,6)
------------------------
Iteración 8
-----------
Abiertos = (3,5), (3,7), (3,10), (5,6), (2,6), (5,9)
Cerrados = (3,8), (4,8), (4,7), (5,8), (3,7), (5,7), (3,6), (3,9)
------------------------
Iteración 9
-----------
Abiertos = (3,5), (5,6), (5,9), (2,6), (4,10), (2,10)
Cerrados = (3,8), (4,8), (4,7), (5,8), (3,7), (5,7), (3,6), (3,9), (3,10)
------------------------
Iteración 10
-----------
Abiertos = (3,5), (5,9), (2,6), (5,5), (4,10), (2,10)
Cerrados = (3,8), (4,8), (4,7), (5,8), (3,7), (5,7), (3,6), (3,9), (3,10), (5,6)
------------------------
Iteración 11
-----------
Abiertos = (3,4), (2,6), (5,9), (5,5), (2,5), (4,10), (2,10)
Cerrados = (3,8), (4,8), (4,7), (5,8), (3,7), (5,7), (3,6), (3,9), (3,10), (5,6), (3,5)
------------------------
Iteración 12
-----------
Abiertos = (3,4), (5,9), (5,5), (2,5), (2,5), (4,10), (2,10), (1,6)
Cerrados = (3,8), (4,8), (4,7), (5,8), (3,7), (5,7), (3,6), (3,9), (3,10), (5,6), (3,5), (2,6)
------------------------
Iteración 13
-----------
Abiertos = (3,4), (5,5), (2,5), (2,5), (4,10), (2,10), (5,10), (1,6)
Cerrados = (3,8), (4,8), (4,7), (5,8), (3,7), (5,7), (3,6), (3,9), (3,10), (5,6), (3,5), (2,6), (5,9)
------------------------
Iteración 14
-----------
Abiertos = (3,4), (5,4), (2,5), (2,5), (4,10), (2,10), (1,6), (5,10)
Cerrados = (3,8), (4,8), (4,7), (5,8), (3,7), (5,7), (3,6), (3,9), (3,10), (5,6), (3,5), (2,6), (5,9), (5,5)
------------------------
Iteración 15
-----------
Abiertos = (3,3), (5,4), (2,4), (2,5), (2,5), (4,10), (2,10), (5,10), (1,6)
Cerrados = (3,8), (4,8), (4,7), (5,8), (3,7), (5,7), (3,6), (3,9), (3,10), (5,6), (3,5), (2,6), (5,9), (5,5), (3,4)
------------------------
Iteración 16
-----------
Abiertos = (3,3), (2,4), (2,5), (2,5), (4,10), (5,3), (2,10), (1,6), (5,10)
Cerrados = (3,8), (4,8), (4,7), (5,8), (3,7), (5,7), (3,6), (3,9), (3,10), (5,6), (3,5), (2,6), (5,9), (5,5), (3,4), (5,4)
------------------------
Iteración 17
-----------
Abiertos = (3,3), (2,5), (2,5), (4,10), (5,3), (2,10), (1,6), (5,10), (2,3), (1,4), (2,5)
Cerrados = (3,8), (4,8), (4,7), (5,8), (3,7), (5,7), (3,6), (3,9), (3,10), (5,6), (3,5), (2,6), (5,9), (5,5), (3,4), (5,4), (2,4)
------------------------
Iteración 18
-----------
Abiertos = (3,3), (2,5), (4,10), (5,3), (2,10), (1,5), (5,10), (1,6), (2,3), (1,4), (2,5)
Cerrados = (3,8), (4,8), (4,7), (5,8), (3,7), (5,7), (3,6), (3,9), (3,10), (5,6), (3,5), (2,6), (5,9), (5,5), (3,4), (5,4), (2,4), (2,5)
------------------------
Iteración 19
-----------
Abiertos = (4,3), (2,5), (4,10), (5,3), (2,10), (1,5), (5,10), (1,6), (2,3), (2,3), (1,4), (2,5)
Cerrados = (3,8), (4,8), (4,7), (5,8), (3,7), (5,7), (3,6), (3,9), (3,10), (5,6), (3,5), (2,6), (5,9), (5,5), (3,4), (5,4), (2,4), (2,5), (3,3)
------------------------
Iteración 20
-----------
Abiertos = (4,3), (5,3), (2,10), (1,5), (5,10), (1,6), (5,10), (2,3), (2,3), (1,4), (2,5)
Cerrados = (3,8), (4,8), (4,7), (5,8), (3,7), (5,7), (3,6), (3,9), (3,10), (5,6), (3,5), (2,6), (5,9), (5,5), (3,4), (5,4), (2,4), (2,5), (3,3), (4,10)
------------------------
Iteración 21
-----------
Abiertos = (4,3), (2,10), (1,5), (5,10), (1,6), (5,10), (5,2), (2,3), (2,3), (2,5), (1,4), (4,3)
Cerrados = (3,8), (4,8), (4,7), (5,8), (3,7), (5,7), (3,6), (3,9), (3,10), (5,6), (3,5), (2,6), (5,9), (5,5), (3,4), (5,4), (2,4), (2,5), (3,3), (4,10), (5,3)
------------------------
Iteración 22
-----------
Abiertos = (4,3), (1,5), (5,10), (1,6), (5,10), (5,2), (2,3), (2,3), (1,10), (2,5), (1,4), (4,3)
Cerrados = (3,8), (4,8), (4,7), (5,8), (3,7), (5,7), (3,6), (3,9), (3,10), (5,6), (3,5), (2,6), (5,9), (5,5), (3,4), (5,4), (2,4), (2,5), (3,3), (4,10), (5,3), (2,10)
------------------------
Iteración 23
-----------
Abiertos = (4,3), (1,6), (5,10), (5,10), (5,2), (2,3), (2,3), (1,10), (1,4), (1,4), (2,5), (4,3), (1,6)
Cerrados = (3,8), (4,8), (4,7), (5,8), (3,7), (5,7), (3,6), (3,9), (3,10), (5,6), (3,5), (2,6), (5,9), (5,5), (3,4), (5,4), (2,4), (2,5), (3,3), (4,10), (5,3), (2,10), (1,5)
------------------------
Iteración 24
-----------
Abiertos = (4,3), (5,10), (5,10), (5,2), (2,3), (2,3), (1,10), (1,4), (1,4), (2,5), (4,3), (1,6), (1,7)
Cerrados = (3,8), (4,8), (4,7), (5,8), (3,7), (5,7), (3,6), (3,9), (3,10), (5,6), (3,5), (2,6), (5,9), (5,5), (3,4), (5,4), (2,4), (2,5), (3,3), (4,10), (5,3), (2,10), (1,5), (1,6)
------------------------
Iteración 25
-----------
Abiertos = (5,10), (5,10), (5,2), (2,3), (2,3), (1,10), (1,4), (1,4), (2,5), (4,3), (1,6), (1,7)
Cerrados = (3,8), (4,8), (4,7), (5,8), (3,7), (5,7), (3,6), (3,9), (3,10), (5,6), (3,5), (2,6), (5,9), (5,5), (3,4), (5,4), (2,4), (2,5), (3,3), (4,10), (5,3), (2,10), (1,5), (1,6), (4,3)
------------------------
Iteración 26
-----------
Abiertos = (5,10), (5,2), (2,3), (2,3), (1,10), (1,4), (1,4), (2,5), (4,3), (1,6), (1,7)
Cerrados = (3,8), (4,8), (4,7), (5,8), (3,7), (5,7), (3,6), (3,9), (3,10), (5,6), (3,5), (2,6), (5,9), (5,5), (3,4), (5,4), (2,4), (2,5), (3,3), (4,10), (5,3), (2,10), (1,5), (1,6), (4,3), (5,10)
------------------------
Iteración 27
-----------
Abiertos = (5,2), (2,3), (1,10), (1,4), (2,5), (1,4), (4,3), (1,3), (1,6), (1,7)
Cerrados = (3,8), (4,8), (4,7), (5,8), (3,7), (5,7), (3,6), (3,9), (3,10), (5,6), (3,5), (2,6), (5,9), (5,5), (3,4), (5,4), (2,4), (2,5), (3,3), (4,10), (5,3), (2,10), (1,5), (1,6), (4,3), (5,10), (2,3)
------------------------
Iteración 28
-----------
Abiertos = (1,10), (1,4), (1,4), (2,5), (5,1), (4,3), (1,3), (1,6), (1,7)
Cerrados = (3,8), (4,8), (4,7), (5,8), (3,7), (5,7), (3,6), (3,9), (3,10), (5,6), (3,5), (2,6), (5,9), (5,5), (3,4), (5,4), (2,4), (2,5), (3,3), (4,10), (5,3), (2,10), (1,5), (1,6), (4,3), (5,10), (2,3), (5,2)
------------------------
Iteración 29
-----------
Abiertos = (1,10), (1,3), (1,4), (2,5), (5,1), (4,3), (1,3), (1,6), (1,7)
Cerrados = (3,8), (4,8), (4,7), (5,8), (3,7), (5,7), (3,6), (3,9), (3,10), (5,6), (3,5), (2,6), (5,9), (5,5), (3,4), (5,4), (2,4), (2,5), (3,3), (4,10), (5,3), (2,10), (1,5), (1,6), (4,3), (5,10), (2,3), (5,2), (1,4)
------------------------
Iteración 30
-----------
Abiertos = (1,10), (1,4), (2,5), (5,1), (4,3), (1,3), (1,6), (1,2), (1,7)
Cerrados = (3,8), (4,8), (4,7), (5,8), (3,7), (5,7), (3,6), (3,9), (3,10), (5,6), (3,5), (2,6), (5,9), (5,5), (3,4), (5,4), (2,4), (2,5), (3,3), (4,10), (5,3), (2,10), (1,5), (1,6), (4,3), (5,10), (2,3), (5,2), (1,4), (1,3)
------------------------
Iteración 31
-----------
Abiertos = (2,5), (5,1), (4,3), (1,9), (1,3), (1,6), (1,2), (1,7)
Cerrados = (3,8), (4,8), (4,7), (5,8), (3,7), (5,7), (3,6), (3,9), (3,10), (5,6), (3,5), (2,6), (5,9), (5,5), (3,4), (5,4), (2,4), (2,5), (3,3), (4,10), (5,3), (2,10), (1,5), (1,6), (4,3), (5,10), (2,3), (5,2), (1,4), (1,3), (1,10)
------------------------
Iteración 32
-----------
Abiertos = (2,5), (4,3), (1,9), (1,3), (1,6), (1,2), (1,7), (4,1)
Cerrados = (3,8), (4,8), (4,7), (5,8), (3,7), (5,7), (3,6), (3,9), (3,10), (5,6), (3,5), (2,6), (5,9), (5,5), (3,4), (5,4), (2,4), (2,5), (3,3), (4,10), (5,3), (2,10), (1,5), (1,6), (4,3), (5,10), (2,3), (5,2), (1,4), (1,3), (1,10), (5,1)
------------------------
Iteración 33
-----------
Abiertos = (4,3), (1,8), (1,3), (1,6), (1,2), (1,7), (4,1)
Cerrados = (3,8), (4,8), (4,7), (5,8), (3,7), (5,7), (3,6), (3,9), (3,10), (5,6), (3,5), (2,6), (5,9), (5,5), (3,4), (5,4), (2,4), (2,5), (3,3), (4,10), (5,3), (2,10), (1,5), (1,6), (4,3), (5,10), (2,3), (5,2), (1,4), (1,3), (1,10), (5,1), (1,9)
------------------------
Iteración 34
-----------
Abiertos = (4,3), (1,3), (1,6), (1,2), (1,7), (1,7), (4,1)
Cerrados = (3,8), (4,8), (4,7), (5,8), (3,7), (5,7), (3,6), (3,9), (3,10), (5,6), (3,5), (2,6), (5,9), (5,5), (3,4), (5,4), (2,4), (2,5), (3,3), (4,10), (5,3), (2,10), (1,5), (1,6), (4,3), (5,10), (2,3), (5,2), (1,4), (1,3), (1,10), (5,1), (1,9), (1,8)
------------------------
Iteración 35
-----------
Abiertos = (4,3), (1,1), (1,7), (1,7), (4,1)
Cerrados = (3,8), (4,8), (4,7), (5,8), (3,7), (5,7), (3,6), (3,9), (3,10), (5,6), (3,5), (2,6), (5,9), (5,5), (3,4), (5,4), (2,4), (2,5), (3,3), (4,10), (5,3), (2,10), (1,5), (1,6), (4,3), (5,10), (2,3), (5,2), (1,4), (1,3), (1,10), (5,1), (1,9), (1,8), (1,2)
------------------------
Iteración 36
-----------
Abiertos = (4,3), (1,7), (1,7), (2,1), (4,1)
Cerrados = (3,8), (4,8), (4,7), (5,8), (3,7), (5,7), (3,6), (3,9), (3,10), (5,6), (3,5), (2,6), (5,9), (5,5), (3,4), (5,4), (2,4), (2,5), (3,3), (4,10), (5,3), (2,10), (1,5), (1,6), (4,3), (5,10), (2,3), (5,2), (1,4), (1,3), (1,10), (5,1), (1,9), (1,8), (1,2), (1,1)
------------------------
Iteración 37
-----------
Abiertos = (4,3), (1,7), (2,1), (4,1)
Cerrados = (3,8), (4,8), (4,7), (5,8), (3,7), (5,7), (3,6), (3,9), (3,10), (5,6), (3,5), (2,6), (5,9), (5,5), (3,4), (5,4), (2,4), (2,5), (3,3), (4,10), (5,3), (2,10), (1,5), (1,6), (4,3), (5,10), (2,3), (5,2), (1,4), (1,3), (1,10), (5,1), (1,9), (1,8), (1,2), (1,1), (1,7)
------------------------
Iteración 38
-----------
Abiertos = (1,7), (3,1), (4,1)
Cerrados = (3,8), (4,8), (4,7), (5,8), (3,7), (5,7), (3,6), (3,9), (3,10), (5,6), (3,5), (2,6), (5,9), (5,5), (3,4), (5,4), (2,4), (2,5), (3,3), (4,10), (5,3), (2,10), (1,5), (1,6), (4,3), (5,10), (2,3), (5,2), (1,4), (1,3), (1,10), (5,1), (1,9), (1,8), (1,2), (1,1), (1,7), (2,1)
------------------------
Iteración 39
-----------
Abiertos = (4,1), (4,1)
Cerrados = (3,8), (4,8), (4,7), (5,8), (3,7), (5,7), (3,6), (3,9), (3,10), (5,6), (3,5), (2,6), (5,9), (5,5), (3,4), (5,4), (2,4), (2,5), (3,3), (4,10), (5,3), (2,10), (1,5), (1,6), (4,3), (5,10), (2,3), (5,2), (1,4), (1,3), (1,10), (5,1), (1,9), (1,8), (1,2), (1,1), (1,7), (2,1), (3,1)
------------------------
Iteración 40
-----------
Abiertos = (4,1)
Cerrados = (3,8), (4,8), (4,7), (5,8), (3,7), (5,7), (3,6), (3,9), (3,10), (5,6), (3,5), (2,6), (5,9), (5,5), (3,4), (5,4), (2,4), (2,5), (3,3), (4,10), (5,3), (2,10), (1,5), (1,6), (4,3), (5,10), (2,3), (5,2), (1,4), (1,3), (1,10), (5,1), (1,9), (1,8), (1,2), (1,1), (1,7), (2,1), (3,1), (4,1)
------------------------
No se ha encontrado ningún camino al destino.
Iteración 0
-----------
Abiertos = (3,8)
Cerrados = 
------------------------
Iteración 1
-----------
Abiertos = (3,7), (4,8), (3,9)
Cerrados = (3,8)
------------------------
Iteración 2
-----------
Abiertos = (3,6), (4,7), (4,8), (3,9)
Cerrados = (3,8), (3,7)
------------------------
Iteración 3
-----------
Abiertos = (3,6), (4,8), (5,7), (3,9), (4,8)
Cerrados = (3,8), (3,7), (4,7)
------------------------
Iteración 4
-----------
Abiertos = (4,8), (5,7), (3,9), (3,5), (4,8), (2,6)
Cerrados = (3,8), (3,7), (4,7), (3,6)
------------------------
Iteración 5
-----------
Abiertos = (4,8), (3,9), (3,5), (5,8), (4,8), (5,6), (2,6)
Cerrados = (3,8), (3,7), (4,7), (3,6), (5,7)
------------------------
Iteración 6
-----------
Abiertos = (5,8), (3,9), (3,5), (5,8), (4,8), (5,6), (2,6)
Cerrados = (3,8), (3,7), (4,7), (3,6), (5,7), (4,8)
------------------------
Iteración 7
-----------
Abiertos = (3,9), (3,5), (5,8), (4,8), (5,6), (2,6), (5,9)
Cerrados = (3,8), (3,7), (4,7), (3,6), (5,7), (4,8), (5,8)
------------------------
Iteración 8
-----------
Abiertos = (3,5), (5,8), (4,8), (3,10), (5,6), (2,6), (5,9)
Cerrados = (3,8), (3,7), (4,7), (3,6), (5,7), (4,8), (5,8), (3,9)
------------------------
Iteración 9
-----------
Abiertos = (5,8), (4,8), (3,10), (3,4), (5,6), (2,6), (2,5), (5,9)
Cerrados = (3,8), (3,7), (4,7), (3,6), (5,7), (4,8), (5,8), (3,9), (3,5)
------------------------
Iteración 10
-----------
Abiertos = (5,6), (3,4), (2,6), (2,5), (4,10), (2,10), (5,9)
Cerrados = (3,8), (3,7), (4,7), (3,6), (5,7), (4,8), (5,8), (3,9), (3,5), (3,10)
------------------------
Iteración 11
-----------
Abiertos = (3,3), (5,6), (2,6), (2,4), (2,5), (4,10), (2,10), (5,9)
Cerrados = (3,8), (3,7), (4,7), (3,6), (5,7), (4,8), (5,8), (3,9), (3,5), (3,10), (3,4)
------------------------
Iteración 12
-----------
Abiertos = (3,3), (2,6), (5,5), (2,4), (2,5), (4,10), (2,10), (5,9)
Cerrados = (3,8), (3,7), (4,7), (3,6), (5,7), (4,8), (5,8), (3,9), (3,5), (3,10), (3,4), (5,6)
------------------------
Iteración 13
-----------
Abiertos = (2,6), (4,3), (5,5), (2,4), (2,5), (4,10), (2,10), (5,9), (2,3)
Cerrados = (3,8), (3,7), (4,7), (3,6), (5,7), (4,8), (5,8), (3,9), (3,5), (3,10), (3,4), (5,6), (3,3)
------------------------
Iteración 14
-----------
Abiertos = (2,6), (5,5), (2,4), (2,5), (4,10), (5,3), (2,10), (5,9), (2,3)
Cerrados = (3,8), (3,7), (4,7), (3,6), (5,7), (4,8), (5,8), (3,9), (3,5), (3,10), (3,4), (5,6), (3,3), (4,3)
------------------------
Iteración 15
-----------
Abiertos = (2,6), (5,4), (2,4), (2,5), (4,10), (5,3), (2,10), (5,9), (2,3)
Cerrados = (3,8), (3,7), (4,7), (3,6), (5,7), (4,8), (5,8), (3,9), (3,5), (3,10), (3,4), (5,6), (3,3), (4,3), (5,5)
------------------------
Iteración 16
-----------
Abiertos = (5,4), (2,4), (2,5), (2,5), (4,10), (5,3), (2,10), (5,9), (1,6), (2,3)
Cerrados = (3,8), (3,7), (4,7), (3,6), (5,7), (4,8), (5,8), (3,9), (3,5), (3,10), (3,4), (5,6), (3,3), (4,3), (5,5), (2,6)
------------------------
Iteración 17
-----------
Abiertos = (5,4), (2,5), (2,5), (4,10), (5,3), (2,10), (5,9), (1,6), (2,3), (2,3), (2,5), (1,4)
Cerrados = (3,8), (3,7), (4,7), (3,6), (5,7), (4,8), (5,8), (3,9), (3,5), (3,10), (3,4), (5,6), (3,3), (4,3), (5,5), (2,6), (2,4)
------------------------
Iteración 18
-----------
Abiertos = (5,4), (2,5), (4,10), (5,3), (2,10), (5,9), (1,5), (1,6), (2,3), (2,3), (2,5), (1,4)
Cerrados = (3,8), (3,7), (4,7), (3,6), (5,7), (4,8), (5,8), (3,9), (3,5), (3,10), (3,4), (5,6), (3,3), (4,3), (5,5), (2,6), (2,4), (2,5)
------------------------
Iteración 19
-----------
Abiertos = (2,5), (4,10), (5,3), (5,3), (2,10), (5,9), (1,5), (1,6), (2,3), (2,3), (2,5), (1,4)
Cerrados = (3,8), (3,7), (4,7), (3,6), (5,7), (4,8), (5,8), (3,9), (3,5), (3,10), (3,4), (5,6), (3,3), (4,3), (5,5), (2,6), (2,4), (2,5), (5,4)
------------------------
Iteración 20
-----------
Abiertos = (4,10), (5,3), (2,10), (5,9), (1,5), (1,6), (5,2), (2,3), (2,3), (1,4), (2,5)
Cerrados = (3,8), (3,7), (4,7), (3,6), (5,7), (4,8), (5,8), (3,9), (3,5), (3,10), (3,4), (5,6), (3,3), (4,3), (5,5), (2,6), (2,4), (2,5), (5,4), (5,3)
------------------------
Iteración 21
-----------
Abiertos = (5,3), (2,10), (5,9), (1,5), (1,6), (5,10), (5,2), (2,3), (2,3), (2,5), (1,4)
Cerrados = (3,8), (3,7), (4,7), (3,6), (5,7), (4,8), (5,8), (3,9), (3,5), (3,10), (3,4), (5,6), (3,3), (4,3), (5,5), (2,6), (2,4), (2,5), (5,4), (5,3), (4,10)
------------------------
Iteración 22
-----------
Abiertos = (5,3), (1,5), (5,9), (1,6), (5,10), (5,2), (2,3), (2,3), (1,10), (2,5), (1,4)
Cerrados = (3,8), (3,7), (4,7), (3,6), (5,7), (4,8), (5,8), (3,9), (3,5), (3,10), (3,4), (5,6), (3,3), (4,3), (5,5), (2,6), (2,4), (2,5), (5,4), (5,3), (4,10), (2,10)
------------------------
Iteración 23
-----------
Abiertos = (5,3), (5,9), (1,6), (5,10), (5,2), (2,3), (2,3), (1,10), (2,5), (1,4), (1,4), (1,6)
Cerrados = (3,8), (3,7), (4,7), (3,6), (5,7), (4,8), (5,8), (3,9), (3,5), (3,10), (3,4), (5,6), (3,3), (4,3), (5,5), (2,6), (2,4), (2,5), (5,4), (5,3), (4,10), (2,10), (1,5)
------------------------
Iteración 24
-----------
Abiertos = (5,10), (1,6), (5,2), (2,3), (2,3), (1,10), (1,4), (2,5), (1,4), (5,10), (1,6)
Cerrados = (3,8), (3,7), (4,7), (3,6), (5,7), (4,8), (5,8), (3,9), (3,5), (3,10), (3,4), (5,6), (3,3), (4,3), (5,5), (2,6), (2,4), (2,5), (5,4), (5,3), (4,10), (2,10), (1,5), (5,9)
------------------------
Iteración 25
-----------
Abiertos = (5,10), (5,2), (2,3), (2,3), (1,10), (2,5), (1,4), (1,4), (5,10), (1,6), (1,7)
Cerrados = (3,8), (3,7), (4,7), (3,6), (5,7), (4,8), (5,8), (3,9), (3,5), (3,10), (3,4), (5,6), (3,3), (4,3), (5,5), (2,6), (2,4), (2,5), (5,4), (5,3), (4,10), (2,10), (1,5), (5,9), (1,6)
------------------------
Iteración 26
-----------
Abiertos = (5,2), (2,3), (2,3), (1,10), (2,5), (1,4), (1,4), (5,10), (1,6), (1,7)
Cerrados = (3,8), (3,7), (4,7), (3,6), (5,7), (4,8), (5,8), (3,9), (3,5), (3,10), (3,4), (5,6), (3,3), (4,3), (5,5), (2,6), (2,4), (2,5), (5,4), (5,3), (4,10), (2,10), (1,5), (5,9), (1,6), (5,10)
------------------------
Iteración 27
-----------
Abiertos = (5,2), (2,3), (1,10), (1,4), (1,4), (2,5), (1,3), (5,10), (1,6), (1,7)
Cerrados = (3,8), (3,7), (4,7), (3,6), (5,7), (4,8), (5,8), (3,9), (3,5), (3,10), (3,4), (5,6), (3,3), (4,3), (5,5), (2,6), (2,4), (2,5), (5,4), (5,3), (4,10), (2,10), (1,5), (5,9), (1,6), (5,10), (2,3)
------------------------
Iteración 28
-----------
Abiertos = (1,10), (1,4), (2,5), (1,4), (5,1), (1,3), (5,10), (1,6), (1,7)
Cerrados = (3,8), (3,7), (4,7), (3,6), (5,7), (4,8), (5,8), (3,9), (3,5), (3,10), (3,4), (5,6), (3,3), (4,3), (5,5), (2,6), (2,4), (2,5), (5,4), (5,3), (4,10), (2,10), (1,5), (5,9), (1,6), (5,10), (2,3), (5,2)
------------------------
Iteración 29
-----------
Abiertos = (2,5), (1,4), (1,4), (5,1), (1,9), (1,3), (5,10), (1,6), (1,7)
Cerrados = (3,8), (3,7), (4,7), (3,6), (5,7), (4,8), (5,8), (3,9), (3,5), (3,10), (3,4), (5,6), (3,3), (4,3), (5,5), (2,6), (2,4), (2,5), (5,4), (5,3), (4,10), (2,10), (1,5), (5,9), (1,6), (5,10), (2,3), (5,2), (1,10)
------------------------
Iteración 30
-----------
Abiertos = (1,3), (1,4), (5,1), (1,9), (1,3), (5,10), (1,6), (1,7)
Cerrados = (3,8), (3,7), (4,7), (3,6), (5,7), (4,8), (5,8), (3,9), (3,5), (3,10), (3,4), (5,6), (3,3), (4,3), (5,5), (2,6), (2,4), (2,5), (5,4), (5,3), (4,10), (2,10), (1,5), (5,9), (1,6), (5,10), (2,3), (5,2), (1,10), (1,4)
------------------------
Iteración 31
-----------
Abiertos = (5,1), (1,9), (1,3), (5,10), (1,6), (1,2), (1,7)
Cerrados = (3,8), (3,7), (4,7), (3,6), (5,7), (4,8), (5,8), (3,9), (3,5), (3,10), (3,4), (5,6), (3,3), (4,3), (5,5), (2,6), (2,4), (2,5), (5,4), (5,3), (4,10), (2,10), (1,5), (5,9), (1,6), (5,10), (2,3), (5,2), (1,10), (1,4), (1,3)
------------------------
Iteración 32
-----------
Abiertos = (1,9), (1,3), (5,10), (1,6), (1,2), (1,7), (4,1)
Cerrados = (3,8), (3,7), (4,7), (3,6), (5,7), (4,8), (5,8), (3,9), (3,5), (3,10), (3,4), (5,6), (3,3), (4,3), (5,5), (2,6), (2,4), (2,5), (5,4), (5,3), (4,10), (2,10), (1,5), (5,9), (1,6), (5,10), (2,3), (5,2), (1,10), (1,4), (1,3), (5,1)
------------------------
Iteración 33
-----------
Abiertos = (1,8), (1,6), (5,10), (1,2), (1,7), (4,1)
Cerrados = (3,8), (3,7), (4,7), (3,6), (5,7), (4,8), (5,8), (3,9), (3,5), (3,10), (3,4), (5,6), (3,3), (4,3), (5,5), (2,6), (2,4), (2,5), (5,4), (5,3), (4,10), (2,10), (1,5), (5,9), (1,6), (5,10), (2,3), (5,2), (1,10), (1,4), (1,3), (5,1), (1,9)
------------------------
Iteración 34
-----------
Abiertos = (5,10), (1,2), (1,7), (1,7), (4,1)
Cerrados = (3,8), (3,7), (4,7), (3,6), (5,7), (4,8), (5,8), (3,9), (3,5), (3,10), (3,4), (5,6), (3,3), (4,3), (5,5), (2,6), (2,4), (2,5), (5,4), (5,3), (4,10), (2,10), (1,5), (5,9), (1,6), (5,10), (2,3), (5,2), (1,10), (1,4), (1,3), (5,1), (1,9), (1,8)
------------------------
Iteración 35
-----------
Abiertos = (5,10), (1,1), (1,7), (1,7), (4,1)
Cerrados = (3,8), (3,7), (4,7), (3,6), (5,7), (4,8), (5,8), (3,9), (3,5), (3,10), (3,4), (5,6), (3,3), (4,3), (5,5), (2,6), (2,4), (2,5), (5,4), (5,3), (4,10), (2,10), (1,5), (5,9), (1,6), (5,10), (2,3), (5,2), (1,10), (1,4), (1,3), (5,1), (1,9), (1,8), (1,2)
------------------------
Iteración 36
-----------
Abiertos = (1,7), (1,7), (2,1), (4,1)
Cerrados = (3,8), (3,7), (4,7), (3,6), (5,7), (4,8), (5,8), (3,9), (3,5), (3,10), (3,4), (5,6), (3,3), (4,3), (5,5), (2,6), (2,4), (2,5), (5,4), (5,3), (4,10), (2,10), (1,5), (5,9), (1,6), (5,10), (2,3), (5,2), (1,10), (1,4), (1,3), (5,1), (1,9), (1,8), (1,2), (1,1)
------------------------
Iteración 37
-----------
Abiertos = (1,7), (2,1), (4,1)
Cerrados = (3,8), (3,7), (4,7), (3,6), (5,7), (4,8), (5,8), (3,9), (3,5), (3,10), (3,4), (5,6), (3,3), (4,3), (5,5), (2,6), (2,4), (2,5), (5,4), (5,3), (4,10), (2,10), (1,5), (5,9), (1,6), (5,10), (2,3), (5,2), (1,10), (1,4), (1,3), (5,1), (1,9), (1,8), (1,2), (1,1), (1,7)
------------------------
Iteración 38
-----------
Abiertos = (3,1), (4,1)
Cerrados = (3,8), (3,7), (4,7), (3,6), (5,7), (4,8), (5,8), (3,9), (3,5), (3,10), (3,4), (5,6), (3,3), (4,3), (5,5), (2,6), (2,4), (2,5), (5,4), (5,3), (4,10), (2,10), (1,5), (5,9), (1,6), (5,10), (2,3), (5,2), (1,10), (1,4), (1,3), (5,1), (1,9), (1,8), (1,2), (1,1), (1,7), (2,1)
------------------------
Iteración 39
-----------
Abiertos = (3,1), (3,1)
Cerrados = (3,8), (3,7), (4,7), (3,6), (5,7), (4,8), (5,8), (3,9), (3,5), (3,10), (3,4), (5,6), (3,3), (4,3), (5,5), (2,6), (2,4), (2,5), (5,4), (5,3), (4,10), (2,10), (1,5), (5,9), (1,6), (5,10), (2,3), (5,2), (1,10), (1,4), (1,3), (5,1), (1,9), (1,8), (1,2), (1,1), (1,7), (2,1), (4,1)
------------------------
Iteración 40
-----------
Abiertos = (3,1)
Cerrados = (3,8), (3,7), (4,7), (3,6), (5,7), (4,8), (5,8), (3,9), (3,5), (3,10), (3,4), (5,6), (3,3), (4,3), (5,5), (2,6), (2,4), (2,5), (5,4), (5,3), (4,10), (2,10), (1,5), (5,9), (1,6), (5,10), (2,3), (5,2), (1,10), (1,4), (1,3), (5,1), (1,9), (1,8), (1,2), (1,1), (1,7), (2,1), (4,1), (3,1)
------------------------
No se ha encontrado ningún camino al destino.
Iteración 0
-----------
Abiertos = (3,8)
Cerrados = 
------------------------
Iteración 1
-----------
Abiertos = (3,7), (4,8), (3,9)
Cerrados = (3,8)
------------------------
Iteración 2
-----------
Abiertos = (3,6), (4,7), (4,8), (3,9)
Cerrados = (3,8), (3,7)
------------------------
Iteración 3
-----------
Abiertos = (3,6), (4,8), (5,7), (3,9), (4,8)
Cerrados = (3,8), (3,7), (4,7)
------------------------
Iteración 4
-----------
Abiertos = (3,6), (5,8), (5,7), (3,9), (4,8)
Cerrados = (3,8), (3,7), (4,7), (4,8)
------------------------
Iteración 5
-----------
Abiertos = (3,6), (5,7), (5,7), (3,9), (4,8), (5,9)
Cerrados = (3,8), (3,7), (4,7), (4,8), (5,8)
------------------------
Iteración 6
-----------
Abiertos = (5,7), (5,7), (3,9), (3,5), (4,8), (5,9), (2,6)
Cerrados = (3,8), (3,7), (4,7), (4,8), (5,8), (3,6)
------------------------
Iteración 7
-----------
Abiertos = (5,7), (3,9), (3,5), (4,8), (5,6), (5,9), (2,6)
Cerrados = (3,8), (3,7), (4,7), (4,8), (5,8), (3,6), (5,7)
------------------------
Iteración 8
-----------
Abiertos = (3,5), (4,8), (3,10), (5,6), (2,6), (5,9)
Cerrados = (3,8), (3,7), (4,7), (4,8), (5,8), (3,6), (5,7), (3,9)
------------------------
Iteración 9
-----------
Abiertos = (3,5), (5,6), (5,9), (2,6), (4,10), (2,10)
Cerrados = (3,8), (3,7), (4,7), (4,8), (5,8), (3,6), (5,7), (3,9), (3,10)
------------------------
Iteración 10
-----------
Abiertos = (5,6), (3,4), (5,9), (2,6), (2,5), (4,10), (2,10)
Cerrados = (3,8), (3,7), (4,7), (4,8), (5,8), (3,6), (5,7), (3,9), (3,10), (3,5)
------------------------
Iteración 11
-----------
Abiertos = (3,4), (5,9), (2,6), (5,5), (2,5), (4,10), (2,10)
Cerrados = (3,8), (3,7), (4,7), (4,8), (5,8), (3,6), (5,7), (3,9), (3,10), (3,5), (5,6)
------------------------
Iteración 12
-----------
Abiertos = (3,3), (2,6), (5,9), (5,5), (2,4), (2,5), (4,10), (2,10)
Cerrados = (3,8), (3,7), (4,7), (4,8), (5,8), (3,6), (5,7), (3,9), (3,10), (3,5), (5,6), (3,4)
------------------------
Iteración 13
-----------
Abiertos = (3,3), (5,9), (5,5), (2,4), (2,5), (2,5), (4,10), (2,10), (1,6)
Cerrados = (3,8), (3,7), (4,7), (4,8), (5,8), (3,6), (5,7), (3,9), (3,10), (3,5), (5,6), (3,4), (2,6)
------------------------
Iteración 14
-----------
Abiertos = (3,3), (5,5), (2,4), (2,5), (2,5), (4,10), (2,10), (5,10), (1,6)
Cerrados = (3,8), (3,7), (4,7), (4,8), (5,8), (3,6), (5,7), (3,9), (3,10), (3,5), (5,6), (3,4), (2,6), (5,9)
------------------------
Iteración 15
-----------
Abiertos = (3,3), (5,4), (2,4), (2,5), (2,5), (4,10), (2,10), (5,10), (1,6)
Cerrados = (3,8), (3,7), (4,7), (4,8), (5,8), (3,6), (5,7), (3,9), (3,10), (3,5), (5,6), (3,4), (2,6), (5,9), (5,5)
------------------------
Iteración 16
-----------
Abiertos = (3,3), (2,4), (2,5), (2,5), (4,10), (5,3), (2,10), (5,10), (1,6)
Cerrados = (3,8), (3,7), (4,7), (4,8), (5,8), (3,6), (5,7), (3,9), (3,10), (3,5), (5,6), (3,4), (2,6), (5,9), (5,5), (5,4)
------------------------
Iteración 17
-----------
Abiertos = (3,3), (2,5), (2,5), (4,10), (5,3), (2,10), (5,10), (1,6), (2,3), (1,4), (2,5)
Cerrados = (3,8), (3,7), (4,7), (4,8), (5,8), (3,6), (5,7), (3,9), (3,10), (3,5), (5,6), (3,4), (2,6), (5,9), (5,5), (5,4), (2,4)
------------------------
Iteración 18
-----------
Abiertos = (3,3), (2,5), (4,10), (5,3), (2,10), (1,5), (1,6), (5,10), (2,3), (1,4), (2,5)
Cerrados = (3,8), (3,7), (4,7), (4,8), (5,8), (3,6), (5,7), (3,9), (3,10), (3,5), (5,6), (3,4), (2,6), (5,9), (5,5), (5,4), (2,4), (2,5)
------------------------
Iteración 19
-----------
Abiertos = (3,3), (5,3), (2,10), (1,5), (1,6), (5,10), (5,10), (2,3), (1,4), (2,5)
Cerrados = (3,8), (3,7), (4,7), (4,8), (5,8), (3,6), (5,7), (3,9), (3,10), (3,5), (5,6), (3,4), (2,6), (5,9), (5,5), (5,4), (2,4), (2,5), (4,10)
------------------------
Iteración 20
-----------
Abiertos = (4,3), (5,3), (2,10), (1,5), (1,6), (5,10), (5,10), (2,3), (2,3), (2,5), (1,4)
Cerrados = (3,8), (3,7), (4,7), (4,8), (5,8), (3,6), (5,7), (3,9), (3,10), (3,5), (5,6), (3,4), (2,6), (5,9), (5,5), (5,4), (2,4), (2,5), (4,10), (3,3)
------------------------
Iteración 21
-----------
Abiertos = (4,3), (2,10), (1,5), (1,6), (5,10), (5,10), (5,2), (2,3), (2,3), (2,5), (1,4), (4,3)
Cerrados = (3,8), (3,7), (4,7), (4,8), (5,8), (3,6), (5,7), (3,9), (3,10), (3,5), (5,6), (3,4), (2,6), (5,9), (5,5), (5,4), (2,4), (2,5), (4,10), (3,3), (5,3)
------------------------
Iteración 22
-----------
Abiertos = (2,10), (1,5), (1,6), (5,10), (5,10), (5,2), (2,3), (2,3), (2,5), (1,4), (4,3)
Cerrados = (3,8), (3,7), (4,7), (4,8), (5,8), (3,6), (5,7), (3,9), (3,10), (3,5), (5,6), (3,4), (2,6), (5,9), (5,5), (5,4), (2,4), (2,5), (4,10), (3,3), (5,3), (4,3)
------------------------
Iteración 23
-----------
Abiertos = (1,5), (5,10), (1,6), (5,10), (5,2), (2,3), (2,3), (1,10), (1,4), (2,5), (4,3)
Cerrados = (3,8), (3,7), (4,7), (4,8), (5,8), (3,6), (5,7), (3,9), (3,10), (3,5), (5,6), (3,4), (2,6), (5,9), (5,5), (5,4), (2,4), (2,5), (4,10), (3,3), (5,3), (4,3), (2,10)
------------------------
Iteración 24
-----------
Abiertos = (1,6), (5,10), (5,10), (5,2), (2,3), (2,3), (1,10), (2,5), (1,4), (1,4), (4,3), (1,6)
Cerrados = (3,8), (3,7), (4,7), (4,8), (5,8), (3,6), (5,7), (3,9), (3,10), (3,5), (5,6), (3,4), (2,6), (5,9), (5,5), (5,4), (2,4), (2,5), (4,10), (3,3), (5,3), (4,3), (2,10), (1,5)
------------------------
Iteración 25
-----------
Abiertos = (5,10), (1,6), (5,2), (2,3), (2,3), (1,10), (2,5), (1,4), (1,4), (4,3), (1,6)
Cerrados = (3,8), (3,7), (4,7), (4,8), (5,8), (3,6), (5,7), (3,9), (3,10), (3,5), (5,6), (3,4), (2,6), (5,9), (5,5), (5,4), (2,4), (2,5), (4,10), (3,3), (5,3), (4,3), (2,10), (1,5), (5,10)
------------------------
Iteración 26
-----------
Abiertos = (5,10), (5,2), (2,3), (2,3), (1,10), (2,5), (1,4), (1,4), (4,3), (1,6), (1,7)
Cerrados = (3,8), (3,7), (4,7), (4,8), (5,8), (3,6), (5,7), (3,9), (3,10), (3,5), (5,6), (3,4), (2,6), (5,9), (5,5), (5,4), (2,4), (2,5), (4,10), (3,3), (5,3), (4,3), (2,10), (1,5), (5,10), (1,6)
------------------------
Iteración 27
-----------
Abiertos = (5,10), (2,3), (2,3), (1,10), (2,5), (1,4), (1,4), (5,1), (4,3), (1,6), (1,7)
Cerrados = (3,8), (3,7), (4,7), (4,8), (5,8), (3,6), (5,7), (3,9), (3,10), (3,5), (5,6), (3,4), (2,6), (5,9), (5,5), (5,4), (2,4), (2,5), (4,10), (3,3), (5,3), (4,3), (2,10), (1,5), (5,10), (1,6), (5,2)
------------------------
Iteración 28
-----------
Abiertos = (2,3), (1,10), (2,5), (1,4), (1,4), (5,1), (4,3), (1,3), (1,6), (1,7)
Cerrados = (3,8), (3,7), (4,7), (4,8), (5,8), (3,6), (5,7), (3,9), (3,10), (3,5), (5,6), (3,4), (2,6), (5,9), (5,5), (5,4), (2,4), (2,5), (4,10), (3,3), (5,3), (4,3), (2,10), (1,5), (5,10), (1,6), (5,2), (2,3)
------------------------
Iteración 29
-----------
Abiertos = (1,4), (1,4), (2,5), (5,1), (4,3), (1,9), (1,3), (1,6), (1,7)
Cerrados = (3,8), (3,7), (4,7), (4,8), (5,8), (3,6), (5,7), (3,9), (3,10), (3,5), (5,6), (3,4), (2,6), (5,9), (5,5), (5,4), (2,4), (2,5), (4,10), (3,3), (5,3), (4,3), (2,10), (1,5), (5,10), (1,6), (5,2), (2,3), (1,10)
------------------------
Iteración 30
-----------
Abiertos = (1,3), (2,5), (1,4), (5,1), (4,3), (1,9), (1,3), (1,6), (1,7)
Cerrados = (3,8), (3,7), (4,7), (4,8), (5,8), (3,6), (5,7), (3,9), (3,10), (3,5), (5,6), (3,4), (2,6), (5,9), (5,5), (5,4), (2,4), (2,5), (4,10), (3,3), (5,3), (4,3), (2,10), (1,5), (5,10), (1,6), (5,2), (2,3), (1,10), (1,4)
------------------------
Iteración 31
-----------
Abiertos = (1,4), (2,5), (5,1), (4,3), (1,9), (1,3), (1,6), (1,2), (1,7)
Cerrados = (3,8), (3,7), (4,7), (4,8), (5,8), (3,6), (5,7), (3,9), (3,10), (3,5), (5,6), (3,4), (2,6), (5,9), (5,5), (5,4), (2,4), (2,5), (4,10), (3,3), (5,3), (4,3), (2,10), (1,5), (5,10), (1,6), (5,2), (2,3), (1,10), (1,4), (1,3)
------------------------
Iteración 32
-----------
Abiertos = (1,9), (1,3), (1,6), (1,2), (1,7), (4,1)
Cerrados = (3,8), (3,7), (4,7), (4,8), (5,8), (3,6), (5,7), (3,9), (3,10), (3,5), (5,6), (3,4), (2,6), (5,9), (5,5), (5,4), (2,4), (2,5), (4,10), (3,3), (5,3), (4,3), (2,10), (1,5), (5,10), (1,6), (5,2), (2,3), (1,10), (1,4), (1,3), (5,1)
------------------------
Iteración 33
-----------
Abiertos = (1,9), (1,1), (1,7), (4,1)
Cerrados = (3,8), (3,7), (4,7), (4,8), (5,8), (3,6), (5,7), (3,9), (3,10), (3,5), (5,6), (3,4), (2,6), (5,9), (5,5), (5,4), (2,4), (2,5), (4,10), (3,3), (5,3), (4,3), (2,10), (1,5), (5,10), (1,6), (5,2), (2,3), (1,10), (1,4), (1,3), (5,1), (1,2)
------------------------
Iteración 34
-----------
Abiertos = (1,9), (1,7), (2,1), (4,1)
Cerrados = (3,8), (3,7), (4,7), (4,8), (5,8), (3,6), (5,7), (3,9), (3,10), (3,5), (5,6), (3,4), (2,6), (5,9), (5,5), (5,4), (2,4), (2,5), (4,10), (3,3), (5,3), (4,3), (2,10), (1,5), (5,10), (1,6), (5,2), (2,3), (1,10), (1,4), (1,3), (5,1), (1,2), (1,1)
------------------------
Iteración 35
-----------
Abiertos = (1,8), (1,7), (2,1), (4,1)
Cerrados = (3,8), (3,7), (4,7), (4,8), (5,8), (3,6), (5,7), (3,9), (3,10), (3,5), (5,6), (3,4), (2,6), (5,9), (5,5), (5,4), (2,4), (2,5), (4,10), (3,3), (5,3), (4,3), (2,10), (1,5), (5,10), (1,6), (5,2), (2,3), (1,10), (1,4), (1,3), (5,1), (1,2), (1,1), (1,9)
------------------------
Iteración 36
-----------
Abiertos = (1,7), (1,7), (2,1), (4,1)
Cerrados = (3,8), (3,7), (4,7), (4,8), (5,8), (3,6), (5,7), (3,9), (3,10), (3,5), (5,6), (3,4), (2,6), (5,9), (5,5), (5,4), (2,4), (2,5), (4,10), (3,3), (5,3), (4,3), (2,10), (1,5), (5,10), (1,6), (5,2), (2,3), (1,10), (1,4), (1,3), (5,1), (1,2), (1,1), (1,9), (1,8)
------------------------
Iteración 37
-----------
Abiertos = (1,7), (2,1), (4,1)
Cerrados = (3,8), (3,7), (4,7), (4,8), (5,8), (3,6), (5,7), (3,9), (3,10), (3,5), (5,6), (3,4), (2,6), (5,9), (5,5), (5,4), (2,4), (2,5), (4,10), (3,3), (5,3), (4,3), (2,10), (1,5), (5,10), (1,6), (5,2), (2,3), (1,10), (1,4), (1,3), (5,1), (1,2), (1,1), (1,9), (1,8), (1,7)
------------------------
Iteración 38
-----------
Abiertos = (2,1), (3,1)
Cerrados = (3,8), (3,7), (4,7), (4,8), (5,8), (3,6), (5,7), (3,9), (3,10), (3,5), (5,6), (3,4), (2,6), (5,9), (5,5), (5,4), (2,4), (2,5), (4,10), (3,3), (5,3), (4,3), (2,10), (1,5), (5,10), (1,6), (5,2), (2,3), (1,10), (1,4), (1,3), (5,1), (1,2), (1,1), (1,9), (1,8), (1,7), (4,1)
------------------------
Iteración 39
-----------
Abiertos = (2,1), (2,1)
Cerrados = (3,8), (3,7), (4,7), (4,8), (5,8), (3,6), (5,7), (3,9), (3,10), (3,5), (5,6), (3,4), (2,6), (5,9), (5,5), (5,4), (2,4), (2,5), (4,10), (3,3), (5,3), (4,3), (2,10), (1,5), (5,10), (1,6), (5,2), (2,3), (1,10), (1,4), (1,3), (5,1), (1,2), (1,1), (1,9), (1,8), (1,7), (4,1), (3,1)
------------------------
Iteración 40
-----------
Abiertos = (2,1)
Cerrados = (3,8), (3,7), (4,7), (4,8), (5,8), (3,6), (5,7), (3,9), (3,10), (3,5), (5,6), (3,4), (2,6), (5,9), (5,5), (5,4), (2,4), (2,5), (4,10), (3,3), (5,3), (4,3), (2,10), (1,5), (5,10), (1,6), (5,2), (2,3), (1,10), (1,4), (1,3), (5,1), (1,2), (1,1), (1,9), (1,8), (1,7), (4,1), (3,1), (2,1)
------------------------
No se ha encontrado ningún camino al destino.
Iteración 0
-----------
Abiertos = (3,8)
Cerrados = 
------------------------
Iteración 1
-----------
Abiertos = (3,7), (4,8), (3,9)
Cerrados = (3,8)
------------------------
Iteración 2
-----------
Abiertos = (4,7), (5,8), (3,7), (3,9)
Cerrados = (3,8), (4,8)
------------------------
Iteración 3
-----------
Abiertos = (5,8), (3,7), (5,7), (3,9), (3,7)
Cerrados = (3,8), (4,8), (4,7)
------------------------
Iteración 4
-----------
Abiertos = (3,7), (5,7), (5,7), (3,9), (3,7), (5,9)
Cerrados = (3,8), (4,8), (4,7), (5,8)
------------------------
Iteración 5
-----------
Abiertos = (3,7), (5,7), (3,9), (3,7), (5,6), (5,9)
Cerrados = (3,8), (4,8), (4,7), (5,8), (5,7)
------------------------
Iteración 6
-----------
Abiertos = (3,6), (5,7), (3,9), (3,7), (5,6), (5,9)
Cerrados = (3,8), (4,8), (4,7), (5,8), (5,7), (3,7)
------------------------
Iteración 7
-----------
Abiertos = (3,6), (3,7), (3,10), (5,6), (5,9)
Cerrados = (3,8), (4,8), (4,7), (5,8), (5,7), (3,7), (3,9)
------------------------
Iteración 8
-----------
Abiertos = (3,5), (3,7), (3,10), (5,6), (2,6), (5,9)
Cerrados = (3,8), (4,8), (4,7), (5,8), (5,7), (3,7), (3,9), (3,6)
------------------------
Iteración 9
-----------
Abiertos = (3,5), (5,6), (5,9), (2,6), (4,10), (2,10)
Cerrados = (3,8), (4,8), (4,7), (5,8), (5,7), (3,7), (3,9), (3,6), (3,10)
------------------------
Iteración 10
-----------
Abiertos = (5,6), (3,4), (5,9), (2,6), (2,5), (4,10), (2,10)
Cerrados = (3,8), (4,8), (4,7), (5,8), (5,7), (3,7), (3,9), (3,6), (3,10), (3,5)
------------------------
Iteración 11
-----------
Abiertos = (3,4), (5,9), (2,6), (5,5), (2,5), (4,10), (2,10)
Cerrados = (3,8), (4,8), (4,7), (5,8), (5,7), (3,7), (3,9), (3,6), (3,10), (3,5), (5,6)
------------------------
Iteración 12
-----------
Abiertos = (3,4), (2,6), (5,5), (2,5), (4,10), (2,10), (5,10)
Cerrados = (3,8), (4,8), (4,7), (5,8), (5,7), (3,7), (3,9), (3,6), (3,10), (3,5), (5,6), (5,9)
------------------------
Iteración 13
-----------
Abiertos = (3,4), (5,5), (2,5), (2,5), (4,10), (2,10), (1,6), (5,10)
Cerrados = (3,8), (4,8), (4,7), (5,8), (5,7), (3,7), (3,9), (3,6), (3,10), (3,5), (5,6), (5,9), (2,6)
------------------------
Iteración 14
-----------
Abiertos = (3,4), (5,4), (2,5), (2,5), (4,10), (2,10), (5,10), (1,6)
Cerrados = (3,8), (4,8), (4,7), (5,8), (5,7), (3,7), (3,9), (3,6), (3,10), (3,5), (5,6), (5,9), (2,6), (5,5)
------------------------
Iteración 15
-----------
Abiertos = (3,3), (5,4), (2,4), (2,5), (2,5), (4,10), (2,10), (1,6), (5,10)
Cerrados = (3,8), (4,8), (4,7), (5,8), (5,7), (3,7), (3,9), (3,6), (3,10), (3,5), (5,6), (5,9), (2,6), (5,5), (3,4)
------------------------
Iteración 16
-----------
Abiertos = (3,3), (2,4), (2,5), (2,5), (4,10), (5,3), (2,10), (5,10), (1,6)
Cerrados = (3,8), (4,8), (4,7), (5,8), (5,7), (3,7), (3,9), (3,6), (3,10), (3,5), (5,6), (5,9), (2,6), (5,5), (3,4), (5,4)
------------------------
Iteración 17
-----------
Abiertos = (4,3), (2,4), (2,5), (2,5), (4,10), (5,3), (2,10), (1,6), (5,10), (2,3)
Cerrados = (3,8), (4,8), (4,7), (5,8), (5,7), (3,7), (3,9), (3,6), (3,10), (3,5), (5,6), (5,9), (2,6), (5,5), (3,4), (5,4), (3,3)
------------------------
Iteración 18
-----------
Abiertos = (4,3), (2,5), (2,5), (4,10), (5,3), (2,10), (1,6), (5,10), (2,3), (2,3), (1,4), (2,5)
Cerrados = (3,8), (4,8), (4,7), (5,8), (5,7), (3,7), (3,9), (3,6), (3,10), (3,5), (5,6), (5,9), (2,6), (5,5), (3,4), (5,4), (3,3), (2,4)
------------------------
Iteración 19
-----------
Abiertos = (2,5), (2,5), (4,10), (5,3), (5,3), (2,10), (1,6), (5,10), (2,3), (2,3), (2,5), (1,4)
Cerrados = (3,8), (4,8), (4,7), (5,8), (5,7), (3,7), (3,9), (3,6), (3,10), (3,5), (5,6), (5,9), (2,6), (5,5), (3,4), (5,4), (3,3), (2,4), (4,3)
------------------------
Iteración 20
-----------
Abiertos = (2,5), (4,10), (5,3), (5,3), (2,10), (1,5), (1,6), (5,10), (2,3), (2,3), (2,5), (1,4)
Cerrados = (3,8), (4,8), (4,7), (5,8), (5,7), (3,7), (3,9), (3,6), (3,10), (3,5), (5,6), (5,9), (2,6), (5,5), (3,4), (5,4), (3,3), (2,4), (4,3), (2,5)
------------------------
Iteración 21
-----------
Abiertos = (5,3), (5,3), (2,10), (1,5), (1,6), (5,10), (5,10), (2,3), (2,3), (2,5), (1,4)
Cerrados = (3,8), (4,8), (4,7), (5,8), (5,7), (3,7), (3,9), (3,6), (3,10), (3,5), (5,6), (5,9), (2,6), (5,5), (3,4), (5,4), (3,3), (2,4), (4,3), (2,5), (4,10)
------------------------
Iteración 22
-----------
Abiertos = (5,3), (2,10), (1,5), (1,6), (5,10), (5,10), (5,2), (2,3), (2,3), (1,4), (2,5)
Cerrados = (3,8), (4,8), (4,7), (5,8), (5,7), (3,7), (3,9), (3,6), (3,10), (3,5), (5,6), (5,9), (2,6), (5,5), (3,4), (5,4), (3,3), (2,4), (4,3), (2,5), (4,10), (5,3)
------------------------
Iteración 23
-----------
Abiertos = (5,3), (1,5), (1,6), (5,10), (5,10), (5,2), (2,3), (2,3), (1,10), (1,4), (2,5)
Cerrados = (3,8), (4,8), (4,7), (5,8), (5,7), (3,7), (3,9), (3,6), (3,10), (3,5), (5,6), (5,9), (2,6), (5,5), (3,4), (5,4), (3,3), (2,4), (4,3), (2,5), (4,10), (5,3), (2,10)
------------------------
Iteración 24
-----------
Abiertos = (5,3), (5,10), (1,6), (5,10), (5,2), (2,3), (2,3), (1,10), (1,4), (1,4), (2,5), (1,6)
Cerrados = (3,8), (4,8), (4,7), (5,8), (5,7), (3,7), (3,9), (3,6), (3,10), (3,5), (5,6), (5,9), (2,6), (5,5), (3,4), (5,4), (3,3), (2,4), (4,3), (2,5), (4,10), (5,3), (2,10), (1,5)
------------------------
Iteración 25
-----------
Abiertos = (5,10), (5,10), (5,2), (2,3), (2,3), (1,10), (2,5), (1,4), (1,4), (1,6), (1,7)
Cerrados = (3,8), (4,8), (4,7), (5,8), (5,7), (3,7), (3,9), (3,6), (3,10), (3,5), (5,6), (5,9), (2,6), (5,5), (3,4), (5,4), (3,3), (2,4), (4,3), (2,5), (4,10), (5,3), (2,10), (1,5), (1,6)
------------------------
Iteración 26
-----------
Abiertos = (5,10), (5,2), (2,3), (2,3), (1,10), (2,5), (1,4), (1,4), (1,6), (1,7)
Cerrados = (3,8), (4,8), (4,7), (5,8), (5,7), (3,7), (3,9), (3,6), (3,10), (3,5), (5,6), (5,9), (2,6), (5,5), (3,4), (5,4), (3,3), (2,4), (4,3), (2,5), (4,10), (5,3), (2,10), (1,5), (1,6), (5,10)
------------------------
Iteración 27
-----------
Abiertos = (5,10), (2,3), (2,3), (1,10), (2,5), (1,4), (1,4), (5,1), (1,6), (1,7)
Cerrados = (3,8), (4,8), (4,7), (5,8), (5,7), (3,7), (3,9), (3,6), (3,10), (3,5), (5,6), (5,9), (2,6), (5,5), (3,4), (5,4), (3,3), (2,4), (4,3), (2,5), (4,10), (5,3), (2,10), (1,5), (1,6), (5,10), (5,2)
------------------------
Iteración 28
-----------
Abiertos = (5,10), (2,3), (1,10), (2,5), (1,4), (1,4), (5,1), (1,3), (1,6), (1,7)
Cerrados = (3,8), (4,8), (4,7), (5,8), (5,7), (3,7), (3,9), (3,6), (3,10), (3,5), (5,6), (5,9), (2,6), (5,5), (3,4), (5,4), (3,3), (2,4), (4,3), (2,5), (4,10), (5,3), (2,10), (1,5), (1,6), (5,10), (5,2), (2,3)
------------------------
Iteración 29
-----------
Abiertos = (2,3), (2,5), (1,4), (1,4), (5,1), (1,9), (1,3), (1,6), (1,7)
Cerrados = (3,8), (4,8), (4,7), (5,8), (5,7), (3,7), (3,9), (3,6), (3,10), (3,5), (5,6), (5,9), (2,6), (5,5), (3,4), (5,4), (3,3), (2,4), (4,3), (2,5), (4,10), (5,3), (2,10), (1,5), (1,6), (5,10), (5,2), (2,3), (1,10)
------------------------
Iteración 30
-----------
Abiertos = (1,3), (1,4), (2,5), (5,1), (1,9), (1,3), (1,6), (1,7)
Cerrados = (3,8), (4,8), (4,7), (5,8), (5,7), (3,7), (3,9), (3,6), (3,10), (3,5), (5,6), (5,9), (2,6), (5,5), (3,4), (5,4), (3,3), (2,4), (4,3), (2,5), (4,10), (5,3), (2,10), (1,5), (1,6), (5,10), (5,2), (2,3), (1,10), (1,4)
------------------------
Iteración 31
-----------
Abiertos = (2,5), (1,4), (5,1), (1,9), (1,3), (1,6), (1,2), (1,7)
Cerrados = (3,8), (4,8), (4,7), (5,8), (5,7), (3,7), (3,9), (3,6), (3,10), (3,5), (5,6), (5,9), (2,6), (5,5), (3,4), (5,4), (3,3), (2,4), (4,3), (2,5), (4,10), (5,3), (2,10), (1,5), (1,6), (5,10), (5,2), (2,3), (1,10), (1,4), (1,3)
------------------------
Iteración 32
-----------
Abiertos = (2,5), (1,9), (1,3), (1,6), (1,2), (1,7), (4,1)
Cerrados = (3,8), (4,8), (4,7), (5,8), (5,7), (3,7), (3,9), (3,6), (3,10), (3,5), (5,6), (5,9), (2,6), (5,5), (3,4), (5,4), (3,3), (2,4), (4,3), (2,5), (4,10), (5,3), (2,10), (1,5), (1,6), (5,10), (5,2), (2,3), (1,10), (1,4), (1,3), (5,1)
------------------------
Iteración 33
-----------
Abiertos = (2,5), (1,8), (1,3), (1,6), (1,2), (1,7), (4,1)
Cerrados = (3,8), (4,8), (4,7), (5,8), (5,7), (3,7), (3,9), (3,6), (3,10), (3,5), (5,6), (5,9), (2,6), (5,5), (3,4), (5,4), (3,3), (2,4), (4,3), (2,5), (4,10), (5,3), (2,10), (1,5), (1,6), (5,10), (5,2), (2,3), (1,10), (1,4), (1,3), (5,1), (1,9)
------------------------
Iteración 34
-----------
Abiertos = (1,3), (1,6), (1,2), (1,7), (1,7), (4,1)
Cerrados = (3,8), (4,8), (4,7), (5,8), (5,7), (3,7), (3,9), (3,6), (3,10), (3,5), (5,6), (5,9), (2,6), (5,5), (3,4), (5,4), (3,3), (2,4), (4,3), (2,5), (4,10), (5,3), (2,10), (1,5), (1,6), (5,10), (5,2), (2,3), (1,10), (1,4), (1,3), (5,1), (1,9), (1,8)
------------------------
Iteración 35
-----------
Abiertos = (1,3), (1,1), (1,7), (1,7), (4,1)
Cerrados = (3,8), (4,8), (4,7), (5,8), (5,7), (3,7), (3,9), (3,6), (3,10), (3,5), (5,6), (5,9), (2,6), (5,5), (3,4), (5,4), (3,3), (2,4), (4,3), (2,5), (4,10), (5,3), (2,10), (1,5), (1,6), (5,10), (5,2), (2,3), (1,10), (1,4), (1,3), (5,1), (1,9), (1,8), (1,2)
------------------------
Iteración 36
-----------
Abiertos = (1,7), (1,7), (2,1), (4,1)
Cerrados = (3,8), (4,8), (4,7), (5,8), (5,7), (3,7), (3,9), (3,6), (3,10), (3,5), (5,6), (5,9), (2,6), (5,5), (3,4), (5,4), (3,3), (2,4), (4,3), (2,5), (4,10), (5,3), (2,10), (1,5), (1,6), (5,10), (5,2), (2,3), (1,10), (1,4), (1,3), (5,1), (1,9), (1,8), (1,2), (1,1)
------------------------
Iteración 37
-----------
Abiertos = (1,7), (2,1), (4,1)
Cerrados = (3,8), (4,8), (4,7), (5,8), (5,7), (3,7), (3,9), (3,6), (3,10), (3,5), (5,6), (5,9), (2,6), (5,5), (3,4), (5,4), (3,3), (2,4), (4,3), (2,5), (4,10), (5,3), (2,10), (1,5), (1,6), (5,10), (5,2), (2,3), (1,10), (1,4), (1,3), (5,1), (1,9), (1,8), (1,2), (1,1), (1,7)
------------------------
Iteración 38
-----------
Abiertos = (2,1), (3,1)
Cerrados = (3,8), (4,8), (4,7), (5,8), (5,7), (3,7), (3,9), (3,6), (3,10), (3,5), (5,6), (5,9), (2,6), (5,5), (3,4), (5,4), (3,3), (2,4), (4,3), (2,5), (4,10), (5,3), (2,10), (1,5), (1,6), (5,10), (5,2), (2,3), (1,10), (1,4), (1,3), (5,1), (1,9), (1,8), (1,2), (1,1), (1,7), (4,1)
------------------------
Iteración 39
-----------
Abiertos = (2,1), (2,1)
Cerrados = (3,8), (4,8), (4,7), (5,8), (5,7), (3,7), (3,9), (3,6), (3,10), (3,5), (5,6), (5,9), (2,6), (5,5), (3,4), (5,4), (3,3), (2,4), (4,3), (2,5), (4,10), (5,3), (2,10), (1,5), (1,6), (5,10), (5,2), (2,3), (1,10), (1,4), (1,3), (5,1), (1,9), (1,8), (1,2), (1,1), (1,7), (4,1), (3,1)
------------------------
Iteración 40
-----------
Abiertos = (2,1)
Cerrados = (3,8), (4,8), (4,7), (5,8), (5,7), (3,7), (3,9), (3,6), (3,10), (3,5), (5,6), (5,9), (2,6), (5,5), (3,4), (5,4), (3,3), (2,4), (4,3), (2,5), (4,10), (5,3), (2,10), (1,5), (1,6), (5,10), (5,2), (2,3), (1,10), (1,4), (1,3), (5,1), (1,9), (1,8), (1,2), (1,1), (1,7), (4,1), (3,1), (2,1)
------------------------
No se ha encontrado ningún camino al destino.
Iteración 0
-----------
Abiertos = (3,8)
Cerrados = 
------------------------
Iteración 1
-----------
Abiertos = (3,7), (4,8), (3,9)
Cerrados = (3,8)
------------------------
Iteración 2
-----------
Abiertos = (4,7), (5,8), (3,7), (3,9)
Cerrados = (3,8), (4,8)
------------------------
Iteración 3
-----------
Abiertos = (5,8), (3,7), (5,7), (3,9), (3,7)
Cerrados = (3,8), (4,8), (4,7)
------------------------
Iteración 4
-----------
Abiertos = (5,8), (3,6), (5,7), (3,9), (3,7)
Cerrados = (3,8), (4,8), (4,7), (3,7)
------------------------
Iteración 5
-----------
Abiertos = (5,8), (5,7), (3,9), (3,5), (3,7), (2,6)
Cerrados = (3,8), (4,8), (4,7), (3,7), (3,6)
------------------------
Iteración 6
-----------
Abiertos = (5,7), (5,7), (3,9), (3,5), (3,7), (2,6), (5,9)
Cerrados = (3,8), (4,8), (4,7), (3,7), (3,6), (5,8)
------------------------
Iteración 7
-----------
Abiertos = (5,7), (3,9), (3,5), (3,7), (5,6), (2,6), (5,9)
Cerrados = (3,8), (4,8), (4,7), (3,7), (3,6), (5,8), (5,7)
------------------------
Iteración 8
-----------
Abiertos = (5,7), (3,5), (3,7), (3,10), (5,6), (2,6), (5,9)
Cerrados = (3,8), (4,8), (4,7), (3,7), (3,6), (5,8), (5,7), (3,9)
------------------------
Iteración 9
-----------
Abiertos = (3,7), (3,10), (3,4), (5,6), (5,9), (2,6), (2,5)
Cerrados = (3,8), (4,8), (4,7), (3,7), (3,6), (5,8), (5,7), (3,9), (3,5)
------------------------
Iteración 10
-----------
Abiertos = (3,10), (3,3), (5,6), (5,9), (2,6), (2,4), (2,5)
Cerrados = (3,8), (4,8), (4,7), (3,7), (3,6), (5,8), (5,7), (3,9), (3,5), (3,4)
------------------------
Iteración 11
-----------
Abiertos = (3,10), (5,6), (5,9), (2,6), (4,3), (2,4), (2,5), (2,3)
Cerrados = (3,8), (4,8), (4,7), (3,7), (3,6), (5,8), (5,7), (3,9), (3,5), (3,4), (3,3)
------------------------
Iteración 12
-----------
Abiertos = (3,10), (5,9), (2,6), (4,3), (5,5), (2,4), (2,5), (2,3)
Cerrados = (3,8), (4,8), (4,7), (3,7), (3,6), (5,8), (5,7), (3,9), (3,5), (3,4), (3,3), (5,6)
------------------------
Iteración 13
-----------
Abiertos = (2,6), (5,9), (4,3), (5,5), (2,4), (2,5), (4,10), (2,10), (2,3)
Cerrados = (3,8), (4,8), (4,7), (3,7), (3,6), (5,8), (5,7), (3,9), (3,5), (3,4), (3,3), (5,6), (3,10)
------------------------
Iteración 14
-----------
Abiertos = (2,6), (4,3), (5,5), (2,4), (2,5), (4,10), (2,10), (5,10), (2,3)
Cerrados = (3,8), (4,8), (4,7), (3,7), (3,6), (5,8), (5,7), (3,9), (3,5), (3,4), (3,3), (5,6), (3,10), (5,9)
------------------------
Iteración 15
-----------
Abiertos = (2,6), (5,5), (2,4), (2,5), (4,10), (5,3), (2,10), (5,10), (2,3)
Cerrados = (3,8), (4,8), (4,7), (3,7), (3,6), (5,8), (5,7), (3,9), (3,5), (3,4), (3,3), (5,6), (3,10), (5,9), (4,3)
------------------------
Iteración 16
-----------
Abiertos = (5,5), (2,4), (2,5), (2,5), (4,10), (5,3), (2,10), (5,10), (1,6), (2,3)
Cerrados = (3,8), (4,8), (4,7), (3,7), (3,6), (5,8), (5,7), (3,9), (3,5), (3,4), (3,3), (5,6), (3,10), (5,9), (4,3), (2,6)
------------------------
Iteración 17
-----------
Abiertos = (5,5), (2,5), (2,5), (4,10), (5,3), (2,10), (5,10), (1,6), (2,3), (2,3), (2,5), (1,4)
Cerrados = (3,8), (4,8), (4,7), (3,7), (3,6), (5,8), (5,7), (3,9), (3,5), (3,4), (3,3), (5,6), (3,10), (5,9), (4,3), (2,6), (2,4)
------------------------
Iteración 18
-----------
Abiertos = (5,4), (2,5), (2,5), (4,10), (5,3), (2,10), (5,10), (1,6), (2,3), (2,3), (2,5), (1,4)
Cerrados = (3,8), (4,8), (4,7), (3,7), (3,6), (5,8), (5,7), (3,9), (3,5), (3,4), (3,3), (5,6), (3,10), (5,9), (4,3), (2,6), (2,4), (5,5)
------------------------
Iteración 19
-----------
Abiertos = (2,5), (2,5), (4,10), (5,3), (5,3), (2,10), (5,10), (1,6), (2,3), (2,3), (2,5), (1,4)
Cerrados = (3,8), (4,8), (4,7), (3,7), (3,6), (5,8), (5,7), (3,9), (3,5), (3,4), (3,3), (5,6), (3,10), (5,9), (4,3), (2,6), (2,4), (5,5), (5,4)
------------------------
Iteración 20
-----------
Abiertos = (2,5), (4,10), (5,3), (5,3), (2,10), (1,5), (5,10), (1,6), (2,3), (2,3), (2,5), (1,4)
Cerrados = (3,8), (4,8), (4,7), (3,7), (3,6), (5,8), (5,7), (3,9), (3,5), (3,4), (3,3), (5,6), (3,10), (5,9), (4,3), (2,6), (2,4), (5,5), (5,4), (2,5)
------------------------
Iteración 21
-----------
Abiertos = (5,3), (5,3), (2,10), (1,5), (5,10), (5,10), (1,6), (2,3), (2,3), (1,4), (2,5)
Cerrados = (3,8), (4,8), (4,7), (3,7), (3,6), (5,8), (5,7), (3,9), (3,5), (3,4), (3,3), (5,6), (3,10), (5,9), (4,3), (2,6), (2,4), (5,5), (5,4), (2,5), (4,10)
------------------------
Iteración 22
-----------
Abiertos = (5,3), (2,10), (1,5), (5,10), (5,10), (1,6), (5,2), (2,3), (2,3), (2,5), (1,4)
Cerrados = (3,8), (4,8), (4,7), (3,7), (3,6), (5,8), (5,7), (3,9), (3,5), (3,4), (3,3), (5,6), (3,10), (5,9), (4,3), (2,6), (2,4), (5,5), (5,4), (2,5), (4,10), (5,3)
------------------------
Iteración 23
-----------
Abiertos = (5,3), (1,5), (5,10), (5,10), (1,6), (5,2), (2,3), (2,3), (1,10), (2,5), (1,4)
Cerrados = (3,8), (4,8), (4,7), (3,7), (3,6), (5,8), (5,7), (3,9), (3,5), (3,4), (3,3), (5,6), (3,10), (5,9), (4,3), (2,6), (2,4), (5,5), (5,4), (2,5), (4,10), (5,3), (2,10)
------------------------
Iteración 24
-----------
Abiertos = (1,5), (5,10), (1,6), (5,2), (2,3), (2,3), (1,10), (1,4), (2,5)
Cerrados = (3,8), (4,8), (4,7), (3,7), (3,6), (5,8), (5,7), (3,9), (3,5), (3,4), (3,3), (5,6), (3,10), (5,9), (4,3), (2,6), (2,4), (5,5), (5,4), (2,5), (4,10), (5,3), (2,10), (5,10)
------------------------
Iteración 25
-----------
Abiertos = (1,6), (5,10), (5,2), (2,3), (2,3), (1,10), (1,4), (2,5), (1,4), (1,6)
Cerrados = (3,8), (4,8), (4,7), (3,7), (3,6), (5,8), (5,7), (3,9), (3,5), (3,4), (3,3), (5,6), (3,10), (5,9), (4,3), (2,6), (2,4), (5,5), (5,4), (2,5), (4,10), (5,3), (2,10), (5,10), (1,5)
------------------------
Iteración 26
-----------
Abiertos = (5,10), (5,2), (2,3), (2,3), (1,10), (1,4), (2,5), (1,4), (1,6), (1,7)
Cerrados = (3,8), (4,8), (4,7), (3,7), (3,6), (5,8), (5,7), (3,9), (3,5), (3,4), (3,3), (5,6), (3,10), (5,9), (4,3), (2,6), (2,4), (5,5), (5,4), (2,5), (4,10), (5,3), (2,10), (5,10), (1,5), (1,6)
------------------------
Iteración 27
-----------
Abiertos = (2,3), (2,3), (1,10), (1,4), (2,5), (1,4), (5,1), (1,6), (1,7)
Cerrados = (3,8), (4,8), (4,7), (3,7), (3,6), (5,8), (5,7), (3,9), (3,5), (3,4), (3,3), (5,6), (3,10), (5,9), (4,3), (2,6), (2,4), (5,5), (5,4), (2,5), (4,10), (5,3), (2,10), (5,10), (1,5), (1,6), (5,2)
------------------------
Iteración 28
-----------
Abiertos = (2,3), (1,10), (1,4), (2,5), (1,4), (5,1), (1,3), (1,6), (1,7)
Cerrados = (3,8), (4,8), (4,7), (3,7), (3,6), (5,8), (5,7), (3,9), (3,5), (3,4), (3,3), (5,6), (3,10), (5,9), (4,3), (2,6), (2,4), (5,5), (5,4), (2,5), (4,10), (5,3), (2,10), (5,10), (1,5), (1,6), (5,2), (2,3)
------------------------
Iteración 29
-----------
Abiertos = (2,3), (1,4), (2,5), (1,4), (5,1), (1,9), (1,3), (1,6), (1,7)
Cerrados = (3,8), (4,8), (4,7), (3,7), (3,6), (5,8), (5,7), (3,9), (3,5), (3,4), (3,3), (5,6), (3,10), (5,9), (4,3), (2,6), (2,4), (5,5), (5,4), (2,5), (4,10), (5,3), (2,10), (5,10), (1,5), (1,6), (5,2), (2,3), (1,10)
------------------------
Iteración 30
-----------
Abiertos = (1,3), (1,4), (5,1), (1,9), (1,3), (1,6), (1,7)
Cerrados = (3,8), (4,8), (4,7), (3,7), (3,6), (5,8), (5,7), (3,9), (3,5), (3,4), (3,3), (5,6), (3,10), (5,9), (4,3), (2,6), (2,4), (5,5), (5,4), (2,5), (4,10), (5,3), (2,10), (5,10), (1,5), (1,6), (5,2), (2,3), (1,10), (1,4)
------------------------
Iteración 31
-----------
Abiertos = (1,3), (1,9), (1,3), (1,6), (1,7), (4,1)
Cerrados = (3,8), (4,8), (4,7), (3,7), (3,6), (5,8), (5,7), (3,9), (3,5), (3,4), (3,3), (5,6), (3,10), (5,9), (4,3), (2,6), (2,4), (5,5), (5,4), (2,5), (4,10), (5,3), (2,10), (5,10), (1,5), (1,6), (5,2), (2,3), (1,10), (1,4), (5,1)
------------------------
Iteración 32
-----------
Abiertos = (1,3), (1,8), (1,3), (1,6), (1,7), (4,1)
Cerrados = (3,8), (4,8), (4,7), (3,7), (3,6), (5,8), (5,7), (3,9), (3,5), (3,4), (3,3), (5,6), (3,10), (5,9), (4,3), (2,6), (2,4), (5,5), (5,4), (2,5), (4,10), (5,3), (2,10), (5,10), (1,5), (1,6), (5,2), (2,3), (1,10), (1,4), (5,1), (1,9)
------------------------
Iteración 33
-----------
Abiertos = (1,8), (1,3), (1,6), (1,2), (1,7), (4,1)
Cerrados = (3,8), (4,8), (4,7), (3,7), (3,6), (5,8), (5,7), (3,9), (3,5), (3,4), (3,3), (5,6), (3,10), (5,9), (4,3), (2,6), (2,4), (5,5), (5,4), (2,5), (4,10), (5,3), (2,10), (5,10), (1,5), (1,6), (5,2), (2,3), (1,10), (1,4), (5,1), (1,9), (1,3)
------------------------
Iteración 34
-----------
Abiertos = (1,3), (1,6), (1,2), (1,7), (1,7), (4,1)
Cerrados = (3,8), (4,8), (4,7), (3,7), (3,6), (5,8), (5,7), (3,9), (3,5), (3,4), (3,3), (5,6), (3,10), (5,9), (4,3), (2,6), (2,4), (5,5), (5,4), (2,5), (4,10), (5,3), (2,10), (5,10), (1,5), (1,6), (5,2), (2,3), (1,10), (1,4), (5,1), (1,9), (1,3), (1,8)
------------------------
Iteración 35
-----------
Abiertos = (1,3), (1,1), (1,7), (1,7), (4,1)
Cerrados = (3,8), (4,8), (4,7), (3,7), (3,6), (5,8), (5,7), (3,9), (3,5), (3,4), (3,3), (5,6), (3,10), (5,9), (4,3), (2,6), (2,4), (5,5), (5,4), (2,5), (4,10), (5,3), (2,10), (5,10), (1,5), (1,6), (5,2), (2,3), (1,10), (1,4), (5,1), (1,9), (1,3), (1,8), (1,2)
------------------------
Iteración 36
-----------
Abiertos = (1,3), (1,7), (1,7), (2,1), (4,1)
Cerrados = (3,8), (4,8), (4,7), (3,7), (3,6), (5,8), (5,7), (3,9), (3,5), (3,4), (3,3), (5,6), (3,10), (5,9), (4,3), (2,6), (2,4), (5,5), (5,4), (2,5), (4,10), (5,3), (2,10), (5,10), (1,5), (1,6), (5,2), (2,3), (1,10), (1,4), (5,1), (1,9), (1,3), (1,8), (1,2), (1,1)
------------------------
Iteración 37
-----------
Abiertos = (1,7), (2,1), (4,1)
Cerrados = (3,8), (4,8), (4,7), (3,7), (3,6), (5,8), (5,7), (3,9), (3,5), (3,4), (3,3), (5,6), (3,10), (5,9), (4,3), (2,6), (2,4), (5,5), (5,4), (2,5), (4,10), (5,3), (2,10), (5,10), (1,5), (1,6), (5,2), (2,3), (1,10), (1,4), (5,1), (1,9), (1,3), (1,8), (1,2), (1,1), (1,7)
------------------------
Iteración 38
-----------
Abiertos = (2,1), (3,1)
Cerrados = (3,8), (4,8), (4,7), (3,7), (3,6), (5,8), (5,7), (3,9), (3,5), (3,4), (3,3), (5,6), (3,10), (5,9), (4,3), (2,6), (2,4), (5,5), (5,4), (2,5), (4,10), (5,3), (2,10), (5,10), (1,5), (1,6), (5,2), (2,3), (1,10), (1,4), (5,1), (1,9), (1,3), (1,8), (1,2), (1,1), (1,7), (4,1)
------------------------
Iteración 39
-----------
Abiertos = (3,1), (3,1)
Cerrados = (3,8), (4,8), (4,7), (3,7), (3,6), (5,8), (5,7), (3,9), (3,5), (3,4), (3,3), (5,6), (3,10), (5,9), (4,3), (2,6), (2,4), (5,5), (5,4), (2,5), (4,10), (5,3), (2,10), (5,10), (1,5), (1,6), (5,2), (2,3), (1,10), (1,4), (5,1), (1,9), (1,3), (1,8), (1,2), (1,1), (1,7), (4,1), (2,1)
------------------------
Iteración 40
-----------
Abiertos = (3,1)
Cerrados = (3,8), (4,8), (4,7), (3,7), (3,6), (5,8), (5,7), (3,9), (3,5), (3,4), (3,3), (5,6), (3,10), (5,9), (4,3), (2,6), (2,4), (5,5), (5,4), (2,5), (4,10), (5,3), (2,10), (5,10), (1,5), (1,6), (5,2), (2,3), (1,10), (1,4), (5,1), (1,9), (1,3), (1,8), (1,2), (1,1), (1,7), (4,1), (2,1), (3,1)
------------------------
No se ha encontrado ningún camino al destino.
Iteración 0
-----------
Abiertos = (3,8)
Cerrados = 
------------------------
Iteración 1
-----------
Abiertos = (3,7), (4,8), (3,9)
Cerrados = (3,8)
------------------------
Iteración 2
-----------
Abiertos = (3,6), (4,7), (4,8), (3,9)
Cerrados = (3,8), (3,7)
------------------------
Iteración 3
-----------
Abiertos = (3,6), (4,8), (5,7), (3,9), (4,8)
Cerrados = (3,8), (3,7), (4,7)
------------------------
Iteración 4
-----------
Abiertos = (4,8), (5,7), (3,9), (3,5), (4,8), (2,6)
Cerrados = (3,8), (3,7), (4,7), (3,6)
------------------------
Iteración 5
-----------
Abiertos = (5,8), (5,7), (3,9), (3,5), (4,8), (2,6)
Cerrados = (3,8), (3,7), (4,7), (3,6), (4,8)
------------------------
Iteración 6
-----------
Abiertos = (5,7), (5,7), (3,9), (3,5), (4,8), (5,9), (2,6)
Cerrados = (3,8), (3,7), (4,7), (3,6), (4,8), (5,8)
------------------------
Iteración 7
-----------
Abiertos = (5,7), (3,9), (3,5), (4,8), (5,6), (2,6), (5,9)
Cerrados = (3,8), (3,7), (4,7), (3,6), (4,8), (5,8), (5,7)
------------------------
Iteración 8
-----------
Abiertos = (5,7), (3,5), (4,8), (3,10), (5,6), (2,6), (5,9)
Cerrados = (3,8), (3,7), (4,7), (3,6), (4,8), (5,8), (5,7), (3,9)
------------------------
Iteración 9
-----------
Abiertos = (4,8), (3,10), (3,4), (5,6), (5,9), (2,6), (2,5)
Cerrados = (3,8), (3,7), (4,7), (3,6), (4,8), (5,8), (5,7), (3,9), (3,5)
------------------------
Iteración 10
-----------
Abiertos = (4,8), (3,4), (5,6), (5,9), (2,6), (2,5), (4,10), (2,10)
Cerrados = (3,8), (3,7), (4,7), (3,6), (4,8), (5,8), (5,7), (3,9), (3,5), (3,10)
------------------------
Iteración 11
-----------
Abiertos = (4,8), (3,3), (5,6), (5,9), (2,6), (2,4), (2,5), (4,10), (2,10)
Cerrados = (3,8), (3,7), (4,7), (3,6), (4,8), (5,8), (5,7), (3,9), (3,5), (3,10), (3,4)
------------------------
Iteración 12
-----------
Abiertos = (4,8), (5,6), (5,9), (2,6), (4,3), (2,4), (2,5), (4,10), (2,10), (2,3)
Cerrados = (3,8), (3,7), (4,7), (3,6), (4,8), (5,8), (5,7), (3,9), (3,5), (3,10), (3,4), (3,3)
------------------------
Iteración 13
-----------
Abiertos = (4,8), (5,9), (2,6), (4,3), (5,5), (2,4), (2,5), (4,10), (2,10), (2,3)
Cerrados = (3,8), (3,7), (4,7), (3,6), (4,8), (5,8), (5,7), (3,9), (3,5), (3,10), (3,4), (3,3), (5,6)
------------------------
Iteración 14
-----------
Abiertos = (5,9), (4,3), (5,5), (2,4), (2,5), (2,5), (4,10), (2,10), (1,6), (2,3)
Cerrados = (3,8), (3,7), (4,7), (3,6), (4,8), (5,8), (5,7), (3,9), (3,5), (3,10), (3,4), (3,3), (5,6), (2,6)
------------------------
Iteración 15
-----------
Abiertos = (4,3), (5,5), (2,4), (2,5), (2,5), (4,10), (2,10), (5,10), (1,6), (2,3)
Cerrados = (3,8), (3,7), (4,7), (3,6), (4,8), (5,8), (5,7), (3,9), (3,5), (3,10), (3,4), (3,3), (5,6), (2,6), (5,9)
------------------------
Iteración 16
-----------
Abiertos = (5,5), (2,4), (2,5), (2,5), (4,10), (5,3), (2,10), (5,10), (1,6), (2,3)
Cerrados = (3,8), (3,7), (4,7), (3,6), (4,8), (5,8), (5,7), (3,9), (3,5), (3,10), (3,4), (3,3), (5,6), (2,6), (5,9), (4,3)
------------------------
Iteración 17
-----------
Abiertos = (5,4), (2,4), (2,5), (2,5), (4,10), (5,3), (2,10), (1,6), (5,10), (2,3)
Cerrados = (3,8), (3,7), (4,7), (3,6), (4,8), (5,8), (5,7), (3,9), (3,5), (3,10), (3,4), (3,3), (5,6), (2,6), (5,9), (4,3), (5,5)
------------------------
Iteración 18
-----------
Abiertos = (5,4), (2,5), (2,5), (4,10), (5,3), (2,10), (5,10), (1,6), (2,3), (2,3), (1,4), (2,5)
Cerrados = (3,8), (3,7), (4,7), (3,6), (4,8), (5,8), (5,7), (3,9), (3,5), (3,10), (3,4), (3,3), (5,6), (2,6), (5,9), (4,3), (5,5), (2,4)
------------------------
Iteración 19
-----------
Abiertos = (5,4), (2,5), (4,10), (5,3), (2,10), (1,5), (5,10), (1,6), (2,3), (2,3), (1,4), (2,5)
Cerrados = (3,8), (3,7), (4,7), (3,6), (4,8), (5,8), (5,7), (3,9), (3,5), (3,10), (3,4), (3,3), (5,6), (2,6), (5,9), (4,3), (5,5), (2,4), (2,5)
------------------------
Iteración 20
-----------
Abiertos = (2,5), (4,10), (5,3), (5,3), (2,10), (1,5), (5,10), (1,6), (2,3), (2,3), (1,4), (2,5)
Cerrados = (3,8), (3,7), (4,7), (3,6), (4,8), (5,8), (5,7), (3,9), (3,5), (3,10), (3,4), (3,3), (5,6), (2,6), (5,9), (4,3), (5,5), (2,4), (2,5), (5,4)
------------------------
Iteración 21
-----------
Abiertos = (4,10), (5,3), (2,10), (1,5), (5,10), (1,6), (5,2), (2,3), (2,3), (1,4), (2,5)
Cerrados = (3,8), (3,7), (4,7), (3,6), (4,8), (5,8), (5,7), (3,9), (3,5), (3,10), (3,4), (3,3), (5,6), (2,6), (5,9), (4,3), (5,5), (2,4), (2,5), (5,4), (5,3)
------------------------
Iteración 22
-----------
Abiertos = (5,3), (2,10), (1,5), (5,10), (5,10), (1,6), (5,2), (2,3), (2,3), (1,4), (2,5)
Cerrados = (3,8), (3,7), (4,7), (3,6), (4,8), (5,8), (5,7), (3,9), (3,5), (3,10), (3,4), (3,3), (5,6), (2,6), (5,9), (4,3), (5,5), (2,4), (2,5), (5,4), (5,3), (4,10)
------------------------
Iteración 23
-----------
Abiertos = (2,10), (5,10), (5,10), (1,6), (5,2), (2,3), (2,3), (2,5), (1,4), (1,4), (1,6)
Cerrados = (3,8), (3,7), (4,7), (3,6), (4,8), (5,8), (5,7), (3,9), (3,5), (3,10), (3,4), (3,3), (5,6), (2,6), (5,9), (4,3), (5,5), (2,4), (2,5), (5,4), (5,3), (4,10), (1,5)
------------------------
Iteración 24
-----------
Abiertos = (5,10), (1,6), (5,10), (5,2), (2,3), (2,3), (1,10), (1,4), (1,4), (2,5), (1,6)
Cerrados = (3,8), (3,7), (4,7), (3,6), (4,8), (5,8), (5,7), (3,9), (3,5), (3,10), (3,4), (3,3), (5,6), (2,6), (5,9), (4,3), (5,5), (2,4), (2,5), (5,4), (5,3), (4,10), (1,5), (2,10)
------------------------
Iteración 25
-----------
Abiertos = (5,10), (5,10), (5,2), (2,3), (2,3), (1,10), (2,5), (1,4), (1,4), (1,6), (1,7)
Cerrados = (3,8), (3,7), (4,7), (3,6), (4,8), (5,8), (5,7), (3,9), (3,5), (3,10), (3,4), (3,3), (5,6), (2,6), (5,9), (4,3), (5,5), (2,4), (2,5), (5,4), (5,3), (4,10), (1,5), (2,10), (1,6)
------------------------
Iteración 26
-----------
Abiertos = (5,10), (5,2), (2,3), (2,3), (1,10), (2,5), (1,4), (1,4), (1,6), (1,7)
Cerrados = (3,8), (3,7), (4,7), (3,6), (4,8), (5,8), (5,7), (3,9), (3,5), (3,10), (3,4), (3,3), (5,6), (2,6), (5,9), (4,3), (5,5), (2,4), (2,5), (5,4), (5,3), (4,10), (1,5), (2,10), (1,6), (5,10)
------------------------
Iteración 27
-----------
Abiertos = (2,3), (2,3), (1,10), (2,5), (1,4), (1,4), (5,1), (1,6), (1,7)
Cerrados = (3,8), (3,7), (4,7), (3,6), (4,8), (5,8), (5,7), (3,9), (3,5), (3,10), (3,4), (3,3), (5,6), (2,6), (5,9), (4,3), (5,5), (2,4), (2,5), (5,4), (5,3), (4,10), (1,5), (2,10), (1,6), (5,10), (5,2)
------------------------
Iteración 28
-----------
Abiertos = (2,3), (1,10), (2,5), (1,4), (1,4), (5,1), (1,3), (1,6), (1,7)
Cerrados = (3,8), (3,7), (4,7), (3,6), (4,8), (5,8), (5,7), (3,9), (3,5), (3,10), (3,4), (3,3), (5,6), (2,6), (5,9), (4,3), (5,5), (2,4), (2,5), (5,4), (5,3), (4,10), (1,5), (2,10), (1,6), (5,10), (5,2), (2,3)
------------------------
Iteración 29
-----------
Abiertos = (2,3), (1,4), (2,5), (1,4), (5,1), (1,9), (1,3), (1,6), (1,7)
Cerrados = (3,8), (3,7), (4,7), (3,6), (4,8), (5,8), (5,7), (3,9), (3,5), (3,10), (3,4), (3,3), (5,6), (2,6), (5,9), (4,3), (5,5), (2,4), (2,5), (5,4), (5,3), (4,10), (1,5), (2,10), (1,6), (5,10), (5,2), (2,3), (1,10)
------------------------
Iteración 30
-----------
Abiertos = (2,3), (1,3), (2,5), (1,4), (5,1), (1,9), (1,3), (1,6), (1,7)
Cerrados = (3,8), (3,7), (4,7), (3,6), (4,8), (5,8), (5,7), (3,9), (3,5), (3,10), (3,4), (3,3), (5,6), (2,6), (5,9), (4,3), (5,5), (2,4), (2,5), (5,4), (5,3), (4,10), (1,5), (2,10), (1,6), (5,10), (5,2), (2,3), (1,10), (1,4)
------------------------
Iteración 31
-----------
Abiertos = (1,4), (2,5), (5,1), (1,9), (1,3), (1,6), (1,2), (1,7)
Cerrados = (3,8), (3,7), (4,7), (3,6), (4,8), (5,8), (5,7), (3,9), (3,5), (3,10), (3,4), (3,3), (5,6), (2,6), (5,9), (4,3), (5,5), (2,4), (2,5), (5,4), (5,3), (4,10), (1,5), (2,10), (1,6), (5,10), (5,2), (2,3), (1,10), (1,4), (1,3)
------------------------
Iteración 32
-----------
Abiertos = (1,9), (1,3), (1,6), (1,2), (1,7), (4,1)
Cerrados = (3,8), (3,7), (4,7), (3,6), (4,8), (5,8), (5,7), (3,9), (3,5), (3,10), (3,4), (3,3), (5,6), (2,6), (5,9), (4,3), (5,5), (2,4), (2,5), (5,4), (5,3), (4,10), (1,5), (2,10), (1,6), (5,10), (5,2), (2,3), (1,10), (1,4), (1,3), (5,1)
------------------------
Iteración 33
-----------
Abiertos = (1,8), (1,3), (1,6), (1,2), (1,7), (4,1)
Cerrados = (3,8), (3,7), (4,7), (3,6), (4,8), (5,8), (5,7), (3,9), (3,5), (3,10), (3,4), (3,3), (5,6), (2,6), (5,9), (4,3), (5,5), (2,4), (2,5), (5,4), (5,3), (4,10), (1,5), (2,10), (1,6), (5,10), (5,2), (2,3), (1,10), (1,4), (1,3), (5,1), (1,9)
------------------------
Iteración 34
-----------
Abiertos = (1,6), (1,2), (1,7), (1,7), (4,1)
Cerrados = (3,8), (3,7), (4,7), (3,6), (4,8), (5,8), (5,7), (3,9), (3,5), (3,10), (3,4), (3,3), (5,6), (2,6), (5,9), (4,3), (5,5), (2,4), (2,5), (5,4), (5,3), (4,10), (1,5), (2,10), (1,6), (5,10), (5,2), (2,3), (1,10), (1,4), (1,3), (5,1), (1,9), (1,8)
------------------------
Iteración 35
-----------
Abiertos = (1,6), (1,1), (1,7), (1,7), (4,1)
Cerrados = (3,8), (3,7), (4,7), (3,6), (4,8), (5,8), (5,7), (3,9), (3,5), (3,10), (3,4), (3,3), (5,6), (2,6), (5,9), (4,3), (5,5), (2,4), (2,5), (5,4), (5,3), (4,10), (1,5), (2,10), (1,6), (5,10), (5,2), (2,3), (1,10), (1,4), (1,3), (5,1), (1,9), (1,8), (1,2)
------------------------
Iteración 36
-----------
Abiertos = (1,1), (1,7), (4,1)
Cerrados = (3,8), (3,7), (4,7), (3,6), (4,8), (5,8), (5,7), (3,9), (3,5), (3,10), (3,4), (3,3), (5,6), (2,6), (5,9), (4,3), (5,5), (2,4), (2,5), (5,4), (5,3), (4,10), (1,5), (2,10), (1,6), (5,10), (5,2), (2,3), (1,10), (1,4), (1,3), (5,1), (1,9), (1,8), (1,2), (1,7)
------------------------
Iteración 37
-----------
Abiertos = (1,7), (2,1), (4,1)
Cerrados = (3,8), (3,7), (4,7), (3,6), (4,8), (5,8), (5,7), (3,9), (3,5), (3,10), (3,4), (3,3), (5,6), (2,6), (5,9), (4,3), (5,5), (2,4), (2,5), (5,4), (5,3), (4,10), (1,5), (2,10), (1,6), (5,10), (5,2), (2,3), (1,10), (1,4), (1,3), (5,1), (1,9), (1,8), (1,2), (1,7), (1,1)
------------------------
Iteración 38
-----------
Abiertos = (1,7), (3,1), (4,1)
Cerrados = (3,8), (3,7), (4,7), (3,6), (4,8), (5,8), (5,7), (3,9), (3,5), (3,10), (3,4), (3,3), (5,6), (2,6), (5,9), (4,3), (5,5), (2,4), (2,5), (5,4), (5,3), (4,10), (1,5), (2,10), (1,6), (5,10), (5,2), (2,3), (1,10), (1,4), (1,3), (5,1), (1,9), (1,8), (1,2), (1,7), (1,1), (2,1)
------------------------
Iteración 39
-----------
Abiertos = (1,7), (4,1), (4,1)
Cerrados = (3,8), (3,7), (4,7), (3,6), (4,8), (5,8), (5,7), (3,9), (3,5), (3,10), (3,4), (3,3), (5,6), (2,6), (5,9), (4,3), (5,5), (2,4), (2,5), (5,4), (5,3), (4,10), (1,5), (2,10), (1,6), (5,10), (5,2), (2,3), (1,10), (1,4), (1,3), (5,1), (1,9), (1,8), (1,2), (1,7), (1,1), (2,1), (3,1)
------------------------
Iteración 40
-----------
Abiertos = (1,7), (4,1)
Cerrados = (3,8), (3,7), (4,7), (3,6), (4,8), (5,8), (5,7), (3,9), (3,5), (3,10), (3,4), (3,3), (5,6), (2,6), (5,9), (4,3), (5,5), (2,4), (2,5), (5,4), (5,3), (4,10), (1,5), (2,10), (1,6), (5,10), (5,2), (2,3), (1,10), (1,4), (1,3), (5,1), (1,9), (1,8), (1,2), (1,7), (1,1), (2,1), (3,1), (4,1)
------------------------
No se ha encontrado ningún camino al destino.
Iteración 0
-----------
Abiertos = (3,8)
Cerrados = 
------------------------
Iteración 1
-----------
Abiertos = (3,7), (4,8), (3,9)
Cerrados = (3,8)
------------------------
Iteración 2
-----------
Abiertos = (4,7), (5,8), (3,7), (3,9)
Cerrados = (3,8), (4,8)
------------------------
Iteración 3
-----------
Abiertos = (5,8), (3,7), (5,7), (3,9), (3,7)
Cerrados = (3,8), (4,8), (4,7)
------------------------
Iteración 4
-----------
Abiertos = (3,7), (5,7), (5,7), (3,9), (3,7), (5,9)
Cerrados = (3,8), (4,8), (4,7), (5,8)
------------------------
Iteración 5
-----------
Abiertos = (3,6), (5,7), (5,7), (3,9), (3,7), (5,9)
Cerrados = (3,8), (4,8), (4,7), (5,8), (3,7)
------------------------
Iteración 6
-----------
Abiertos = (3,6), (5,7), (3,9), (3,7), (5,6), (5,9)
Cerrados = (3,8), (4,8), (4,7), (5,8), (3,7), (5,7)
------------------------
Iteración 7
-----------
Abiertos = (3,9), (3,5), (3,7), (5,6), (2,6), (5,9)
Cerrados = (3,8), (4,8), (4,7), (5,8), (3,7), (5,7), (3,6)
------------------------
Iteración 8
-----------
Abiertos = (3,5), (3,7), (3,10), (5,6), (2,6), (5,9)
Cerrados = (3,8), (4,8), (4,7), (5,8), (3,7), (5,7), (3,6), (3,9)
------------------------
Iteración 9
-----------
Abiertos = (3,5), (5,6), (5,9), (2,6), (4,10), (2,10)
Cerrados = (3,8), (4,8), (4,7), (5,8), (3,7), (5,7), (3,6), (3,9), (3,10)
------------------------
Iteración 10
-----------
Abiertos = (3,5), (5,9), (2,6), (5,5), (4,10), (2,10)
Cerrados = (3,8), (4,8), (4,7), (5,8), (3,7), (5,7), (3,6), (3,9), (3,10), (5,6)
------------------------
Iteración 11
-----------
Abiertos = (3,4), (2,6), (5,9), (5,5), (2,5), (4,10), (2,10)
Cerrados = (3,8), (4,8), (4,7), (5,8), (3,7), (5,7), (3,6), (3,9), (3,10), (5,6), (3,5)
------------------------
Iteración 12
-----------
Abiertos = (3,4), (5,9), (5,5), (2,5), (2,5), (4,10), (2,10), (1,6)
Cerrados = (3,8), (4,8), (4,7), (5,8), (3,7), (5,7), (3,6), (3,9), (3,10), (5,6), (3,5), (2,6)
------------------------
Iteración 13
-----------
Abiertos = (3,4), (5,5), (2,5), (2,5), (4,10), (2,10), (5,10), (1,6)
Cerrados = (3,8), (4,8), (4,7), (5,8), (3,7), (5,7), (3,6), (3,9), (3,10), (5,6), (3,5), (2,6), (5,9)
------------------------
Iteración 14
-----------
Abiertos = (3,4), (5,4), (2,5), (2,5), (4,10), (2,10), (1,6), (5,10)
Cerrados = (3,8), (4,8), (4,7), (5,8), (3,7), (5,7), (3,6), (3,9), (3,10), (5,6), (3,5), (2,6), (5,9), (5,5)
------------------------
Iteración 15
-----------
Abiertos = (3,3), (5,4), (2,4), (2,5), (2,5), (4,10), (2,10), (5,10), (1,6)
Cerrados = (3,8), (4,8), (4,7), (5,8), (3,7), (5,7), (3,6), (3,9), (3,10), (5,6), (3,5), (2,6), (5,9), (5,5), (3,4)
------------------------
Iteración 16
-----------
Abiertos = (3,3), (2,4), (2,5), (2,5), (4,10), (5,3), (2,10), (1,6), (5,10)
Cerrados = (3,8), (4,8), (4,7), (5,8), (3,7), (5,7), (3,6), (3,9), (3,10), (5,6), (3,5), (2,6), (5,9), (5,5), (3,4), (5,4)
------------------------
Iteración 17
-----------
Abiertos = (3,3), (2,5), (2,5), (4,10), (5,3), (2,10), (1,6), (5,10), (2,3), (1,4), (2,5)
Cerrados = (3,8), (4,8), (4,7), (5,8), (3,7), (5,7), (3,6), (3,9), (3,10), (5,6), (3,5), (2,6), (5,9), (5,5), (3,4), (5,4), (2,4)
------------------------
Iteración 18
-----------
Abiertos = (3,3), (2,5), (4,10), (5,3), (2,10), (1,5), (5,10), (1,6), (2,3), (1,4), (2,5)
Cerrados = (3,8), (4,8), (4,7), (5,8), (3,7), (5,7), (3,6), (3,9), (3,10), (5,6), (3,5), (2,6), (5,9), (5,5), (3,4), (5,4), (2,4), (2,5)
------------------------
Iteración 19
-----------
Abiertos = (4,3), (2,5), (4,10), (5,3), (2,10), (1,5), (5,10), (1,6), (2,3), (2,3), (1,4), (2,5)
Cerrados = (3,8), (4,8), (4,7), (5,8), (3,7), (5,7), (3,6), (3,9), (3,10), (5,6), (3,5), (2,6), (5,9), (5,5), (3,4), (5,4), (2,4), (2,5), (3,3)
------------------------
Iteración 20
-----------
Abiertos = (4,3), (5,3), (2,10), (1,5), (5,10), (1,6), (5,10), (2,3), (2,3), (1,4), (2,5)
Cerrados = (3,8), (4,8), (4,7), (5,8), (3,7), (5,7), (3,6), (3,9), (3,10), (5,6), (3,5), (2,6), (5,9), (5,5), (3,4), (5,4), (2,4), (2,5), (3,3), (4,10)
------------------------
Iteración 21
-----------
Abiertos = (4,3), (2,10), (1,5), (5,10), (1,6), (5,10), (5,2), (2,3), (2,3), (2,5), (1,4), (4,3)
Cerrados = (3,8), (4,8), (4,7), (5,8), (3,7), (5,7), (3,6), (3,9), (3,10), (5,6), (3,5), (2,6), (5,9), (5,5), (3,4), (5,4), (2,4), (2,5), (3,3), (4,10), (5,3)
------------------------
Iteración 22
-----------
Abiertos = (4,3), (1,5), (5,10), (1,6), (5,10), (5,2), (2,3), (2,3), (1,10), (2,5), (1,4), (4,3)
Cerrados = (3,8), (4,8), (4,7), (5,8), (3,7), (5,7), (3,6), (3,9), (3,10), (5,6), (3,5), (2,6), (5,9), (5,5), (3,4), (5,4), (2,4), (2,5), (3,3), (4,10), (5,3), (2,10)
------------------------
Iteración 23
-----------
Abiertos = (4,3), (1,6), (5,10), (5,10), (5,2), (2,3), (2,3), (1,10), (1,4), (1,4), (2,5), (4,3), (1,6)
Cerrados = (3,8), (4,8), (4,7), (5,8), (3,7), (5,7), (3,6), (3,9), (3,10), (5,6), (3,5), (2,6), (5,9), (5,5), (3,4), (5,4), (2,4), (2,5), (3,3), (4,10), (5,3), (2,10), (1,5)
------------------------
Iteración 24
-----------
Abiertos = (4,3), (5,10), (5,10), (5,2), (2,3), (2,3), (1,10), (1,4), (1,4), (2,5), (4,3), (1,6), (1,7)
Cerrados = (3,8), (4,8), (4,7), (5,8), (3,7), (5,7), (3,6), (3,9), (3,10), (5,6), (3,5), (2,6), (5,9), (5,5), (3,4), (5,4), (2,4), (2,5), (3,3), (4,10), (5,3), (2,10), (1,5), (1,6)
------------------------
Iteración 25
-----------
Abiertos = (5,10), (5,10), (5,2), (2,3), (2,3), (1,10), (1,4), (1,4), (2,5), (4,3), (1,6), (1,7)
Cerrados = (3,8), (4,8), (4,7), (5,8), (3,7), (5,7), (3,6), (3,9), (3,10), (5,6), (3,5), (2,6), (5,9), (5,5), (3,4), (5,4), (2,4), (2,5), (3,3), (4,10), (5,3), (2,10), (1,5), (1,6), (4,3)
------------------------
Iteración 26
-----------
Abiertos = (5,10), (5,2), (2,3), (2,3), (1,10), (1,4), (1,4), (2,5), (4,3), (1,6), (1,7)
Cerrados = (3,8), (4,8), (4,7), (5,8), (3,7), (5,7), (3,6), (3,9), (3,10), (5,6), (3,5), (2,6), (5,9), (5,5), (3,4), (5,4), (2,4), (2,5), (3,3), (4,10), (5,3), (2,10), (1,5), (1,6), (4,3), (5,10)
------------------------
Iteración 27
-----------
Abiertos = (5,2), (2,3), (1,10), (1,4), (2,5), (1,4), (4,3), (1,3), (1,6), (1,7)
Cerrados = (3,8), (4,8), (4,7), (5,8), (3,7), (5,7), (3,6), (3,9), (3,10), (5,6), (3,5), (2,6), (5,9), (5,5), (3,4), (5,4), (2,4), (2,5), (3,3), (4,10), (5,3), (2,10), (1,5), (1,6), (4,3), (5,10), (2,3)
------------------------
Iteración 28
-----------
Abiertos = (1,10), (1,4), (1,4), (2,5), (5,1), (4,3), (1,3), (1,6), (1,7)
Cerrados = (3,8), (4,8), (4,7), (5,8), (3,7), (5,7), (3,6), (3,9), (3,10), (5,6), (3,5), (2,6), (5,9), (5,5), (3,4), (5,4), (2,4), (2,5), (3,3), (4,10), (5,3), (2,10), (1,5), (1,6), (4,3), (5,10), (2,3), (5,2)
------------------------
Iteración 29
-----------
Abiertos = (1,10), (1,3), (1,4), (2,5), (5,1), (4,3), (1,3), (1,6), (1,7)
Cerrados = (3,8), (4,8), (4,7), (5,8), (3,7), (5,7), (3,6), (3,9), (3,10), (5,6), (3,5), (2,6), (5,9), (5,5), (3,4), (5,4), (2,4), (2,5), (3,3), (4,10), (5,3), (2,10), (1,5), (1,6), (4,3), (5,10), (2,3), (5,2), (1,4)
------------------------
Iteración 30
-----------
Abiertos = (1,10), (1,4), (2,5), (5,1), (4,3), (1,3), (1,6), (1,2), (1,7)
Cerrados = (3,8), (4,8), (4,7), (5,8), (3,7), (5,7), (3,6), (3,9), (3,10), (5,6), (3,5), (2,6), (5,9), (5,5), (3,4), (5,4), (2,4), (2,5), (3,3), (4,10), (5,3), (2,10), (1,5), (1,6), (4,3), (5,10), (2,3), (5,2), (1,4), (1,3)
------------------------
Iteración 31
-----------
Abiertos = (2,5), (5,1), (4,3), (1,9), (1,3), (1,6), (1,2), (1,7)
Cerrados = (3,8), (4,8), (4,7), (5,8), (3,7), (5,7), (3,6), (3,9), (3,10), (5,6), (3,5), (2,6), (5,9), (5,5), (3,4), (5,4), (2,4), (2,5), (3,3), (4,10), (5,3), (2,10), (1,5), (1,6), (4,3), (5,10), (2,3), (5,2), (1,4), (1,3), (1,10)
------------------------
Iteración 32
-----------
Abiertos = (2,5), (4,3), (1,9), (1,3), (1,6), (1,2), (1,7), (4,1)
Cerrados = (3,8), (4,8), (4,7), (5,8), (3,7), (5,7), (3,6), (3,9), (3,10), (5,6), (3,5), (2,6), (5,9), (5,5), (3,4), (5,4), (2,4), (2,5), (3,3), (4,10), (5,3), (2,10), (1,5), (1,6), (4,3), (5,10), (2,3), (5,2), (1,4), (1,3), (1,10), (5,1)
------------------------
Iteración 33
-----------
Abiertos = (4,3), (1,8), (1,3), (1,6), (1,2), (1,7), (4,1)
Cerrados = (3,8), (4,8), (4,7), (5,8), (3,7), (5,7), (3,6), (3,9), (3,10), (5,6), (3,5), (2,6), (5,9), (5,5), (3,4), (5,4), (2,4), (2,5), (3,3), (4,10), (5,3), (2,10), (1,5), (1,6), (4,3), (5,10), (2,3), (5,2), (1,4), (1,3), (1,10), (5,1), (1,9)
------------------------
Iteración 34
-----------
Abiertos = (4,3), (1,3), (1,6), (1,2), (1,7), (1,7), (4,1)
Cerrados = (3,8), (4,8), (4,7), (5,8), (3,7), (5,7), (3,6), (3,9), (3,10), (5,6), (3,5), (2,6), (5,9), (5,5), (3,4), (5,4), (2,4), (2,5), (3,3), (4,10), (5,3), (2,10), (1,5), (1,6), (4,3), (5,10), (2,3), (5,2), (1,4), (1,3), (1,10), (5,1), (1,9), (1,8)
------------------------
Iteración 35
-----------
Abiertos = (4,3), (1,1), (1,7), (1,7), (4,1)
Cerrados = (3,8), (4,8), (4,7), (5,8), (3,7), (5,7), (3,6), (3,9), (3,10), (5,6), (3,5), (2,6), (5,9), (5,5), (3,4), (5,4), (2,4), (2,5), (3,3), (4,10), (5,3), (2,10), (1,5), (1,6), (4,3), (5,10), (2,3), (5,2), (1,4), (1,3), (1,10), (5,1), (1,9), (1,8), (1,2)
------------------------
Iteración 36
-----------
Abiertos = (4,3), (1,7), (1,7), (2,1), (4,1)
Cerrados = (3,8), (4,8), (4,7), (5,8), (3,7), (5,7), (3,6), (3,9), (3,10), (5,6), (3,5), (2,6), (5,9), (5,5), (3,4), (5,4), (2,4), (2,5), (3,3), (4,10), (5,3), (2,10), (1,5), (1,6), (4,3), (5,10), (2,3), (5,2), (1,4), (1,3), (1,10), (5,1), (1,9), (1,8), (1,2), (1,1)
------------------------
Iteración 37
-----------
Abiertos = (4,3), (1,7), (2,1), (4,1)
Cerrados = (3,8), (4,8), (4,7), (5,8), (3,7), (5,7), (3,6), (3,9), (3,10), (5,6), (3,5), (2,6), (5,9), (5,5), (3,4), (5,4), (2,4), (2,5), (3,3), (4,10), (5,3), (2,10), (1,5), (1,6), (4,3), (5,10), (2,3), (5,2), (1,4), (1,3), (1,10), (5,1), (1,9), (1,8), (1,2), (1,1), (1,7)
------------------------
Iteración 38
-----------
Abiertos = (1,7), (3,1), (4,1)
Cerrados = (3,8), (4,8), (4,7), (5,8), (3,7), (5,7), (3,6), (3,9), (3,10), (5,6), (3,5), (2,6), (5,9), (5,5), (3,4), (5,4), (2,4), (2,5), (3,3), (4,10), (5,3), (2,10), (1,5), (1,6), (4,3), (5,10), (2,3), (5,2), (1,4), (1,3), (1,10), (5,1), (1,9), (1,8), (1,2), (1,1), (1,7), (2,1)
------------------------
Iteración 39
-----------
Abiertos = (4,1), (4,1)
Cerrados = (3,8), (4,8), (4,7), (5,8), (3,7), (5,7), (3,6), (3,9), (3,10), (5,6), (3,5), (2,6), (5,9), (5,5), (3,4), (5,4), (2,4), (2,5), (3,3), (4,10), (5,3), (2,10), (1,5), (1,6), (4,3), (5,10), (2,3), (5,2), (1,4), (1,3), (1,10), (5,1), (1,9), (1,8), (1,2), (1,1), (1,7), (2,1), (3,1)
------------------------
Iteración 40
-----------
Abiertos = (4,1)
Cerrados = (3,8), (4,8), (4,7), (5,8), (3,7), (5,7), (3,6), (3,9), (3,10), (5,6), (3,5), (2,6), (5,9), (5,5), (3,4), (5,4), (2,4), (2,5), (3,3), (4,10), (5,3), (2,10), (1,5), (1,6), (4,3), (5,10), (2,3), (5,2), (1,4), (1,3), (1,10), (5,1), (1,9), (1,8), (1,2), (1,1), (1,7), (2,1), (3,1), (4,1)
------------------------
No se ha encontrado ningún camino al destino.
Iteración 0
-----------
Abiertos = (3,8)
Cerrados = 
------------------------
Iteración 1
-----------
Abiertos = (3,7), (4,8), (3,9)
Cerrados = (3,8)
------------------------
Iteración 2
-----------
Abiertos = (3,6), (4,7), (4,8), (3,9)
Cerrados = (3,8), (3,7)
------------------------
Iteración 3
-----------
Abiertos = (3,6), (4,8), (5,7), (3,9), (4,8)
Cerrados = (3,8), (3,7), (4,7)
------------------------
Iteración 4
-----------
Abiertos = (4,8), (5,7), (3,9), (3,5), (4,8), (2,6)
Cerrados = (3,8), (3,7), (4,7), (3,6)
------------------------
Iteración 5
-----------
Abiertos = (4,8), (3,9), (3,5), (5,8), (4,8), (5,6), (2,6)
Cerrados = (3,8), (3,7), (4,7), (3,6), (5,7)
------------------------
Iteración 6
-----------
Abiertos = (5,8), (3,9), (3,5), (5,8), (4,8), (5,6), (2,6)
Cerrados = (3,8), (3,7), (4,7), (3,6), (5,7), (4,8)
------------------------
Iteración 7
-----------
Abiertos = (3,9), (3,5), (5,8), (4,8), (5,6), (2,6), (5,9)
Cerrados = (3,8), (3,7), (4,7), (3,6), (5,7), (4,8), (5,8)
------------------------
Iteración 8
-----------
Abiertos = (3,5), (5,8), (4,8), (3,10), (5,6), (2,6), (5,9)
Cerrados = (3,8), (3,7), (4,7), (3,6), (5,7), (4,8), (5,8), (3,9)
------------------------
Iteración 9
-----------
Abiertos = (5,8), (4,8), (3,10), (3,4), (5,6), (2,6), (2,5), (5,9)
Cerrados = (3,8), (3,7), (4,7), (3,6), (5,7), (4,8), (5,8), (3,9), (3,5)
------------------------
Iteración 10
-----------
Abiertos = (5,6), (3,4), (2,6), (2,5), (4,10), (2,10), (5,9)
Cerrados = (3,8), (3,7), (4,7), (3,6), (5,7), (4,8), (5,8), (3,9), (3,5), (3,10)
------------------------
Iteración 11
-----------
Abiertos = (3,3), (5,6), (2,6), (2,4), (2,5), (4,10), (2,10), (5,9)
Cerrados = (3,8), (3,7), (4,7), (3,6), (5,7), (4,8), (5,8), (3,9), (3,5), (3,10), (3,4)
------------------------
Iteración 12
-----------
Abiertos = (3,3), (2,6), (5,5), (2,4), (2,5), (4,10), (2,10), (5,9)
Cerrados = (3,8), (3,7), (4,7), (3,6), (5,7), (4,8), (5,8), (3,9), (3,5), (3,10), (3,4), (5,6)
------------------------
Iteración 13
-----------
Abiertos = (2,6), (4,3), (5,5), (2,4), (2,5), (4,10), (2,10), (5,9), (2,3)
Cerrados = (3,8), (3,7), (4,7), (3,6), (5,7), (4,8), (5,8), (3,9), (3,5), (3,10), (3,4), (5,6), (3,3)
------------------------
Iteración 14
-----------
Abiertos = (2,6), (5,5), (2,4), (2,5), (4,10), (5,3), (2,10), (5,9), (2,3)
Cerrados = (3,8), (3,7), (4,7), (3,6), (5,7), (4,8), (5,8), (3,9), (3,5), (3,10), (3,4), (5,6), (3,3), (4,3)
------------------------
Iteración 15
-----------
Abiertos = (2,6), (5,4), (2,4), (2,5), (4,10), (5,3), (2,10), (5,9), (2,3)
Cerrados = (3,8), (3,7), (4,7), (3,6), (5,7), (4,8), (5,8), (3,9), (3,5), (3,10), (3,4), (5,6), (3,3), (4,3), (5,5)
------------------------
Iteración 16
-----------
Abiertos = (5,4), (2,4), (2,5), (2,5), (4,10), (5,3), (2,10), (5,9), (1,6), (2,3)
Cerrados = (3,8), (3,7), (4,7), (3,6), (5,7), (4,8), (5,8), (3,9), (3,5), (3,10), (3,4), (5,6), (3,3), (4,3), (5,5), (2,6)
------------------------
Iteración 17
-----------
Abiertos = (5,4), (2,5), (2,5), (4,10), (5,3), (2,10), (5,9), (1,6), (2,3), (2,3), (2,5), (1,4)
Cerrados = (3,8), (3,7), (4,7), (3,6), (5,7), (4,8), (5,8), (3,9), (3,5), (3,10), (3,4), (5,6), (3,3), (4,3), (5,5), (2,6), (2,4)
------------------------
Iteración 18
-----------
Abiertos = (5,4), (2,5), (4,10), (5,3), (2,10), (5,9), (1,5), (1,6), (2,3), (2,3), (2,5), (1,4)
Cerrados = (3,8), (3,7), (4,7), (3,6), (5,7), (4,8), (5,8), (3,9), (3,5), (3,10), (3,4), (5,6), (3,3), (4,3), (5,5), (2,6), (2,4), (2,5)
------------------------
Iteración 19
-----------
Abiertos = (2,5), (4,10), (5,3), (5,3), (2,10), (5,9), (1,5), (1,6), (2,3), (2,3), (2,5), (1,4)
Cerrados = (3,8), (3,7), (4,7), (3,6), (5,7), (4,8), (5,8), (3,9), (3,5), (3,10), (3,4), (5,6), (3,3), (4,3), (5,5), (2,6), (2,4), (2,5), (5,4)
------------------------
Iteración 20
-----------
Abiertos = (4,10), (5,3), (2,10), (5,9), (1,5), (1,6), (5,2), (2,3), (2,3), (1,4), (2,5)
Cerrados = (3,8), (3,7), (4,7), (3,6), (5,7), (4,8), (5,8), (3,9), (3,5), (3,10), (3,4), (5,6), (3,3), (4,3), (5,5), (2,6), (2,4), (2,5), (5,4), (5,3)
------------------------
Iteración 21
-----------
Abiertos = (5,3), (2,10), (5,9), (1,5), (1,6), (5,10), (5,2), (2,3), (2,3), (2,5), (1,4)
Cerrados = (3,8), (3,7), (4,7), (3,6), (5,7), (4,8), (5,8), (3,9), (3,5), (3,10), (3,4), (5,6), (3,3), (4,3), (5,5), (2,6), (2,4), (2,5), (5,4), (5,3), (4,10)
------------------------
Iteración 22
-----------
Abiertos = (5,3), (1,5), (5,9), (1,6), (5,10), (5,2), (2,3), (2,3), (1,10), (2,5), (1,4)
Cerrados = (3,8), (3,7), (4,7), (3,6), (5,7), (4,8), (5,8), (3,9), (3,5), (3,10), (3,4), (5,6), (3,3), (4,3), (5,5), (2,6), (2,4), (2,5), (5,4), (5,3), (4,10), (2,10)
------------------------
Iteración 23
-----------
Abiertos = (5,3), (5,9), (1,6), (5,10), (5,2), (2,3), (2,3), (1,10), (2,5), (1,4), (1,4), (1,6)
Cerrados = (3,8), (3,7), (4,7), (3,6), (5,7), (4,8), (5,8), (3,9), (3,5), (3,10), (3,4), (5,6), (3,3), (4,3), (5,5), (2,6), (2,4), (2,5), (5,4), (5,3), (4,10), (2,10), (1,5)
------------------------
Iteración 24
-----------
Abiertos = (5,10), (1,6), (5,2), (2,3), (2,3), (1,10), (1,4), (2,5), (1,4), (5,10), (1,6)
Cerrados = (3,8), (3,7), (4,7), (3,6), (5,7), (4,8), (5,8), (3,9), (3,5), (3,10), (3,4), (5,6), (3,3), (4,3), (5,5), (2,6), (2,4), (2,5), (5,4), (5,3), (4,10), (2,10), (1,5), (5,9)
------------------------
Iteración 25
-----------
Abiertos = (5,10), (5,2), (2,3), (2,3), (1,10), (2,5), (1,4), (1,4), (5,10), (1,6), (1,7)
Cerrados = (3,8), (3,7), (4,7), (3,6), (5,7), (4,8), (5,8), (3,9), (3,5), (3,10), (3,4), (5,6), (3,3), (4,3), (5,5), (2,6), (2,4), (2,5), (5,4), (5,3), (4,10), (2,10), (1,5), (5,9), (1,6)
------------------------
Iteración 26
-----------
Abiertos = (5,2), (2,3), (2,3), (1,10), (2,5), (1,4), (1,4), (5,10), (1,6), (1,7)
Cerrados = (3,8), (3,7), (4,7), (3,6), (5,7), (4,8), (5,8), (3,9), (3,5), (3,10), (3,4), (5,6), (3,3), (4,3), (5,5), (2,6), (2,4), (2,5), (5,4), (5,3), (4,10), (2,10), (1,5), (5,9), (1,6), (5,10)
------------------------
Iteración 27
-----------
Abiertos = (5,2), (2,3), (1,10), (1,4), (1,4), (2,5), (1,3), (5,10), (1,6), (1,7)
Cerrados = (3,8), (3,7), (4,7), (3,6), (5,7), (4,8), (5,8), (3,9), (3,5), (3,10), (3,4), (5,6), (3,3), (4,3), (5,5), (2,6), (2,4), (2,5), (5,4), (5,3), (4,10), (2,10), (1,5), (5,9), (1,6), (5,10), (2,3)
------------------------
Iteración 28
-----------
Abiertos = (1,10), (1,4), (2,5), (1,4), (5,1), (1,3), (5,10), (1,6), (1,7)
Cerrados = (3,8), (3,7), (4,7), (3,6), (5,7), (4,8), (5,8), (3,9), (3,5), (3,10), (3,4), (5,6), (3,3), (4,3), (5,5), (2,6), (2,4), (2,5), (5,4), (5,3), (4,10), (2,10), (1,5), (5,9), (1,6), (5,10), (2,3), (5,2)
------------------------
Iteración 29
-----------
Abiertos = (2,5), (1,4), (1,4), (5,1), (1,9), (1,3), (5,10), (1,6), (1,7)
Cerrados = (3,8), (3,7), (4,7), (3,6), (5,7), (4,8), (5,8), (3,9), (3,5), (3,10), (3,4), (5,6), (3,3), (4,3), (5,5), (2,6), (2,4), (2,5), (5,4), (5,3), (4,10), (2,10), (1,5), (5,9), (1,6), (5,10), (2,3), (5,2), (1,10)
------------------------
Iteración 30
-----------
Abiertos = (1,3), (1,4), (5,1), (1,9), (1,3), (5,10), (1,6), (1,7)
Cerrados = (3,8), (3,7), (4,7), (3,6), (5,7), (4,8), (5,8), (3,9), (3,5), (3,10), (3,4), (5,6), (3,3), (4,3), (5,5), (2,6), (2,4), (2,5), (5,4), (5,3), (4,10), (2,10), (1,5), (5,9), (1,6), (5,10), (2,3), (5,2), (1,10), (1,4)
------------------------
Iteración 31
-----------
Abiertos = (5,1), (1,9), (1,3), (5,10), (1,6), (1,2), (1,7)
Cerrados = (3,8), (3,7), (4,7), (3,6), (5,7), (4,8), (5,8), (3,9), (3,5), (3,10), (3,4), (5,6), (3,3), (4,3), (5,5), (2,6), (2,4), (2,5), (5,4), (5,3), (4,10), (2,10), (1,5), (5,9), (1,6), (5,10), (2,3), (5,2), (1,10), (1,4), (1,3)
------------------------
Iteración 32
-----------
Abiertos = (1,9), (1,3), (5,10), (1,6), (1,2), (1,7), (4,1)
Cerrados = (3,8), (3,7), (4,7), (3,6), (5,7), (4,8), (5,8), (3,9), (3,5), (3,10), (3,4), (5,6), (3,3), (4,3), (5,5), (2,6), (2,4), (2,5), (5,4), (5,3), (4,10), (2,10), (1,5), (5,9), (1,6), (5,10), (2,3), (5,2), (1,10), (1,4), (1,3), (5,1)
------------------------
Iteración 33
-----------
Abiertos = (1,8), (1,6), (5,10), (1,2), (1,7), (4,1)
Cerrados = (3,8), (3,7), (4,7), (3,6), (5,7), (4,8), (5,8), (3,9), (3,5), (3,10), (3,4), (5,6), (3,3), (4,3), (5,5), (2,6), (2,4), (2,5), (5,4), (5,3), (4,10), (2,10), (1,5), (5,9), (1,6), (5,10), (2,3), (5,2), (1,10), (1,4), (1,3), (5,1), (1,9)
------------------------
Iteración 34
-----------
Abiertos = (5,10), (1,2), (1,7), (1,7), (4,1)
Cerrados = (3,8), (3,7), (4,7), (3,6), (5,7), (4,8), (5,8), (3,9), (3,5), (3,10), (3,4), (5,6), (3,3), (4,3), (5,5), (2,6), (2,4), (2,5), (5,4), (5,3), (4,10), (2,10), (1,5), (5,9), (1,6), (5,10), (2,3), (5,2), (1,10), (1,4), (1,3), (5,1), (1,9), (1,8)
------------------------
Iteración 35
-----------
Abiertos = (5,10), (1,1), (1,7), (1,7), (4,1)
Cerrados = (3,8), (3,7), (4,7), (3,6), (5,7), (4,8), (5,8), (3,9), (3,5), (3,10), (3,4), (5,6), (3,3), (4,3), (5,5), (2,6), (2,4), (2,5), (5,4), (5,3), (4,10), (2,10), (1,5), (5,9), (1,6), (5,10), (2,3), (5,2), (1,10), (1,4), (1,3), (5,1), (1,9), (1,8), (1,2)
------------------------
Iteración 36
-----------
Abiertos = (1,7), (1,7), (2,1), (4,1)
Cerrados = (3,8), (3,7), (4,7), (3,6), (5,7), (4,8), (5,8), (3,9), (3,5), (3,10), (3,4), (5,6), (3,3), (4,3), (5,5), (2,6), (2,4), (2,5), (5,4), (5,3), (4,10), (2,10), (1,5), (5,9), (1,6), (5,10), (2,3), (5,2), (1,10), (1,4), (1,3), (5,1), (1,9), (1,8), (1,2), (1,1)
------------------------
Iteración 37
-----------
Abiertos = (1,7), (2,1), (4,1)
Cerrados = (3,8), (3,7), (4,7), (3,6), (5,7), (4,8), (5,8), (3,9), (3,5), (3,10), (3,4), (5,6), (3,3), (4,3), (5,5), (2,6), (2,4), (2,5), (5,4), (5,3), (4,10), (2,10), (1,5), (5,9), (1,6), (5,10), (2,3), (5,2), (1,10), (1,4), (1,3), (5,1), (1,9), (1,8), (1,2), (1,1), (1,7)
------------------------
Iteración 38
-----------
Abiertos = (3,1), (4,1)
Cerrados = (3,8), (3,7), (4,7), (3,6), (5,7), (4,8), (5,8), (3,9), (3,5), (3,10), (3,4), (5,6), (3,3), (4,3), (5,5), (2,6), (2,4), (2,5), (5,4), (5,3), (4,10), (2,10), (1,5), (5,9), (1,6), (5,10), (2,3), (5,2), (1,10), (1,4), (1,3), (5,1), (1,9), (1,8), (1,2), (1,1), (1,7), (2,1)
------------------------
Iteración 39
-----------
Abiertos = (3,1), (3,1)
Cerrados = (3,8), (3,7), (4,7), (3,6), (5,7), (4,8), (5,8), (3,9), (3,5), (3,10), (3,4), (5,6), (3,3), (4,3), (5,5), (2,6), (2,4), (2,5), (5,4), (5,3), (4,10), (2,10), (1,5), (5,9), (1,6), (5,10), (2,3), (5,2), (1,10), (1,4), (1,3), (5,1), (1,9), (1,8), (1,2), (1,1), (1,7), (2,1), (4,1)
------------------------
Iteración 40
-----------
Abiertos = (3,1)
Cerrados = (3,8), (3,7), (4,7), (3,6), (5,7), (4,8), (5,8), (3,9), (3,5), (3,10), (3,4), (5,6), (3,3), (4,3), (5,5), (2,6), (2,4), (2,5), (5,4), (5,3), (4,10), (2,10), (1,5), (5,9), (1,6), (5,10), (2,3), (5,2), (1,10), (1,4), (1,3), (5,1), (1,9), (1,8), (1,2), (1,1), (1,7), (2,1), (4,1), (3,1)
------------------------
No se ha encontrado ningún camino al destino.
Iteración 0
-----------
Abiertos = (3,8)
Cerrados = 
------------------------
Iteración 1
-----------
Abiertos = (3,7), (4,8), (3,9)
Cerrados = (3,8)
------------------------
Iteración 2
-----------
Abiertos = (3,6), (4,7), (4,8), (3,9)
Cerrados = (3,8), (3,7)
------------------------
Iteración 3
-----------
Abiertos = (3,6), (4,8), (5,7), (3,9), (4,8)
Cerrados = (3,8), (3,7), (4,7)
------------------------
Iteración 4
-----------
Abiertos = (3,6), (5,8), (5,7), (3,9), (4,8)
Cerrados = (3,8), (3,7), (4,7), (4,8)
------------------------
Iteración 5
-----------
Abiertos = (3,6), (5,7), (5,7), (3,9), (4,8), (5,9)
Cerrados = (3,8), (3,7), (4,7), (4,8), (5,8)
------------------------
Iteración 6
-----------
Abiertos = (5,7), (5,7), (3,9), (3,5), (4,8), (5,9), (2,6)
Cerrados = (3,8), (3,7), (4,7), (4,8), (5,8), (3,6)
------------------------
Iteración 7
-----------
Abiertos = (5,7), (3,9), (3,5), (4,8), (5,6), (5,9), (2,6)
Cerrados = (3,8), (3,7), (4,7), (4,8), (5,8), (3,6), (5,7)
------------------------
Iteración 8
-----------
Abiertos = (3,5), (4,8), (3,10), (5,6), (2,6), (5,9)
Cerrados = (3,8), (3,7), (4,7), (4,8), (5,8), (3,6), (5,7), (3,9)
------------------------
Iteración 9
-----------
Abiertos = (3,5), (5,6), (5,9), (2,6), (4,10), (2,10)
Cerrados = (3,8), (3,7), (4,7), (4,8), (5,8), (3,6), (5,7), (3,9), (3,10)
------------------------
Iteración 10
-----------
Abiertos = (5,6), (3,4), (5,9), (2,6), (2,5), (4,10), (2,10)
Cerrados = (3,8), (3,7), (4,7), (4,8), (5,8), (3,6), (5,7), (3,9), (3,10), (3,5)
------------------------
Iteración 11
-----------
Abiertos = (3,4), (5,9), (2,6), (5,5), (2,5), (4,10), (2,10)
Cerrados = (3,8), (3,7), (4,7), (4,8), (5,8), (3,6), (5,7), (3,9), (3,10), (3,5), (5,6)
------------------------
Iteración 12
-----------
Abiertos = (3,3), (2,6), (5,9), (5,5), (2,4), (2,5), (4,10), (2,10)
Cerrados = (3,8), (3,7), (4,7), (4,8), (5,8), (3,6), (5,7), (3,9), (3,10), (3,5), (5,6), (3,4)
------------------------
Iteración 13
-----------
Abiertos = (3,3), (5,9), (5,5), (2,4), (2,5), (2,5), (4,10), (2,10), (1,6)
Cerrados = (3,8), (3,7), (4,7), (4,8), (5,8), (3,6), (5,7), (3,9), (3,10), (3,5), (5,6), (3,4), (2,6)
------------------------
Iteración 14
-----------
Abiertos = (3,3), (5,5), (2,4), (2,5), (2,5), (4,10), (2,10), (5,10), (1,6)
Cerrados = (3,8), (3,7), (4,7), (4,8), (5,8), (3,6), (5,7), (3,9), (3,10), (3,5), (5,6), (3,4), (2,6), (5,9)
------------------------
Iteración 15
-----------
Abiertos = (3,3), (5,4), (2,4), (2,5), (2,5), (4,10), (2,10), (5,10), (1,6)
Cerrados = (3,8), (3,7), (4,7), (4,8), (5,8), (3,6), (5,7), (3,9), (3,10), (3,5), (5,6), (3,4), (2,6), (5,9), (5,5)
------------------------
Iteración 16
-----------
Abiertos = (3,3), (2,4), (2,5), (2,5), (4,10), (5,3), (2,10), (5,10), (1,6)
Cerrados = (3,8), (3,7), (4,7), (4,8), (5,8), (3,6), (5,7), (3,9), (3,10), (3,5), (5,6), (3,4), (2,6), (5,9), (5,5), (5,4)
------------------------
Iteración 17
-----------
Abiertos = (3,3), (2,5), (2,5), (4,10), (5,3), (2,10), (5,10), (1,6), (2,3), (1,4), (2,5)
Cerrados = (3,8), (3,7), (4,7), (4,8), (5,8), (3,6), (5,7), (3,9), (3,10), (3,5), (5,6), (3,4), (2,6), (5,9), (5,5), (5,4), (2,4)
------------------------
Iteración 18
-----------
Abiertos = (3,3), (2,5), (4,10), (5,3), (2,10), (1,5), (1,6), (5,10), (2,3), (1,4), (2,5)
Cerrados = (3,8), (3,7), (4,7), (4,8), (5,8), (3,6), (5,7), (3,9), (3,10), (3,5), (5,6), (3,4), (2,6), (5,9), (5,5), (5,4), (2,4), (2,5)
------------------------
Iteración 19
-----------
Abiertos = (3,3), (5,3), (2,10), (1,5), (1,6), (5,10), (5,10), (2,3), (1,4), (2,5)
Cerrados = (3,8), (3,7), (4,7), (4,8), (5,8), (3,6), (5,7), (3,9), (3,10), (3,5), (5,6), (3,4), (2,6), (5,9), (5,5), (5,4), (2,4), (2,5), (4,10)
------------------------
Iteración 20
-----------
Abiertos = (4,3), (5,3), (2,10), (1,5), (1,6), (5,10), (5,10), (2,3), (2,3), (2,5), (1,4)
Cerrados = (3,8), (3,7), (4,7), (4,8), (5,8), (3,6), (5,7), (3,9), (3,10), (3,5), (5,6), (3,4), (2,6), (5,9), (5,5), (5,4), (2,4), (2,5), (4,10), (3,3)
------------------------
Iteración 21
-----------
Abiertos = (4,3), (2,10), (1,5), (1,6), (5,10), (5,10), (5,2), (2,3), (2,3), (2,5), (1,4), (4,3)
Cerrados = (3,8), (3,7), (4,7), (4,8), (5,8), (3,6), (5,7), (3,9), (3,10), (3,5), (5,6), (3,4), (2,6), (5,9), (5,5), (5,4), (2,4), (2,5), (4,10), (3,3), (5,3)
------------------------
Iteración 22
-----------
Abiertos = (2,10), (1,5), (1,6), (5,10), (5,10), (5,2), (2,3), (2,3), (2,5), (1,4), (4,3)
Cerrados = (3,8), (3,7), (4,7), (4,8), (5,8), (3,6), (5,7), (3,9), (3,10), (3,5), (5,6), (3,4), (2,6), (5,9), (5,5), (5,4), (2,4), (2,5), (4,10), (3,3), (5,3), (4,3)
------------------------
Iteración 23
-----------
Abiertos = (1,5), (5,10), (1,6), (5,10), (5,2), (2,3), (2,3), (1,10), (1,4), (2,5), (4,3)
Cerrados = (3,8), (3,7), (4,7), (4,8), (5,8), (3,6), (5,7), (3,9), (3,10), (3,5), (5,6), (3,4), (2,6), (5,9), (5,5), (5,4), (2,4), (2,5), (4,10), (3,3), (5,3), (4,3), (2,10)
------------------------
Iteración 24
-----------
Abiertos = (1,6), (5,10), (5,10), (5,2), (2,3), (2,3), (1,10), (2,5), (1,4), (1,4), (4,3), (1,6)
Cerrados = (3,8), (3,7), (4,7), (4,8), (5,8), (3,6), (5,7), (3,9), (3,10), (3,5), (5,6), (3,4), (2,6), (5,9), (5,5), (5,4), (2,4), (2,5), (4,10), (3,3), (5,3), (4,3), (2,10), (1,5)
------------------------
Iteración 25
-----------
Abiertos = (5,10), (1,6), (5,2), (2,3), (2,3), (1,10), (2,5), (1,4), (1,4), (4,3), (1,6)
Cerrados = (3,8), (3,7), (4,7), (4,8), (5,8), (3,6), (5,7), (3,9), (3,10), (3,5), (5,6), (3,4), (2,6), (5,9), (5,5), (5,4), (2,4), (2,5), (4,10), (3,3), (5,3), (4,3), (2,10), (1,5), (5,10)
------------------------
Iteración 26
-----------
Abiertos = (5,10), (5,2), (2,3), (2,3), (1,10), (2,5), (1,4), (1,4), (4,3), (1,6), (1,7)
Cerrados = (3,8), (3,7), (4,7), (4,8), (5,8), (3,6), (5,7), (3,9), (3,10), (3,5), (5,6), (3,4), (2,6), (5,9), (5,5), (5,4), (2,4), (2,5), (4,10), (3,3), (5,3), (4,3), (2,10), (1,5), (5,10), (1,6)
------------------------
Iteración 27
-----------
Abiertos = (5,10), (2,3), (2,3), (1,10), (2,5), (1,4), (1,4), (5,1), (4,3), (1,6), (1,7)
Cerrados = (3,8), (3,7), (4,7), (4,8), (5,8), (3,6), (5,7), (3,9), (3,10), (3,5), (5,6), (3,4), (2,6), (5,9), (5,5), (5,4), (2,4), (2,5), (4,10), (3,3), (5,3), (4,3), (2,10), (1,5), (5,10), (1,6), (5,2)
------------------------
Iteración 28
-----------
Abiertos = (2,3), (1,10), (2,5), (1,4), (1,4), (5,1), (4,3), (1,3), (1,6), (1,7)
Cerrados = (3,8), (3,7), (4,7), (4,8), (5,8), (3,6), (5,7), (3,9), (3,10), (3,5), (5,6), (3,4), (2,6), (5,9), (5,5), (5,4), (2,4), (2,5), (4,10), (3,3), (5,3), (4,3), (2,10), (1,5), (5,10), (1,6), (5,2), (2,3)
------------------------
Iteración 29
-----------
Abiertos = (1,4), (1,4), (2,5), (5,1), (4,3), (1,9), (1,3), (1,6), (1,7)
Cerrados = (3,8), (3,7), (4,7), (4,8), (5,8), (3,6), (5,7), (3,9), (3,10), (3,5), (5,6), (3,4), (2,6), (5,9), (5,5), (5,4), (2,4), (2,5), (4,10), (3,3), (5,3), (4,3), (2,10), (1,5), (5,10), (1,6), (5,2), (2,3), (1,10)
------------------------
Iteración 30
-----------
Abiertos = (1,3), (2,5), (1,4), (5,1), (4,3), (1,9), (1,3), (1,6), (1,7)
Cerrados = (3,8), (3,7), (4,7), (4,8), (5,8), (3,6), (5,7), (3,9), (3,10), (3,5), (5,6), (3,4), (2,6), (5,9), (5,5), (5,4), (2,4), (2,5), (4,10), (3,3), (5,3), (4,3), (2,10), (1,5), (5,10), (1,6), (5,2), (2,3), (1,10), (1,4)
------------------------
Iteración 31
-----------
Abiertos = (1,4), (2,5), (5,1), (4,3), (1,9), (1,3), (1,6), (1,2), (1,7)
Cerrados = (3,8), (3,7), (4,7), (4,8), (5,8), (3,6), (5,7), (3,9), (3,10), (3,5), (5,6), (3,4), (2,6), (5,9), (5,5), (5,4), (2,4), (2,5), (4,10), (3,3), (5,3), (4,3), (2,10), (1,5), (5,10), (1,6), (5,2), (2,3), (1,10), (1,4), (1,3)
------------------------
Iteración 32
-----------
Abiertos = (1,9), (1,3), (1,6), (1,2), (1,7), (4,1)
Cerrados = (3,8), (3,7), (4,7), (4,8), (5,8), (3,6), (5,7), (3,9), (3,10), (3,5), (5,6), (3,4), (2,6), (5,9), (5,5), (5,4), (2,4), (2,5), (4,10), (3,3), (5,3), (4,3), (2,10), (1,5), (5,10), (1,6), (5,2), (2,3), (1,10), (1,4), (1,3), (5,1)
------------------------
Iteración 33
-----------
Abiertos = (1,9), (1,1), (1,7), (4,1)
Cerrados = (3,8), (3,7), (4,7), (4,8), (5,8), (3,6), (5,7), (3,9), (3,10), (3,5), (5,6), (3,4), (2,6), (5,9), (5,5), (5,4), (2,4), (2,5), (4,10), (3,3), (5,3), (4,3), (2,10), (1,5), (5,10), (1,6), (5,2), (2,3), (1,10), (1,4), (1,3), (5,1), (1,2)
------------------------
Iteración 34
-----------
Abiertos = (1,9), (1,7), (2,1), (4,1)
Cerrados = (3,8), (3,7), (4,7), (4,8), (5,8), (3,6), (5,7), (3,9), (3,10), (3,5), (5,6), (3,4), (2,6), (5,9), (5,5), (5,4), (2,4), (2,5), (4,10), (3,3), (5,3), (4,3), (2,10), (1,5), (5,10), (1,6), (5,2), (2,3), (1,10), (1,4), (1,3), (5,1), (1,2), (1,1)
------------------------
Iteración 35
-----------
Abiertos = (1,8), (1,7), (2,1), (4,1)
Cerrados = (3,8), (3,7), (4,7), (4,8), (5,8), (3,6), (5,7), (3,9), (3,10), (3,5), (5,6), (3,4), (2,6), (5,9), (5,5), (5,4), (2,4), (2,5), (4,10), (3,3), (5,3), (4,3), (2,10), (1,5), (5,10), (1,6), (5,2), (2,3), (1,10), (1,4), (1,3), (5,1), (1,2), (1,1), (1,9)
------------------------
Iteración 36
-----------
Abiertos = (1,7), (1,7), (2,1), (4,1)
Cerrados = (3,8), (3,7), (4,7), (4,8), (5,8), (3,6), (5,7), (3,9), (3,10), (3,5), (5,6), (3,4), (2,6), (5,9), (5,5), (5,4), (2,4), (2,5), (4,10), (3,3), (5,3), (4,3), (2,10), (1,5), (5,10), (1,6), (5,2), (2,3), (1,10), (1,4), (1,3), (5,1), (1,2), (1,1), (1,9), (1,8)
------------------------
Iteración 37
-----------
Abiertos = (1,7), (2,1), (4,1)
Cerrados = (3,8), (3,7), (4,7), (4,8), (5,8), (3,6), (5,7), (3,9), (3,10), (3,5), (5,6), (3,4), (2,6), (5,9), (5,5), (5,4), (2,4), (2,5), (4,10), (3,3), (5,3), (4,3), (2,10), (1,5), (5,10), (1,6), (5,2), (2,3), (1,10), (1,4), (1,3), (5,1), (1,2), (1,1), (1,9), (1,8), (1,7)
------------------------
Iteración 38
-----------
Abiertos = (2,1), (3,1)
Cerrados = (3,8), (3,7), (4,7), (4,8), (5,8), (3,6), (5,7), (3,9), (3,10), (3,5), (5,6), (3,4), (2,6), (5,9), (5,5), (5,4), (2,4), (2,5), (4,10), (3,3), (5,3), (4,3), (2,10), (1,5), (5,10), (1,6), (5,2), (2,3), (1,10), (1,4), (1,3), (5,1), (1,2), (1,1), (1,9), (1,8), (1,7), (4,1)
------------------------
Iteración 39
-----------
Abiertos = (2,1), (2,1)
Cerrados = (3,8), (3,7), (4,7), (4,8), (5,8), (3,6), (5,7), (3,9), (3,10), (3,5), (5,6), (3,4), (2,6), (5,9), (5,5), (5,4), (2,4), (2,5), (4,10), (3,3), (5,3), (4,3), (2,10), (1,5), (5,10), (1,6), (5,2), (2,3), (1,10), (1,4), (1,3), (5,1), (1,2), (1,1), (1,9), (1,8), (1,7), (4,1), (3,1)
------------------------
Iteración 40
-----------
Abiertos = (2,1)
Cerrados = (3,8), (3,7), (4,7), (4,8), (5,8), (3,6), (5,7), (3,9), (3,10), (3,5), (5,6), (3,4), (2,6), (5,9), (5,5), (5,4), (2,4), (2,5), (4,10), (3,3), (5,3), (4,3), (2,10), (1,5), (5,10), (1,6), (5,2), (2,3), (1,10), (1,4), (1,3), (5,1), (1,2), (1,1), (1,9), (1,8), (1,7), (4,1), (3,1), (2,1)
------------------------
No se ha encontrado ningún camino al destino.
Iteración 0
-----------
Abiertos = (3,8)
Cerrados = 
------------------------
Iteración 1
-----------
Abiertos = (3,7), (4,8), (3,9)
Cerrados = (3,8)
------------------------
Iteración 2
-----------
Abiertos = (4,7), (5,8), (3,7), (3,9)
Cerrados = (3,8), (4,8)
------------------------
Iteración 3
-----------
Abiertos = (5,8), (3,7), (5,7), (3,9), (3,7)
Cerrados = (3,8), (4,8), (4,7)
------------------------
Iteración 4
-----------
Abiertos = (3,7), (5,7), (5,7), (3,9), (3,7), (5,9)
Cerrados = (3,8), (4,8), (4,7), (5,8)
------------------------
Iteración 5
-----------
Abiertos = (3,7), (5,7), (3,9), (3,7), (5,6), (5,9)
Cerrados = (3,8), (4,8), (4,7), (5,8), (5,7)
------------------------
Iteración 6
-----------
Abiertos = (3,6), (5,7), (3,9), (3,7), (5,6), (5,9)
Cerrados = (3,8), (4,8), (4,7), (5,8), (5,7), (3,7)
------------------------
Iteración 7
-----------
Abiertos = (3,6), (3,7), (3,10), (5,6), (5,9)
Cerrados = (3,8), (4,8), (4,7), (5,8), (5,7), (3,7), (3,9)
------------------------
Iteración 8
-----------
Abiertos = (3,5), (3,7), (3,10), (5,6), (2,6), (5,9)
Cerrados = (3,8), (4,8), (4,7), (5,8), (5,7), (3,7), (3,9), (3,6)
------------------------
Iteración 9
-----------
Abiertos = (3,5), (5,6), (5,9), (2,6), (4,10), (2,10)
Cerrados = (3,8), (4,8), (4,7), (5,8), (5,7), (3,7), (3,9), (3,6), (3,10)
------------------------
Iteración 10
-----------
Abiertos = (5,6), (3,4), (5,9), (2,6), (2,5), (4,10), (2,10)
Cerrados = (3,8), (4,8), (4,7), (5,8), (5,7), (3,7), (3,9), (3,6), (3,10), (3,5)
------------------------
Iteración 11
-----------
Abiertos = (3,4), (5,9), (2,6), (5,5), (2,5), (4,10), (2,10)
Cerrados = (3,8), (4,8), (4,7), (5,8), (5,7), (3,7), (3,9), (3,6), (3,10), (3,5), (5,6)
------------------------
Iteración 12
-----------
Abiertos = (3,4), (2,6), (5,5), (2,5), (4,10), (2,10), (5,10)
Cerrados = (3,8), (4,8), (4,7), (5,8), (5,7), (3,7), (3,9), (3,6), (3,10), (3,5), (5,6), (5,9)
------------------------
Iteración 13
-----------
Abiertos = (3,4), (5,5), (2,5), (2,5), (4,10), (2,10), (1,6), (5,10)
Cerrados = (3,8), (4,8), (4,7), (5,8), (5,7), (3,7), (3,9), (3,6), (3,10), (3,5), (5,6), (5,9), (2,6)
------------------------
Iteración 14
-----------
Abiertos = (3,4), (5,4), (2,5), (2,5), (4,10), (2,10), (5,10), (1,6)
Cerrados = (3,8), (4,8), (4,7), (5,8), (5,7), (3,7), (3,9), (3,6), (3,10), (3,5), (5,6), (5,9), (2,6), (5,5)
------------------------
Iteración 15
-----------
Abiertos = (3,3), (5,4), (2,4), (2,5), (2,5), (4,10), (2,10), (1,6), (5,10)
Cerrados = (3,8), (4,8), (4,7), (5,8), (5,7), (3,7), (3,9), (3,6), (3,10), (3,5), (5,6), (5,9), (2,6), (5,5), (3,4)
------------------------
Iteración 16
-----------
Abiertos = (3,3), (2,4), (2,5), (2,5), (4,10), (5,3), (2,10), (5,10), (1,6)
Cerrados = (3,8), (4,8), (4,7), (5,8), (5,7), (3,7), (3,9), (3,6), (3,10), (3,5), (5,6), (5,9), (2,6), (5,5), (3,4), (5,4)
------------------------
Iteración 17
-----------
Abiertos = (4,3), (2,4), (2,5), (2,5), (4,10), (5,3), (2,10), (1,6), (5,10), (2,3)
Cerrados = (3,8), (4,8), (4,7), (5,8), (5,7), (3,7), (3,9), (3,6), (3,10), (3,5), (5,6), (5,9), (2,6), (5,5), (3,4), (5,4), (3,3)
------------------------
Iteración 18
-----------
Abiertos = (4,3), (2,5), (2,5), (4,10), (5,3), (2,10), (1,6), (5,10), (2,3), (2,3), (1,4), (2,5)
Cerrados = (3,8), (4,8), (4,7), (5,8), (5,7), (3,7), (3,9), (3,6), (3,10), (3,5), (5,6), (5,9), (2,6), (5,5), (3,4), (5,4), (3,3), (2,4)
------------------------
Iteración 19
-----------
Abiertos = (2,5), (2,5), (4,10), (5,3), (5,3), (2,10), (1,6), (5,10), (2,3), (2,3), (2,5), (1,4)
Cerrados = (3,8), (4,8), (4,7), (5,8), (5,7), (3,7), (3,9), (3,6), (3,10), (3,5), (5,6), (5,9), (2,6), (5,5), (3,4), (5,4), (3,3), (2,4), (4,3)
------------------------
Iteración 20
-----------
Abiertos = (2,5), (4,10), (5,3), (5,3), (2,10), (1,5), (1,6), (5,10), (2,3), (2,3), (2,5), (1,4)
Cerrados = (3,8), (4,8), (4,7), (5,8), (5,7), (3,7), (3,9), (3,6), (3,10), (3,5), (5,6), (5,9), (2,6), (5,5), (3,4), (5,4), (3,3), (2,4), (4,3), (2,5)
------------------------
Iteración 21
-----------
Abiertos = (5,3), (5,3), (2,10), (1,5), (1,6), (5,10), (5,10), (2,3), (2,3), (2,5), (1,4)
Cerrados = (3,8), (4,8), (4,7), (5,8), (5,7), (3,7), (3,9), (3,6), (3,10), (3,5), (5,6), (5,9), (2,6), (5,5), (3,4), (5,4), (3,3), (2,4), (4,3), (2,5), (4,10)
------------------------
Iteración 22
-----------
Abiertos = (5,3), (2,10), (1,5), (1,6), (5,10), (5,10), (5,2), (2,3), (2,3), (1,4), (2,5)
Cerrados = (3,8), (4,8), (4,7), (5,8), (5,7), (3,7), (3,9), (3,6), (3,10), (3,5), (5,6), (5,9), (2,6), (5,5), (3,4), (5,4), (3,3), (2,4), (4,3), (2,5), (4,10), (5,3)
------------------------
Iteración 23
-----------
Abiertos = (5,3), (1,5), (1,6), (5,10), (5,10), (5,2), (2,3), (2,3), (1,10), (1,4), (2,5)
Cerrados = (3,8), (4,8), (4,7), (5,8), (5,7), (3,7), (3,9), (3,6), (3,10), (3,5), (5,6), (5,9), (2,6), (5,5), (3,4), (5,4), (3,3), (2,4), (4,3), (2,5), (4,10), (5,3), (2,10)
------------------------
Iteración 24
-----------
Abiertos = (5,3), (5,10), (1,6), (5,10), (5,2), (2,3), (2,3), (1,10), (1,4), (1,4), (2,5), (1,6)
Cerrados = (3,8), (4,8), (4,7), (5,8), (5,7), (3,7), (3,9), (3,6), (3,10), (3,5), (5,6), (5,9), (2,6), (5,5), (3,4), (5,4), (3,3), (2,4), (4,3), (2,5), (4,10), (5,3), (2,10), (1,5)
------------------------
Iteración 25
-----------
Abiertos = (5,10), (5,10), (5,2), (2,3), (2,3), (1,10), (2,5), (1,4), (1,4), (1,6), (1,7)
Cerrados = (3,8), (4,8), (4,7), (5,8), (5,7), (3,7), (3,9), (3,6), (3,10), (3,5), (5,6), (5,9), (2,6), (5,5), (3,4), (5,4), (3,3), (2,4), (4,3), (2,5), (4,10), (5,3), (2,10), (1,5), (1,6)
------------------------
Iteración 26
-----------
Abiertos = (5,10), (5,2), (2,3), (2,3), (1,10), (2,5), (1,4), (1,4), (1,6), (1,7)
Cerrados = (3,8), (4,8), (4,7), (5,8), (5,7), (3,7), (3,9), (3,6), (3,10), (3,5), (5,6), (5,9), (2,6), (5,5), (3,4), (5,4), (3,3), (2,4), (4,3), (2,5), (4,10), (5,3), (2,10), (1,5), (1,6), (5,10)
------------------------
Iteración 27
-----------
Abiertos = (5,10), (2,3), (2,3), (1,10), (2,5), (1,4), (1,4), (5,1), (1,6), (1,7)
Cerrados = (3,8), (4,8), (4,7), (5,8), (5,7), (3,7), (3,9), (3,6), (3,10), (3,5), (5,6), (5,9), (2,6), (5,5), (3,4), (5,4), (3,3), (2,4), (4,3), (2,5), (4,10), (5,3), (2,10), (1,5), (1,6), (5,10), (5,2)
------------------------
Iteración 28
-----------
Abiertos = (5,10), (2,3), (1,10), (2,5), (1,4), (1,4), (5,1), (1,3), (1,6), (1,7)
Cerrados = (3,8), (4,8), (4,7), (5,8), (5,7), (3,7), (3,9), (3,6), (3,10), (3,5), (5,6), (5,9), (2,6), (5,5), (3,4), (5,4), (3,3), (2,4), (4,3), (2,5), (4,10), (5,3), (2,10), (1,5), (1,6), (5,10), (5,2), (2,3)
------------------------
Iteración 29
-----------
Abiertos = (2,3), (2,5), (1,4), (1,4), (5,1), (1,9), (1,3), (1,6), (1,7)
Cerrados = (3,8), (4,8), (4,7), (5,8), (5,7), (3,7), (3,9), (3,6), (3,10), (3,5), (5,6), (5,9), (2,6), (5,5), (3,4), (5,4), (3,3), (2,4), (4,3), (2,5), (4,10), (5,3), (2,10), (1,5), (1,6), (5,10), (5,2), (2,3), (1,10)
------------------------
Iteración 30
-----------
Abiertos = (1,3), (1,4), (2,5), (5,1), (1,9), (1,3), (1,6), (1,7)
Cerrados = (3,8), (4,8), (4,7), (5,8), (5,7), (3,7), (3,9), (3,6), (3,10), (3,5), (5,6), (5,9), (2,6), (5,5), (3,4), (5,4), (3,3), (2,4), (4,3), (2,5), (4,10), (5,3), (2,10), (1,5), (1,6), (5,10), (5,2), (2,3), (1,10), (1,4)
------------------------
Iteración 31
-----------
Abiertos = (2,5), (1,4), (5,1), (1,9), (1,3), (1,6), (1,2), (1,7)
Cerrados = (3,8), (4,8), (4,7), (5,8), (5,7), (3,7), (3,9), (3,6), (3,10), (3,5), (5,6), (5,9), (2,6), (5,5), (3,4), (5,4), (3,3), (2,4), (4,3), (2,5), (4,10), (5,3), (2,10), (1,5), (1,6), (5,10), (5,2), (2,3), (1,10), (1,4), (1,3)
------------------------
Iteración 32
-----------
Abiertos = (2,5), (1,9), (1,3), (1,6), (1,2), (1,7), (4,1)
Cerrados = (3,8), (4,8), (4,7), (5,8), (5,7), (3,7), (3,9), (3,6), (3,10), (3,5), (5,6), (5,9), (2,6), (5,5), (3,4), (5,4), (3,3), (2,4), (4,3), (2,5), (4,10), (5,3), (2,10), (1,5), (1,6), (5,10), (5,2), (2,3), (1,10), (1,4), (1,3), (5,1)
------------------------
Iteración 33
-----------
Abiertos = (2,5), (1,8), (1,3), (1,6), (1,2), (1,7), (4,1)
Cerrados = (3,8), (4,8), (4,7), (5,8), (5,7), (3,7), (3,9), (3,6), (3,10), (3,5), (5,6), (5,9), (2,6), (5,5), (3,4), (5,4), (3,3), (2,4), (4,3), (2,5), (4,10), (5,3), (2,10), (1,5), (1,6), (5,10), (5,2), (2,3), (1,10), (1,4), (1,3), (5,1), (1,9)
------------------------
Iteración 34
-----------
Abiertos = (1,3), (1,6), (1,2), (1,7), (1,7), (4,1)
Cerrados = (3,8), (4,8), (4,7), (5,8), (5,7), (3,7), (3,9), (3,6), (3,10), (3,5), (5,6), (5,9), (2,6), (5,5), (3,4), (5,4), (3,3), (2,4), (4,3), (2,5), (4,10), (5,3), (2,10), (1,5), (1,6), (5,10), (5,2), (2,3), (1,10), (1,4), (1,3), (5,1), (1,9), (1,8)
------------------------
Iteración 35
-----------
Abiertos = (1,3), (1,1), (1,7), (1,7), (4,1)
Cerrados = (3,8), (4,8), (4,7), (5,8), (5,7), (3,7), (3,9), (3,6), (3,10), (3,5), (5,6), (5,9), (2,6), (5,5), (3,4), (5,4), (3,3), (2,4), (4,3), (2,5), (4,10), (5,3), (2,10), (1,5), (1,6), (5,10), (5,2), (2,3), (1,10), (1,4), (1,3), (5,1), (1,9), (1,8), (1,2)
------------------------
Iteración 36
-----------
Abiertos = (1,7), (1,7), (2,1), (4,1)
Cerrados = (3,8), (4,8), (4,7), (5,8), (5,7), (3,7), (3,9), (3,6), (3,10), (3,5), (5,6), (5,9), (2,6), (5,5), (3,4), (5,4), (3,3), (2,4), (4,3), (2,5), (4,10), (5,3), (2,10), (1,5), (1,6), (5,10), (5,2), (2,3), (1,10), (1,4), (1,3), (5,1), (1,9), (1,8), (1,2), (1,1)
------------------------
Iteración 37
-----------
Abiertos = (1,7), (2,1), (4,1)
Cerrados = (3,8), (4,8), (4,7), (5,8), (5,7), (3,7), (3,9), (3,6), (3,10), (3,5), (5,6), (5,9), (2,6), (5,5), (3,4), (5,4), (3,3), (2,4), (4,3), (2,5), (4,10), (5,3), (2,10), (1,5), (1,6), (5,10), (5,2), (2,3), (1,10), (1,4), (1,3), (5,1), (1,9), (1,8), (1,2), (1,1), (1,7)
------------------------
Iteración 38
-----------
Abiertos = (2,1), (3,1)
Cerrados = (3,8), (4,8), (4,7), (5,8), (5,7), (3,7), (3,9), (3,6), (3,10), (3,5), (5,6), (5,9), (2,6), (5,5), (3,4), (5,4), (3,3), (2,4), (4,3), (2,5), (4,10), (5,3), (2,10), (1,5), (1,6), (5,10), (5,2), (2,3), (1,10), (1,4), (1,3), (5,1), (1,9), (1,8), (1,2), (1,1), (1,7), (4,1)
------------------------
Iteración 39
-----------
Abiertos = (2,1), (2,1)
Cerrados = (3,8), (4,8), (4,7), (5,8), (5,7), (3,7), (3,9), (3,6), (3,10), (3,5), (5,6), (5,9), (2,6), (5,5), (3,4), (5,4), (3,3), (2,4), (4,3), (2,5), (4,10), (5,3), (2,10), (1,5), (1,6), (5,10), (5,2), (2,3), (1,10), (1,4), (1,3), (5,1), (1,9), (1,8), (1,2), (1,1), (1,7), (4,1), (3,1)
------------------------
Iteración 40
-----------
Abiertos = (2,1)
Cerrados = (3,8), (4,8), (4,7), (5,8), (5,7), (3,7), (3,9), (3,6), (3,10), (3,5), (5,6), (5,9), (2,6), (5,5), (3,4), (5,4), (3,3), (2,4), (4,3), (2,5), (4,10), (5,3), (2,10), (1,5), (1,6), (5,10), (5,2), (2,3), (1,10), (1,4), (1,3), (5,1), (1,9), (1,8), (1,2), (1,1), (1,7), (4,1), (3,1), (2,1)
------------------------
No se ha encontrado ningún camino al destino.
Iteración 0
-----------
Abiertos = (3,8)
Cerrados = 
------------------------
Iteración 1
-----------
Abiertos = (3,7), (4,8), (3,9)
Cerrados = (3,8)
------------------------
Iteración 2
-----------
Abiertos = (3,6), (4,7), (4,8), (3,9)
Cerrados = (3,8), (3,7)
------------------------
Iteración 3
-----------
Abiertos = (3,6), (4,8), (5,7), (3,9), (4,8)
Cerrados = (3,8), (3,7), (4,7)
------------------------
Iteración 4
-----------
Abiertos = (4,8), (5,7), (3,9), (3,5), (4,8), (2,6)
Cerrados = (3,8), (3,7), (4,7), (3,6)
------------------------
Iteración 5
-----------
Abiertos = (5,8), (5,7), (3,9), (3,5), (4,8), (2,6)
Cerrados = (3,8), (3,7), (4,7), (3,6), (4,8)
------------------------
Iteración 6
-----------
Abiertos = (5,8), (3,9), (3,5), (5,8), (4,8), (5,6), (2,6)
Cerrados = (3,8), (3,7), (4,7), (3,6), (4,8), (5,7)
------------------------
Iteración 7
-----------
Abiertos = (3,9), (3,5), (5,8), (4,8), (5,6), (2,6), (5,9)
Cerrados = (3,8), (3,7), (4,7), (3,6), (4,8), (5,7), (5,8)
------------------------
Iteración 8
-----------
Abiertos = (3,9), (5,8), (4,8), (3,4), (5,6), (5,9), (2,6), (2,5)
Cerrados = (3,8), (3,7), (4,7), (3,6), (4,8), (5,7), (5,8), (3,5)
------------------------
Iteración 9
-----------
Abiertos = (3,9), (3,3), (5,6), (5,9), (2,6), (2,4), (2,5)
Cerrados = (3,8), (3,7), (4,7), (3,6), (4,8), (5,7), (5,8), (3,5), (3,4)
------------------------
Iteración 10
-----------
Abiertos = (3,10), (3,3), (5,6), (5,9), (2,6), (2,4), (2,5)
Cerrados = (3,8), (3,7), (4,7), (3,6), (4,8), (5,7), (5,8), (3,5), (3,4), (3,9)
------------------------
Iteración 11
-----------
Abiertos = (3,3), (5,6), (5,9), (2,6), (2,4), (2,5), (4,10), (2,10)
Cerrados = (3,8), (3,7), (4,7), (3,6), (4,8), (5,7), (5,8), (3,5), (3,4), (3,9), (3,10)
------------------------
Iteración 12
-----------
Abiertos = (5,6), (5,9), (2,6), (4,3), (2,4), (2,5), (4,10), (2,10), (2,3)
Cerrados = (3,8), (3,7), (4,7), (3,6), (4,8), (5,7), (5,8), (3,5), (3,4), (3,9), (3,10), (3,3)
------------------------
Iteración 13
-----------
Abiertos = (5,6), (2,6), (4,3), (2,4), (2,5), (4,10), (2,10), (5,10), (2,3)
Cerrados = (3,8), (3,7), (4,7), (3,6), (4,8), (5,7), (5,8), (3,5), (3,4), (3,9), (3,10), (3,3), (5,9)
------------------------
Iteración 14
-----------
Abiertos = (2,6), (4,3), (5,5), (2,4), (2,5), (4,10), (2,10), (5,10), (2,3)
Cerrados = (3,8), (3,7), (4,7), (3,6), (4,8), (5,7), (5,8), (3,5), (3,4), (3,9), (3,10), (3,3), (5,9), (5,6)
------------------------
Iteración 15
-----------
Abiertos = (4,3), (5,5), (2,4), (2,5), (2,5), (4,10), (2,10), (5,10), (1,6), (2,3)
Cerrados = (3,8), (3,7), (4,7), (3,6), (4,8), (5,7), (5,8), (3,5), (3,4), (3,9), (3,10), (3,3), (5,9), (5,6), (2,6)
------------------------
Iteración 16
-----------
Abiertos = (4,3), (5,4), (2,4), (2,5), (2,5), (4,10), (2,10), (5,10), (1,6), (2,3)
Cerrados = (3,8), (3,7), (4,7), (3,6), (4,8), (5,7), (5,8), (3,5), (3,4), (3,9), (3,10), (3,3), (5,9), (5,6), (2,6), (5,5)
------------------------
Iteración 17
-----------
Abiertos = (5,4), (2,4), (2,5), (2,5), (4,10), (5,3), (2,10), (5,10), (1,6), (2,3)
Cerrados = (3,8), (3,7), (4,7), (3,6), (4,8), (5,7), (5,8), (3,5), (3,4), (3,9), (3,10), (3,3), (5,9), (5,6), (2,6), (5,5), (4,3)
------------------------
Iteración 18
-----------
Abiertos = (5,4), (2,5), (2,5), (4,10), (5,3), (2,10), (1,6), (5,10), (2,3), (2,3), (1,4), (2,5)
Cerrados = (3,8), (3,7), (4,7), (3,6), (4,8), (5,7), (5,8), (3,5), (3,4), (3,9), (3,10), (3,3), (5,9), (5,6), (2,6), (5,5), (4,3), (2,4)
------------------------
Iteración 19
-----------
Abiertos = (5,4), (2,5), (4,10), (5,3), (2,10), (1,5), (1,6), (5,10), (2,3), (2,3), (1,4), (2,5)
Cerrados = (3,8), (3,7), (4,7), (3,6), (4,8), (5,7), (5,8), (3,5), (3,4), (3,9), (3,10), (3,3), (5,9), (5,6), (2,6), (5,5), (4,3), (2,4), (2,5)
------------------------
Iteración 20
-----------
Abiertos = (5,4), (5,3), (2,10), (1,5), (5,10), (1,6), (5,10), (2,3), (2,3), (2,5), (1,4)
Cerrados = (3,8), (3,7), (4,7), (3,6), (4,8), (5,7), (5,8), (3,5), (3,4), (3,9), (3,10), (3,3), (5,9), (5,6), (2,6), (5,5), (4,3), (2,4), (2,5), (4,10)
------------------------
Iteración 21
-----------
Abiertos = (5,4), (2,10), (1,5), (5,10), (1,6), (5,10), (5,2), (5,4), (2,3), (2,3), (2,5), (1,4)
Cerrados = (3,8), (3,7), (4,7), (3,6), (4,8), (5,7), (5,8), (3,5), (3,4), (3,9), (3,10), (3,3), (5,9), (5,6), (2,6), (5,5), (4,3), (2,4), (2,5), (4,10), (5,3)
------------------------
Iteración 22
-----------
Abiertos = (5,4), (1,5), (5,10), (1,6), (5,10), (5,2), (5,4), (2,3), (2,3), (1,10), (1,4), (2,5)
Cerrados = (3,8), (3,7), (4,7), (3,6), (4,8), (5,7), (5,8), (3,5), (3,4), (3,9), (3,10), (3,3), (5,9), (5,6), (2,6), (5,5), (4,3), (2,4), (2,5), (4,10), (5,3), (2,10)
------------------------
Iteración 23
-----------
Abiertos = (1,5), (5,10), (1,6), (5,10), (5,2), (5,4), (2,3), (2,3), (1,10), (1,4), (2,5)
Cerrados = (3,8), (3,7), (4,7), (3,6), (4,8), (5,7), (5,8), (3,5), (3,4), (3,9), (3,10), (3,3), (5,9), (5,6), (2,6), (5,5), (4,3), (2,4), (2,5), (4,10), (5,3), (2,10), (5,4)
------------------------
Iteración 24
-----------
Abiertos = (1,5), (1,6), (5,10), (5,2), (5,4), (2,3), (2,3), (1,10), (1,4), (2,5)
Cerrados = (3,8), (3,7), (4,7), (3,6), (4,8), (5,7), (5,8), (3,5), (3,4), (3,9), (3,10), (3,3), (5,9), (5,6), (2,6), (5,5), (4,3), (2,4), (2,5), (4,10), (5,3), (2,10), (5,4), (5,10)
------------------------
Iteración 25
-----------
Abiertos = (1,5), (1,5), (5,10), (5,2), (5,4), (2,3), (2,3), (1,10), (2,5), (1,4), (1,7)
Cerrados = (3,8), (3,7), (4,7), (3,6), (4,8), (5,7), (5,8), (3,5), (3,4), (3,9), (3,10), (3,3), (5,9), (5,6), (2,6), (5,5), (4,3), (2,4), (2,5), (4,10), (5,3), (2,10), (5,4), (5,10), (1,6)
------------------------
Iteración 26
-----------
Abiertos = (1,5), (5,10), (5,2), (5,4), (2,3), (2,3), (1,10), (2,5), (1,4), (1,4), (1,7)
Cerrados = (3,8), (3,7), (4,7), (3,6), (4,8), (5,7), (5,8), (3,5), (3,4), (3,9), (3,10), (3,3), (5,9), (5,6), (2,6), (5,5), (4,3), (2,4), (2,5), (4,10), (5,3), (2,10), (5,4), (5,10), (1,6), (1,5)
------------------------
Iteración 27
-----------
Abiertos = (1,5), (5,4), (2,3), (2,3), (1,10), (2,5), (1,4), (1,4), (5,1), (1,7)
Cerrados = (3,8), (3,7), (4,7), (3,6), (4,8), (5,7), (5,8), (3,5), (3,4), (3,9), (3,10), (3,3), (5,9), (5,6), (2,6), (5,5), (4,3), (2,4), (2,5), (4,10), (5,3), (2,10), (5,4), (5,10), (1,6), (1,5), (5,2)
------------------------
Iteración 28
-----------
Abiertos = (1,5), (2,3), (1,10), (2,5), (1,4), (1,4), (5,1), (1,3), (1,7)
Cerrados = (3,8), (3,7), (4,7), (3,6), (4,8), (5,7), (5,8), (3,5), (3,4), (3,9), (3,10), (3,3), (5,9), (5,6), (2,6), (5,5), (4,3), (2,4), (2,5), (4,10), (5,3), (2,10), (5,4), (5,10), (1,6), (1,5), (5,2), (2,3)
------------------------
Iteración 29
-----------
Abiertos = (2,3), (2,5), (1,4), (1,4), (5,1), (1,9), (1,3), (1,7)
Cerrados = (3,8), (3,7), (4,7), (3,6), (4,8), (5,7), (5,8), (3,5), (3,4), (3,9), (3,10), (3,3), (5,9), (5,6), (2,6), (5,5), (4,3), (2,4), (2,5), (4,10), (5,3), (2,10), (5,4), (5,10), (1,6), (1,5), (5,2), (2,3), (1,10)
------------------------
Iteración 30
-----------
Abiertos = (1,3), (1,4), (2,5), (5,1), (1,9), (1,3), (1,7)
Cerrados = (3,8), (3,7), (4,7), (3,6), (4,8), (5,7), (5,8), (3,5), (3,4), (3,9), (3,10), (3,3), (5,9), (5,6), (2,6), (5,5), (4,3), (2,4), (2,5), (4,10), (5,3), (2,10), (5,4), (5,10), (1,6), (1,5), (5,2), (2,3), (1,10), (1,4)
------------------------
Iteración 31
-----------
Abiertos = (2,5), (1,4), (5,1), (1,9), (1,3), (1,2), (1,7)
Cerrados = (3,8), (3,7), (4,7), (3,6), (4,8), (5,7), (5,8), (3,5), (3,4), (3,9), (3,10), (3,3), (5,9), (5,6), (2,6), (5,5), (4,3), (2,4), (2,5), (4,10), (5,3), (2,10), (5,4), (5,10), (1,6), (1,5), (5,2), (2,3), (1,10), (1,4), (1,3)
------------------------
Iteración 32
-----------
Abiertos = (1,4), (1,9), (1,3), (1,2), (1,7), (4,1)
Cerrados = (3,8), (3,7), (4,7), (3,6), (4,8), (5,7), (5,8), (3,5), (3,4), (3,9), (3,10), (3,3), (5,9), (5,6), (2,6), (5,5), (4,3), (2,4), (2,5), (4,10), (5,3), (2,10), (5,4), (5,10), (1,6), (1,5), (5,2), (2,3), (1,10), (1,4), (1,3), (5,1)
------------------------
Iteración 33
-----------
Abiertos = (1,4), (1,8), (1,3), (1,2), (1,7), (4,1)
Cerrados = (3,8), (3,7), (4,7), (3,6), (4,8), (5,7), (5,8), (3,5), (3,4), (3,9), (3,10), (3,3), (5,9), (5,6), (2,6), (5,5), (4,3), (2,4), (2,5), (4,10), (5,3), (2,10), (5,4), (5,10), (1,6), (1,5), (5,2), (2,3), (1,10), (1,4), (1,3), (5,1), (1,9)
------------------------
Iteración 34
-----------
Abiertos = (1,4), (1,3), (1,2), (1,7), (1,7), (4,1)
Cerrados = (3,8), (3,7), (4,7), (3,6), (4,8), (5,7), (5,8), (3,5), (3,4), (3,9), (3,10), (3,3), (5,9), (5,6), (2,6), (5,5), (4,3), (2,4), (2,5), (4,10), (5,3), (2,10), (5,4), (5,10), (1,6), (1,5), (5,2), (2,3), (1,10), (1,4), (1,3), (5,1), (1,9), (1,8)
------------------------
Iteración 35
-----------
Abiertos = (1,3), (1,1), (1,7), (1,7), (4,1)
Cerrados = (3,8), (3,7), (4,7), (3,6), (4,8), (5,7), (5,8), (3,5), (3,4), (3,9), (3,10), (3,3), (5,9), (5,6), (2,6), (5,5), (4,3), (2,4), (2,5), (4,10), (5,3), (2,10), (5,4), (5,10), (1,6), (1,5), (5,2), (2,3), (1,10), (1,4), (1,3), (5,1), (1,9), (1,8), (1,2)
------------------------
Iteración 36
-----------
Abiertos = (1,1), (1,7), (4,1)
Cerrados = (3,8), (3,7), (4,7), (3,6), (4,8), (5,7), (5,8), (3,5), (3,4), (3,9), (3,10), (3,3), (5,9), (5,6), (2,6), (5,5), (4,3), (2,4), (2,5), (4,10), (5,3), (2,10), (5,4), (5,10), (1,6), (1,5), (5,2), (2,3), (1,10), (1,4), (1,3), (5,1), (1,9), (1,8), (1,2), (1,7)
------------------------
Iteración 37
-----------
Abiertos = (2,1), (4,1)
Cerrados = (3,8), (3,7), (4,7), (3,6), (4,8), (5,7), (5,8), (3,5), (3,4), (3,9), (3,10), (3,3), (5,9), (5,6), (2,6), (5,5), (4,3), (2,4), (2,5), (4,10), (5,3), (2,10), (5,4), (5,10), (1,6), (1,5), (5,2), (2,3), (1,10), (1,4), (1,3), (5,1), (1,9), (1,8), (1,2), (1,7), (1,1)
------------------------
Iteración 38
-----------
Abiertos = (2,1), (3,1)
Cerrados = (3,8), (3,7), (4,7), (3,6), (4,8), (5,7), (5,8), (3,5), (3,4), (3,9), (3,10), (3,3), (5,9), (5,6), (2,6), (5,5), (4,3), (2,4), (2,5), (4,10), (5,3), (2,10), (5,4), (5,10), (1,6), (1,5), (5,2), (2,3), (1,10), (1,4), (1,3), (5,1), (1,9), (1,8), (1,2), (1,7), (1,1), (4,1)
------------------------
Iteración 39
-----------
Abiertos = (3,1), (3,1)
Cerrados = (3,8), (3,7), (4,7), (3,6), (4,8), (5,7), (5,8), (3,5), (3,4), (3,9), (3,10), (3,3), (5,9), (5,6), (2,6), (5,5), (4,3), (2,4), (2,5), (4,10), (5,3), (2,10), (5,4), (5,10), (1,6), (1,5), (5,2), (2,3), (1,10), (1,4), (1,3), (5,1), (1,9), (1,8), (1,2), (1,7), (1,1), (4,1), (2,1)
------------------------
Iteración 40
-----------
Abiertos = (3,1)
Cerrados = (3,8), (3,7), (4,7), (3,6), (4,8), (5,7), (5,8), (3,5), (3,4), (3,9), (3,10), (3,3), (5,9), (5,6), (2,6), (5,5), (4,3), (2,4), (2,5), (4,10), (5,3), (2,10), (5,4), (5,10), (1,6), (1,5), (5,2), (2,3), (1,10), (1,4), (1,3), (5,1), (1,9), (1,8), (1,2), (1,7), (1,1), (4,1), (2,1), (3,1)
------------------------
No se ha encontrado ningún camino al destino.
Iteración 0
-----------
Abiertos = (3,8)
Cerrados = 
------------------------
Iteración 1
-----------
Abiertos = (3,7), (4,8), (3,9)
Cerrados = (3,8)
------------------------
Iteración 2
-----------
Abiertos = (4,7), (5,8), (3,7), (3,9)
Cerrados = (3,8), (4,8)
------------------------
Iteración 3
-----------
Abiertos = (5,8), (3,7), (5,7), (3,9), (3,7)
Cerrados = (3,8), (4,8), (4,7)
------------------------
Iteración 4
-----------
Abiertos = (5,8), (3,6), (5,7), (3,9), (3,7)
Cerrados = (3,8), (4,8), (4,7), (3,7)
------------------------
Iteración 5
-----------
Abiertos = (5,8), (5,7), (3,9), (3,5), (3,7), (2,6)
Cerrados = (3,8), (4,8), (4,7), (3,7), (3,6)
------------------------
Iteración 6
-----------
Abiertos = (5,7), (5,7), (3,9), (3,5), (3,7), (2,6), (5,9)
Cerrados = (3,8), (4,8), (4,7), (3,7), (3,6), (5,8)
------------------------
Iteración 7
-----------
Abiertos = (5,7), (3,9), (3,5), (3,7), (5,6), (2,6), (5,9)
Cerrados = (3,8), (4,8), (4,7), (3,7), (3,6), (5,8), (5,7)
------------------------
Iteración 8
-----------
Abiertos = (5,7), (3,5), (3,7), (3,10), (5,6), (2,6), (5,9)
Cerrados = (3,8), (4,8), (4,7), (3,7), (3,6), (5,8), (5,7), (3,9)
------------------------
Iteración 9
-----------
Abiertos = (3,7), (3,10), (3,4), (5,6), (5,9), (2,6), (2,5)
Cerrados = (3,8), (4,8), (4,7), (3,7), (3,6), (5,8), (5,7), (3,9), (3,5)
------------------------
Iteración 10
-----------
Abiertos = (3,10), (3,3), (5,6), (5,9), (2,6), (2,4), (2,5)
Cerrados = (3,8), (4,8), (4,7), (3,7), (3,6), (5,8), (5,7), (3,9), (3,5), (3,4)
------------------------
Iteración 11
-----------
Abiertos = (3,10), (5,6), (5,9), (2,6), (4,3), (2,4), (2,5), (2,3)
Cerrados = (3,8), (4,8), (4,7), (3,7), (3,6), (5,8), (5,7), (3,9), (3,5), (3,4), (3,3)
------------------------
Iteración 12
-----------
Abiertos = (3,10), (5,9), (2,6), (4,3), (5,5), (2,4), (2,5), (2,3)
Cerrados = (3,8), (4,8), (4,7), (3,7), (3,6), (5,8), (5,7), (3,9), (3,5), (3,4), (3,3), (5,6)
------------------------
Iteración 13
-----------
Abiertos = (2,6), (5,9), (4,3), (5,5), (2,4), (2,5), (4,10), (2,10), (2,3)
Cerrados = (3,8), (4,8), (4,7), (3,7), (3,6), (5,8), (5,7), (3,9), (3,5), (3,4), (3,3), (5,6), (3,10)
------------------------
Iteración 14
-----------
Abiertos = (2,6), (4,3), (5,5), (2,4), (2,5), (4,10), (2,10), (5,10), (2,3)
Cerrados = (3,8), (4,8), (4,7), (3,7), (3,6), (5,8), (5,7), (3,9), (3,5), (3,4), (3,3), (5,6), (3,10), (5,9)
------------------------
Iteración 15
-----------
Abiertos = (2,6), (5,5), (2,4), (2,5), (4,10), (5,3), (2,10), (5,10), (2,3)
Cerrados = (3,8), (4,8), (4,7), (3,7), (3,6), (5,8), (5,7), (3,9), (3,5), (3,4), (3,3), (5,6), (3,10), (5,9), (4,3)
------------------------
Iteración 16
-----------
Abiertos = (5,5), (2,4), (2,5), (2,5), (4,10), (5,3), (2,10), (5,10), (1,6), (2,3)
Cerrados = (3,8), (4,8), (4,7), (3,7), (3,6), (5,8), (5,7), (3,9), (3,5), (3,4), (3,3), (5,6), (3,10), (5,9), (4,3), (2,6)
------------------------
Iteración 17
-----------
Abiertos = (5,5), (2,5), (2,5), (4,10), (5,3), (2,10), (5,10), (1,6), (2,3), (2,3), (2,5), (1,4)
Cerrados = (3,8), (4,8), (4,7), (3,7), (3,6), (5,8), (5,7), (3,9), (3,5), (3,4), (3,3), (5,6), (3,10), (5,9), (4,3), (2,6), (2,4)
------------------------
Iteración 18
-----------
Abiertos = (5,4), (2,5), (2,5), (4,10), (5,3), (2,10), (5,10), (1,6), (2,3), (2,3), (2,5), (1,4)
Cerrados = (3,8), (4,8), (4,7), (3,7), (3,6), (5,8), (5,7), (3,9), (3,5), (3,4), (3,3), (5,6), (3,10), (5,9), (4,3), (2,6), (2,4), (5,5)
------------------------
Iteración 19
-----------
Abiertos = (2,5), (2,5), (4,10), (5,3), (5,3), (2,10), (5,10), (1,6), (2,3), (2,3), (2,5), (1,4)
Cerrados = (3,8), (4,8), (4,7), (3,7), (3,6), (5,8), (5,7), (3,9), (3,5), (3,4), (3,3), (5,6), (3,10), (5,9), (4,3), (2,6), (2,4), (5,5), (5,4)
------------------------
Iteración 20
-----------
Abiertos = (2,5), (4,10), (5,3), (5,3), (2,10), (1,5), (5,10), (1,6), (2,3), (2,3), (2,5), (1,4)
Cerrados = (3,8), (4,8), (4,7), (3,7), (3,6), (5,8), (5,7), (3,9), (3,5), (3,4), (3,3), (5,6), (3,10), (5,9), (4,3), (2,6), (2,4), (5,5), (5,4), (2,5)
------------------------
Iteración 21
-----------
Abiertos = (5,3), (5,3), (2,10), (1,5), (5,10), (5,10), (1,6), (2,3), (2,3), (1,4), (2,5)
Cerrados = (3,8), (4,8), (4,7), (3,7), (3,6), (5,8), (5,7), (3,9), (3,5), (3,4), (3,3), (5,6), (3,10), (5,9), (4,3), (2,6), (2,4), (5,5), (5,4), (2,5), (4,10)
------------------------
Iteración 22
-----------
Abiertos = (5,3), (2,10), (1,5), (5,10), (5,10), (1,6), (5,2), (2,3), (2,3), (2,5), (1,4)
Cerrados = (3,8), (4,8), (4,7), (3,7), (3,6), (5,8), (5,7), (3,9), (3,5), (3,4), (3,3), (5,6), (3,10), (5,9), (4,3), (2,6), (2,4), (5,5), (5,4), (2,5), (4,10), (5,3)
------------------------
Iteración 23
-----------
Abiertos = (5,3), (1,5), (5,10), (5,10), (1,6), (5,2), (2,3), (2,3), (1,10), (2,5), (1,4)
Cerrados = (3,8), (4,8), (4,7), (3,7), (3,6), (5,8), (5,7), (3,9), (3,5), (3,4), (3,3), (5,6), (3,10), (5,9), (4,3), (2,6), (2,4), (5,5), (5,4), (2,5), (4,10), (5,3), (2,10)
------------------------
Iteración 24
-----------
Abiertos = (1,5), (5,10), (1,6), (5,2), (2,3), (2,3), (1,10), (1,4), (2,5)
Cerrados = (3,8), (4,8), (4,7), (3,7), (3,6), (5,8), (5,7), (3,9), (3,5), (3,4), (3,3), (5,6), (3,10), (5,9), (4,3), (2,6), (2,4), (5,5), (5,4), (2,5), (4,10), (5,3), (2,10), (5,10)
------------------------
Iteración 25
-----------
Abiertos = (1,6), (5,10), (5,2), (2,3), (2,3), (1,10), (1,4), (2,5), (1,4), (1,6)
Cerrados = (3,8), (4,8), (4,7), (3,7), (3,6), (5,8), (5,7), (3,9), (3,5), (3,4), (3,3), (5,6), (3,10), (5,9), (4,3), (2,6), (2,4), (5,5), (5,4), (2,5), (4,10), (5,3), (2,10), (5,10), (1,5)
------------------------
Iteración 26
-----------
Abiertos = (5,10), (5,2), (2,3), (2,3), (1,10), (1,4), (2,5), (1,4), (1,6), (1,7)
Cerrados = (3,8), (4,8), (4,7), (3,7), (3,6), (5,8), (5,7), (3,9), (3,5), (3,4), (3,3), (5,6), (3,10), (5,9), (4,3), (2,6), (2,4), (5,5), (5,4), (2,5), (4,10), (5,3), (2,10), (5,10), (1,5), (1,6)
------------------------
Iteración 27
-----------
Abiertos = (2,3), (2,3), (1,10), (1,4), (2,5), (1,4), (5,1), (1,6), (1,7)
Cerrados = (3,8), (4,8), (4,7), (3,7), (3,6), (5,8), (5,7), (3,9), (3,5), (3,4), (3,3), (5,6), (3,10), (5,9), (4,3), (2,6), (2,4), (5,5), (5,4), (2,5), (4,10), (5,3), (2,10), (5,10), (1,5), (1,6), (5,2)
------------------------
Iteración 28
-----------
Abiertos = (2,3), (1,10), (1,4), (2,5), (1,4), (5,1), (1,3), (1,6), (1,7)
Cerrados = (3,8), (4,8), (4,7), (3,7), (3,6), (5,8), (5,7), (3,9), (3,5), (3,4), (3,3), (5,6), (3,10), (5,9), (4,3), (2,6), (2,4), (5,5), (5,4), (2,5), (4,10), (5,3), (2,10), (5,10), (1,5), (1,6), (5,2), (2,3)
------------------------
Iteración 29
-----------
Abiertos = (2,3), (1,4), (2,5), (1,4), (5,1), (1,9), (1,3), (1,6), (1,7)
Cerrados = (3,8), (4,8), (4,7), (3,7), (3,6), (5,8), (5,7), (3,9), (3,5), (3,4), (3,3), (5,6), (3,10), (5,9), (4,3), (2,6), (2,4), (5,5), (5,4), (2,5), (4,10), (5,3), (2,10), (5,10), (1,5), (1,6), (5,2), (2,3), (1,10)
------------------------
Iteración 30
-----------
Abiertos = (1,3), (1,4), (5,1), (1,9), (1,3), (1,6), (1,7)
Cerrados = (3,8), (4,8), (4,7), (3,7), (3,6), (5,8), (5,7), (3,9), (3,5), (3,4), (3,3), (5,6), (3,10), (5,9), (4,3), (2,6), (2,4), (5,5), (5,4), (2,5), (4,10), (5,3), (2,10), (5,10), (1,5), (1,6), (5,2), (2,3), (1,10), (1,4)
------------------------
Iteración 31
-----------
Abiertos = (1,3), (1,9), (1,3), (1,6), (1,7), (4,1)
Cerrados = (3,8), (4,8), (4,7), (3,7), (3,6), (5,8), (5,7), (3,9), (3,5), (3,4), (3,3), (5,6), (3,10), (5,9), (4,3), (2,6), (2,4), (5,5), (5,4), (2,5), (4,10), (5,3), (2,10), (5,10), (1,5), (1,6), (5,2), (2,3), (1,10), (1,4), (5,1)
------------------------
Iteración 32
-----------
Abiertos = (1,3), (1,8), (1,3), (1,6), (1,7), (4,1)
Cerrados = (3,8), (4,8), (4,7), (3,7), (3,6), (5,8), (5,7), (3,9), (3,5), (3,4), (3,3), (5,6), (3,10), (5,9), (4,3), (2,6), (2,4), (5,5), (5,4), (2,5), (4,10), (5,3), (2,10), (5,10), (1,5), (1,6), (5,2), (2,3), (1,10), (1,4), (5,1), (1,9)
------------------------
Iteración 33
-----------
Abiertos = (1,8), (1,3), (1,6), (1,2), (1,7), (4,1)
Cerrados = (3,8), (4,8), (4,7), (3,7), (3,6), (5,8), (5,7), (3,9), (3,5), (3,4), (3,3), (5,6), (3,10), (5,9), (4,3), (2,6), (2,4), (5,5), (5,4), (2,5), (4,10), (5,3), (2,10), (5,10), (1,5), (1,6), (5,2), (2,3), (1,10), (1,4), (5,1), (1,9), (1,3)
------------------------
Iteración 34
-----------
Abiertos = (1,3), (1,6), (1,2), (1,7), (1,7), (4,1)
Cerrados = (3,8), (4,8), (4,7), (3,7), (3,6), (5,8), (5,7), (3,9), (3,5), (3,4), (3,3), (5,6), (3,10), (5,9), (4,3), (2,6), (2,4), (5,5), (5,4), (2,5), (4,10), (5,3), (2,10), (5,10), (1,5), (1,6), (5,2), (2,3), (1,10), (1,4), (5,1), (1,9), (1,3), (1,8)
------------------------
Iteración 35
-----------
Abiertos = (1,3), (1,1), (1,7), (1,7), (4,1)
Cerrados = (3,8), (4,8), (4,7), (3,7), (3,6), (5,8), (5,7), (3,9), (3,5), (3,4), (3,3), (5,6), (3,10), (5,9), (4,3), (2,6), (2,4), (5,5), (5,4), (2,5), (4,10), (5,3), (2,10), (5,10), (1,5), (1,6), (5,2), (2,3), (1,10), (1,4), (5,1), (1,9), (1,3), (1,8), (1,2)
------------------------
Iteración 36
-----------
Abiertos = (1,3), (1,7), (1,7), (2,1), (4,1)
Cerrados = (3,8), (4,8), (4,7), (3,7), (3,6), (5,8), (5,7), (3,9), (3,5), (3,4), (3,3), (5,6), (3,10), (5,9), (4,3), (2,6), (2,4), (5,5), (5,4), (2,5), (4,10), (5,3), (2,10), (5,10), (1,5), (1,6), (5,2), (2,3), (1,10), (1,4), (5,1), (1,9), (1,3), (1,8), (1,2), (1,1)
------------------------
Iteración 37
-----------
Abiertos = (1,7), (2,1), (4,1)
Cerrados = (3,8), (4,8), (4,7), (3,7), (3,6), (5,8), (5,7), (3,9), (3,5), (3,4), (3,3), (5,6), (3,10), (5,9), (4,3), (2,6), (2,4), (5,5), (5,4), (2,5), (4,10), (5,3), (2,10), (5,10), (1,5), (1,6), (5,2), (2,3), (1,10), (1,4), (5,1), (1,9), (1,3), (1,8), (1,2), (1,1), (1,7)
------------------------
Iteración 38
-----------
Abiertos = (2,1), (3,1)
Cerrados = (3,8), (4,8), (4,7), (3,7), (3,6), (5,8), (5,7), (3,9), (3,5), (3,4), (3,3), (5,6), (3,10), (5,9), (4,3), (2,6), (2,4), (5,5), (5,4), (2,5), (4,10), (5,3), (2,10), (5,10), (1,5), (1,6), (5,2), (2,3), (1,10), (1,4), (5,1), (1,9), (1,3), (1,8), (1,2), (1,1), (1,7), (4,1)
------------------------
Iteración 39
-----------
Abiertos = (3,1), (3,1)
Cerrados = (3,8), (4,8), (4,7), (3,7), (3,6), (5,8), (5,7), (3,9), (3,5), (3,4), (3,3), (5,6), (3,10), (5,9), (4,3), (2,6), (2,4), (5,5), (5,4), (2,5), (4,10), (5,3), (2,10), (5,10), (1,5), (1,6), (5,2), (2,3), (1,10), (1,4), (5,1), (1,9), (1,3), (1,8), (1,2), (1,1), (1,7), (4,1), (2,1)
------------------------
Iteración 40
-----------
Abiertos = (3,1)
Cerrados = (3,8), (4,8), (4,7), (3,7), (3,6), (5,8), (5,7), (3,9), (3,5), (3,4), (3,3), (5,6), (3,10), (5,9), (4,3), (2,6), (2,4), (5,5), (5,4), (2,5), (4,10), (5,3), (2,10), (5,10), (1,5), (1,6), (5,2), (2,3), (1,10), (1,4), (5,1), (1,9), (1,3), (1,8), (1,2), (1,1), (1,7), (4,1), (2,1), (3,1)
------------------------
No se ha encontrado ningún camino al destino.
Iteración 0
-----------
Abiertos = (3,8)
Cerrados = 
------------------------
Iteración 1
-----------
Abiertos = (3,7), (4,8), (3,9)
Cerrados = (3,8)
------------------------
Iteración 2
-----------
Abiertos = (3,6), (4,7), (4,8), (3,9)
Cerrados = (3,8), (3,7)
------------------------
Iteración 3
-----------
Abiertos = (3,6), (4,8), (5,7), (3,9), (4,8)
Cerrados = (3,8), (3,7), (4,7)
------------------------
Iteración 4
-----------
Abiertos = (4,8), (5,7), (3,9), (3,5), (4,8), (2,6)
Cerrados = (3,8), (3,7), (4,7), (3,6)
------------------------
Iteración 5
-----------
Abiertos = (5,8), (5,7), (3,9), (3,5), (4,8), (2,6)
Cerrados = (3,8), (3,7), (4,7), (3,6), (4,8)
------------------------
Iteración 6
-----------
Abiertos = (5,7), (5,7), (3,9), (3,5), (4,8), (5,9), (2,6)
Cerrados = (3,8), (3,7), (4,7), (3,6), (4,8), (5,8)
------------------------
Iteración 7
-----------
Abiertos = (5,7), (3,9), (3,5), (4,8), (5,6), (2,6), (5,9)
Cerrados = (3,8), (3,7), (4,7), (3,6), (4,8), (5,8), (5,7)
------------------------
Iteración 8
-----------
Abiertos = (5,7), (3,5), (4,8), (3,10), (5,6), (2,6), (5,9)
Cerrados = (3,8), (3,7), (4,7), (3,6), (4,8), (5,8), (5,7), (3,9)
------------------------
Iteración 9
-----------
Abiertos = (4,8), (3,10), (3,4), (5,6), (5,9), (2,6), (2,5)
Cerrados = (3,8), (3,7), (4,7), (3,6), (4,8), (5,8), (5,7), (3,9), (3,5)
------------------------
Iteración 10
-----------
Abiertos = (4,8), (3,4), (5,6), (5,9), (2,6), (2,5), (4,10), (2,10)
Cerrados = (3,8), (3,7), (4,7), (3,6), (4,8), (5,8), (5,7), (3,9), (3,5), (3,10)
------------------------
Iteración 11
-----------
Abiertos = (4,8), (3,3), (5,6), (5,9), (2,6), (2,4), (2,5), (4,10), (2,10)
Cerrados = (3,8), (3,7), (4,7), (3,6), (4,8), (5,8), (5,7), (3,9), (3,5), (3,10), (3,4)
------------------------
Iteración 12
-----------
Abiertos = (4,8), (5,6), (5,9), (2,6), (4,3), (2,4), (2,5), (4,10), (2,10), (2,3)
Cerrados = (3,8), (3,7), (4,7), (3,6), (4,8), (5,8), (5,7), (3,9), (3,5), (3,10), (3,4), (3,3)
------------------------
Iteración 13
-----------
Abiertos = (4,8), (5,9), (2,6), (4,3), (5,5), (2,4), (2,5), (4,10), (2,10), (2,3)
Cerrados = (3,8), (3,7), (4,7), (3,6), (4,8), (5,8), (5,7), (3,9), (3,5), (3,10), (3,4), (3,3), (5,6)
------------------------
Iteración 14
-----------
Abiertos = (5,9), (4,3), (5,5), (2,4), (2,5), (2,5), (4,10), (2,10), (1,6), (2,3)
Cerrados = (3,8), (3,7), (4,7), (3,6), (4,8), (5,8), (5,7), (3,9), (3,5), (3,10), (3,4), (3,3), (5,6), (2,6)
------------------------
Iteración 15
-----------
Abiertos = (4,3), (5,5), (2,4), (2,5), (2,5), (4,10), (2,10), (5,10), (1,6), (2,3)
Cerrados = (3,8), (3,7), (4,7), (3,6), (4,8), (5,8), (5,7), (3,9), (3,5), (3,10), (3,4), (3,3), (5,6), (2,6), (5,9)
------------------------
Iteración 16
-----------
Abiertos = (5,5), (2,4), (2,5), (2,5), (4,10), (5,3), (2,10), (5,10), (1,6), (2,3)
Cerrados = (3,8), (3,7), (4,7), (3,6), (4,8), (5,8), (5,7), (3,9), (3,5), (3,10), (3,4), (3,3), (5,6), (2,6), (5,9), (4,3)
------------------------
Iteración 17
-----------
Abiertos = (5,4), (2,4), (2,5), (2,5), (4,10), (5,3), (2,10), (1,6), (5,10), (2,3)
Cerrados = (3,8), (3,7), (4,7), (3,6), (4,8), (5,8), (5,7), (3,9), (3,5), (3,10), (3,4), (3,3), (5,6), (2,6), (5,9), (4,3), (5,5)
------------------------
Iteración 18
-----------
Abiertos = (5,4), (2,5), (2,5), (4,10), (5,3), (2,10), (5,10), (1,6), (2,3), (2,3), (1,4), (2,5)
Cerrados = (3,8), (3,7), (4,7), (3,6), (4,8), (5,8), (5,7), (3,9), (3,5), (3,10), (3,4), (3,3), (5,6), (2,6), (5,9), (4,3), (5,5), (2,4)
------------------------
Iteración 19
-----------
Abiertos = (5,4), (2,5), (4,10), (5,3), (2,10), (1,5), (5,10), (1,6), (2,3), (2,3), (1,4), (2,5)
Cerrados = (3,8), (3,7), (4,7), (3,6), (4,8), (5,8), (5,7), (3,9), (3,5), (3,10), (3,4), (3,3), (5,6), (2,6), (5,9), (4,3), (5,5), (2,4), (2,5)
------------------------
Iteración 20
-----------
Abiertos = (2,5), (4,10), (5,3), (5,3), (2,10), (1,5), (5,10), (1,6), (2,3), (2,3), (1,4), (2,5)
Cerrados = (3,8), (3,7), (4,7), (3,6), (4,8), (5,8), (5,7), (3,9), (3,5), (3,10), (3,4), (3,3), (5,6), (2,6), (5,9), (4,3), (5,5), (2,4), (2,5), (5,4)
------------------------
Iteración 21
-----------
Abiertos = (4,10), (5,3), (2,10), (1,5), (5,10), (1,6), (5,2), (2,3), (2,3), (1,4), (2,5)
Cerrados = (3,8), (3,7), (4,7), (3,6), (4,8), (5,8), (5,7), (3,9), (3,5), (3,10), (3,4), (3,3), (5,6), (2,6), (5,9), (4,3), (5,5), (2,4), (2,5), (5,4), (5,3)
------------------------
Iteración 22
-----------
Abiertos = (5,3), (2,10), (1,5), (5,10), (5,10), (1,6), (5,2), (2,3), (2,3), (1,4), (2,5)
Cerrados = (3,8), (3,7), (4,7), (3,6), (4,8), (5,8), (5,7), (3,9), (3,5), (3,10), (3,4), (3,3), (5,6), (2,6), (5,9), (4,3), (5,5), (2,4), (2,5), (5,4), (5,3), (4,10)
------------------------
Iteración 23
-----------
Abiertos = (2,10), (5,10), (5,10), (1,6), (5,2), (2,3), (2,3), (2,5), (1,4), (1,4), (1,6)
Cerrados = (3,8), (3,7), (4,7), (3,6), (4,8), (5,8), (5,7), (3,9), (3,5), (3,10), (3,4), (3,3), (5,6), (2,6), (5,9), (4,3), (5,5), (2,4), (2,5), (5,4), (5,3), (4,10), (1,5)
------------------------
Iteración 24
-----------
Abiertos = (5,10), (1,6), (5,10), (5,2), (2,3), (2,3), (1,10), (1,4), (1,4), (2,5), (1,6)
Cerrados = (3,8), (3,7), (4,7), (3,6), (4,8), (5,8), (5,7), (3,9), (3,5), (3,10), (3,4), (3,3), (5,6), (2,6), (5,9), (4,3), (5,5), (2,4), (2,5), (5,4), (5,3), (4,10), (1,5), (2,10)
------------------------
Iteración 25
-----------
Abiertos = (5,10), (5,10), (5,2), (2,3), (2,3), (1,10), (2,5), (1,4), (1,4), (1,6), (1,7)
Cerrados = (3,8), (3,7), (4,7), (3,6), (4,8), (5,8), (5,7), (3,9), (3,5), (3,10), (3,4), (3,3), (5,6), (2,6), (5,9), (4,3), (5,5), (2,4), (2,5), (5,4), (5,3), (4,10), (1,5), (2,10), (1,6)
------------------------
Iteración 26
-----------
Abiertos = (5,10), (5,2), (2,3), (2,3), (1,10), (2,5), (1,4), (1,4), (1,6), (1,7)
Cerrados = (3,8), (3,7), (4,7), (3,6), (4,8), (5,8), (5,7), (3,9), (3,5), (3,10), (3,4), (3,3), (5,6), (2,6), (5,9), (4,3), (5,5), (2,4), (2,5), (5,4), (5,3), (4,10), (1,5), (2,10), (1,6), (5,10)
------------------------
Iteración 27
-----------
Abiertos = (2,3), (2,3), (1,10), (2,5), (1,4), (1,4), (5,1), (1,6), (1,7)
Cerrados = (3,8), (3,7), (4,7), (3,6), (4,8), (5,8), (5,7), (3,9), (3,5), (3,10), (3,4), (3,3), (5,6), (2,6), (5,9), (4,3), (5,5), (2,4), (2,5), (5,4), (5,3), (4,10), (1,5), (2,10), (1,6), (5,10), (5,2)
------------------------
Iteración 28
-----------
Abiertos = (2,3), (1,10), (2,5), (1,4), (1,4), (5,1), (1,3), (1,6), (1,7)
Cerrados = (3,8), (3,7), (4,7), (3,6), (4,8), (5,8), (5,7), (3,9), (3,5), (3,10), (3,4), (3,3), (5,6), (2,6), (5,9), (4,3), (5,5), (2,4), (2,5), (5,4), (5,3), (4,10), (1,5), (2,10), (1,6), (5,10), (5,2), (2,3)
------------------------
Iteración 29
-----------
Abiertos = (2,3), (1,4), (2,5), (1,4), (5,1), (1,9), (1,3), (1,6), (1,7)
Cerrados = (3,8), (3,7), (4,7), (3,6), (4,8), (5,8), (5,7), (3,9), (3,5), (3,10), (3,4), (3,3), (5,6), (2,6), (5,9), (4,3), (5,5), (2,4), (2,5), (5,4), (5,3), (4,10), (1,5), (2,10), (1,6), (5,10), (5,2), (2,3), (1,10)
------------------------
Iteración 30
-----------
Abiertos = (2,3), (1,3), (2,5), (1,4), (5,1), (1,9), (1,3), (1,6), (1,7)
Cerrados = (3,8), (3,7), (4,7), (3,6), (4,8), (5,8), (5,7), (3,9), (3,5), (3,10), (3,4), (3,3), (5,6), (2,6), (5,9), (4,3), (5,5), (2,4), (2,5), (5,4), (5,3), (4,10), (1,5), (2,10), (1,6), (5,10), (5,2), (2,3), (1,10), (1,4)
------------------------
Iteración 31
-----------
Abiertos = (1,4), (2,5), (5,1), (1,9), (1,3), (1,6), (1,2), (1,7)
Cerrados = (3,8), (3,7), (4,7), (3,6), (4,8), (5,8), (5,7), (3,9), (3,5), (3,10), (3,4), (3,3), (5,6), (2,6), (5,9), (4,3), (5,5), (2,4), (2,5), (5,4), (5,3), (4,10), (1,5), (2,10), (1,6), (5,10), (5,2), (2,3), (1,10), (1,4), (1,3)
------------------------
Iteración 32
-----------
Abiertos = (1,9), (1,3), (1,6), (1,2), (1,7), (4,1)
Cerrados = (3,8), (3,7), (4,7), (3,6), (4,8), (5,8), (5,7), (3,9), (3,5), (3,10), (3,4), (3,3), (5,6), (2,6), (5,9), (4,3), (5,5), (2,4), (2,5), (5,4), (5,3), (4,10), (1,5), (2,10), (1,6), (5,10), (5,2), (2,3), (1,10), (1,4), (1,3), (5,1)
------------------------
Iteración 33
-----------
Abiertos = (1,8), (1,3), (1,6), (1,2), (1,7), (4,1)
Cerrados = (3,8), (3,7), (4,7), (3,6), (4,8), (5,8), (5,7), (3,9), (3,5), (3,10), (3,4), (3,3), (5,6), (2,6), (5,9), (4,3), (5,5), (2,4), (2,5), (5,4), (5,3), (4,10), (1,5), (2,10), (1,6), (5,10), (5,2), (2,3), (1,10), (1,4), (1,3), (5,1), (1,9)
------------------------
Iteración 34
-----------
Abiertos = (1,6), (1,2), (1,7), (1,7), (4,1)
Cerrados = (3,8), (3,7), (4,7), (3,6), (4,8), (5,8), (5,7), (3,9), (3,5), (3,10), (3,4), (3,3), (5,6), (2,6), (5,9), (4,3), (5,5), (2,4), (2,5), (5,4), (5,3), (4,10), (1,5), (2,10), (1,6), (5,10), (5,2), (2,3), (1,10), (1,4), (1,3), (5,1), (1,9), (1,8)
------------------------
Iteración 35
-----------
Abiertos = (1,6), (1,1), (1,7), (1,7), (4,1)
Cerrados = (3,8), (3,7), (4,7), (3,6), (4,8), (5,8), (5,7), (3,9), (3,5), (3,10), (3,4), (3,3), (5,6), (2,6), (5,9), (4,3), (5,5), (2,4), (2,5), (5,4), (5,3), (4,10), (1,5), (2,10), (1,6), (5,10), (5,2), (2,3), (1,10), (1,4), (1,3), (5,1), (1,9), (1,8), (1,2)
------------------------
Iteración 36
-----------
Abiertos = (1,1), (1,7), (4,1)
Cerrados = (3,8), (3,7), (4,7), (3,6), (4,8), (5,8), (5,7), (3,9), (3,5), (3,10), (3,4), (3,3), (5,6), (2,6), (5,9), (4,3), (5,5), (2,4), (2,5), (5,4), (5,3), (4,10), (1,5), (2,10), (1,6), (5,10), (5,2), (2,3), (1,10), (1,4), (1,3), (5,1), (1,9), (1,8), (1,2), (1,7)
------------------------
Iteración 37
-----------
Abiertos = (1,7), (2,1), (4,1)
Cerrados = (3,8), (3,7), (4,7), (3,6), (4,8), (5,8), (5,7), (3,9), (3,5), (3,10), (3,4), (3,3), (5,6), (2,6), (5,9), (4,3), (5,5), (2,4), (2,5), (5,4), (5,3), (4,10), (1,5), (2,10), (1,6), (5,10), (5,2), (2,3), (1,10), (1,4), (1,3), (5,1), (1,9), (1,8), (1,2), (1,7), (1,1)
------------------------
Iteración 38
-----------
Abiertos = (1,7), (3,1), (4,1)
Cerrados = (3,8), (3,7), (4,7), (3,6), (4,8), (5,8), (5,7), (3,9), (3,5), (3,10), (3,4), (3,3), (5,6), (2,6), (5,9), (4,3), (5,5), (2,4), (2,5), (5,4), (5,3), (4,10), (1,5), (2,10), (1,6), (5,10), (5,2), (2,3), (1,10), (1,4), (1,3), (5,1), (1,9), (1,8), (1,2), (1,7), (1,1), (2,1)
------------------------
Iteración 39
-----------
Abiertos = (1,7), (4,1), (4,1)
Cerrados = (3,8), (3,7), (4,7), (3,6), (4,8), (5,8), (5,7), (3,9), (3,5), (3,10), (3,4), (3,3), (5,6), (2,6), (5,9), (4,3), (5,5), (2,4), (2,5), (5,4), (5,3), (4,10), (1,5), (2,10), (1,6), (5,10), (5,2), (2,3), (1,10), (1,4), (1,3), (5,1), (1,9), (1,8), (1,2), (1,7), (1,1), (2,1), (3,1)
------------------------
Iteración 40
-----------
Abiertos = (1,7), (4,1)
Cerrados = (3,8), (3,7), (4,7), (3,6), (4,8), (5,8), (5,7), (3,9), (3,5), (3,10), (3,4), (3,3), (5,6), (2,6), (5,9), (4,3), (5,5), (2,4), (2,5), (5,4), (5,3), (4,10), (1,5), (2,10), (1,6), (5,10), (5,2), (2,3), (1,10), (1,4), (1,3), (5,1), (1,9), (1,8), (1,2), (1,7), (1,1), (2,1), (3,1), (4,1)
------------------------
No se ha encontrado ningún camino al destino.
Iteración 0
-----------
Abiertos = (3,8)
Cerrados = 
------------------------
Iteración 1
-----------
Abiertos = (3,7), (4,8), (3,9)
Cerrados = (3,8)
------------------------
Iteración 2
-----------
Abiertos = (4,7), (5,8), (3,7), (3,9)
Cerrados = (3,8), (4,8)
------------------------
Iteración 3
-----------
Abiertos = (5,8), (3,7), (5,7), (3,9), (3,7)
Cerrados = (3,8), (4,8), (4,7)
------------------------
Iteración 4
-----------
Abiertos = (3,7), (5,7), (5,7), (3,9), (3,7), (5,9)
Cerrados = (3,8), (4,8), (4,7), (5,8)
------------------------
Iteración 5
-----------
Abiertos = (3,6), (5,7), (5,7), (3,9), (3,7), (5,9)
Cerrados = (3,8), (4,8), (4,7), (5,8), (3,7)
------------------------
Iteración 6
-----------
Abiertos = (3,6), (5,7), (3,9), (3,7), (5,6), (5,9)
Cerrados = (3,8), (4,8), (4,7), (5,8), (3,7), (5,7)
------------------------
Iteración 7
-----------
Abiertos = (3,9), (3,5), (3,7), (5,6), (2,6), (5,9)
Cerrados = (3,8), (4,8), (4,7), (5,8), (3,7), (5,7), (3,6)
------------------------
Iteración 8
-----------
Abiertos = (3,5), (3,7), (3,10), (5,6), (2,6), (5,9)
Cerrados = (3,8), (4,8), (4,7), (5,8), (3,7), (5,7), (3,6), (3,9)
------------------------
Iteración 9
-----------
Abiertos = (3,5), (5,6), (5,9), (2,6), (4,10), (2,10)
Cerrados = (3,8), (4,8), (4,7), (5,8), (3,7), (5,7), (3,6), (3,9), (3,10)
------------------------
Iteración 10
-----------
Abiertos = (3,5), (5,9), (2,6), (5,5), (4,10), (2,10)
Cerrados = (3,8), (4,8), (4,7), (5,8), (3,7), (5,7), (3,6), (3,9), (3,10), (5,6)
------------------------
Iteración 11
-----------
Abiertos = (3,4), (2,6), (5,9), (5,5), (2,5), (4,10), (2,10)
Cerrados = (3,8), (4,8), (4,7), (5,8), (3,7), (5,7), (3,6), (3,9), (3,10), (5,6), (3,5)
------------------------
Iteración 12
-----------
Abiertos = (3,4), (5,9), (5,5), (2,5), (2,5), (4,10), (2,10), (1,6)
Cerrados = (3,8), (4,8), (4,7), (5,8), (3,7), (5,7), (3,6), (3,9), (3,10), (5,6), (3,5), (2,6)
------------------------
Iteración 13
-----------
Abiertos = (3,4), (5,5), (2,5), (2,5), (4,10), (2,10), (5,10), (1,6)
Cerrados = (3,8), (4,8), (4,7), (5,8), (3,7), (5,7), (3,6), (3,9), (3,10), (5,6), (3,5), (2,6), (5,9)
------------------------
Iteración 14
-----------
Abiertos = (3,4), (5,4), (2,5), (2,5), (4,10), (2,10), (1,6), (5,10)
Cerrados = (3,8), (4,8), (4,7), (5,8), (3,7), (5,7), (3,6), (3,9), (3,10), (5,6), (3,5), (2,6), (5,9), (5,5)
------------------------
Iteración 15
-----------
Abiertos = (3,3), (5,4), (2,4), (2,5), (2,5), (4,10), (2,10), (5,10), (1,6)
Cerrados = (3,8), (4,8), (4,7), (5,8), (3,7), (5,7), (3,6), (3,9), (3,10), (5,6), (3,5), (2,6), (5,9), (5,5), (3,4)
------------------------
Iteración 16
-----------
Abiertos = (3,3), (2,4), (2,5), (2,5), (4,10), (5,3), (2,10), (1,6), (5,10)
Cerrados = (3,8), (4,8), (4,7), (5,8), (3,7), (5,7), (3,6), (3,9), (3,10), (5,6), (3,5), (2,6), (5,9), (5,5), (3,4), (5,4)
------------------------
Iteración 17
-----------
Abiertos = (3,3), (2,5), (2,5), (4,10), (5,3), (2,10), (1,6), (5,10), (2,3), (1,4), (2,5)
Cerrados = (3,8), (4,8), (4,7), (5,8), (3,7), (5,7), (3,6), (3,9), (3,10), (5,6), (3,5), (2,6), (5,9), (5,5), (3,4), (5,4), (2,4)
------------------------
Iteración 18
-----------
Abiertos = (3,3), (2,5), (4,10), (5,3), (2,10), (1,5), (5,10), (1,6), (2,3), (1,4), (2,5)
Cerrados = (3,8), (4,8), (4,7), (5,8), (3,7), (5,7), (3,6), (3,9), (3,10), (5,6), (3,5), (2,6), (5,9), (5,5), (3,4), (5,4), (2,4), (2,5)
------------------------
Iteración 19
-----------
Abiertos = (4,3), (2,5), (4,10), (5,3), (2,10), (1,5), (5,10), (1,6), (2,3), (2,3), (1,4), (2,5)
Cerrados = (3,8), (4,8), (4,7), (5,8), (3,7), (5,7), (3,6), (3,9), (3,10), (5,6), (3,5), (2,6), (5,9), (5,5), (3,4), (5,4), (2,4), (2,5), (3,3)
------------------------
Iteración 20
-----------
Abiertos = (4,3), (5,3), (2,10), (1,5), (5,10), (1,6), (5,10), (2,3), (2,3), (1,4), (2,5)
Cerrados = (3,8), (4,8), (4,7), (5,8), (3,7), (5,7), (3,6), (3,9), (3,10), (5,6), (3,5), (2,6), (5,9), (5,5), (3,4), (5,4), (2,4), (2,5), (3,3), (4,10)
------------------------
Iteración 21
-----------
Abiertos = (4,3), (2,10), (1,5), (5,10), (1,6), (5,10), (5,2), (2,3), (2,3), (2,5), (1,4), (4,3)
Cerrados = (3,8), (4,8), (4,7), (5,8), (3,7), (5,7), (3,6), (3,9), (3,10), (5,6), (3,5), (2,6), (5,9), (5,5), (3,4), (5,4), (2,4), (2,5), (3,3), (4,10), (5,3)
------------------------
Iteración 22
-----------
Abiertos = (4,3), (1,5), (5,10), (1,6), (5,10), (5,2), (2,3), (2,3), (1,10), (2,5), (1,4), (4,3)
Cerrados = (3,8), (4,8), (4,7), (5,8), (3,7), (5,7), (3,6), (3,9), (3,10), (5,6), (3,5), (2,6), (5,9), (5,5), (3,4), (5,4), (2,4), (2,5), (3,3), (4,10), (5,3), (2,10)
------------------------
Iteración 23
-----------
Abiertos = (4,3), (1,6), (5,10), (5,10), (5,2), (2,3), (2,3), (1,10), (1,4), (1,4), (2,5), (4,3), (1,6)
Cerrados = (3,8), (4,8), (4,7), (5,8), (3,7), (5,7), (3,6), (3,9), (3,10), (5,6), (3,5), (2,6), (5,9), (5,5), (3,4), (5,4), (2,4), (2,5), (3,3), (4,10), (5,3), (2,10), (1,5)
------------------------
Iteración 24
-----------
Abiertos = (4,3), (5,10), (5,10), (5,2), (2,3), (2,3), (1,10), (1,4), (1,4), (2,5), (4,3), (1,6), (1,7)
Cerrados = (3,8), (4,8), (4,7), (5,8), (3,7), (5,7), (3,6), (3,9), (3,10), (5,6), (3,5), (2,6), (5,9), (5,5), (3,4), (5,4), (2,4), (2,5), (3,3), (4,10), (5,3), (2,10), (1,5), (1,6)
------------------------
Iteración 25
-----------
Abiertos = (5,10), (5,10), (5,2), (2,3), (2,3), (1,10), (1,4), (1,4), (2,5), (4,3), (1,6), (1,7)
Cerrados = (3,8), (4,8), (4,7), (5,8), (3,7), (5,7), (3,6), (3,9), (3,10), (5,6), (3,5), (2,6), (5,9), (5,5), (3,4), (5,4), (2,4), (2,5), (3,3), (4,10), (5,3), (2,10), (1,5), (1,6), (4,3)
------------------------
Iteración 26
-----------
Abiertos = (5,10), (5,2), (2,3), (2,3), (1,10), (1,4), (1,4), (2,5), (4,3), (1,6), (1,7)
Cerrados = (3,8), (4,8), (4,7), (5,8), (3,7), (5,7), (3,6), (3,9), (3,10), (5,6), (3,5), (2,6), (5,9), (5,5), (3,4), (5,4), (2,4), (2,5), (3,3), (4,10), (5,3), (2,10), (1,5), (1,6), (4,3), (5,10)
------------------------
Iteración 27
-----------
Abiertos = (5,2), (2,3), (1,10), (1,4), (2,5), (1,4), (4,3), (1,3), (1,6), (1,7)
Cerrados = (3,8), (4,8), (4,7), (5,8), (3,7), (5,7), (3,6), (3,9), (3,10), (5,6), (3,5), (2,6), (5,9), (5,5), (3,4), (5,4), (2,4), (2,5), (3,3), (4,10), (5,3), (2,10), (1,5), (1,6), (4,3), (5,10), (2,3)
------------------------
Iteración 28
-----------
Abiertos = (1,10), (1,4), (1,4), (2,5), (5,1), (4,3), (1,3), (1,6), (1,7)
Cerrados = (3,8), (4,8), (4,7), (5,8), (3,7), (5,7), (3,6), (3,9), (3,10), (5,6), (3,5), (2,6), (5,9), (5,5), (3,4), (5,4), (2,4), (2,5), (3,3), (4,10), (5,3), (2,10), (1,5), (1,6), (4,3), (5,10), (2,3), (5,2)
------------------------
Iteración 29
-----------
Abiertos = (1,10), (1,3), (1,4), (2,5), (5,1), (4,3), (1,3), (1,6), (1,7)
Cerrados = (3,8), (4,8), (4,7), (5,8), (3,7), (5,7), (3,6), (3,9), (3,10), (5,6), (3,5), (2,6), (5,9), (5,5), (3,4), (5,4), (2,4), (2,5), (3,3), (4,10), (5,3), (2,10), (1,5), (1,6), (4,3), (5,10), (2,3), (5,2), (1,4)
------------------------
Iteración 30
-----------
Abiertos = (1,10), (1,4), (2,5), (5,1), (4,3), (1,3), (1,6), (1,2), (1,7)
Cerrados = (3,8), (4,8), (4,7), (5,8), (3,7), (5,7), (3,6), (3,9), (3,10), (5,6), (3,5), (2,6), (5,9), (5,5), (3,4), (5,4), (2,4), (2,5), (3,3), (4,10), (5,3), (2,10), (1,5), (1,6), (4,3), (5,10), (2,3), (5,2), (1,4), (1,3)
------------------------
Iteración 31
-----------
Abiertos = (2,5), (5,1), (4,3), (1,9), (1,3), (1,6), (1,2), (1,7)
Cerrados = (3,8), (4,8), (4,7), (5,8), (3,7), (5,7), (3,6), (3,9), (3,10), (5,6), (3,5), (2,6), (5,9), (5,5), (3,4), (5,4), (2,4), (2,5), (3,3), (4,10), (5,3), (2,10), (1,5), (1,6), (4,3), (5,10), (2,3), (5,2), (1,4), (1,3), (1,10)
------------------------
Iteración 32
-----------
Abiertos = (2,5), (4,3), (1,9), (1,3), (1,6), (1,2), (1,7), (4,1)
Cerrados = (3,8), (4,8), (4,7), (5,8), (3,7), (5,7), (3,6), (3,9), (3,10), (5,6), (3,5), (2,6), (5,9), (5,5), (3,4), (5,4), (2,4), (2,5), (3,3), (4,10), (5,3), (2,10), (1,5), (1,6), (4,3), (5,10), (2,3), (5,2), (1,4), (1,3), (1,10), (5,1)
------------------------
Iteración 33
-----------
Abiertos = (4,3), (1,8), (1,3), (1,6), (1,2), (1,7), (4,1)
Cerrados = (3,8), (4,8), (4,7), (5,8), (3,7), (5,7), (3,6), (3,9), (3,10), (5,6), (3,5), (2,6), (5,9), (5,5), (3,4), (5,4), (2,4), (2,5), (3,3), (4,10), (5,3), (2,10), (1,5), (1,6), (4,3), (5,10), (2,3), (5,2), (1,4), (1,3), (1,10), (5,1), (1,9)
------------------------
Iteración 34
-----------
Abiertos = (4,3), (1,3), (1,6), (1,2), (1,7), (1,7), (4,1)
Cerrados = (3,8), (4,8), (4,7), (5,8), (3,7), (5,7), (3,6), (3,9), (3,10), (5,6), (3,5), (2,6), (5,9), (5,5), (3,4), (5,4), (2,4), (2,5), (3,3), (4,10), (5,3), (2,10), (1,5), (1,6), (4,3), (5,10), (2,3), (5,2), (1,4), (1,3), (1,10), (5,1), (1,9), (1,8)
------------------------
Iteración 35
-----------
Abiertos = (4,3), (1,1), (1,7), (1,7), (4,1)
Cerrados = (3,8), (4,8), (4,7), (5,8), (3,7), (5,7), (3,6), (3,9), (3,10), (5,6), (3,5), (2,6), (5,9), (5,5), (3,4), (5,4), (2,4), (2,5), (3,3), (4,10), (5,3), (2,10), (1,5), (1,6), (4,3), (5,10), (2,3), (5,2), (1,4), (1,3), (1,10), (5,1), (1,9), (1,8), (1,2)
------------------------
Iteración 36
-----------
Abiertos = (4,3), (1,7), (1,7), (2,1), (4,1)
Cerrados = (3,8), (4,8), (4,7), (5,8), (3,7), (5,7), (3,6), (3,9), (3,10), (5,6), (3,5), (2,6), (5,9), (5,5), (3,4), (5,4), (2,4), (2,5), (3,3), (4,10), (5,3), (2,10), (1,5), (1,6), (4,3), (5,10), (2,3), (5,2), (1,4), (1,3), (1,10), (5,1), (1,9), (1,8), (1,2), (1,1)
------------------------
Iteración 37
-----------
Abiertos = (4,3), (1,7), (2,1), (4,1)
Cerrados = (3,8), (4,8), (4,7), (5,8), (3,7), (5,7), (3,6), (3,9), (3,10), (5,6), (3,5), (2,6), (5,9), (5,5), (3,4), (5,4), (2,4), (2,5), (3,3), (4,10), (5,3), (2,10), (1,5), (1,6), (4,3), (5,10), (2,3), (5,2), (1,4), (1,3), (1,10), (5,1), (1,9), (1,8), (1,2), (1,1), (1,7)
------------------------
Iteración 38
-----------
Abiertos = (1,7), (3,1), (4,1)
Cerrados = (3,8), (4,8), (4,7), (5,8), (3,7), (5,7), (3,6), (3,9), (3,10), (5,6), (3,5), (2,6), (5,9), (5,5), (3,4), (5,4), (2,4), (2,5), (3,3), (4,10), (5,3), (2,10), (1,5), (1,6), (4,3), (5,10), (2,3), (5,2), (1,4), (1,3), (1,10), (5,1), (1,9), (1,8), (1,2), (1,1), (1,7), (2,1)
------------------------
Iteración 39
-----------
Abiertos = (4,1), (4,1)
Cerrados = (3,8), (4,8), (4,7), (5,8), (3,7), (5,7), (3,6), (3,9), (3,10), (5,6), (3,5), (2,6), (5,9), (5,5), (3,4), (5,4), (2,4), (2,5), (3,3), (4,10), (5,3), (2,10), (1,5), (1,6), (4,3), (5,10), (2,3), (5,2), (1,4), (1,3), (1,10), (5,1), (1,9), (1,8), (1,2), (1,1), (1,7), (2,1), (3,1)
------------------------
Iteración 40
-----------
Abiertos = (4,1)
Cerrados = (3,8), (4,8), (4,7), (5,8), (3,7), (5,7), (3,6), (3,9), (3,10), (5,6), (3,5), (2,6), (5,9), (5,5), (3,4), (5,4), (2,4), (2,5), (3,3), (4,10), (5,3), (2,10), (1,5), (1,6), (4,3), (5,10), (2,3), (5,2), (1,4), (1,3), (1,10), (5,1), (1,9), (1,8), (1,2), (1,1), (1,7), (2,1), (3,1), (4,1)
------------------------
No se ha encontrado ningún camino al destino.
Iteración 0
-----------
Abiertos = (3,8)
Cerrados = 
------------------------
Iteración 1
-----------
Abiertos = (3,7), (4,8), (3,9)
Cerrados = (3,8)
------------------------
Iteración 2
-----------
Abiertos = (3,6), (4,7), (4,8), (3,9)
Cerrados = (3,8), (3,7)
------------------------
Iteración 3
-----------
Abiertos = (3,6), (4,8), (5,7), (3,9), (4,8)
Cerrados = (3,8), (3,7), (4,7)
------------------------
Iteración 4
-----------
Abiertos = (4,8), (5,7), (3,9), (3,5), (4,8), (2,6)
Cerrados = (3,8), (3,7), (4,7), (3,6)
------------------------
Iteración 5
-----------
Abiertos = (4,8), (3,9), (3,5), (5,8), (4,8), (5,6), (2,6)
Cerrados = (3,8), (3,7), (4,7), (3,6), (5,7)
------------------------
Iteración 6
-----------
Abiertos = (5,8), (3,9), (3,5), (5,8), (4,8), (5,6), (2,6)
Cerrados = (3,8), (3,7), (4,7), (3,6), (5,7), (4,8)
------------------------
Iteración 7
-----------
Abiertos = (3,9), (3,5), (5,8), (4,8), (5,6), (2,6), (5,9)
Cerrados = (3,8), (3,7), (4,7), (3,6), (5,7), (4,8), (5,8)
------------------------
Iteración 8
-----------
Abiertos = (3,5), (5,8), (4,8), (3,10), (5,6), (2,6), (5,9)
Cerrados = (3,8), (3,7), (4,7), (3,6), (5,7), (4,8), (5,8), (3,9)
------------------------
Iteración 9
-----------
Abiertos = (5,8), (4,8), (3,10), (3,4), (5,6), (2,6), (2,5), (5,9)
Cerrados = (3,8), (3,7), (4,7), (3,6), (5,7), (4,8), (5,8), (3,9), (3,5)
------------------------
Iteración 10
-----------
Abiertos = (5,6), (3,4), (2,6), (2,5), (4,10), (2,10), (5,9)
Cerrados = (3,8), (3,7), (4,7), (3,6), (5,7), (4,8), (5,8), (3,9), (3,5), (3,10)
------------------------
Iteración 11
-----------
Abiertos = (3,3), (5,6), (2,6), (2,4), (2,5), (4,10), (2,10), (5,9)
Cerrados = (3,8), (3,7), (4,7), (3,6), (5,7), (4,8), (5,8), (3,9), (3,5), (3,10), (3,4)
------------------------
Iteración 12
-----------
Abiertos = (3,3), (2,6), (5,5), (2,4), (2,5), (4,10), (2,10), (5,9)
Cerrados = (3,8), (3,7), (4,7), (3,6), (5,7), (4,8), (5,8), (3,9), (3,5), (3,10), (3,4), (5,6)
------------------------
Iteración 13
-----------
Abiertos = (2,6), (4,3), (5,5), (2,4), (2,5), (4,10), (2,10), (5,9), (2,3)
Cerrados = (3,8), (3,7), (4,7), (3,6), (5,7), (4,8), (5,8), (3,9), (3,5), (3,10), (3,4), (5,6), (3,3)
------------------------
Iteración 14
-----------
Abiertos = (2,6), (5,5), (2,4), (2,5), (4,10), (5,3), (2,10), (5,9), (2,3)
Cerrados = (3,8), (3,7), (4,7), (3,6), (5,7), (4,8), (5,8), (3,9), (3,5), (3,10), (3,4), (5,6), (3,3), (4,3)
------------------------
Iteración 15
-----------
Abiertos = (2,6), (5,4), (2,4), (2,5), (4,10), (5,3), (2,10), (5,9), (2,3)
Cerrados = (3,8), (3,7), (4,7), (3,6), (5,7), (4,8), (5,8), (3,9), (3,5), (3,10), (3,4), (5,6), (3,3), (4,3), (5,5)
------------------------
Iteración 16
-----------
Abiertos = (5,4), (2,4), (2,5), (2,5), (4,10), (5,3), (2,10), (5,9), (1,6), (2,3)
Cerrados = (3,8), (3,7), (4,7), (3,6), (5,7), (4,8), (5,8), (3,9), (3,5), (3,10), (3,4), (5,6), (3,3), (4,3), (5,5), (2,6)
------------------------
Iteración 17
-----------
Abiertos = (5,4), (2,5), (2,5), (4,10), (5,3), (2,10), (5,9), (1,6), (2,3), (2,3), (2,5), (1,4)
Cerrados = (3,8), (3,7), (4,7), (3,6), (5,7), (4,8), (5,8), (3,9), (3,5), (3,10), (3,4), (5,6), (3,3), (4,3), (5,5), (2,6), (2,4)
------------------------
Iteración 18
-----------
Abiertos = (5,4), (2,5), (4,10), (5,3), (2,10), (5,9), (1,5), (1,6), (2,3), (2,3), (2,5), (1,4)
Cerrados = (3,8), (3,7), (4,7), (3,6), (5,7), (4,8), (5,8), (3,9), (3,5), (3,10), (3,4), (5,6), (3,3), (4,3), (5,5), (2,6), (2,4), (2,5)
------------------------
Iteración 19
-----------
Abiertos = (2,5), (4,10), (5,3), (5,3), (2,10), (5,9), (1,5), (1,6), (2,3), (2,3), (2,5), (1,4)
Cerrados = (3,8), (3,7), (4,7), (3,6), (5,7), (4,8), (5,8), (3,9), (3,5), (3,10), (3,4), (5,6), (3,3), (4,3), (5,5), (2,6), (2,4), (2,5), (5,4)
------------------------
Iteración 20
-----------
Abiertos = (4,10), (5,3), (2,10), (5,9), (1,5), (1,6), (5,2), (2,3), (2,3), (1,4), (2,5)
Cerrados = (3,8), (3,7), (4,7), (3,6), (5,7), (4,8), (5,8), (3,9), (3,5), (3,10), (3,4), (5,6), (3,3), (4,3), (5,5), (2,6), (2,4), (2,5), (5,4), (5,3)
------------------------
Iteración 21
-----------
Abiertos = (5,3), (2,10), (5,9), (1,5), (1,6), (5,10), (5,2), (2,3), (2,3), (2,5), (1,4)
Cerrados = (3,8), (3,7), (4,7), (3,6), (5,7), (4,8), (5,8), (3,9), (3,5), (3,10), (3,4), (5,6), (3,3), (4,3), (5,5), (2,6), (2,4), (2,5), (5,4), (5,3), (4,10)
------------------------
Iteración 22
-----------
Abiertos = (5,3), (1,5), (5,9), (1,6), (5,10), (5,2), (2,3), (2,3), (1,10), (2,5), (1,4)
Cerrados = (3,8), (3,7), (4,7), (3,6), (5,7), (4,8), (5,8), (3,9), (3,5), (3,10), (3,4), (5,6), (3,3), (4,3), (5,5), (2,6), (2,4), (2,5), (5,4), (5,3), (4,10), (2,10)
------------------------
Iteración 23
-----------
Abiertos = (5,3), (5,9), (1,6), (5,10), (5,2), (2,3), (2,3), (1,10), (2,5), (1,4), (1,4), (1,6)
Cerrados = (3,8), (3,7), (4,7), (3,6), (5,7), (4,8), (5,8), (3,9), (3,5), (3,10), (3,4), (5,6), (3,3), (4,3), (5,5), (2,6), (2,4), (2,5), (5,4), (5,3), (4,10), (2,10), (1,5)
------------------------
Iteración 24
-----------
Abiertos = (5,10), (1,6), (5,2), (2,3), (2,3), (1,10), (1,4), (2,5), (1,4), (5,10), (1,6)
Cerrados = (3,8), (3,7), (4,7), (3,6), (5,7), (4,8), (5,8), (3,9), (3,5), (3,10), (3,4), (5,6), (3,3), (4,3), (5,5), (2,6), (2,4), (2,5), (5,4), (5,3), (4,10), (2,10), (1,5), (5,9)
------------------------
Iteración 25
-----------
Abiertos = (5,10), (5,2), (2,3), (2,3), (1,10), (2,5), (1,4), (1,4), (5,10), (1,6), (1,7)
Cerrados = (3,8), (3,7), (4,7), (3,6), (5,7), (4,8), (5,8), (3,9), (3,5), (3,10), (3,4), (5,6), (3,3), (4,3), (5,5), (2,6), (2,4), (2,5), (5,4), (5,3), (4,10), (2,10), (1,5), (5,9), (1,6)
------------------------
Iteración 26
-----------
Abiertos = (5,2), (2,3), (2,3), (1,10), (2,5), (1,4), (1,4), (5,10), (1,6), (1,7)
Cerrados = (3,8), (3,7), (4,7), (3,6), (5,7), (4,8), (5,8), (3,9), (3,5), (3,10), (3,4), (5,6), (3,3), (4,3), (5,5), (2,6), (2,4), (2,5), (5,4), (5,3), (4,10), (2,10), (1,5), (5,9), (1,6), (5,10)
------------------------
Iteración 27
-----------
Abiertos = (5,2), (2,3), (1,10), (1,4), (1,4), (2,5), (1,3), (5,10), (1,6), (1,7)
Cerrados = (3,8), (3,7), (4,7), (3,6), (5,7), (4,8), (5,8), (3,9), (3,5), (3,10), (3,4), (5,6), (3,3), (4,3), (5,5), (2,6), (2,4), (2,5), (5,4), (5,3), (4,10), (2,10), (1,5), (5,9), (1,6), (5,10), (2,3)
------------------------
Iteración 28
-----------
Abiertos = (1,10), (1,4), (2,5), (1,4), (5,1), (1,3), (5,10), (1,6), (1,7)
Cerrados = (3,8), (3,7), (4,7), (3,6), (5,7), (4,8), (5,8), (3,9), (3,5), (3,10), (3,4), (5,6), (3,3), (4,3), (5,5), (2,6), (2,4), (2,5), (5,4), (5,3), (4,10), (2,10), (1,5), (5,9), (1,6), (5,10), (2,3), (5,2)
------------------------
Iteración 29
-----------
Abiertos = (2,5), (1,4), (1,4), (5,1), (1,9), (1,3), (5,10), (1,6), (1,7)
Cerrados = (3,8), (3,7), (4,7), (3,6), (5,7), (4,8), (5,8), (3,9), (3,5), (3,10), (3,4), (5,6), (3,3), (4,3), (5,5), (2,6), (2,4), (2,5), (5,4), (5,3), (4,10), (2,10), (1,5), (5,9), (1,6), (5,10), (2,3), (5,2), (1,10)
------------------------
Iteración 30
-----------
Abiertos = (1,3), (1,4), (5,1), (1,9), (1,3), (5,10), (1,6), (1,7)
Cerrados = (3,8), (3,7), (4,7), (3,6), (5,7), (4,8), (5,8), (3,9), (3,5), (3,10), (3,4), (5,6), (3,3), (4,3), (5,5), (2,6), (2,4), (2,5), (5,4), (5,3), (4,10), (2,10), (1,5), (5,9), (1,6), (5,10), (2,3), (5,2), (1,10), (1,4)
------------------------
Iteración 31
-----------
Abiertos = (5,1), (1,9), (1,3), (5,10), (1,6), (1,2), (1,7)
Cerrados = (3,8), (3,7), (4,7), (3,6), (5,7), (4,8), (5,8), (3,9), (3,5), (3,10), (3,4), (5,6), (3,3), (4,3), (5,5), (2,6), (2,4), (2,5), (5,4), (5,3), (4,10), (2,10), (1,5), (5,9), (1,6), (5,10), (2,3), (5,2), (1,10), (1,4), (1,3)
------------------------
Iteración 32
-----------
Abiertos = (1,9), (1,3), (5,10), (1,6), (1,2), (1,7), (4,1)
Cerrados = (3,8), (3,7), (4,7), (3,6), (5,7), (4,8), (5,8), (3,9), (3,5), (3,10), (3,4), (5,6), (3,3), (4,3), (5,5), (2,6), (2,4), (2,5), (5,4), (5,3), (4,10), (2,10), (1,5), (5,9), (1,6), (5,10), (2,3), (5,2), (1,10), (1,4), (1,3), (5,1)
------------------------
Iteración 33
-----------
Abiertos = (1,8), (1,6), (5,10), (1,2), (1,7), (4,1)
Cerrados = (3,8), (3,7), (4,7), (3,6), (5,7), (4,8), (5,8), (3,9), (3,5), (3,10), (3,4), (5,6), (3,3), (4,3), (5,5), (2,6), (2,4), (2,5), (5,4), (5,3), (4,10), (2,10), (1,5), (5,9), (1,6), (5,10), (2,3), (5,2), (1,10), (1,4), (1,3), (5,1), (1,9)
------------------------
Iteración 34
-----------
Abiertos = (5,10), (1,2), (1,7), (1,7), (4,1)
Cerrados = (3,8), (3,7), (4,7), (3,6), (5,7), (4,8), (5,8), (3,9), (3,5), (3,10), (3,4), (5,6), (3,3), (4,3), (5,5), (2,6), (2,4), (2,5), (5,4), (5,3), (4,10), (2,10), (1,5), (5,9), (1,6), (5,10), (2,3), (5,2), (1,10), (1,4), (1,3), (5,1), (1,9), (1,8)
------------------------
Iteración 35
-----------
Abiertos = (5,10), (1,1), (1,7), (1,7), (4,1)
Cerrados = (3,8), (3,7), (4,7), (3,6), (5,7), (4,8), (5,8), (3,9), (3,5), (3,10), (3,4), (5,6), (3,3), (4,3), (5,5), (2,6), (2,4), (2,5), (5,4), (5,3), (4,10), (2,10), (1,5), (5,9), (1,6), (5,10), (2,3), (5,2), (1,10), (1,4), (1,3), (5,1), (1,9), (1,8), (1,2)
------------------------
Iteración 36
-----------
Abiertos = (1,7), (1,7), (2,1), (4,1)
Cerrados = (3,8), (3,7), (4,7), (3,6), (5,7), (4,8), (5,8), (3,9), (3,5), (3,10), (3,4), (5,6), (3,3), (4,3), (5,5), (2,6), (2,4), (2,5), (5,4), (5,3), (4,10), (2,10), (1,5), (5,9), (1,6), (5,10), (2,3), (5,2), (1,10), (1,4), (1,3), (5,1), (1,9), (1,8), (1,2), (1,1)
------------------------
Iteración 37
-----------
Abiertos = (1,7), (2,1), (4,1)
Cerrados = (3,8), (3,7), (4,7), (3,6), (5,7), (4,8), (5,8), (3,9), (3,5), (3,10), (3,4), (5,6), (3,3), (4,3), (5,5), (2,6), (2,4), (2,5), (5,4), (5,3), (4,10), (2,10), (1,5), (5,9), (1,6), (5,10), (2,3), (5,2), (1,10), (1,4), (1,3), (5,1), (1,9), (1,8), (1,2), (1,1), (1,7)
------------------------
Iteración 38
-----------
Abiertos = (3,1), (4,1)
Cerrados = (3,8), (3,7), (4,7), (3,6), (5,7), (4,8), (5,8), (3,9), (3,5), (3,10), (3,4), (5,6), (3,3), (4,3), (5,5), (2,6), (2,4), (2,5), (5,4), (5,3), (4,10), (2,10), (1,5), (5,9), (1,6), (5,10), (2,3), (5,2), (1,10), (1,4), (1,3), (5,1), (1,9), (1,8), (1,2), (1,1), (1,7), (2,1)
------------------------
Iteración 39
-----------
Abiertos = (3,1), (3,1)
Cerrados = (3,8), (3,7), (4,7), (3,6), (5,7), (4,8), (5,8), (3,9), (3,5), (3,10), (3,4), (5,6), (3,3), (4,3), (5,5), (2,6), (2,4), (2,5), (5,4), (5,3), (4,10), (2,10), (1,5), (5,9), (1,6), (5,10), (2,3), (5,2), (1,10), (1,4), (1,3), (5,1), (1,9), (1,8), (1,2), (1,1), (1,7), (2,1), (4,1)
------------------------
Iteración 40
-----------
Abiertos = (3,1)
Cerrados = (3,8), (3,7), (4,7), (3,6), (5,7), (4,8), (5,8), (3,9), (3,5), (3,10), (3,4), (5,6), (3,3), (4,3), (5,5), (2,6), (2,4), (2,5), (5,4), (5,3), (4,10), (2,10), (1,5), (5,9), (1,6), (5,10), (2,3), (5,2), (1,10), (1,4), (1,3), (5,1), (1,9), (1,8), (1,2), (1,1), (1,7), (2,1), (4,1), (3,1)
------------------------
No se ha encontrado ningún camino al destino.
Iteración 0
-----------
Abiertos = (3,8)
Cerrados = 
------------------------
Iteración 1
-----------
Abiertos = (3,7), (4,8), (3,9)
Cerrados = (3,8)
------------------------
Iteración 2
-----------
Abiertos = (3,6), (4,7), (4,8), (3,9)
Cerrados = (3,8), (3,7)
------------------------
Iteración 3
-----------
Abiertos = (3,6), (4,8), (5,7), (3,9), (4,8)
Cerrados = (3,8), (3,7), (4,7)
------------------------
Iteración 4
-----------
Abiertos = (3,6), (5,8), (5,7), (3,9), (4,8)
Cerrados = (3,8), (3,7), (4,7), (4,8)
------------------------
Iteración 5
-----------
Abiertos = (3,6), (5,7), (5,7), (3,9), (4,8), (5,9)
Cerrados = (3,8), (3,7), (4,7), (4,8), (5,8)
------------------------
Iteración 6
-----------
Abiertos = (5,7), (5,7), (3,9), (3,5), (4,8), (5,9), (2,6)
Cerrados = (3,8), (3,7), (4,7), (4,8), (5,8), (3,6)
------------------------
Iteración 7
-----------
Abiertos = (5,7), (3,9), (3,5), (4,8), (5,6), (5,9), (2,6)
Cerrados = (3,8), (3,7), (4,7), (4,8), (5,8), (3,6), (5,7)
------------------------
Iteración 8
-----------
Abiertos = (3,5), (4,8), (3,10), (5,6), (2,6), (5,9)
Cerrados = (3,8), (3,7), (4,7), (4,8), (5,8), (3,6), (5,7), (3,9)
------------------------
Iteración 9
-----------
Abiertos = (3,5), (5,6), (5,9), (2,6), (4,10), (2,10)
Cerrados = (3,8), (3,7), (4,7), (4,8), (5,8), (3,6), (5,7), (3,9), (3,10)
------------------------
Iteración 10
-----------
Abiertos = (5,6), (3,4), (5,9), (2,6), (2,5), (4,10), (2,10)
Cerrados = (3,8), (3,7), (4,7), (4,8), (5,8), (3,6), (5,7), (3,9), (3,10), (3,5)
------------------------
Iteración 11
-----------
Abiertos = (3,4), (5,9), (2,6), (5,5), (2,5), (4,10), (2,10)
Cerrados = (3,8), (3,7), (4,7), (4,8), (5,8), (3,6), (5,7), (3,9), (3,10), (3,5), (5,6)
------------------------
Iteración 12
-----------
Abiertos = (3,3), (2,6), (5,9), (5,5), (2,4), (2,5), (4,10), (2,10)
Cerrados = (3,8), (3,7), (4,7), (4,8), (5,8), (3,6), (5,7), (3,9), (3,10), (3,5), (5,6), (3,4)
------------------------
Iteración 13
-----------
Abiertos = (3,3), (5,9), (5,5), (2,4), (2,5), (2,5), (4,10), (2,10), (1,6)
Cerrados = (3,8), (3,7), (4,7), (4,8), (5,8), (3,6), (5,7), (3,9), (3,10), (3,5), (5,6), (3,4), (2,6)
------------------------
Iteración 14
-----------
Abiertos = (3,3), (5,5), (2,4), (2,5), (2,5), (4,10), (2,10), (5,10), (1,6)
Cerrados = (3,8), (3,7), (4,7), (4,8), (5,8), (3,6), (5,7), (3,9), (3,10), (3,5), (5,6), (3,4), (2,6), (5,9)
------------------------
Iteración 15
-----------
Abiertos = (3,3), (5,4), (2,4), (2,5), (2,5), (4,10), (2,10), (5,10), (1,6)
Cerrados = (3,8), (3,7), (4,7), (4,8), (5,8), (3,6), (5,7), (3,9), (3,10), (3,5), (5,6), (3,4), (2,6), (5,9), (5,5)
------------------------
Iteración 16
-----------
Abiertos = (3,3), (2,4), (2,5), (2,5), (4,10), (5,3), (2,10), (5,10), (1,6)
Cerrados = (3,8), (3,7), (4,7), (4,8), (5,8), (3,6), (5,7), (3,9), (3,10), (3,5), (5,6), (3,4), (2,6), (5,9), (5,5), (5,4)
------------------------
Iteración 17
-----------
Abiertos = (3,3), (2,5), (2,5), (4,10), (5,3), (2,10), (5,10), (1,6), (2,3), (1,4), (2,5)
Cerrados = (3,8), (3,7), (4,7), (4,8), (5,8), (3,6), (5,7), (3,9), (3,10), (3,5), (5,6), (3,4), (2,6), (5,9), (5,5), (5,4), (2,4)
------------------------
Iteración 18
-----------
Abiertos = (3,3), (2,5), (4,10), (5,3), (2,10), (1,5), (1,6), (5,10), (2,3), (1,4), (2,5)
Cerrados = (3,8), (3,7), (4,7), (4,8), (5,8), (3,6), (5,7), (3,9), (3,10), (3,5), (5,6), (3,4), (2,6), (5,9), (5,5), (5,4), (2,4), (2,5)
------------------------
Iteración 19
-----------
Abiertos = (3,3), (5,3), (2,10), (1,5), (1,6), (5,10), (5,10), (2,3), (1,4), (2,5)
Cerrados = (3,8), (3,7), (4,7), (4,8), (5,8), (3,6), (5,7), (3,9), (3,10), (3,5), (5,6), (3,4), (2,6), (5,9), (5,5), (5,4), (2,4), (2,5), (4,10)
------------------------
Iteración 20
-----------
Abiertos = (4,3), (5,3), (2,10), (1,5), (1,6), (5,10), (5,10), (2,3), (2,3), (2,5), (1,4)
Cerrados = (3,8), (3,7), (4,7), (4,8), (5,8), (3,6), (5,7), (3,9), (3,10), (3,5), (5,6), (3,4), (2,6), (5,9), (5,5), (5,4), (2,4), (2,5), (4,10), (3,3)
------------------------
Iteración 21
-----------
Abiertos = (4,3), (2,10), (1,5), (1,6), (5,10), (5,10), (5,2), (2,3), (2,3), (2,5), (1,4), (4,3)
Cerrados = (3,8), (3,7), (4,7), (4,8), (5,8), (3,6), (5,7), (3,9), (3,10), (3,5), (5,6), (3,4), (2,6), (5,9), (5,5), (5,4), (2,4), (2,5), (4,10), (3,3), (5,3)
------------------------
Iteración 22
-----------
Abiertos = (2,10), (1,5), (1,6), (5,10), (5,10), (5,2), (2,3), (2,3), (2,5), (1,4), (4,3)
Cerrados = (3,8), (3,7), (4,7), (4,8), (5,8), (3,6), (5,7), (3,9), (3,10), (3,5), (5,6), (3,4), (2,6), (5,9), (5,5), (5,4), (2,4), (2,5), (4,10), (3,3), (5,3), (4,3)
------------------------
Iteración 23
-----------
Abiertos = (1,5), (5,10), (1,6), (5,10), (5,2), (2,3), (2,3), (1,10), (1,4), (2,5), (4,3)
Cerrados = (3,8), (3,7), (4,7), (4,8), (5,8), (3,6), (5,7), (3,9), (3,10), (3,5), (5,6), (3,4), (2,6), (5,9), (5,5), (5,4), (2,4), (2,5), (4,10), (3,3), (5,3), (4,3), (2,10)
------------------------
Iteración 24
-----------
Abiertos = (1,6), (5,10), (5,10), (5,2), (2,3), (2,3), (1,10), (2,5), (1,4), (1,4), (4,3), (1,6)
Cerrados = (3,8), (3,7), (4,7), (4,8), (5,8), (3,6), (5,7), (3,9), (3,10), (3,5), (5,6), (3,4), (2,6), (5,9), (5,5), (5,4), (2,4), (2,5), (4,10), (3,3), (5,3), (4,3), (2,10), (1,5)
------------------------
Iteración 25
-----------
Abiertos = (5,10), (1,6), (5,2), (2,3), (2,3), (1,10), (2,5), (1,4), (1,4), (4,3), (1,6)
Cerrados = (3,8), (3,7), (4,7), (4,8), (5,8), (3,6), (5,7), (3,9), (3,10), (3,5), (5,6), (3,4), (2,6), (5,9), (5,5), (5,4), (2,4), (2,5), (4,10), (3,3), (5,3), (4,3), (2,10), (1,5), (5,10)
------------------------
Iteración 26
-----------
Abiertos = (5,10), (5,2), (2,3), (2,3), (1,10), (2,5), (1,4), (1,4), (4,3), (1,6), (1,7)
Cerrados = (3,8), (3,7), (4,7), (4,8), (5,8), (3,6), (5,7), (3,9), (3,10), (3,5), (5,6), (3,4), (2,6), (5,9), (5,5), (5,4), (2,4), (2,5), (4,10), (3,3), (5,3), (4,3), (2,10), (1,5), (5,10), (1,6)
------------------------
Iteración 27
-----------
Abiertos = (5,10), (2,3), (2,3), (1,10), (2,5), (1,4), (1,4), (5,1), (4,3), (1,6), (1,7)
Cerrados = (3,8), (3,7), (4,7), (4,8), (5,8), (3,6), (5,7), (3,9), (3,10), (3,5), (5,6), (3,4), (2,6), (5,9), (5,5), (5,4), (2,4), (2,5), (4,10), (3,3), (5,3), (4,3), (2,10), (1,5), (5,10), (1,6), (5,2)
------------------------
Iteración 28
-----------
Abiertos = (2,3), (1,10), (2,5), (1,4), (1,4), (5,1), (4,3), (1,3), (1,6), (1,7)
Cerrados = (3,8), (3,7), (4,7), (4,8), (5,8), (3,6), (5,7), (3,9), (3,10), (3,5), (5,6), (3,4), (2,6), (5,9), (5,5), (5,4), (2,4), (2,5), (4,10), (3,3), (5,3), (4,3), (2,10), (1,5), (5,10), (1,6), (5,2), (2,3)
------------------------
Iteración 29
-----------
Abiertos = (1,4), (1,4), (2,5), (5,1), (4,3), (1,9), (1,3), (1,6), (1,7)
Cerrados = (3,8), (3,7), (4,7), (4,8), (5,8), (3,6), (5,7), (3,9), (3,10), (3,5), (5,6), (3,4), (2,6), (5,9), (5,5), (5,4), (2,4), (2,5), (4,10), (3,3), (5,3), (4,3), (2,10), (1,5), (5,10), (1,6), (5,2), (2,3), (1,10)
------------------------
Iteración 30
-----------
Abiertos = (1,3), (2,5), (1,4), (5,1), (4,3), (1,9), (1,3), (1,6), (1,7)
Cerrados = (3,8), (3,7), (4,7), (4,8), (5,8), (3,6), (5,7), (3,9), (3,10), (3,5), (5,6), (3,4), (2,6), (5,9), (5,5), (5,4), (2,4), (2,5), (4,10), (3,3), (5,3), (4,3), (2,10), (1,5), (5,10), (1,6), (5,2), (2,3), (1,10), (1,4)
------------------------
Iteración 31
-----------
Abiertos = (1,4), (2,5), (5,1), (4,3), (1,9), (1,3), (1,6), (1,2), (1,7)
Cerrados = (3,8), (3,7), (4,7), (4,8), (5,8), (3,6), (5,7), (3,9), (3,10), (3,5), (5,6), (3,4), (2,6), (5,9), (5,5), (5,4), (2,4), (2,5), (4,10), (3,3), (5,3), (4,3), (2,10), (1,5), (5,10), (1,6), (5,2), (2,3), (1,10), (1,4), (1,3)
------------------------
Iteración 32
-----------
Abiertos = (1,9), (1,3), (1,6), (1,2), (1,7), (4,1)
Cerrados = (3,8), (3,7), (4,7), (4,8), (5,8), (3,6), (5,7), (3,9), (3,10), (3,5), (5,6), (3,4), (2,6), (5,9), (5,5), (5,4), (2,4), (2,5), (4,10), (3,3), (5,3), (4,3), (2,10), (1,5), (5,10), (1,6), (5,2), (2,3), (1,10), (1,4), (1,3), (5,1)
------------------------
Iteración 33
-----------
Abiertos = (1,9), (1,1), (1,7), (4,1)
Cerrados = (3,8), (3,7), (4,7), (4,8), (5,8), (3,6), (5,7), (3,9), (3,10), (3,5), (5,6), (3,4), (2,6), (5,9), (5,5), (5,4), (2,4), (2,5), (4,10), (3,3), (5,3), (4,3), (2,10), (1,5), (5,10), (1,6), (5,2), (2,3), (1,10), (1,4), (1,3), (5,1), (1,2)
------------------------
Iteración 34
-----------
Abiertos = (1,9), (1,7), (2,1), (4,1)
Cerrados = (3,8), (3,7), (4,7), (4,8), (5,8), (3,6), (5,7), (3,9), (3,10), (3,5), (5,6), (3,4), (2,6), (5,9), (5,5), (5,4), (2,4), (2,5), (4,10), (3,3), (5,3), (4,3), (2,10), (1,5), (5,10), (1,6), (5,2), (2,3), (1,10), (1,4), (1,3), (5,1), (1,2), (1,1)
------------------------
Iteración 35
-----------
Abiertos = (1,8), (1,7), (2,1), (4,1)
Cerrados = (3,8), (3,7), (4,7), (4,8), (5,8), (3,6), (5,7), (3,9), (3,10), (3,5), (5,6), (3,4), (2,6), (5,9), (5,5), (5,4), (2,4), (2,5), (4,10), (3,3), (5,3), (4,3), (2,10), (1,5), (5,10), (1,6), (5,2), (2,3), (1,10), (1,4), (1,3), (5,1), (1,2), (1,1), (1,9)
------------------------
Iteración 36
-----------
Abiertos = (1,7), (1,7), (2,1), (4,1)
Cerrados = (3,8), (3,7), (4,7), (4,8), (5,8), (3,6), (5,7), (3,9), (3,10), (3,5), (5,6), (3,4), (2,6), (5,9), (5,5), (5,4), (2,4), (2,5), (4,10), (3,3), (5,3), (4,3), (2,10), (1,5), (5,10), (1,6), (5,2), (2,3), (1,10), (1,4), (1,3), (5,1), (1,2), (1,1), (1,9), (1,8)
------------------------
Iteración 37
-----------
Abiertos = (1,7), (2,1), (4,1)
Cerrados = (3,8), (3,7), (4,7), (4,8), (5,8), (3,6), (5,7), (3,9), (3,10), (3,5), (5,6), (3,4), (2,6), (5,9), (5,5), (5,4), (2,4), (2,5), (4,10), (3,3), (5,3), (4,3), (2,10), (1,5), (5,10), (1,6), (5,2), (2,3), (1,10), (1,4), (1,3), (5,1), (1,2), (1,1), (1,9), (1,8), (1,7)
------------------------
Iteración 38
-----------
Abiertos = (2,1), (3,1)
Cerrados = (3,8), (3,7), (4,7), (4,8), (5,8), (3,6), (5,7), (3,9), (3,10), (3,5), (5,6), (3,4), (2,6), (5,9), (5,5), (5,4), (2,4), (2,5), (4,10), (3,3), (5,3), (4,3), (2,10), (1,5), (5,10), (1,6), (5,2), (2,3), (1,10), (1,4), (1,3), (5,1), (1,2), (1,1), (1,9), (1,8), (1,7), (4,1)
------------------------
Iteración 39
-----------
Abiertos = (2,1), (2,1)
Cerrados = (3,8), (3,7), (4,7), (4,8), (5,8), (3,6), (5,7), (3,9), (3,10), (3,5), (5,6), (3,4), (2,6), (5,9), (5,5), (5,4), (2,4), (2,5), (4,10), (3,3), (5,3), (4,3), (2,10), (1,5), (5,10), (1,6), (5,2), (2,3), (1,10), (1,4), (1,3), (5,1), (1,2), (1,1), (1,9), (1,8), (1,7), (4,1), (3,1)
------------------------
Iteración 40
-----------
Abiertos = (2,1)
Cerrados = (3,8), (3,7), (4,7), (4,8), (5,8), (3,6), (5,7), (3,9), (3,10), (3,5), (5,6), (3,4), (2,6), (5,9), (5,5), (5,4), (2,4), (2,5), (4,10), (3,3), (5,3), (4,3), (2,10), (1,5), (5,10), (1,6), (5,2), (2,3), (1,10), (1,4), (1,3), (5,1), (1,2), (1,1), (1,9), (1,8), (1,7), (4,1), (3,1), (2,1)
------------------------
No se ha encontrado ningún camino al destino.
Iteración 0
-----------
Abiertos = (3,8)
Cerrados = 
------------------------
Iteración 1
-----------
Abiertos = (3,7), (4,8), (3,9)
Cerrados = (3,8)
------------------------
Iteración 2
-----------
Abiertos = (4,7), (5,8), (3,7), (3,9)
Cerrados = (3,8), (4,8)
------------------------
Iteración 3
-----------
Abiertos = (5,8), (3,7), (5,7), (3,9), (3,7)
Cerrados = (3,8), (4,8), (4,7)
------------------------
Iteración 4
-----------
Abiertos = (3,7), (5,7), (5,7), (3,9), (3,7), (5,9)
Cerrados = (3,8), (4,8), (4,7), (5,8)
------------------------
Iteración 5
-----------
Abiertos = (3,7), (5,7), (3,9), (3,7), (5,6), (5,9)
Cerrados = (3,8), (4,8), (4,7), (5,8), (5,7)
------------------------
Iteración 6
-----------
Abiertos = (3,6), (5,7), (3,9), (3,7), (5,6), (5,9)
Cerrados = (3,8), (4,8), (4,7), (5,8), (5,7), (3,7)
------------------------
Iteración 7
-----------
Abiertos = (3,6), (3,7), (3,10), (5,6), (5,9)
Cerrados = (3,8), (4,8), (4,7), (5,8), (5,7), (3,7), (3,9)
------------------------
Iteración 8
-----------
Abiertos = (3,5), (3,7), (3,10), (5,6), (2,6), (5,9)
Cerrados = (3,8), (4,8), (4,7), (5,8), (5,7), (3,7), (3,9), (3,6)
------------------------
Iteración 9
-----------
Abiertos = (3,5), (5,6), (5,9), (2,6), (4,10), (2,10)
Cerrados = (3,8), (4,8), (4,7), (5,8), (5,7), (3,7), (3,9), (3,6), (3,10)
------------------------
Iteración 10
-----------
Abiertos = (5,6), (3,4), (5,9), (2,6), (2,5), (4,10), (2,10)
Cerrados = (3,8), (4,8), (4,7), (5,8), (5,7), (3,7), (3,9), (3,6), (3,10), (3,5)
------------------------
Iteración 11
-----------
Abiertos = (3,4), (5,9), (2,6), (5,5), (2,5), (4,10), (2,10)
Cerrados = (3,8), (4,8), (4,7), (5,8), (5,7), (3,7), (3,9), (3,6), (3,10), (3,5), (5,6)
------------------------
Iteración 12
-----------
Abiertos = (3,4), (2,6), (5,5), (2,5), (4,10), (2,10), (5,10)
Cerrados = (3,8), (4,8), (4,7), (5,8), (5,7), (3,7), (3,9), (3,6), (3,10), (3,5), (5,6), (5,9)
------------------------
Iteración 13
-----------
Abiertos = (3,4), (5,5), (2,5), (2,5), (4,10), (2,10), (1,6), (5,10)
Cerrados = (3,8), (4,8), (4,7), (5,8), (5,7), (3,7), (3,9), (3,6), (3,10), (3,5), (5,6), (5,9), (2,6)
------------------------
Iteración 14
-----------
Abiertos = (3,4), (5,4), (2,5), (2,5), (4,10), (2,10), (5,10), (1,6)
Cerrados = (3,8), (4,8), (4,7), (5,8), (5,7), (3,7), (3,9), (3,6), (3,10), (3,5), (5,6), (5,9), (2,6), (5,5)
------------------------
Iteración 15
-----------
Abiertos = (3,3), (5,4), (2,4), (2,5), (2,5), (4,10), (2,10), (1,6), (5,10)
Cerrados = (3,8), (4,8), (4,7), (5,8), (5,7), (3,7), (3,9), (3,6), (3,10), (3,5), (5,6), (5,9), (2,6), (5,5), (3,4)
------------------------
Iteración 16
-----------
Abiertos = (3,3), (2,4), (2,5), (2,5), (4,10), (5,3), (2,10), (5,10), (1,6)
Cerrados = (3,8), (4,8), (4,7), (5,8), (5,7), (3,7), (3,9), (3,6), (3,10), (3,5), (5,6), (5,9), (2,6), (5,5), (3,4), (5,4)
------------------------
Iteración 17
-----------
Abiertos = (4,3), (2,4), (2,5), (2,5), (4,10), (5,3), (2,10), (1,6), (5,10), (2,3)
Cerrados = (3,8), (4,8), (4,7), (5,8), (5,7), (3,7), (3,9), (3,6), (3,10), (3,5), (5,6), (5,9), (2,6), (5,5), (3,4), (5,4), (3,3)
------------------------
Iteración 18
-----------
Abiertos = (4,3), (2,5), (2,5), (4,10), (5,3), (2,10), (1,6), (5,10), (2,3), (2,3), (1,4), (2,5)
Cerrados = (3,8), (4,8), (4,7), (5,8), (5,7), (3,7), (3,9), (3,6), (3,10), (3,5), (5,6), (5,9), (2,6), (5,5), (3,4), (5,4), (3,3), (2,4)
------------------------
Iteración 19
-----------
Abiertos = (2,5), (2,5), (4,10), (5,3), (5,3), (2,10), (1,6), (5,10), (2,3), (2,3), (2,5), (1,4)
Cerrados = (3,8), (4,8), (4,7), (5,8), (5,7), (3,7), (3,9), (3,6), (3,10), (3,5), (5,6), (5,9), (2,6), (5,5), (3,4), (5,4), (3,3), (2,4), (4,3)
------------------------
Iteración 20
-----------
Abiertos = (2,5), (4,10), (5,3), (5,3), (2,10), (1,5), (1,6), (5,10), (2,3), (2,3), (2,5), (1,4)
Cerrados = (3,8), (4,8), (4,7), (5,8), (5,7), (3,7), (3,9), (3,6), (3,10), (3,5), (5,6), (5,9), (2,6), (5,5), (3,4), (5,4), (3,3), (2,4), (4,3), (2,5)
------------------------
Iteración 21
-----------
Abiertos = (5,3), (5,3), (2,10), (1,5), (1,6), (5,10), (5,10), (2,3), (2,3), (2,5), (1,4)
Cerrados = (3,8), (4,8), (4,7), (5,8), (5,7), (3,7), (3,9), (3,6), (3,10), (3,5), (5,6), (5,9), (2,6), (5,5), (3,4), (5,4), (3,3), (2,4), (4,3), (2,5), (4,10)
------------------------
Iteración 22
-----------
Abiertos = (5,3), (2,10), (1,5), (1,6), (5,10), (5,10), (5,2), (2,3), (2,3), (1,4), (2,5)
Cerrados = (3,8), (4,8), (4,7), (5,8), (5,7), (3,7), (3,9), (3,6), (3,10), (3,5), (5,6), (5,9), (2,6), (5,5), (3,4), (5,4), (3,3), (2,4), (4,3), (2,5), (4,10), (5,3)
------------------------
Iteración 23
-----------
Abiertos = (5,3), (1,5), (1,6), (5,10), (5,10), (5,2), (2,3), (2,3), (1,10), (1,4), (2,5)
Cerrados = (3,8), (4,8), (4,7), (5,8), (5,7), (3,7), (3,9), (3,6), (3,10), (3,5), (5,6), (5,9), (2,6), (5,5), (3,4), (5,4), (3,3), (2,4), (4,3), (2,5), (4,10), (5,3), (2,10)
------------------------
Iteración 24
-----------
Abiertos = (5,3), (5,10), (1,6), (5,10), (5,2), (2,3), (2,3), (1,10), (1,4), (1,4), (2,5), (1,6)
Cerrados = (3,8), (4,8), (4,7), (5,8), (5,7), (3,7), (3,9), (3,6), (3,10), (3,5), (5,6), (5,9), (2,6), (5,5), (3,4), (5,4), (3,3), (2,4), (4,3), (2,5), (4,10), (5,3), (2,10), (1,5)
------------------------
Iteración 25
-----------
Abiertos = (5,10), (5,10), (5,2), (2,3), (2,3), (1,10), (2,5), (1,4), (1,4), (1,6), (1,7)
Cerrados = (3,8), (4,8), (4,7), (5,8), (5,7), (3,7), (3,9), (3,6), (3,10), (3,5), (5,6), (5,9), (2,6), (5,5), (3,4), (5,4), (3,3), (2,4), (4,3), (2,5), (4,10), (5,3), (2,10), (1,5), (1,6)
------------------------
Iteración 26
-----------
Abiertos = (5,10), (5,2), (2,3), (2,3), (1,10), (2,5), (1,4), (1,4), (1,6), (1,7)
Cerrados = (3,8), (4,8), (4,7), (5,8), (5,7), (3,7), (3,9), (3,6), (3,10), (3,5), (5,6), (5,9), (2,6), (5,5), (3,4), (5,4), (3,3), (2,4), (4,3), (2,5), (4,10), (5,3), (2,10), (1,5), (1,6), (5,10)
------------------------
Iteración 27
-----------
Abiertos = (5,10), (2,3), (2,3), (1,10), (2,5), (1,4), (1,4), (5,1), (1,6), (1,7)
Cerrados = (3,8), (4,8), (4,7), (5,8), (5,7), (3,7), (3,9), (3,6), (3,10), (3,5), (5,6), (5,9), (2,6), (5,5), (3,4), (5,4), (3,3), (2,4), (4,3), (2,5), (4,10), (5,3), (2,10), (1,5), (1,6), (5,10), (5,2)
------------------------
Iteración 28
-----------
Abiertos = (5,10), (2,3), (1,10), (2,5), (1,4), (1,4), (5,1), (1,3), (1,6), (1,7)
Cerrados = (3,8), (4,8), (4,7), (5,8), (5,7), (3,7), (3,9), (3,6), (3,10), (3,5), (5,6), (5,9), (2,6), (5,5), (3,4), (5,4), (3,3), (2,4), (4,3), (2,5), (4,10), (5,3), (2,10), (1,5), (1,6), (5,10), (5,2), (2,3)
------------------------
Iteración 29
-----------
Abiertos = (2,3), (2,5), (1,4), (1,4), (5,1), (1,9), (1,3), (1,6), (1,7)
Cerrados = (3,8), (4,8), (4,7), (5,8), (5,7), (3,7), (3,9), (3,6), (3,10), (3,5), (5,6), (5,9), (2,6), (5,5), (3,4), (5,4), (3,3), (2,4), (4,3), (2,5), (4,10), (5,3), (2,10), (1,5), (1,6), (5,10), (5,2), (2,3), (1,10)
------------------------
Iteración 30
-----------
Abiertos = (1,3), (1,4), (2,5), (5,1), (1,9), (1,3), (1,6), (1,7)
Cerrados = (3,8), (4,8), (4,7), (5,8), (5,7), (3,7), (3,9), (3,6), (3,10), (3,5), (5,6), (5,9), (2,6), (5,5), (3,4), (5,4), (3,3), (2,4), (4,3), (2,5), (4,10), (5,3), (2,10), (1,5), (1,6), (5,10), (5,2), (2,3), (1,10), (1,4)
------------------------
Iteración 31
-----------
Abiertos = (2,5), (1,4), (5,1), (1,9), (1,3), (1,6), (1,2), (1,7)
Cerrados = (3,8), (4,8), (4,7), (5,8), (5,7), (3,7), (3,9), (3,6), (3,10), (3,5), (5,6), (5,9), (2,6), (5,5), (3,4), (5,4), (3,3), (2,4), (4,3), (2,5), (4,10), (5,3), (2,10), (1,5), (1,6), (5,10), (5,2), (2,3), (1,10), (1,4), (1,3)
------------------------
Iteración 32
-----------
Abiertos = (2,5), (1,9), (1,3), (1,6), (1,2), (1,7), (4,1)
Cerrados = (3,8), (4,8), (4,7), (5,8), (5,7), (3,7), (3,9), (3,6), (3,10), (3,5), (5,6), (5,9), (2,6), (5,5), (3,4), (5,4), (3,3), (2,4), (4,3), (2,5), (4,10), (5,3), (2,10), (1,5), (1,6), (5,10), (5,2), (2,3), (1,10), (1,4), (1,3), (5,1)
------------------------
Iteración 33
-----------
Abiertos = (2,5), (1,8), (1,3), (1,6), (1,2), (1,7), (4,1)
Cerrados = (3,8), (4,8), (4,7), (5,8), (5,7), (3,7), (3,9), (3,6), (3,10), (3,5), (5,6), (5,9), (2,6), (5,5), (3,4), (5,4), (3,3), (2,4), (4,3), (2,5), (4,10), (5,3), (2,10), (1,5), (1,6), (5,10), (5,2), (2,3), (1,10), (1,4), (1,3), (5,1), (1,9)
------------------------
Iteración 34
-----------
Abiertos = (1,3), (1,6), (1,2), (1,7), (1,7), (4,1)
Cerrados = (3,8), (4,8), (4,7), (5,8), (5,7), (3,7), (3,9), (3,6), (3,10), (3,5), (5,6), (5,9), (2,6), (5,5), (3,4), (5,4), (3,3), (2,4), (4,3), (2,5), (4,10), (5,3), (2,10), (1,5), (1,6), (5,10), (5,2), (2,3), (1,10), (1,4), (1,3), (5,1), (1,9), (1,8)
------------------------
Iteración 35
-----------
Abiertos = (1,3), (1,1), (1,7), (1,7), (4,1)
Cerrados = (3,8), (4,8), (4,7), (5,8), (5,7), (3,7), (3,9), (3,6), (3,10), (3,5), (5,6), (5,9), (2,6), (5,5), (3,4), (5,4), (3,3), (2,4), (4,3), (2,5), (4,10), (5,3), (2,10), (1,5), (1,6), (5,10), (5,2), (2,3), (1,10), (1,4), (1,3), (5,1), (1,9), (1,8), (1,2)
------------------------
Iteración 36
-----------
Abiertos = (1,7), (1,7), (2,1), (4,1)
Cerrados = (3,8), (4,8), (4,7), (5,8), (5,7), (3,7), (3,9), (3,6), (3,10), (3,5), (5,6), (5,9), (2,6), (5,5), (3,4), (5,4), (3,3), (2,4), (4,3), (2,5), (4,10), (5,3), (2,10), (1,5), (1,6), (5,10), (5,2), (2,3), (1,10), (1,4), (1,3), (5,1), (1,9), (1,8), (1,2), (1,1)
------------------------
Iteración 37
-----------
Abiertos = (1,7), (2,1), (4,1)
Cerrados = (3,8), (4,8), (4,7), (5,8), (5,7), (3,7), (3,9), (3,6), (3,10), (3,5), (5,6), (5,9), (2,6), (5,5), (3,4), (5,4), (3,3), (2,4), (4,3), (2,5), (4,10), (5,3), (2,10), (1,5), (1,6), (5,10), (5,2), (2,3), (1,10), (1,4), (1,3), (5,1), (1,9), (1,8), (1,2), (1,1), (1,7)
------------------------
Iteración 38
-----------
Abiertos = (2,1), (3,1)
Cerrados = (3,8), (4,8), (4,7), (5,8), (5,7), (3,7), (3,9), (3,6), (3,10), (3,5), (5,6), (5,9), (2,6), (5,5), (3,4), (5,4), (3,3), (2,4), (4,3), (2,5), (4,10), (5,3), (2,10), (1,5), (1,6), (5,10), (5,2), (2,3), (1,10), (1,4), (1,3), (5,1), (1,9), (1,8), (1,2), (1,1), (1,7), (4,1)
------------------------
Iteración 39
-----------
Abiertos = (2,1), (2,1)
Cerrados = (3,8), (4,8), (4,7), (5,8), (5,7), (3,7), (3,9), (3,6), (3,10), (3,5), (5,6), (5,9), (2,6), (5,5), (3,4), (5,4), (3,3), (2,4), (4,3), (2,5), (4,10), (5,3), (2,10), (1,5), (1,6), (5,10), (5,2), (2,3), (1,10), (1,4), (1,3), (5,1), (1,9), (1,8), (1,2), (1,1), (1,7), (4,1), (3,1)
------------------------
Iteración 40
-----------
Abiertos = (2,1)
Cerrados = (3,8), (4,8), (4,7), (5,8), (5,7), (3,7), (3,9), (3,6), (3,10), (3,5), (5,6), (5,9), (2,6), (5,5), (3,4), (5,4), (3,3), (2,4), (4,3), (2,5), (4,10), (5,3), (2,10), (1,5), (1,6), (5,10), (5,2), (2,3), (1,10), (1,4), (1,3), (5,1), (1,9), (1,8), (1,2), (1,1), (1,7), (4,1), (3,1), (2,1)
------------------------
No se ha encontrado ningún camino al destino.
Iteración 0
-----------
Abiertos = (3,8)
Cerrados = 
------------------------
Iteración 1
-----------
Abiertos = (3,7), (4,8), (3,9)
Cerrados = (3,8)
------------------------
Iteración 2
-----------
Abiertos = (3,6), (4,7), (4,8), (3,9)
Cerrados = (3,8), (3,7)
------------------------
Iteración 3
-----------
Abiertos = (3,6), (4,8), (5,7), (3,9), (4,8)
Cerrados = (3,8), (3,7), (4,7)
------------------------
Iteración 4
-----------
Abiertos = (4,8), (5,7), (3,9), (3,5), (4,8), (2,6)
Cerrados = (3,8), (3,7), (4,7), (3,6)
------------------------
Iteración 5
-----------
Abiertos = (5,8), (5,7), (3,9), (3,5), (4,8), (2,6)
Cerrados = (3,8), (3,7), (4,7), (3,6), (4,8)
------------------------
Iteración 6
-----------
Abiertos = (5,8), (3,9), (3,5), (5,8), (4,8), (5,6), (2,6)
Cerrados = (3,8), (3,7), (4,7), (3,6), (4,8), (5,7)
------------------------
Iteración 7
-----------
Abiertos = (3,9), (3,5), (5,8), (4,8), (5,6), (2,6), (5,9)
Cerrados = (3,8), (3,7), (4,7), (3,6), (4,8), (5,7), (5,8)
------------------------
Iteración 8
-----------
Abiertos = (3,9), (5,8), (4,8), (3,4), (5,6), (5,9), (2,6), (2,5)
Cerrados = (3,8), (3,7), (4,7), (3,6), (4,8), (5,7), (5,8), (3,5)
------------------------
Iteración 9
-----------
Abiertos = (3,9), (3,3), (5,6), (5,9), (2,6), (2,4), (2,5)
Cerrados = (3,8), (3,7), (4,7), (3,6), (4,8), (5,7), (5,8), (3,5), (3,4)
------------------------
Iteración 10
-----------
Abiertos = (3,10), (3,3), (5,6), (5,9), (2,6), (2,4), (2,5)
Cerrados = (3,8), (3,7), (4,7), (3,6), (4,8), (5,7), (5,8), (3,5), (3,4), (3,9)
------------------------
Iteración 11
-----------
Abiertos = (3,3), (5,6), (5,9), (2,6), (2,4), (2,5), (4,10), (2,10)
Cerrados = (3,8), (3,7), (4,7), (3,6), (4,8), (5,7), (5,8), (3,5), (3,4), (3,9), (3,10)
------------------------
Iteración 12
-----------
Abiertos = (5,6), (5,9), (2,6), (4,3), (2,4), (2,5), (4,10), (2,10), (2,3)
Cerrados = (3,8), (3,7), (4,7), (3,6), (4,8), (5,7), (5,8), (3,5), (3,4), (3,9), (3,10), (3,3)
------------------------
Iteración 13
-----------
Abiertos = (5,6), (2,6), (4,3), (2,4), (2,5), (4,10), (2,10), (5,10), (2,3)
Cerrados = (3,8), (3,7), (4,7), (3,6), (4,8), (5,7), (5,8), (3,5), (3,4), (3,9), (3,10), (3,3), (5,9)
------------------------
Iteración 14
-----------
Abiertos = (2,6), (4,3), (5,5), (2,4), (2,5), (4,10), (2,10), (5,10), (2,3)
Cerrados = (3,8), (3,7), (4,7), (3,6), (4,8), (5,7), (5,8), (3,5), (3,4), (3,9), (3,10), (3,3), (5,9), (5,6)
------------------------
Iteración 15
-----------
Abiertos = (4,3), (5,5), (2,4), (2,5), (2,5), (4,10), (2,10), (5,10), (1,6), (2,3)
Cerrados = (3,8), (3,7), (4,7), (3,6), (4,8), (5,7), (5,8), (3,5), (3,4), (3,9), (3,10), (3,3), (5,9), (5,6), (2,6)
------------------------
Iteración 16
-----------
Abiertos = (4,3), (5,4), (2,4), (2,5), (2,5), (4,10), (2,10), (5,10), (1,6), (2,3)
Cerrados = (3,8), (3,7), (4,7), (3,6), (4,8), (5,7), (5,8), (3,5), (3,4), (3,9), (3,10), (3,3), (5,9), (5,6), (2,6), (5,5)
------------------------
Iteración 17
-----------
Abiertos = (5,4), (2,4), (2,5), (2,5), (4,10), (5,3), (2,10), (5,10), (1,6), (2,3)
Cerrados = (3,8), (3,7), (4,7), (3,6), (4,8), (5,7), (5,8), (3,5), (3,4), (3,9), (3,10), (3,3), (5,9), (5,6), (2,6), (5,5), (4,3)
------------------------
Iteración 18
-----------
Abiertos = (5,4), (2,5), (2,5), (4,10), (5,3), (2,10), (1,6), (5,10), (2,3), (2,3), (1,4), (2,5)
Cerrados = (3,8), (3,7), (4,7), (3,6), (4,8), (5,7), (5,8), (3,5), (3,4), (3,9), (3,10), (3,3), (5,9), (5,6), (2,6), (5,5), (4,3), (2,4)
------------------------
Iteración 19
-----------
Abiertos = (5,4), (2,5), (4,10), (5,3), (2,10), (1,5), (1,6), (5,10), (2,3), (2,3), (1,4), (2,5)
Cerrados = (3,8), (3,7), (4,7), (3,6), (4,8), (5,7), (5,8), (3,5), (3,4), (3,9), (3,10), (3,3), (5,9), (5,6), (2,6), (5,5), (4,3), (2,4), (2,5)
------------------------
Iteración 20
-----------
Abiertos = (5,4), (5,3), (2,10), (1,5), (5,10), (1,6), (5,10), (2,3), (2,3), (2,5), (1,4)
Cerrados = (3,8), (3,7), (4,7), (3,6), (4,8), (5,7), (5,8), (3,5), (3,4), (3,9), (3,10), (3,3), (5,9), (5,6), (2,6), (5,5), (4,3), (2,4), (2,5), (4,10)
------------------------
Iteración 21
-----------
Abiertos = (5,4), (2,10), (1,5), (5,10), (1,6), (5,10), (5,2), (5,4), (2,3), (2,3), (2,5), (1,4)
Cerrados = (3,8), (3,7), (4,7), (3,6), (4,8), (5,7), (5,8), (3,5), (3,4), (3,9), (3,10), (3,3), (5,9), (5,6), (2,6), (5,5), (4,3), (2,4), (2,5), (4,10), (5,3)
------------------------
Iteración 22
-----------
Abiertos = (5,4), (1,5), (5,10), (1,6), (5,10), (5,2), (5,4), (2,3), (2,3), (1,10), (1,4), (2,5)
Cerrados = (3,8), (3,7), (4,7), (3,6), (4,8), (5,7), (5,8), (3,5), (3,4), (3,9), (3,10), (3,3), (5,9), (5,6), (2,6), (5,5), (4,3), (2,4), (2,5), (4,10), (5,3), (2,10)
------------------------
Iteración 23
-----------
Abiertos = (1,5), (5,10), (1,6), (5,10), (5,2), (5,4), (2,3), (2,3), (1,10), (1,4), (2,5)
Cerrados = (3,8), (3,7), (4,7), (3,6), (4,8), (5,7), (5,8), (3,5), (3,4), (3,9), (3,10), (3,3), (5,9), (5,6), (2,6), (5,5), (4,3), (2,4), (2,5), (4,10), (5,3), (2,10), (5,4)
------------------------
Iteración 24
-----------
Abiertos = (1,5), (1,6), (5,10), (5,2), (5,4), (2,3), (2,3), (1,10), (1,4), (2,5)
Cerrados = (3,8), (3,7), (4,7), (3,6), (4,8), (5,7), (5,8), (3,5), (3,4), (3,9), (3,10), (3,3), (5,9), (5,6), (2,6), (5,5), (4,3), (2,4), (2,5), (4,10), (5,3), (2,10), (5,4), (5,10)
------------------------
Iteración 25
-----------
Abiertos = (1,5), (1,5), (5,10), (5,2), (5,4), (2,3), (2,3), (1,10), (2,5), (1,4), (1,7)
Cerrados = (3,8), (3,7), (4,7), (3,6), (4,8), (5,7), (5,8), (3,5), (3,4), (3,9), (3,10), (3,3), (5,9), (5,6), (2,6), (5,5), (4,3), (2,4), (2,5), (4,10), (5,3), (2,10), (5,4), (5,10), (1,6)
------------------------
Iteración 26
-----------
Abiertos = (1,5), (5,10), (5,2), (5,4), (2,3), (2,3), (1,10), (2,5), (1,4), (1,4), (1,7)
Cerrados = (3,8), (3,7), (4,7), (3,6), (4,8), (5,7), (5,8), (3,5), (3,4), (3,9), (3,10), (3,3), (5,9), (5,6), (2,6), (5,5), (4,3), (2,4), (2,5), (4,10), (5,3), (2,10), (5,4), (5,10), (1,6), (1,5)
------------------------
Iteración 27
-----------
Abiertos = (1,5), (5,4), (2,3), (2,3), (1,10), (2,5), (1,4), (1,4), (5,1), (1,7)
Cerrados = (3,8), (3,7), (4,7), (3,6), (4,8), (5,7), (5,8), (3,5), (3,4), (3,9), (3,10), (3,3), (5,9), (5,6), (2,6), (5,5), (4,3), (2,4), (2,5), (4,10), (5,3), (2,10), (5,4), (5,10), (1,6), (1,5), (5,2)
------------------------
Iteración 28
-----------
Abiertos = (1,5), (2,3), (1,10), (2,5), (1,4), (1,4), (5,1), (1,3), (1,7)
Cerrados = (3,8), (3,7), (4,7), (3,6), (4,8), (5,7), (5,8), (3,5), (3,4), (3,9), (3,10), (3,3), (5,9), (5,6), (2,6), (5,5), (4,3), (2,4), (2,5), (4,10), (5,3), (2,10), (5,4), (5,10), (1,6), (1,5), (5,2), (2,3)
------------------------
Iteración 29
-----------
Abiertos = (2,3), (2,5), (1,4), (1,4), (5,1), (1,9), (1,3), (1,7)
Cerrados = (3,8), (3,7), (4,7), (3,6), (4,8), (5,7), (5,8), (3,5), (3,4), (3,9), (3,10), (3,3), (5,9), (5,6), (2,6), (5,5), (4,3), (2,4), (2,5), (4,10), (5,3), (2,10), (5,4), (5,10), (1,6), (1,5), (5,2), (2,3), (1,10)
------------------------
Iteración 30
-----------
Abiertos = (1,3), (1,4), (2,5), (5,1), (1,9), (1,3), (1,7)
Cerrados = (3,8), (3,7), (4,7), (3,6), (4,8), (5,7), (5,8), (3,5), (3,4), (3,9), (3,10), (3,3), (5,9), (5,6), (2,6), (5,5), (4,3), (2,4), (2,5), (4,10), (5,3), (2,10), (5,4), (5,10), (1,6), (1,5), (5,2), (2,3), (1,10), (1,4)
------------------------
Iteración 31
-----------
Abiertos = (2,5), (1,4), (5,1), (1,9), (1,3), (1,2), (1,7)
Cerrados = (3,8), (3,7), (4,7), (3,6), (4,8), (5,7), (5,8), (3,5), (3,4), (3,9), (3,10), (3,3), (5,9), (5,6), (2,6), (5,5), (4,3), (2,4), (2,5), (4,10), (5,3), (2,10), (5,4), (5,10), (1,6), (1,5), (5,2), (2,3), (1,10), (1,4), (1,3)
------------------------
Iteración 32
-----------
Abiertos = (1,4), (1,9), (1,3), (1,2), (1,7), (4,1)
Cerrados = (3,8), (3,7), (4,7), (3,6), (4,8), (5,7), (5,8), (3,5), (3,4), (3,9), (3,10), (3,3), (5,9), (5,6), (2,6), (5,5), (4,3), (2,4), (2,5), (4,10), (5,3), (2,10), (5,4), (5,10), (1,6), (1,5), (5,2), (2,3), (1,10), (1,4), (1,3), (5,1)
------------------------
Iteración 33
-----------
Abiertos = (1,4), (1,8), (1,3), (1,2), (1,7), (4,1)
Cerrados = (3,8), (3,7), (4,7), (3,6), (4,8), (5,7), (5,8), (3,5), (3,4), (3,9), (3,10), (3,3), (5,9), (5,6), (2,6), (5,5), (4,3), (2,4), (2,5), (4,10), (5,3), (2,10), (5,4), (5,10), (1,6), (1,5), (5,2), (2,3), (1,10), (1,4), (1,3), (5,1), (1,9)
------------------------
Iteración 34
-----------
Abiertos = (1,4), (1,3), (1,2), (1,7), (1,7), (4,1)
Cerrados = (3,8), (3,7), (4,7), (3,6), (4,8), (5,7), (5,8), (3,5), (3,4), (3,9), (3,10), (3,3), (5,9), (5,6), (2,6), (5,5), (4,3), (2,4), (2,5), (4,10), (5,3), (2,10), (5,4), (5,10), (1,6), (1,5), (5,2), (2,3), (1,10), (1,4), (1,3), (5,1), (1,9), (1,8)
------------------------
Iteración 35
-----------
Abiertos = (1,3), (1,1), (1,7), (1,7), (4,1)
Cerrados = (3,8), (3,7), (4,7), (3,6), (4,8), (5,7), (5,8), (3,5), (3,4), (3,9), (3,10), (3,3), (5,9), (5,6), (2,6), (5,5), (4,3), (2,4), (2,5), (4,10), (5,3), (2,10), (5,4), (5,10), (1,6), (1,5), (5,2), (2,3), (1,10), (1,4), (1,3), (5,1), (1,9), (1,8), (1,2)
------------------------
Iteración 36
-----------
Abiertos = (1,1), (1,7), (4,1)
Cerrados = (3,8), (3,7), (4,7), (3,6), (4,8), (5,7), (5,8), (3,5), (3,4), (3,9), (3,10), (3,3), (5,9), (5,6), (2,6), (5,5), (4,3), (2,4), (2,5), (4,10), (5,3), (2,10), (5,4), (5,10), (1,6), (1,5), (5,2), (2,3), (1,10), (1,4), (1,3), (5,1), (1,9), (1,8), (1,2), (1,7)
------------------------
Iteración 37
-----------
Abiertos = (2,1), (4,1)
Cerrados = (3,8), (3,7), (4,7), (3,6), (4,8), (5,7), (5,8), (3,5), (3,4), (3,9), (3,10), (3,3), (5,9), (5,6), (2,6), (5,5), (4,3), (2,4), (2,5), (4,10), (5,3), (2,10), (5,4), (5,10), (1,6), (1,5), (5,2), (2,3), (1,10), (1,4), (1,3), (5,1), (1,9), (1,8), (1,2), (1,7), (1,1)
------------------------
Iteración 38
-----------
Abiertos = (2,1), (3,1)
Cerrados = (3,8), (3,7), (4,7), (3,6), (4,8), (5,7), (5,8), (3,5), (3,4), (3,9), (3,10), (3,3), (5,9), (5,6), (2,6), (5,5), (4,3), (2,4), (2,5), (4,10), (5,3), (2,10), (5,4), (5,10), (1,6), (1,5), (5,2), (2,3), (1,10), (1,4), (1,3), (5,1), (1,9), (1,8), (1,2), (1,7), (1,1), (4,1)
------------------------
Iteración 39
-----------
Abiertos = (3,1), (3,1)
Cerrados = (3,8), (3,7), (4,7), (3,6), (4,8), (5,7), (5,8), (3,5), (3,4), (3,9), (3,10), (3,3), (5,9), (5,6), (2,6), (5,5), (4,3), (2,4), (2,5), (4,10), (5,3), (2,10), (5,4), (5,10), (1,6), (1,5), (5,2), (2,3), (1,10), (1,4), (1,3), (5,1), (1,9), (1,8), (1,2), (1,7), (1,1), (4,1), (2,1)
------------------------
Iteración 40
-----------
Abiertos = (3,1)
Cerrados = (3,8), (3,7), (4,7), (3,6), (4,8), (5,7), (5,8), (3,5), (3,4), (3,9), (3,10), (3,3), (5,9), (5,6), (2,6), (5,5), (4,3), (2,4), (2,5), (4,10), (5,3), (2,10), (5,4), (5,10), (1,6), (1,5), (5,2), (2,3), (1,10), (1,4), (1,3), (5,1), (1,9), (1,8), (1,2), (1,7), (1,1), (4,1), (2,1), (3,1)
------------------------
No se ha encontrado ningún camino al destino.
Iteración 0
-----------
Abiertos = (3,8)
Cerrados = 
------------------------
Iteración 1
-----------
Abiertos = (3,7), (4,8), (3,9)
Cerrados = (3,8)
------------------------
Iteración 2
-----------
Abiertos = (4,7), (5,8), (3,7), (3,9)
Cerrados = (3,8), (4,8)
------------------------
Iteración 3
-----------
Abiertos = (4,7), (3,7), (5,7), (3,9), (5,9)
Cerrados = (3,8), (4,8), (5,8)
------------------------
Iteración 4
-----------
Abiertos = (4,7), (4,7), (3,6), (5,7), (3,9), (5,9)
Cerrados = (3,8), (4,8), (5,8), (3,7)
------------------------
Iteración 5
-----------
Abiertos = (3,6), (4,7), (5,7), (5,7), (3,9), (5,9)
Cerrados = (3,8), (4,8), (5,8), (3,7), (4,7)
------------------------
Iteración 6
-----------
Abiertos = (5,7), (5,7), (3,9), (3,5), (2,6), (5,9)
Cerrados = (3,8), (4,8), (5,8), (3,7), (4,7), (3,6)
------------------------
Iteración 7
-----------
Abiertos = (5,7), (3,9), (3,5), (5,6), (2,6), (5,9)
Cerrados = (3,8), (4,8), (5,8), (3,7), (4,7), (3,6), (5,7)
------------------------
Iteración 8
-----------
Abiertos = (3,5), (3,10), (5,6), (5,9), (2,6)
Cerrados = (3,8), (4,8), (5,8), (3,7), (4,7), (3,6), (5,7), (3,9)
------------------------
Iteración 9
-----------
Abiertos = (3,5), (5,6), (2,6), (5,9), (4,10), (2,10)
Cerrados = (3,8), (4,8), (5,8), (3,7), (4,7), (3,6), (5,7), (3,9), (3,10)
------------------------
Iteración 10
-----------
Abiertos = (3,5), (2,6), (5,9), (5,5), (4,10), (2,10)
Cerrados = (3,8), (4,8), (5,8), (3,7), (4,7), (3,6), (5,7), (3,9), (3,10), (5,6)
------------------------
Iteración 11
-----------
Abiertos = (3,4), (5,9), (2,6), (5,5), (2,5), (4,10), (2,10)
Cerrados = (3,8), (4,8), (5,8), (3,7), (4,7), (3,6), (5,7), (3,9), (3,10), (5,6), (3,5)
------------------------
Iteración 12
-----------
Abiertos = (3,3), (2,6), (5,9), (5,5), (2,4), (2,5), (4,10), (2,10)
Cerrados = (3,8), (4,8), (5,8), (3,7), (4,7), (3,6), (5,7), (3,9), (3,10), (5,6), (3,5), (3,4)
------------------------
Iteración 13
-----------
Abiertos = (3,3), (5,9), (5,5), (2,4), (2,5), (2,5), (4,10), (2,10), (1,6)
Cerrados = (3,8), (4,8), (5,8), (3,7), (4,7), (3,6), (5,7), (3,9), (3,10), (5,6), (3,5), (3,4), (2,6)
------------------------
Iteración 14
-----------
Abiertos = (3,3), (5,5), (2,4), (2,5), (2,5), (4,10), (2,10), (5,10), (1,6)
Cerrados = (3,8), (4,8), (5,8), (3,7), (4,7), (3,6), (5,7), (3,9), (3,10), (5,6), (3,5), (3,4), (2,6), (5,9)
------------------------
Iteración 15
-----------
Abiertos = (3,3), (5,4), (2,4), (2,5), (2,5), (4,10), (2,10), (5,10), (1,6)
Cerrados = (3,8), (4,8), (5,8), (3,7), (4,7), (3,6), (5,7), (3,9), (3,10), (5,6), (3,5), (3,4), (2,6), (5,9), (5,5)
------------------------
Iteración 16
-----------
Abiertos = (3,3), (2,4), (2,5), (2,5), (4,10), (5,3), (2,10), (5,10), (1,6)
Cerrados = (3,8), (4,8), (5,8), (3,7), (4,7), (3,6), (5,7), (3,9), (3,10), (5,6), (3,5), (3,4), (2,6), (5,9), (5,5), (5,4)
------------------------
Iteración 17
-----------
Abiertos = (4,3), (2,4), (2,5), (2,5), (4,10), (5,3), (2,10), (1,6), (5,10), (2,3)
Cerrados = (3,8), (4,8), (5,8), (3,7), (4,7), (3,6), (5,7), (3,9), (3,10), (5,6), (3,5), (3,4), (2,6), (5,9), (5,5), (5,4), (3,3)
------------------------
Iteración 18
-----------
Abiertos = (4,3), (2,5), (2,5), (4,10), (5,3), (2,10), (1,6), (5,10), (2,3), (2,3), (1,4), (2,5)
Cerrados = (3,8), (4,8), (5,8), (3,7), (4,7), (3,6), (5,7), (3,9), (3,10), (5,6), (3,5), (3,4), (2,6), (5,9), (5,5), (5,4), (3,3), (2,4)
------------------------
Iteración 19
-----------
Abiertos = (2,5), (2,5), (4,10), (5,3), (5,3), (2,10), (1,6), (5,10), (2,3), (2,3), (2,5), (1,4)
Cerrados = (3,8), (4,8), (5,8), (3,7), (4,7), (3,6), (5,7), (3,9), (3,10), (5,6), (3,5), (3,4), (2,6), (5,9), (5,5), (5,4), (3,3), (2,4), (4,3)
------------------------
Iteración 20
-----------
Abiertos = (2,5), (4,10), (5,3), (5,3), (2,10), (1,5), (1,6), (5,10), (2,3), (2,3), (2,5), (1,4)
Cerrados = (3,8), (4,8), (5,8), (3,7), (4,7), (3,6), (5,7), (3,9), (3,10), (5,6), (3,5), (3,4), (2,6), (5,9), (5,5), (5,4), (3,3), (2,4), (4,3), (2,5)
------------------------
Iteración 21
-----------
Abiertos = (4,10), (5,3), (2,10), (1,5), (1,6), (5,10), (5,2), (2,3), (2,3), (2,5), (1,4)
Cerrados = (3,8), (4,8), (5,8), (3,7), (4,7), (3,6), (5,7), (3,9), (3,10), (5,6), (3,5), (3,4), (2,6), (5,9), (5,5), (5,4), (3,3), (2,4), (4,3), (2,5), (5,3)
------------------------
Iteración 22
-----------
Abiertos = (5,3), (2,10), (1,5), (1,6), (5,10), (5,10), (5,2), (2,3), (2,3), (1,4), (2,5)
Cerrados = (3,8), (4,8), (5,8), (3,7), (4,7), (3,6), (5,7), (3,9), (3,10), (5,6), (3,5), (3,4), (2,6), (5,9), (5,5), (5,4), (3,3), (2,4), (4,3), (2,5), (5,3), (4,10)
------------------------
Iteración 23
-----------
Abiertos = (5,3), (1,5), (1,6), (5,10), (5,10), (5,2), (2,3), (2,3), (1,10), (1,4), (2,5)
Cerrados = (3,8), (4,8), (5,8), (3,7), (4,7), (3,6), (5,7), (3,9), (3,10), (5,6), (3,5), (3,4), (2,6), (5,9), (5,5), (5,4), (3,3), (2,4), (4,3), (2,5), (5,3), (4,10), (2,10)
------------------------
Iteración 24
-----------
Abiertos = (5,3), (5,10), (1,6), (5,10), (5,2), (2,3), (2,3), (1,10), (1,4), (1,4), (2,5), (1,6)
Cerrados = (3,8), (4,8), (5,8), (3,7), (4,7), (3,6), (5,7), (3,9), (3,10), (5,6), (3,5), (3,4), (2,6), (5,9), (5,5), (5,4), (3,3), (2,4), (4,3), (2,5), (5,3), (4,10), (2,10), (1,5)
------------------------
Iteración 25
-----------
Abiertos = (5,3), (1,6), (5,10), (5,2), (2,3), (2,3), (1,10), (1,4), (1,4), (2,5), (1,6)
Cerrados = (3,8), (4,8), (5,8), (3,7), (4,7), (3,6), (5,7), (3,9), (3,10), (5,6), (3,5), (3,4), (2,6), (5,9), (5,5), (5,4), (3,3), (2,4), (4,3), (2,5), (5,3), (4,10), (2,10), (1,5), (5,10)
------------------------
Iteración 26
-----------
Abiertos = (5,3), (5,10), (5,2), (2,3), (2,3), (1,10), (2,5), (1,4), (1,4), (1,6), (1,7)
Cerrados = (3,8), (4,8), (5,8), (3,7), (4,7), (3,6), (5,7), (3,9), (3,10), (5,6), (3,5), (3,4), (2,6), (5,9), (5,5), (5,4), (3,3), (2,4), (4,3), (2,5), (5,3), (4,10), (2,10), (1,5), (5,10), (1,6)
------------------------
Iteración 27
-----------
Abiertos = (2,3), (2,3), (1,10), (2,5), (1,4), (1,4), (5,1), (1,6), (1,7)
Cerrados = (3,8), (4,8), (5,8), (3,7), (4,7), (3,6), (5,7), (3,9), (3,10), (5,6), (3,5), (3,4), (2,6), (5,9), (5,5), (5,4), (3,3), (2,4), (4,3), (2,5), (5,3), (4,10), (2,10), (1,5), (5,10), (1,6), (5,2)
------------------------
Iteración 28
-----------
Abiertos = (2,3), (1,10), (2,5), (1,4), (1,4), (5,1), (1,3), (1,6), (1,7)
Cerrados = (3,8), (4,8), (5,8), (3,7), (4,7), (3,6), (5,7), (3,9), (3,10), (5,6), (3,5), (3,4), (2,6), (5,9), (5,5), (5,4), (3,3), (2,4), (4,3), (2,5), (5,3), (4,10), (2,10), (1,5), (5,10), (1,6), (5,2), (2,3)
------------------------
Iteración 29
-----------
Abiertos = (1,10), (1,3), (1,4), (5,1), (1,3), (1,6), (1,7)
Cerrados = (3,8), (4,8), (5,8), (3,7), (4,7), (3,6), (5,7), (3,9), (3,10), (5,6), (3,5), (3,4), (2,6), (5,9), (5,5), (5,4), (3,3), (2,4), (4,3), (2,5), (5,3), (4,10), (2,10), (1,5), (5,10), (1,6), (5,2), (2,3), (1,4)
------------------------
Iteración 30
-----------
Abiertos = (1,3), (1,4), (5,1), (1,9), (1,3), (1,6), (1,7)
Cerrados = (3,8), (4,8), (5,8), (3,7), (4,7), (3,6), (5,7), (3,9), (3,10), (5,6), (3,5), (3,4), (2,6), (5,9), (5,5), (5,4), (3,3), (2,4), (4,3), (2,5), (5,3), (4,10), (2,10), (1,5), (5,10), (1,6), (5,2), (2,3), (1,4), (1,10)
------------------------
Iteración 31
-----------
Abiertos = (1,4), (5,1), (1,9), (1,3), (1,6), (1,2), (1,7)
Cerrados = (3,8), (4,8), (5,8), (3,7), (4,7), (3,6), (5,7), (3,9), (3,10), (5,6), (3,5), (3,4), (2,6), (5,9), (5,5), (5,4), (3,3), (2,4), (4,3), (2,5), (5,3), (4,10), (2,10), (1,5), (5,10), (1,6), (5,2), (2,3), (1,4), (1,10), (1,3)
------------------------
Iteración 32
-----------
Abiertos = (5,1), (1,8), (1,3), (1,6), (1,2), (1,7)
Cerrados = (3,8), (4,8), (5,8), (3,7), (4,7), (3,6), (5,7), (3,9), (3,10), (5,6), (3,5), (3,4), (2,6), (5,9), (5,5), (5,4), (3,3), (2,4), (4,3), (2,5), (5,3), (4,10), (2,10), (1,5), (5,10), (1,6), (5,2), (2,3), (1,4), (1,10), (1,3), (1,9)
------------------------
Iteración 33
-----------
Abiertos = (5,1), (1,3), (1,6), (1,2), (1,7), (1,7)
Cerrados = (3,8), (4,8), (5,8), (3,7), (4,7), (3,6), (5,7), (3,9), (3,10), (5,6), (3,5), (3,4), (2,6), (5,9), (5,5), (5,4), (3,3), (2,4), (4,3), (2,5), (5,3), (4,10), (2,10), (1,5), (5,10), (1,6), (5,2), (2,3), (1,4), (1,10), (1,3), (1,9), (1,8)
------------------------
Iteración 34
-----------
Abiertos = (1,2), (1,7), (1,7), (4,1)
Cerrados = (3,8), (4,8), (5,8), (3,7), (4,7), (3,6), (5,7), (3,9), (3,10), (5,6), (3,5), (3,4), (2,6), (5,9), (5,5), (5,4), (3,3), (2,4), (4,3), (2,5), (5,3), (4,10), (2,10), (1,5), (5,10), (1,6), (5,2), (2,3), (1,4), (1,10), (1,3), (1,9), (1,8), (5,1)
------------------------
Iteración 35
-----------
Abiertos = (1,2), (1,7), (4,1)
Cerrados = (3,8), (4,8), (5,8), (3,7), (4,7), (3,6), (5,7), (3,9), (3,10), (5,6), (3,5), (3,4), (2,6), (5,9), (5,5), (5,4), (3,3), (2,4), (4,3), (2,5), (5,3), (4,10), (2,10), (1,5), (5,10), (1,6), (5,2), (2,3), (1,4), (1,10), (1,3), (1,9), (1,8), (5,1), (1,7)
------------------------
Iteración 36
-----------
Abiertos = (1,1), (4,1)
Cerrados = (3,8), (4,8), (5,8), (3,7), (4,7), (3,6), (5,7), (3,9), (3,10), (5,6), (3,5), (3,4), (2,6), (5,9), (5,5), (5,4), (3,3), (2,4), (4,3), (2,5), (5,3), (4,10), (2,10), (1,5), (5,10), (1,6), (5,2), (2,3), (1,4), (1,10), (1,3), (1,9), (1,8), (5,1), (1,7), (1,2)
------------------------
Iteración 37
-----------
Abiertos = (2,1), (4,1)
Cerrados = (3,8), (4,8), (5,8), (3,7), (4,7), (3,6), (5,7), (3,9), (3,10), (5,6), (3,5), (3,4), (2,6), (5,9), (5,5), (5,4), (3,3), (2,4), (4,3), (2,5), (5,3), (4,10), (2,10), (1,5), (5,10), (1,6), (5,2), (2,3), (1,4), (1,10), (1,3), (1,9), (1,8), (5,1), (1,7), (1,2), (1,1)
------------------------
Iteración 38
-----------
Abiertos = (2,1), (3,1)
Cerrados = (3,8), (4,8), (5,8), (3,7), (4,7), (3,6), (5,7), (3,9), (3,10), (5,6), (3,5), (3,4), (2,6), (5,9), (5,5), (5,4), (3,3), (2,4), (4,3), (2,5), (5,3), (4,10), (2,10), (1,5), (5,10), (1,6), (5,2), (2,3), (1,4), (1,10), (1,3), (1,9), (1,8), (5,1), (1,7), (1,2), (1,1), (4,1)
------------------------
Iteración 39
-----------
Abiertos = (2,1), (2,1)
Cerrados = (3,8), (4,8), (5,8), (3,7), (4,7), (3,6), (5,7), (3,9), (3,10), (5,6), (3,5), (3,4), (2,6), (5,9), (5,5), (5,4), (3,3), (2,4), (4,3), (2,5), (5,3), (4,10), (2,10), (1,5), (5,10), (1,6), (5,2), (2,3), (1,4), (1,10), (1,3), (1,9), (1,8), (5,1), (1,7), (1,2), (1,1), (4,1), (3,1)
------------------------
Iteración 40
-----------
Abiertos = (2,1)
Cerrados = (3,8), (4,8), (5,8), (3,7), (4,7), (3,6), (5,7), (3,9), (3,10), (5,6), (3,5), (3,4), (2,6), (5,9), (5,5), (5,4), (3,3), (2,4), (4,3), (2,5), (5,3), (4,10), (2,10), (1,5), (5,10), (1,6), (5,2), (2,3), (1,4), (1,10), (1,3), (1,9), (1,8), (5,1), (1,7), (1,2), (1,1), (4,1), (3,1), (2,1)
------------------------
No se ha encontrado ningún camino al destino.
Iteración 0
-----------
Abiertos = (3,8)
Cerrados = 
------------------------
Iteración 1
-----------
Abiertos = (3,7), (4,8), (3,9)
Cerrados = (3,8)
------------------------
Iteración 2
-----------
Abiertos = (4,7), (5,8), (3,7), (3,9)
Cerrados = (3,8), (4,8)
------------------------
Iteración 3
-----------
Abiertos = (5,8), (3,7), (5,7), (3,9), (3,7)
Cerrados = (3,8), (4,8), (4,7)
------------------------
Iteración 4
-----------
Abiertos = (5,8), (3,6), (5,7), (3,9), (3,7)
Cerrados = (3,8), (4,8), (4,7), (3,7)
------------------------
Iteración 5
-----------
Abiertos = (5,8), (5,7), (3,9), (3,5), (3,7), (2,6)
Cerrados = (3,8), (4,8), (4,7), (3,7), (3,6)
------------------------
Iteración 6
-----------
Abiertos = (5,7), (5,7), (3,9), (3,5), (3,7), (2,6), (5,9)
Cerrados = (3,8), (4,8), (4,7), (3,7), (3,6), (5,8)
------------------------
Iteración 7
-----------
Abiertos = (5,7), (3,9), (3,5), (3,7), (5,6), (2,6), (5,9)
Cerrados = (3,8), (4,8), (4,7), (3,7), (3,6), (5,8), (5,7)
------------------------
Iteración 8
-----------
Abiertos = (5,7), (3,5), (3,7), (3,10), (5,6), (2,6), (5,9)
Cerrados = (3,8), (4,8), (4,7), (3,7), (3,6), (5,8), (5,7), (3,9)
------------------------
Iteración 9
-----------
Abiertos = (3,7), (3,10), (3,4), (5,6), (5,9), (2,6), (2,5)
Cerrados = (3,8), (4,8), (4,7), (3,7), (3,6), (5,8), (5,7), (3,9), (3,5)
------------------------
Iteración 10
-----------
Abiertos = (3,10), (3,3), (5,6), (5,9), (2,6), (2,4), (2,5)
Cerrados = (3,8), (4,8), (4,7), (3,7), (3,6), (5,8), (5,7), (3,9), (3,5), (3,4)
------------------------
Iteración 11
-----------
Abiertos = (3,10), (5,6), (5,9), (2,6), (4,3), (2,4), (2,5), (2,3)
Cerrados = (3,8), (4,8), (4,7), (3,7), (3,6), (5,8), (5,7), (3,9), (3,5), (3,4), (3,3)
------------------------
Iteración 12
-----------
Abiertos = (3,10), (5,9), (2,6), (4,3), (5,5), (2,4), (2,5), (2,3)
Cerrados = (3,8), (4,8), (4,7), (3,7), (3,6), (5,8), (5,7), (3,9), (3,5), (3,4), (3,3), (5,6)
------------------------
Iteración 13
-----------
Abiertos = (2,6), (5,9), (4,3), (5,5), (2,4), (2,5), (4,10), (2,10), (2,3)
Cerrados = (3,8), (4,8), (4,7), (3,7), (3,6), (5,8), (5,7), (3,9), (3,5), (3,4), (3,3), (5,6), (3,10)
------------------------
Iteración 14
-----------
Abiertos = (2,6), (4,3), (5,5), (2,4), (2,5), (4,10), (2,10), (5,10), (2,3)
Cerrados = (3,8), (4,8), (4,7), (3,7), (3,6), (5,8), (5,7), (3,9), (3,5), (3,4), (3,3), (5,6), (3,10), (5,9)
------------------------
Iteración 15
-----------
Abiertos = (2,6), (5,5), (2,4), (2,5), (4,10), (5,3), (2,10), (5,10), (2,3)
Cerrados = (3,8), (4,8), (4,7), (3,7), (3,6), (5,8), (5,7), (3,9), (3,5), (3,4), (3,3), (5,6), (3,10), (5,9), (4,3)
------------------------
Iteración 16
-----------
Abiertos = (5,5), (2,4), (2,5), (2,5), (4,10), (5,3), (2,10), (5,10), (1,6), (2,3)
Cerrados = (3,8), (4,8), (4,7), (3,7), (3,6), (5,8), (5,7), (3,9), (3,5), (3,4), (3,3), (5,6), (3,10), (5,9), (4,3), (2,6)
------------------------
Iteración 17
-----------
Abiertos = (5,5), (2,5), (2,5), (4,10), (5,3), (2,10), (5,10), (1,6), (2,3), (2,3), (2,5), (1,4)
Cerrados = (3,8), (4,8), (4,7), (3,7), (3,6), (5,8), (5,7), (3,9), (3,5), (3,4), (3,3), (5,6), (3,10), (5,9), (4,3), (2,6), (2,4)
------------------------
Iteración 18
-----------
Abiertos = (5,4), (2,5), (2,5), (4,10), (5,3), (2,10), (5,10), (1,6), (2,3), (2,3), (2,5), (1,4)
Cerrados = (3,8), (4,8), (4,7), (3,7), (3,6), (5,8), (5,7), (3,9), (3,5), (3,4), (3,3), (5,6), (3,10), (5,9), (4,3), (2,6), (2,4), (5,5)
------------------------
Iteración 19
-----------
Abiertos = (2,5), (2,5), (4,10), (5,3), (5,3), (2,10), (5,10), (1,6), (2,3), (2,3), (2,5), (1,4)
Cerrados = (3,8), (4,8), (4,7), (3,7), (3,6), (5,8), (5,7), (3,9), (3,5), (3,4), (3,3), (5,6), (3,10), (5,9), (4,3), (2,6), (2,4), (5,5), (5,4)
------------------------
Iteración 20
-----------
Abiertos = (2,5), (4,10), (5,3), (5,3), (2,10), (1,5), (5,10), (1,6), (2,3), (2,3), (2,5), (1,4)
Cerrados = (3,8), (4,8), (4,7), (3,7), (3,6), (5,8), (5,7), (3,9), (3,5), (3,4), (3,3), (5,6), (3,10), (5,9), (4,3), (2,6), (2,4), (5,5), (5,4), (2,5)
------------------------
Iteración 21
-----------
Abiertos = (5,3), (5,3), (2,10), (1,5), (5,10), (5,10), (1,6), (2,3), (2,3), (1,4), (2,5)
Cerrados = (3,8), (4,8), (4,7), (3,7), (3,6), (5,8), (5,7), (3,9), (3,5), (3,4), (3,3), (5,6), (3,10), (5,9), (4,3), (2,6), (2,4), (5,5), (5,4), (2,5), (4,10)
------------------------
Iteración 22
-----------
Abiertos = (5,3), (2,10), (1,5), (5,10), (5,10), (1,6), (5,2), (2,3), (2,3), (2,5), (1,4)
Cerrados = (3,8), (4,8), (4,7), (3,7), (3,6), (5,8), (5,7), (3,9), (3,5), (3,4), (3,3), (5,6), (3,10), (5,9), (4,3), (2,6), (2,4), (5,5), (5,4), (2,5), (4,10), (5,3)
------------------------
Iteración 23
-----------
Abiertos = (5,3), (1,5), (5,10), (5,10), (1,6), (5,2), (2,3), (2,3), (1,10), (2,5), (1,4)
Cerrados = (3,8), (4,8), (4,7), (3,7), (3,6), (5,8), (5,7), (3,9), (3,5), (3,4), (3,3), (5,6), (3,10), (5,9), (4,3), (2,6), (2,4), (5,5), (5,4), (2,5), (4,10), (5,3), (2,10)
------------------------
Iteración 24
-----------
Abiertos = (1,5), (5,10), (1,6), (5,2), (2,3), (2,3), (1,10), (1,4), (2,5)
Cerrados = (3,8), (4,8), (4,7), (3,7), (3,6), (5,8), (5,7), (3,9), (3,5), (3,4), (3,3), (5,6), (3,10), (5,9), (4,3), (2,6), (2,4), (5,5), (5,4), (2,5), (4,10), (5,3), (2,10), (5,10)
------------------------
Iteración 25
-----------
Abiertos = (1,6), (5,10), (5,2), (2,3), (2,3), (1,10), (1,4), (2,5), (1,4), (1,6)
Cerrados = (3,8), (4,8), (4,7), (3,7), (3,6), (5,8), (5,7), (3,9), (3,5), (3,4), (3,3), (5,6), (3,10), (5,9), (4,3), (2,6), (2,4), (5,5), (5,4), (2,5), (4,10), (5,3), (2,10), (5,10), (1,5)
------------------------
Iteración 26
-----------
Abiertos = (5,10), (5,2), (2,3), (2,3), (1,10), (1,4), (2,5), (1,4), (1,6), (1,7)
Cerrados = (3,8), (4,8), (4,7), (3,7), (3,6), (5,8), (5,7), (3,9), (3,5), (3,4), (3,3), (5,6), (3,10), (5,9), (4,3), (2,6), (2,4), (5,5), (5,4), (2,5), (4,10), (5,3), (2,10), (5,10), (1,5), (1,6)
------------------------
Iteración 27
-----------
Abiertos = (2,3), (2,3), (1,10), (1,4), (2,5), (1,4), (5,1), (1,6), (1,7)
Cerrados = (3,8), (4,8), (4,7), (3,7), (3,6), (5,8), (5,7), (3,9), (3,5), (3,4), (3,3), (5,6), (3,10), (5,9), (4,3), (2,6), (2,4), (5,5), (5,4), (2,5), (4,10), (5,3), (2,10), (5,10), (1,5), (1,6), (5,2)
------------------------
Iteración 28
-----------
Abiertos = (2,3), (1,10), (1,4), (2,5), (1,4), (5,1), (1,3), (1,6), (1,7)
Cerrados = (3,8), (4,8), (4,7), (3,7), (3,6), (5,8), (5,7), (3,9), (3,5), (3,4), (3,3), (5,6), (3,10), (5,9), (4,3), (2,6), (2,4), (5,5), (5,4), (2,5), (4,10), (5,3), (2,10), (5,10), (1,5), (1,6), (5,2), (2,3)
------------------------
Iteración 29
-----------
Abiertos = (2,3), (1,4), (2,5), (1,4), (5,1), (1,9), (1,3), (1,6), (1,7)
Cerrados = (3,8), (4,8), (4,7), (3,7), (3,6), (5,8), (5,7), (3,9), (3,5), (3,4), (3,3), (5,6), (3,10), (5,9), (4,3), (2,6), (2,4), (5,5), (5,4), (2,5), (4,10), (5,3), (2,10), (5,10), (1,5), (1,6), (5,2), (2,3), (1,10)
------------------------
Iteración 30
-----------
Abiertos = (1,3), (1,4), (5,1), (1,9), (1,3), (1,6), (1,7)
Cerrados = (3,8), (4,8), (4,7), (3,7), (3,6), (5,8), (5,7), (3,9), (3,5), (3,4), (3,3), (5,6), (3,10), (5,9), (4,3), (2,6), (2,4), (5,5), (5,4), (2,5), (4,10), (5,3), (2,10), (5,10), (1,5), (1,6), (5,2), (2,3), (1,10), (1,4)
------------------------
Iteración 31
-----------
Abiertos = (1,3), (1,9), (1,3), (1,6), (1,7), (4,1)
Cerrados = (3,8), (4,8), (4,7), (3,7), (3,6), (5,8), (5,7), (3,9), (3,5), (3,4), (3,3), (5,6), (3,10), (5,9), (4,3), (2,6), (2,4), (5,5), (5,4), (2,5), (4,10), (5,3), (2,10), (5,10), (1,5), (1,6), (5,2), (2,3), (1,10), (1,4), (5,1)
------------------------
Iteración 32
-----------
Abiertos = (1,3), (1,8), (1,3), (1,6), (1,7), (4,1)
Cerrados = (3,8), (4,8), (4,7), (3,7), (3,6), (5,8), (5,7), (3,9), (3,5), (3,4), (3,3), (5,6), (3,10), (5,9), (4,3), (2,6), (2,4), (5,5), (5,4), (2,5), (4,10), (5,3), (2,10), (5,10), (1,5), (1,6), (5,2), (2,3), (1,10), (1,4), (5,1), (1,9)
------------------------
Iteración 33
-----------
Abiertos = (1,8), (1,3), (1,6), (1,2), (1,7), (4,1)
Cerrados = (3,8), (4,8), (4,7), (3,7), (3,6), (5,8), (5,7), (3,9), (3,5), (3,4), (3,3), (5,6), (3,10), (5,9), (4,3), (2,6), (2,4), (5,5), (5,4), (2,5), (4,10), (5,3), (2,10), (5,10), (1,5), (1,6), (5,2), (2,3), (1,10), (1,4), (5,1), (1,9), (1,3)
------------------------
Iteración 34
-----------
Abiertos = (1,3), (1,6), (1,2), (1,7), (1,7), (4,1)
Cerrados = (3,8), (4,8), (4,7), (3,7), (3,6), (5,8), (5,7), (3,9), (3,5), (3,4), (3,3), (5,6), (3,10), (5,9), (4,3), (2,6), (2,4), (5,5), (5,4), (2,5), (4,10), (5,3), (2,10), (5,10), (1,5), (1,6), (5,2), (2,3), (1,10), (1,4), (5,1), (1,9), (1,3), (1,8)
------------------------
Iteración 35
-----------
Abiertos = (1,3), (1,1), (1,7), (1,7), (4,1)
Cerrados = (3,8), (4,8), (4,7), (3,7), (3,6), (5,8), (5,7), (3,9), (3,5), (3,4), (3,3), (5,6), (3,10), (5,9), (4,3), (2,6), (2,4), (5,5), (5,4), (2,5), (4,10), (5,3), (2,10), (5,10), (1,5), (1,6), (5,2), (2,3), (1,10), (1,4), (5,1), (1,9), (1,3), (1,8), (1,2)
------------------------
Iteración 36
-----------
Abiertos = (1,3), (1,7), (1,7), (2,1), (4,1)
Cerrados = (3,8), (4,8), (4,7), (3,7), (3,6), (5,8), (5,7), (3,9), (3,5), (3,4), (3,3), (5,6), (3,10), (5,9), (4,3), (2,6), (2,4), (5,5), (5,4), (2,5), (4,10), (5,3), (2,10), (5,10), (1,5), (1,6), (5,2), (2,3), (1,10), (1,4), (5,1), (1,9), (1,3), (1,8), (1,2), (1,1)
------------------------
Iteración 37
-----------
Abiertos = (1,7), (2,1), (4,1)
Cerrados = (3,8), (4,8), (4,7), (3,7), (3,6), (5,8), (5,7), (3,9), (3,5), (3,4), (3,3), (5,6), (3,10), (5,9), (4,3), (2,6), (2,4), (5,5), (5,4), (2,5), (4,10), (5,3), (2,10), (5,10), (1,5), (1,6), (5,2), (2,3), (1,10), (1,4), (5,1), (1,9), (1,3), (1,8), (1,2), (1,1), (1,7)
------------------------
Iteración 38
-----------
Abiertos = (2,1), (3,1)
Cerrados = (3,8), (4,8), (4,7), (3,7), (3,6), (5,8), (5,7), (3,9), (3,5), (3,4), (3,3), (5,6), (3,10), (5,9), (4,3), (2,6), (2,4), (5,5), (5,4), (2,5), (4,10), (5,3), (2,10), (5,10), (1,5), (1,6), (5,2), (2,3), (1,10), (1,4), (5,1), (1,9), (1,3), (1,8), (1,2), (1,1), (1,7), (4,1)
------------------------
Iteración 39
-----------
Abiertos = (3,1), (3,1)
Cerrados = (3,8), (4,8), (4,7), (3,7), (3,6), (5,8), (5,7), (3,9), (3,5), (3,4), (3,3), (5,6), (3,10), (5,9), (4,3), (2,6), (2,4), (5,5), (5,4), (2,5), (4,10), (5,3), (2,10), (5,10), (1,5), (1,6), (5,2), (2,3), (1,10), (1,4), (5,1), (1,9), (1,3), (1,8), (1,2), (1,1), (1,7), (4,1), (2,1)
------------------------
Iteración 40
-----------
Abiertos = (3,1)
Cerrados = (3,8), (4,8), (4,7), (3,7), (3,6), (5,8), (5,7), (3,9), (3,5), (3,4), (3,3), (5,6), (3,10), (5,9), (4,3), (2,6), (2,4), (5,5), (5,4), (2,5), (4,10), (5,3), (2,10), (5,10), (1,5), (1,6), (5,2), (2,3), (1,10), (1,4), (5,1), (1,9), (1,3), (1,8), (1,2), (1,1), (1,7), (4,1), (2,1), (3,1)
------------------------
No se ha encontrado ningún camino al destino.
Iteración 0
-----------
Abiertos = (3,8)
Cerrados = 
------------------------
Iteración 1
-----------
Abiertos = (3,7), (4,8), (3,9)
Cerrados = (3,8)
------------------------
Iteración 2
-----------
Abiertos = (3,6), (4,7), (4,8), (3,9)
Cerrados = (3,8), (3,7)
------------------------
Iteración 3
-----------
Abiertos = (3,6), (4,8), (5,7), (3,9), (4,8)
Cerrados = (3,8), (3,7), (4,7)
------------------------
Iteración 4
-----------
Abiertos = (4,8), (5,7), (3,9), (3,5), (4,8), (2,6)
Cerrados = (3,8), (3,7), (4,7), (3,6)
------------------------
Iteración 5
-----------
Abiertos = (5,8), (5,7), (3,9), (3,5), (4,8), (2,6)
Cerrados = (3,8), (3,7), (4,7), (3,6), (4,8)
------------------------
Iteración 6
-----------
Abiertos = (5,7), (5,7), (3,9), (3,5), (4,8), (5,9), (2,6)
Cerrados = (3,8), (3,7), (4,7), (3,6), (4,8), (5,8)
------------------------
Iteración 7
-----------
Abiertos = (5,7), (3,9), (3,5), (4,8), (5,6), (2,6), (5,9)
Cerrados = (3,8), (3,7), (4,7), (3,6), (4,8), (5,8), (5,7)
------------------------
Iteración 8
-----------
Abiertos = (5,7), (3,5), (4,8), (3,10), (5,6), (2,6), (5,9)
Cerrados = (3,8), (3,7), (4,7), (3,6), (4,8), (5,8), (5,7), (3,9)
------------------------
Iteración 9
-----------
Abiertos = (4,8), (3,10), (3,4), (5,6), (5,9), (2,6), (2,5)
Cerrados = (3,8), (3,7), (4,7), (3,6), (4,8), (5,8), (5,7), (3,9), (3,5)
------------------------
Iteración 10
-----------
Abiertos = (4,8), (3,4), (5,6), (5,9), (2,6), (2,5), (4,10), (2,10)
Cerrados = (3,8), (3,7), (4,7), (3,6), (4,8), (5,8), (5,7), (3,9), (3,5), (3,10)
------------------------
Iteración 11
-----------
Abiertos = (4,8), (3,3), (5,6), (5,9), (2,6), (2,4), (2,5), (4,10), (2,10)
Cerrados = (3,8), (3,7), (4,7), (3,6), (4,8), (5,8), (5,7), (3,9), (3,5), (3,10), (3,4)
------------------------
Iteración 12
-----------
Abiertos = (4,8), (5,6), (5,9), (2,6), (4,3), (2,4), (2,5), (4,10), (2,10), (2,3)
Cerrados = (3,8), (3,7), (4,7), (3,6), (4,8), (5,8), (5,7), (3,9), (3,5), (3,10), (3,4), (3,3)
------------------------
Iteración 13
-----------
Abiertos = (4,8), (5,9), (2,6), (4,3), (5,5), (2,4), (2,5), (4,10), (2,10), (2,3)
Cerrados = (3,8), (3,7), (4,7), (3,6), (4,8), (5,8), (5,7), (3,9), (3,5), (3,10), (3,4), (3,3), (5,6)
------------------------
Iteración 14
-----------
Abiertos = (5,9), (4,3), (5,5), (2,4), (2,5), (2,5), (4,10), (2,10), (1,6), (2,3)
Cerrados = (3,8), (3,7), (4,7), (3,6), (4,8), (5,8), (5,7), (3,9), (3,5), (3,10), (3,4), (3,3), (5,6), (2,6)
------------------------
Iteración 15
-----------
Abiertos = (4,3), (5,5), (2,4), (2,5), (2,5), (4,10), (2,10), (5,10), (1,6), (2,3)
Cerrados = (3,8), (3,7), (4,7), (3,6), (4,8), (5,8), (5,7), (3,9), (3,5), (3,10), (3,4), (3,3), (5,6), (2,6), (5,9)
------------------------
Iteración 16
-----------
Abiertos = (5,5), (2,4), (2,5), (2,5), (4,10), (5,3), (2,10), (5,10), (1,6), (2,3)
Cerrados = (3,8), (3,7), (4,7), (3,6), (4,8), (5,8), (5,7), (3,9), (3,5), (3,10), (3,4), (3,3), (5,6), (2,6), (5,9), (4,3)
------------------------
Iteración 17
-----------
Abiertos = (5,4), (2,4), (2,5), (2,5), (4,10), (5,3), (2,10), (1,6), (5,10), (2,3)
Cerrados = (3,8), (3,7), (4,7), (3,6), (4,8), (5,8), (5,7), (3,9), (3,5), (3,10), (3,4), (3,3), (5,6), (2,6), (5,9), (4,3), (5,5)
------------------------
Iteración 18
-----------
Abiertos = (5,4), (2,5), (2,5), (4,10), (5,3), (2,10), (5,10), (1,6), (2,3), (2,3), (1,4), (2,5)
Cerrados = (3,8), (3,7), (4,7), (3,6), (4,8), (5,8), (5,7), (3,9), (3,5), (3,10), (3,4), (3,3), (5,6), (2,6), (5,9), (4,3), (5,5), (2,4)
------------------------
Iteración 19
-----------
Abiertos = (5,4), (2,5), (4,10), (5,3), (2,10), (1,5), (5,10), (1,6), (2,3), (2,3), (1,4), (2,5)
Cerrados = (3,8), (3,7), (4,7), (3,6), (4,8), (5,8), (5,7), (3,9), (3,5), (3,10), (3,4), (3,3), (5,6), (2,6), (5,9), (4,3), (5,5), (2,4), (2,5)
------------------------
Iteración 20
-----------
Abiertos = (2,5), (4,10), (5,3), (5,3), (2,10), (1,5), (5,10), (1,6), (2,3), (2,3), (1,4), (2,5)
Cerrados = (3,8), (3,7), (4,7), (3,6), (4,8), (5,8), (5,7), (3,9), (3,5), (3,10), (3,4), (3,3), (5,6), (2,6), (5,9), (4,3), (5,5), (2,4), (2,5), (5,4)
------------------------
Iteración 21
-----------
Abiertos = (4,10), (5,3), (2,10), (1,5), (5,10), (1,6), (5,2), (2,3), (2,3), (1,4), (2,5)
Cerrados = (3,8), (3,7), (4,7), (3,6), (4,8), (5,8), (5,7), (3,9), (3,5), (3,10), (3,4), (3,3), (5,6), (2,6), (5,9), (4,3), (5,5), (2,4), (2,5), (5,4), (5,3)
------------------------
Iteración 22
-----------
Abiertos = (5,3), (2,10), (1,5), (5,10), (5,10), (1,6), (5,2), (2,3), (2,3), (1,4), (2,5)
Cerrados = (3,8), (3,7), (4,7), (3,6), (4,8), (5,8), (5,7), (3,9), (3,5), (3,10), (3,4), (3,3), (5,6), (2,6), (5,9), (4,3), (5,5), (2,4), (2,5), (5,4), (5,3), (4,10)
------------------------
Iteración 23
-----------
Abiertos = (2,10), (5,10), (5,10), (1,6), (5,2), (2,3), (2,3), (2,5), (1,4), (1,4), (1,6)
Cerrados = (3,8), (3,7), (4,7), (3,6), (4,8), (5,8), (5,7), (3,9), (3,5), (3,10), (3,4), (3,3), (5,6), (2,6), (5,9), (4,3), (5,5), (2,4), (2,5), (5,4), (5,3), (4,10), (1,5)
------------------------
Iteración 24
-----------
Abiertos = (5,10), (1,6), (5,10), (5,2), (2,3), (2,3), (1,10), (1,4), (1,4), (2,5), (1,6)
Cerrados = (3,8), (3,7), (4,7), (3,6), (4,8), (5,8), (5,7), (3,9), (3,5), (3,10), (3,4), (3,3), (5,6), (2,6), (5,9), (4,3), (5,5), (2,4), (2,5), (5,4), (5,3), (4,10), (1,5), (2,10)
------------------------
Iteración 25
-----------
Abiertos = (5,10), (5,10), (5,2), (2,3), (2,3), (1,10), (2,5), (1,4), (1,4), (1,6), (1,7)
Cerrados = (3,8), (3,7), (4,7), (3,6), (4,8), (5,8), (5,7), (3,9), (3,5), (3,10), (3,4), (3,3), (5,6), (2,6), (5,9), (4,3), (5,5), (2,4), (2,5), (5,4), (5,3), (4,10), (1,5), (2,10), (1,6)
------------------------
Iteración 26
-----------
Abiertos = (5,10), (5,2), (2,3), (2,3), (1,10), (2,5), (1,4), (1,4), (1,6), (1,7)
Cerrados = (3,8), (3,7), (4,7), (3,6), (4,8), (5,8), (5,7), (3,9), (3,5), (3,10), (3,4), (3,3), (5,6), (2,6), (5,9), (4,3), (5,5), (2,4), (2,5), (5,4), (5,3), (4,10), (1,5), (2,10), (1,6), (5,10)
------------------------
Iteración 27
-----------
Abiertos = (2,3), (2,3), (1,10), (2,5), (1,4), (1,4), (5,1), (1,6), (1,7)
Cerrados = (3,8), (3,7), (4,7), (3,6), (4,8), (5,8), (5,7), (3,9), (3,5), (3,10), (3,4), (3,3), (5,6), (2,6), (5,9), (4,3), (5,5), (2,4), (2,5), (5,4), (5,3), (4,10), (1,5), (2,10), (1,6), (5,10), (5,2)
------------------------
Iteración 28
-----------
Abiertos = (2,3), (1,10), (2,5), (1,4), (1,4), (5,1), (1,3), (1,6), (1,7)
Cerrados = (3,8), (3,7), (4,7), (3,6), (4,8), (5,8), (5,7), (3,9), (3,5), (3,10), (3,4), (3,3), (5,6), (2,6), (5,9), (4,3), (5,5), (2,4), (2,5), (5,4), (5,3), (4,10), (1,5), (2,10), (1,6), (5,10), (5,2), (2,3)
------------------------
Iteración 29
-----------
Abiertos = (2,3), (1,4), (2,5), (1,4), (5,1), (1,9), (1,3), (1,6), (1,7)
Cerrados = (3,8), (3,7), (4,7), (3,6), (4,8), (5,8), (5,7), (3,9), (3,5), (3,10), (3,4), (3,3), (5,6), (2,6), (5,9), (4,3), (5,5), (2,4), (2,5), (5,4), (5,3), (4,10), (1,5), (2,10), (1,6), (5,10), (5,2), (2,3), (1,10)
------------------------
Iteración 30
-----------
Abiertos = (2,3), (1,3), (2,5), (1,4), (5,1), (1,9), (1,3), (1,6), (1,7)
Cerrados = (3,8), (3,7), (4,7), (3,6), (4,8), (5,8), (5,7), (3,9), (3,5), (3,10), (3,4), (3,3), (5,6), (2,6), (5,9), (4,3), (5,5), (2,4), (2,5), (5,4), (5,3), (4,10), (1,5), (2,10), (1,6), (5,10), (5,2), (2,3), (1,10), (1,4)
------------------------
Iteración 31
-----------
Abiertos = (1,4), (2,5), (5,1), (1,9), (1,3), (1,6), (1,2), (1,7)
Cerrados = (3,8), (3,7), (4,7), (3,6), (4,8), (5,8), (5,7), (3,9), (3,5), (3,10), (3,4), (3,3), (5,6), (2,6), (5,9), (4,3), (5,5), (2,4), (2,5), (5,4), (5,3), (4,10), (1,5), (2,10), (1,6), (5,10), (5,2), (2,3), (1,10), (1,4), (1,3)
------------------------
Iteración 32
-----------
Abiertos = (1,9), (1,3), (1,6), (1,2), (1,7), (4,1)
Cerrados = (3,8), (3,7), (4,7), (3,6), (4,8), (5,8), (5,7), (3,9), (3,5), (3,10), (3,4), (3,3), (5,6), (2,6), (5,9), (4,3), (5,5), (2,4), (2,5), (5,4), (5,3), (4,10), (1,5), (2,10), (1,6), (5,10), (5,2), (2,3), (1,10), (1,4), (1,3), (5,1)
------------------------
Iteración 33
-----------
Abiertos = (1,8), (1,3), (1,6), (1,2), (1,7), (4,1)
Cerrados = (3,8), (3,7), (4,7), (3,6), (4,8), (5,8), (5,7), (3,9), (3,5), (3,10), (3,4), (3,3), (5,6), (2,6), (5,9), (4,3), (5,5), (2,4), (2,5), (5,4), (5,3), (4,10), (1,5), (2,10), (1,6), (5,10), (5,2), (2,3), (1,10), (1,4), (1,3), (5,1), (1,9)
------------------------
Iteración 34
-----------
Abiertos = (1,6), (1,2), (1,7), (1,7), (4,1)
Cerrados = (3,8), (3,7), (4,7), (3,6), (4,8), (5,8), (5,7), (3,9), (3,5), (3,10), (3,4), (3,3), (5,6), (2,6), (5,9), (4,3), (5,5), (2,4), (2,5), (5,4), (5,3), (4,10), (1,5), (2,10), (1,6), (5,10), (5,2), (2,3), (1,10), (1,4), (1,3), (5,1), (1,9), (1,8)
------------------------
Iteración 35
-----------
Abiertos = (1,6), (1,1), (1,7), (1,7), (4,1)
Cerrados = (3,8), (3,7), (4,7), (3,6), (4,8), (5,8), (5,7), (3,9), (3,5), (3,10), (3,4), (3,3), (5,6), (2,6), (5,9), (4,3), (5,5), (2,4), (2,5), (5,4), (5,3), (4,10), (1,5), (2,10), (1,6), (5,10), (5,2), (2,3), (1,10), (1,4), (1,3), (5,1), (1,9), (1,8), (1,2)
------------------------
Iteración 36
-----------
Abiertos = (1,1), (1,7), (4,1)
Cerrados = (3,8), (3,7), (4,7), (3,6), (4,8), (5,8), (5,7), (3,9), (3,5), (3,10), (3,4), (3,3), (5,6), (2,6), (5,9), (4,3), (5,5), (2,4), (2,5), (5,4), (5,3), (4,10), (1,5), (2,10), (1,6), (5,10), (5,2), (2,3), (1,10), (1,4), (1,3), (5,1), (1,9), (1,8), (1,2), (1,7)
------------------------
Iteración 37
-----------
Abiertos = (1,7), (2,1), (4,1)
Cerrados = (3,8), (3,7), (4,7), (3,6), (4,8), (5,8), (5,7), (3,9), (3,5), (3,10), (3,4), (3,3), (5,6), (2,6), (5,9), (4,3), (5,5), (2,4), (2,5), (5,4), (5,3), (4,10), (1,5), (2,10), (1,6), (5,10), (5,2), (2,3), (1,10), (1,4), (1,3), (5,1), (1,9), (1,8), (1,2), (1,7), (1,1)
------------------------
Iteración 38
-----------
Abiertos = (1,7), (3,1), (4,1)
Cerrados = (3,8), (3,7), (4,7), (3,6), (4,8), (5,8), (5,7), (3,9), (3,5), (3,10), (3,4), (3,3), (5,6), (2,6), (5,9), (4,3), (5,5), (2,4), (2,5), (5,4), (5,3), (4,10), (1,5), (2,10), (1,6), (5,10), (5,2), (2,3), (1,10), (1,4), (1,3), (5,1), (1,9), (1,8), (1,2), (1,7), (1,1), (2,1)
------------------------
Iteración 39
-----------
Abiertos = (1,7), (4,1), (4,1)
Cerrados = (3,8), (3,7), (4,7), (3,6), (4,8), (5,8), (5,7), (3,9), (3,5), (3,10), (3,4), (3,3), (5,6), (2,6), (5,9), (4,3), (5,5), (2,4), (2,5), (5,4), (5,3), (4,10), (1,5), (2,10), (1,6), (5,10), (5,2), (2,3), (1,10), (1,4), (1,3), (5,1), (1,9), (1,8), (1,2), (1,7), (1,1), (2,1), (3,1)
------------------------
Iteración 40
-----------
Abiertos = (1,7), (4,1)
Cerrados = (3,8), (3,7), (4,7), (3,6), (4,8), (5,8), (5,7), (3,9), (3,5), (3,10), (3,4), (3,3), (5,6), (2,6), (5,9), (4,3), (5,5), (2,4), (2,5), (5,4), (5,3), (4,10), (1,5), (2,10), (1,6), (5,10), (5,2), (2,3), (1,10), (1,4), (1,3), (5,1), (1,9), (1,8), (1,2), (1,7), (1,1), (2,1), (3,1), (4,1)
------------------------
No se ha encontrado ningún camino al destino.
Iteración 0
-----------
Abiertos = (3,8)
Cerrados = 
------------------------
Iteración 1
-----------
Abiertos = (3,7), (4,8), (3,9)
Cerrados = (3,8)
------------------------
Iteración 2
-----------
Abiertos = (4,7), (5,8), (3,7), (3,9)
Cerrados = (3,8), (4,8)
------------------------
Iteración 3
-----------
Abiertos = (5,8), (3,7), (5,7), (3,9), (3,7)
Cerrados = (3,8), (4,8), (4,7)
------------------------
Iteración 4
-----------
Abiertos = (3,7), (5,7), (5,7), (3,9), (3,7), (5,9)
Cerrados = (3,8), (4,8), (4,7), (5,8)
------------------------
Iteración 5
-----------
Abiertos = (3,6), (5,7), (5,7), (3,9), (3,7), (5,9)
Cerrados = (3,8), (4,8), (4,7), (5,8), (3,7)
------------------------
Iteración 6
-----------
Abiertos = (3,6), (5,7), (3,9), (3,7), (5,6), (5,9)
Cerrados = (3,8), (4,8), (4,7), (5,8), (3,7), (5,7)
------------------------
Iteración 7
-----------
Abiertos = (3,9), (3,5), (3,7), (5,6), (2,6), (5,9)
Cerrados = (3,8), (4,8), (4,7), (5,8), (3,7), (5,7), (3,6)
------------------------
Iteración 8
-----------
Abiertos = (3,5), (3,7), (3,10), (5,6), (2,6), (5,9)
Cerrados = (3,8), (4,8), (4,7), (5,8), (3,7), (5,7), (3,6), (3,9)
------------------------
Iteración 9
-----------
Abiertos = (3,5), (5,6), (5,9), (2,6), (4,10), (2,10)
Cerrados = (3,8), (4,8), (4,7), (5,8), (3,7), (5,7), (3,6), (3,9), (3,10)
------------------------
Iteración 10
-----------
Abiertos = (3,5), (5,9), (2,6), (5,5), (4,10), (2,10)
Cerrados = (3,8), (4,8), (4,7), (5,8), (3,7), (5,7), (3,6), (3,9), (3,10), (5,6)
------------------------
Iteración 11
-----------
Abiertos = (3,4), (2,6), (5,9), (5,5), (2,5), (4,10), (2,10)
Cerrados = (3,8), (4,8), (4,7), (5,8), (3,7), (5,7), (3,6), (3,9), (3,10), (5,6), (3,5)
------------------------
Iteración 12
-----------
Abiertos = (3,4), (5,9), (5,5), (2,5), (2,5), (4,10), (2,10), (1,6)
Cerrados = (3,8), (4,8), (4,7), (5,8), (3,7), (5,7), (3,6), (3,9), (3,10), (5,6), (3,5), (2,6)
------------------------
Iteración 13
-----------
Abiertos = (3,4), (5,5), (2,5), (2,5), (4,10), (2,10), (5,10), (1,6)
Cerrados = (3,8), (4,8), (4,7), (5,8), (3,7), (5,7), (3,6), (3,9), (3,10), (5,6), (3,5), (2,6), (5,9)
------------------------
Iteración 14
-----------
Abiertos = (3,4), (5,4), (2,5), (2,5), (4,10), (2,10), (1,6), (5,10)
Cerrados = (3,8), (4,8), (4,7), (5,8), (3,7), (5,7), (3,6), (3,9), (3,10), (5,6), (3,5), (2,6), (5,9), (5,5)
------------------------
Iteración 15
-----------
Abiertos = (3,3), (5,4), (2,4), (2,5), (2,5), (4,10), (2,10), (5,10), (1,6)
Cerrados = (3,8), (4,8), (4,7), (5,8), (3,7), (5,7), (3,6), (3,9), (3,10), (5,6), (3,5), (2,6), (5,9), (5,5), (3,4)
------------------------
Iteración 16
-----------
Abiertos = (3,3), (2,4), (2,5), (2,5), (4,10), (5,3), (2,10), (1,6), (5,10)
Cerrados = (3,8), (4,8), (4,7), (5,8), (3,7), (5,7), (3,6), (3,9), (3,10), (5,6), (3,5), (2,6), (5,9), (5,5), (3,4), (5,4)
------------------------
Iteración 17
-----------
Abiertos = (3,3), (2,5), (2,5), (4,10), (5,3), (2,10), (1,6), (5,10), (2,3), (1,4), (2,5)
Cerrados = (3,8), (4,8), (4,7), (5,8), (3,7), (5,7), (3,6), (3,9), (3,10), (5,6), (3,5), (2,6), (5,9), (5,5), (3,4), (5,4), (2,4)
------------------------
Iteración 18
-----------
Abiertos = (3,3), (2,5), (4,10), (5,3), (2,10), (1,5), (5,10), (1,6), (2,3), (1,4), (2,5)
Cerrados = (3,8), (4,8), (4,7), (5,8), (3,7), (5,7), (3,6), (3,9), (3,10), (5,6), (3,5), (2,6), (5,9), (5,5), (3,4), (5,4), (2,4), (2,5)
------------------------
Iteración 19
-----------
Abiertos = (4,3), (2,5), (4,10), (5,3), (2,10), (1,5), (5,10), (1,6), (2,3), (2,3), (1,4), (2,5)
Cerrados = (3,8), (4,8), (4,7), (5,8), (3,7), (5,7), (3,6), (3,9), (3,10), (5,6), (3,5), (2,6), (5,9), (5,5), (3,4), (5,4), (2,4), (2,5), (3,3)
------------------------
Iteración 20
-----------
Abiertos = (4,3), (5,3), (2,10), (1,5), (5,10), (1,6), (5,10), (2,3), (2,3), (1,4), (2,5)
Cerrados = (3,8), (4,8), (4,7), (5,8), (3,7), (5,7), (3,6), (3,9), (3,10), (5,6), (3,5), (2,6), (5,9), (5,5), (3,4), (5,4), (2,4), (2,5), (3,3), (4,10)
------------------------
Iteración 21
-----------
Abiertos = (4,3), (2,10), (1,5), (5,10), (1,6), (5,10), (5,2), (2,3), (2,3), (2,5), (1,4), (4,3)
Cerrados = (3,8), (4,8), (4,7), (5,8), (3,7), (5,7), (3,6), (3,9), (3,10), (5,6), (3,5), (2,6), (5,9), (5,5), (3,4), (5,4), (2,4), (2,5), (3,3), (4,10), (5,3)
------------------------
Iteración 22
-----------
Abiertos = (4,3), (1,5), (5,10), (1,6), (5,10), (5,2), (2,3), (2,3), (1,10), (2,5), (1,4), (4,3)
Cerrados = (3,8), (4,8), (4,7), (5,8), (3,7), (5,7), (3,6), (3,9), (3,10), (5,6), (3,5), (2,6), (5,9), (5,5), (3,4), (5,4), (2,4), (2,5), (3,3), (4,10), (5,3), (2,10)
------------------------
Iteración 23
-----------
Abiertos = (4,3), (1,6), (5,10), (5,10), (5,2), (2,3), (2,3), (1,10), (1,4), (1,4), (2,5), (4,3), (1,6)
Cerrados = (3,8), (4,8), (4,7), (5,8), (3,7), (5,7), (3,6), (3,9), (3,10), (5,6), (3,5), (2,6), (5,9), (5,5), (3,4), (5,4), (2,4), (2,5), (3,3), (4,10), (5,3), (2,10), (1,5)
------------------------
Iteración 24
-----------
Abiertos = (4,3), (5,10), (5,10), (5,2), (2,3), (2,3), (1,10), (1,4), (1,4), (2,5), (4,3), (1,6), (1,7)
Cerrados = (3,8), (4,8), (4,7), (5,8), (3,7), (5,7), (3,6), (3,9), (3,10), (5,6), (3,5), (2,6), (5,9), (5,5), (3,4), (5,4), (2,4), (2,5), (3,3), (4,10), (5,3), (2,10), (1,5), (1,6)
------------------------
Iteración 25
-----------
Abiertos = (5,10), (5,10), (5,2), (2,3), (2,3), (1,10), (1,4), (1,4), (2,5), (4,3), (1,6), (1,7)
Cerrados = (3,8), (4,8), (4,7), (5,8), (3,7), (5,7), (3,6), (3,9), (3,10), (5,6), (3,5), (2,6), (5,9), (5,5), (3,4), (5,4), (2,4), (2,5), (3,3), (4,10), (5,3), (2,10), (1,5), (1,6), (4,3)
------------------------
Iteración 26
-----------
Abiertos = (5,10), (5,2), (2,3), (2,3), (1,10), (1,4), (1,4), (2,5), (4,3), (1,6), (1,7)
Cerrados = (3,8), (4,8), (4,7), (5,8), (3,7), (5,7), (3,6), (3,9), (3,10), (5,6), (3,5), (2,6), (5,9), (5,5), (3,4), (5,4), (2,4), (2,5), (3,3), (4,10), (5,3), (2,10), (1,5), (1,6), (4,3), (5,10)
------------------------
Iteración 27
-----------
Abiertos = (5,2), (2,3), (1,10), (1,4), (2,5), (1,4), (4,3), (1,3), (1,6), (1,7)
Cerrados = (3,8), (4,8), (4,7), (5,8), (3,7), (5,7), (3,6), (3,9), (3,10), (5,6), (3,5), (2,6), (5,9), (5,5), (3,4), (5,4), (2,4), (2,5), (3,3), (4,10), (5,3), (2,10), (1,5), (1,6), (4,3), (5,10), (2,3)
------------------------
Iteración 28
-----------
Abiertos = (1,10), (1,4), (1,4), (2,5), (5,1), (4,3), (1,3), (1,6), (1,7)
Cerrados = (3,8), (4,8), (4,7), (5,8), (3,7), (5,7), (3,6), (3,9), (3,10), (5,6), (3,5), (2,6), (5,9), (5,5), (3,4), (5,4), (2,4), (2,5), (3,3), (4,10), (5,3), (2,10), (1,5), (1,6), (4,3), (5,10), (2,3), (5,2)
------------------------
Iteración 29
-----------
Abiertos = (1,10), (1,3), (1,4), (2,5), (5,1), (4,3), (1,3), (1,6), (1,7)
Cerrados = (3,8), (4,8), (4,7), (5,8), (3,7), (5,7), (3,6), (3,9), (3,10), (5,6), (3,5), (2,6), (5,9), (5,5), (3,4), (5,4), (2,4), (2,5), (3,3), (4,10), (5,3), (2,10), (1,5), (1,6), (4,3), (5,10), (2,3), (5,2), (1,4)
------------------------
Iteración 30
-----------
Abiertos = (1,10), (1,4), (2,5), (5,1), (4,3), (1,3), (1,6), (1,2), (1,7)
Cerrados = (3,8), (4,8), (4,7), (5,8), (3,7), (5,7), (3,6), (3,9), (3,10), (5,6), (3,5), (2,6), (5,9), (5,5), (3,4), (5,4), (2,4), (2,5), (3,3), (4,10), (5,3), (2,10), (1,5), (1,6), (4,3), (5,10), (2,3), (5,2), (1,4), (1,3)
------------------------
Iteración 31
-----------
Abiertos = (2,5), (5,1), (4,3), (1,9), (1,3), (1,6), (1,2), (1,7)
Cerrados = (3,8), (4,8), (4,7), (5,8), (3,7), (5,7), (3,6), (3,9), (3,10), (5,6), (3,5), (2,6), (5,9), (5,5), (3,4), (5,4), (2,4), (2,5), (3,3), (4,10), (5,3), (2,10), (1,5), (1,6), (4,3), (5,10), (2,3), (5,2), (1,4), (1,3), (1,10)
------------------------
Iteración 32
-----------
Abiertos = (2,5), (4,3), (1,9), (1,3), (1,6), (1,2), (1,7), (4,1)
Cerrados = (3,8), (4,8), (4,7), (5,8), (3,7), (5,7), (3,6), (3,9), (3,10), (5,6), (3,5), (2,6), (5,9), (5,5), (3,4), (5,4), (2,4), (2,5), (3,3), (4,10), (5,3), (2,10), (1,5), (1,6), (4,3), (5,10), (2,3), (5,2), (1,4), (1,3), (1,10), (5,1)
------------------------
Iteración 33
-----------
Abiertos = (4,3), (1,8), (1,3), (1,6), (1,2), (1,7), (4,1)
Cerrados = (3,8), (4,8), (4,7), (5,8), (3,7), (5,7), (3,6), (3,9), (3,10), (5,6), (3,5), (2,6), (5,9), (5,5), (3,4), (5,4), (2,4), (2,5), (3,3), (4,10), (5,3), (2,10), (1,5), (1,6), (4,3), (5,10), (2,3), (5,2), (1,4), (1,3), (1,10), (5,1), (1,9)
------------------------
Iteración 34
-----------
Abiertos = (4,3), (1,3), (1,6), (1,2), (1,7), (1,7), (4,1)
Cerrados = (3,8), (4,8), (4,7), (5,8), (3,7), (5,7), (3,6), (3,9), (3,10), (5,6), (3,5), (2,6), (5,9), (5,5), (3,4), (5,4), (2,4), (2,5), (3,3), (4,10), (5,3), (2,10), (1,5), (1,6), (4,3), (5,10), (2,3), (5,2), (1,4), (1,3), (1,10), (5,1), (1,9), (1,8)
------------------------
Iteración 35
-----------
Abiertos = (4,3), (1,1), (1,7), (1,7), (4,1)
Cerrados = (3,8), (4,8), (4,7), (5,8), (3,7), (5,7), (3,6), (3,9), (3,10), (5,6), (3,5), (2,6), (5,9), (5,5), (3,4), (5,4), (2,4), (2,5), (3,3), (4,10), (5,3), (2,10), (1,5), (1,6), (4,3), (5,10), (2,3), (5,2), (1,4), (1,3), (1,10), (5,1), (1,9), (1,8), (1,2)
------------------------
Iteración 36
-----------
Abiertos = (4,3), (1,7), (1,7), (2,1), (4,1)
Cerrados = (3,8), (4,8), (4,7), (5,8), (3,7), (5,7), (3,6), (3,9), (3,10), (5,6), (3,5), (2,6), (5,9), (5,5), (3,4), (5,4), (2,4), (2,5), (3,3), (4,10), (5,3), (2,10), (1,5), (1,6), (4,3), (5,10), (2,3), (5,2), (1,4), (1,3), (1,10), (5,1), (1,9), (1,8), (1,2), (1,1)
------------------------
Iteración 37
-----------
Abiertos = (4,3), (1,7), (2,1), (4,1)
Cerrados = (3,8), (4,8), (4,7), (5,8), (3,7), (5,7), (3,6), (3,9), (3,10), (5,6), (3,5), (2,6), (5,9), (5,5), (3,4), (5,4), (2,4), (2,5), (3,3), (4,10), (5,3), (2,10), (1,5), (1,6), (4,3), (5,10), (2,3), (5,2), (1,4), (1,3), (1,10), (5,1), (1,9), (1,8), (1,2), (1,1), (1,7)
------------------------
Iteración 38
-----------
Abiertos = (1,7), (3,1), (4,1)
Cerrados = (3,8), (4,8), (4,7), (5,8), (3,7), (5,7), (3,6), (3,9), (3,10), (5,6), (3,5), (2,6), (5,9), (5,5), (3,4), (5,4), (2,4), (2,5), (3,3), (4,10), (5,3), (2,10), (1,5), (1,6), (4,3), (5,10), (2,3), (5,2), (1,4), (1,3), (1,10), (5,1), (1,9), (1,8), (1,2), (1,1), (1,7), (2,1)
------------------------
Iteración 39
-----------
Abiertos = (4,1), (4,1)
Cerrados = (3,8), (4,8), (4,7), (5,8), (3,7), (5,7), (3,6), (3,9), (3,10), (5,6), (3,5), (2,6), (5,9), (5,5), (3,4), (5,4), (2,4), (2,5), (3,3), (4,10), (5,3), (2,10), (1,5), (1,6), (4,3), (5,10), (2,3), (5,2), (1,4), (1,3), (1,10), (5,1), (1,9), (1,8), (1,2), (1,1), (1,7), (2,1), (3,1)
------------------------
Iteración 40
-----------
Abiertos = (4,1)
Cerrados = (3,8), (4,8), (4,7), (5,8), (3,7), (5,7), (3,6), (3,9), (3,10), (5,6), (3,5), (2,6), (5,9), (5,5), (3,4), (5,4), (2,4), (2,5), (3,3), (4,10), (5,3), (2,10), (1,5), (1,6), (4,3), (5,10), (2,3), (5,2), (1,4), (1,3), (1,10), (5,1), (1,9), (1,8), (1,2), (1,1), (1,7), (2,1), (3,1), (4,1)
------------------------
No se ha encontrado ningún camino al destino.
Iteración 0
-----------
Abiertos = (3,8)
Cerrados = 
------------------------
Iteración 1
-----------
Abiertos = (3,7), (4,8), (3,9)
Cerrados = (3,8)
------------------------
Iteración 2
-----------
Abiertos = (3,6), (4,7), (4,8), (3,9)
Cerrados = (3,8), (3,7)
------------------------
Iteración 3
-----------
Abiertos = (3,6), (4,8), (5,7), (3,9), (4,8)
Cerrados = (3,8), (3,7), (4,7)
------------------------
Iteración 4
-----------
Abiertos = (4,8), (5,7), (3,9), (3,5), (4,8), (2,6)
Cerrados = (3,8), (3,7), (4,7), (3,6)
------------------------
Iteración 5
-----------
Abiertos = (4,8), (3,9), (3,5), (5,8), (4,8), (5,6), (2,6)
Cerrados = (3,8), (3,7), (4,7), (3,6), (5,7)
------------------------
Iteración 6
-----------
Abiertos = (5,8), (3,9), (3,5), (5,8), (4,8), (5,6), (2,6)
Cerrados = (3,8), (3,7), (4,7), (3,6), (5,7), (4,8)
------------------------
Iteración 7
-----------
Abiertos = (3,9), (3,5), (5,8), (4,8), (5,6), (2,6), (5,9)
Cerrados = (3,8), (3,7), (4,7), (3,6), (5,7), (4,8), (5,8)
------------------------
Iteración 8
-----------
Abiertos = (3,5), (5,8), (4,8), (3,10), (5,6), (2,6), (5,9)
Cerrados = (3,8), (3,7), (4,7), (3,6), (5,7), (4,8), (5,8), (3,9)
------------------------
Iteración 9
-----------
Abiertos = (5,8), (4,8), (3,10), (3,4), (5,6), (2,6), (2,5), (5,9)
Cerrados = (3,8), (3,7), (4,7), (3,6), (5,7), (4,8), (5,8), (3,9), (3,5)
------------------------
Iteración 10
-----------
Abiertos = (5,6), (3,4), (2,6), (2,5), (4,10), (2,10), (5,9)
Cerrados = (3,8), (3,7), (4,7), (3,6), (5,7), (4,8), (5,8), (3,9), (3,5), (3,10)
------------------------
Iteración 11
-----------
Abiertos = (3,3), (5,6), (2,6), (2,4), (2,5), (4,10), (2,10), (5,9)
Cerrados = (3,8), (3,7), (4,7), (3,6), (5,7), (4,8), (5,8), (3,9), (3,5), (3,10), (3,4)
------------------------
Iteración 12
-----------
Abiertos = (3,3), (2,6), (5,5), (2,4), (2,5), (4,10), (2,10), (5,9)
Cerrados = (3,8), (3,7), (4,7), (3,6), (5,7), (4,8), (5,8), (3,9), (3,5), (3,10), (3,4), (5,6)
------------------------
Iteración 13
-----------
Abiertos = (2,6), (4,3), (5,5), (2,4), (2,5), (4,10), (2,10), (5,9), (2,3)
Cerrados = (3,8), (3,7), (4,7), (3,6), (5,7), (4,8), (5,8), (3,9), (3,5), (3,10), (3,4), (5,6), (3,3)
------------------------
Iteración 14
-----------
Abiertos = (2,6), (5,5), (2,4), (2,5), (4,10), (5,3), (2,10), (5,9), (2,3)
Cerrados = (3,8), (3,7), (4,7), (3,6), (5,7), (4,8), (5,8), (3,9), (3,5), (3,10), (3,4), (5,6), (3,3), (4,3)
------------------------
Iteración 15
-----------
Abiertos = (2,6), (5,4), (2,4), (2,5), (4,10), (5,3), (2,10), (5,9), (2,3)
Cerrados = (3,8), (3,7), (4,7), (3,6), (5,7), (4,8), (5,8), (3,9), (3,5), (3,10), (3,4), (5,6), (3,3), (4,3), (5,5)
------------------------
Iteración 16
-----------
Abiertos = (5,4), (2,4), (2,5), (2,5), (4,10), (5,3), (2,10), (5,9), (1,6), (2,3)
Cerrados = (3,8), (3,7), (4,7), (3,6), (5,7), (4,8), (5,8), (3,9), (3,5), (3,10), (3,4), (5,6), (3,3), (4,3), (5,5), (2,6)
------------------------
Iteración 17
-----------
Abiertos = (5,4), (2,5), (2,5), (4,10), (5,3), (2,10), (5,9), (1,6), (2,3), (2,3), (2,5), (1,4)
Cerrados = (3,8), (3,7), (4,7), (3,6), (5,7), (4,8), (5,8), (3,9), (3,5), (3,10), (3,4), (5,6), (3,3), (4,3), (5,5), (2,6), (2,4)
------------------------
Iteración 18
-----------
Abiertos = (5,4), (2,5), (4,10), (5,3), (2,10), (5,9), (1,5), (1,6), (2,3), (2,3), (2,5), (1,4)
Cerrados = (3,8), (3,7), (4,7), (3,6), (5,7), (4,8), (5,8), (3,9), (3,5), (3,10), (3,4), (5,6), (3,3), (4,3), (5,5), (2,6), (2,4), (2,5)
------------------------
Iteración 19
-----------
Abiertos = (2,5), (4,10), (5,3), (5,3), (2,10), (5,9), (1,5), (1,6), (2,3), (2,3), (2,5), (1,4)
Cerrados = (3,8), (3,7), (4,7), (3,6), (5,7), (4,8), (5,8), (3,9), (3,5), (3,10), (3,4), (5,6), (3,3), (4,3), (5,5), (2,6), (2,4), (2,5), (5,4)
------------------------
Iteración 20
-----------
Abiertos = (4,10), (5,3), (2,10), (5,9), (1,5), (1,6), (5,2), (2,3), (2,3), (1,4), (2,5)
Cerrados = (3,8), (3,7), (4,7), (3,6), (5,7), (4,8), (5,8), (3,9), (3,5), (3,10), (3,4), (5,6), (3,3), (4,3), (5,5), (2,6), (2,4), (2,5), (5,4), (5,3)
------------------------
Iteración 21
-----------
Abiertos = (5,3), (2,10), (5,9), (1,5), (1,6), (5,10), (5,2), (2,3), (2,3), (2,5), (1,4)
Cerrados = (3,8), (3,7), (4,7), (3,6), (5,7), (4,8), (5,8), (3,9), (3,5), (3,10), (3,4), (5,6), (3,3), (4,3), (5,5), (2,6), (2,4), (2,5), (5,4), (5,3), (4,10)
------------------------
Iteración 22
-----------
Abiertos = (5,3), (1,5), (5,9), (1,6), (5,10), (5,2), (2,3), (2,3), (1,10), (2,5), (1,4)
Cerrados = (3,8), (3,7), (4,7), (3,6), (5,7), (4,8), (5,8), (3,9), (3,5), (3,10), (3,4), (5,6), (3,3), (4,3), (5,5), (2,6), (2,4), (2,5), (5,4), (5,3), (4,10), (2,10)
------------------------
Iteración 23
-----------
Abiertos = (5,3), (5,9), (1,6), (5,10), (5,2), (2,3), (2,3), (1,10), (2,5), (1,4), (1,4), (1,6)
Cerrados = (3,8), (3,7), (4,7), (3,6), (5,7), (4,8), (5,8), (3,9), (3,5), (3,10), (3,4), (5,6), (3,3), (4,3), (5,5), (2,6), (2,4), (2,5), (5,4), (5,3), (4,10), (2,10), (1,5)
------------------------
Iteración 24
-----------
Abiertos = (5,10), (1,6), (5,2), (2,3), (2,3), (1,10), (1,4), (2,5), (1,4), (5,10), (1,6)
Cerrados = (3,8), (3,7), (4,7), (3,6), (5,7), (4,8), (5,8), (3,9), (3,5), (3,10), (3,4), (5,6), (3,3), (4,3), (5,5), (2,6), (2,4), (2,5), (5,4), (5,3), (4,10), (2,10), (1,5), (5,9)
------------------------
Iteración 25
-----------
Abiertos = (5,10), (5,2), (2,3), (2,3), (1,10), (2,5), (1,4), (1,4), (5,10), (1,6), (1,7)
Cerrados = (3,8), (3,7), (4,7), (3,6), (5,7), (4,8), (5,8), (3,9), (3,5), (3,10), (3,4), (5,6), (3,3), (4,3), (5,5), (2,6), (2,4), (2,5), (5,4), (5,3), (4,10), (2,10), (1,5), (5,9), (1,6)
------------------------
Iteración 26
-----------
Abiertos = (5,2), (2,3), (2,3), (1,10), (2,5), (1,4), (1,4), (5,10), (1,6), (1,7)
Cerrados = (3,8), (3,7), (4,7), (3,6), (5,7), (4,8), (5,8), (3,9), (3,5), (3,10), (3,4), (5,6), (3,3), (4,3), (5,5), (2,6), (2,4), (2,5), (5,4), (5,3), (4,10), (2,10), (1,5), (5,9), (1,6), (5,10)
------------------------
Iteración 27
-----------
Abiertos = (5,2), (2,3), (1,10), (1,4), (1,4), (2,5), (1,3), (5,10), (1,6), (1,7)
Cerrados = (3,8), (3,7), (4,7), (3,6), (5,7), (4,8), (5,8), (3,9), (3,5), (3,10), (3,4), (5,6), (3,3), (4,3), (5,5), (2,6), (2,4), (2,5), (5,4), (5,3), (4,10), (2,10), (1,5), (5,9), (1,6), (5,10), (2,3)
------------------------
Iteración 28
-----------
Abiertos = (1,10), (1,4), (2,5), (1,4), (5,1), (1,3), (5,10), (1,6), (1,7)
Cerrados = (3,8), (3,7), (4,7), (3,6), (5,7), (4,8), (5,8), (3,9), (3,5), (3,10), (3,4), (5,6), (3,3), (4,3), (5,5), (2,6), (2,4), (2,5), (5,4), (5,3), (4,10), (2,10), (1,5), (5,9), (1,6), (5,10), (2,3), (5,2)
------------------------
Iteración 29
-----------
Abiertos = (2,5), (1,4), (1,4), (5,1), (1,9), (1,3), (5,10), (1,6), (1,7)
Cerrados = (3,8), (3,7), (4,7), (3,6), (5,7), (4,8), (5,8), (3,9), (3,5), (3,10), (3,4), (5,6), (3,3), (4,3), (5,5), (2,6), (2,4), (2,5), (5,4), (5,3), (4,10), (2,10), (1,5), (5,9), (1,6), (5,10), (2,3), (5,2), (1,10)
------------------------
Iteración 30
-----------
Abiertos = (1,3), (1,4), (5,1), (1,9), (1,3), (5,10), (1,6), (1,7)
Cerrados = (3,8), (3,7), (4,7), (3,6), (5,7), (4,8), (5,8), (3,9), (3,5), (3,10), (3,4), (5,6), (3,3), (4,3), (5,5), (2,6), (2,4), (2,5), (5,4), (5,3), (4,10), (2,10), (1,5), (5,9), (1,6), (5,10), (2,3), (5,2), (1,10), (1,4)
------------------------
Iteración 31
-----------
Abiertos = (5,1), (1,9), (1,3), (5,10), (1,6), (1,2), (1,7)
Cerrados = (3,8), (3,7), (4,7), (3,6), (5,7), (4,8), (5,8), (3,9), (3,5), (3,10), (3,4), (5,6), (3,3), (4,3), (5,5), (2,6), (2,4), (2,5), (5,4), (5,3), (4,10), (2,10), (1,5), (5,9), (1,6), (5,10), (2,3), (5,2), (1,10), (1,4), (1,3)
------------------------
Iteración 32
-----------
Abiertos = (1,9), (1,3), (5,10), (1,6), (1,2), (1,7), (4,1)
Cerrados = (3,8), (3,7), (4,7), (3,6), (5,7), (4,8), (5,8), (3,9), (3,5), (3,10), (3,4), (5,6), (3,3), (4,3), (5,5), (2,6), (2,4), (2,5), (5,4), (5,3), (4,10), (2,10), (1,5), (5,9), (1,6), (5,10), (2,3), (5,2), (1,10), (1,4), (1,3), (5,1)
------------------------
Iteración 33
-----------
Abiertos = (1,8), (1,6), (5,10), (1,2), (1,7), (4,1)
Cerrados = (3,8), (3,7), (4,7), (3,6), (5,7), (4,8), (5,8), (3,9), (3,5), (3,10), (3,4), (5,6), (3,3), (4,3), (5,5), (2,6), (2,4), (2,5), (5,4), (5,3), (4,10), (2,10), (1,5), (5,9), (1,6), (5,10), (2,3), (5,2), (1,10), (1,4), (1,3), (5,1), (1,9)
------------------------
Iteración 34
-----------
Abiertos = (5,10), (1,2), (1,7), (1,7), (4,1)
Cerrados = (3,8), (3,7), (4,7), (3,6), (5,7), (4,8), (5,8), (3,9), (3,5), (3,10), (3,4), (5,6), (3,3), (4,3), (5,5), (2,6), (2,4), (2,5), (5,4), (5,3), (4,10), (2,10), (1,5), (5,9), (1,6), (5,10), (2,3), (5,2), (1,10), (1,4), (1,3), (5,1), (1,9), (1,8)
------------------------
Iteración 35
-----------
Abiertos = (5,10), (1,1), (1,7), (1,7), (4,1)
Cerrados = (3,8), (3,7), (4,7), (3,6), (5,7), (4,8), (5,8), (3,9), (3,5), (3,10), (3,4), (5,6), (3,3), (4,3), (5,5), (2,6), (2,4), (2,5), (5,4), (5,3), (4,10), (2,10), (1,5), (5,9), (1,6), (5,10), (2,3), (5,2), (1,10), (1,4), (1,3), (5,1), (1,9), (1,8), (1,2)
------------------------
Iteración 36
-----------
Abiertos = (1,7), (1,7), (2,1), (4,1)
Cerrados = (3,8), (3,7), (4,7), (3,6), (5,7), (4,8), (5,8), (3,9), (3,5), (3,10), (3,4), (5,6), (3,3), (4,3), (5,5), (2,6), (2,4), (2,5), (5,4), (5,3), (4,10), (2,10), (1,5), (5,9), (1,6), (5,10), (2,3), (5,2), (1,10), (1,4), (1,3), (5,1), (1,9), (1,8), (1,2), (1,1)
------------------------
Iteración 37
-----------
Abiertos = (1,7), (2,1), (4,1)
Cerrados = (3,8), (3,7), (4,7), (3,6), (5,7), (4,8), (5,8), (3,9), (3,5), (3,10), (3,4), (5,6), (3,3), (4,3), (5,5), (2,6), (2,4), (2,5), (5,4), (5,3), (4,10), (2,10), (1,5), (5,9), (1,6), (5,10), (2,3), (5,2), (1,10), (1,4), (1,3), (5,1), (1,9), (1,8), (1,2), (1,1), (1,7)
------------------------
Iteración 38
-----------
Abiertos = (3,1), (4,1)
Cerrados = (3,8), (3,7), (4,7), (3,6), (5,7), (4,8), (5,8), (3,9), (3,5), (3,10), (3,4), (5,6), (3,3), (4,3), (5,5), (2,6), (2,4), (2,5), (5,4), (5,3), (4,10), (2,10), (1,5), (5,9), (1,6), (5,10), (2,3), (5,2), (1,10), (1,4), (1,3), (5,1), (1,9), (1,8), (1,2), (1,1), (1,7), (2,1)
------------------------
Iteración 39
-----------
Abiertos = (3,1), (3,1)
Cerrados = (3,8), (3,7), (4,7), (3,6), (5,7), (4,8), (5,8), (3,9), (3,5), (3,10), (3,4), (5,6), (3,3), (4,3), (5,5), (2,6), (2,4), (2,5), (5,4), (5,3), (4,10), (2,10), (1,5), (5,9), (1,6), (5,10), (2,3), (5,2), (1,10), (1,4), (1,3), (5,1), (1,9), (1,8), (1,2), (1,1), (1,7), (2,1), (4,1)
------------------------
Iteración 40
-----------
Abiertos = (3,1)
Cerrados = (3,8), (3,7), (4,7), (3,6), (5,7), (4,8), (5,8), (3,9), (3,5), (3,10), (3,4), (5,6), (3,3), (4,3), (5,5), (2,6), (2,4), (2,5), (5,4), (5,3), (4,10), (2,10), (1,5), (5,9), (1,6), (5,10), (2,3), (5,2), (1,10), (1,4), (1,3), (5,1), (1,9), (1,8), (1,2), (1,1), (1,7), (2,1), (4,1), (3,1)
------------------------
No se ha encontrado ningún camino al destino.
Iteración 0
-----------
Abiertos = (3,8)
Cerrados = 
------------------------
Iteración 1
-----------
Abiertos = (3,7), (4,8), (3,9)
Cerrados = (3,8)
------------------------
Iteración 2
-----------
Abiertos = (3,6), (4,7), (4,8), (3,9)
Cerrados = (3,8), (3,7)
------------------------
Iteración 3
-----------
Abiertos = (3,6), (4,8), (5,7), (3,9), (4,8)
Cerrados = (3,8), (3,7), (4,7)
------------------------
Iteración 4
-----------
Abiertos = (3,6), (5,8), (5,7), (3,9), (4,8)
Cerrados = (3,8), (3,7), (4,7), (4,8)
------------------------
Iteración 5
-----------
Abiertos = (3,6), (5,7), (5,7), (3,9), (4,8), (5,9)
Cerrados = (3,8), (3,7), (4,7), (4,8), (5,8)
------------------------
Iteración 6
-----------
Abiertos = (5,7), (5,7), (3,9), (3,5), (4,8), (5,9), (2,6)
Cerrados = (3,8), (3,7), (4,7), (4,8), (5,8), (3,6)
------------------------
Iteración 7
-----------
Abiertos = (5,7), (3,9), (3,5), (4,8), (5,6), (5,9), (2,6)
Cerrados = (3,8), (3,7), (4,7), (4,8), (5,8), (3,6), (5,7)
------------------------
Iteración 8
-----------
Abiertos = (3,5), (4,8), (3,10), (5,6), (2,6), (5,9)
Cerrados = (3,8), (3,7), (4,7), (4,8), (5,8), (3,6), (5,7), (3,9)
------------------------
Iteración 9
-----------
Abiertos = (3,5), (5,6), (5,9), (2,6), (4,10), (2,10)
Cerrados = (3,8), (3,7), (4,7), (4,8), (5,8), (3,6), (5,7), (3,9), (3,10)
------------------------
Iteración 10
-----------
Abiertos = (5,6), (3,4), (5,9), (2,6), (2,5), (4,10), (2,10)
Cerrados = (3,8), (3,7), (4,7), (4,8), (5,8), (3,6), (5,7), (3,9), (3,10), (3,5)
------------------------
Iteración 11
-----------
Abiertos = (3,4), (5,9), (2,6), (5,5), (2,5), (4,10), (2,10)
Cerrados = (3,8), (3,7), (4,7), (4,8), (5,8), (3,6), (5,7), (3,9), (3,10), (3,5), (5,6)
------------------------
Iteración 12
-----------
Abiertos = (3,3), (2,6), (5,9), (5,5), (2,4), (2,5), (4,10), (2,10)
Cerrados = (3,8), (3,7), (4,7), (4,8), (5,8), (3,6), (5,7), (3,9), (3,10), (3,5), (5,6), (3,4)
------------------------
Iteración 13
-----------
Abiertos = (3,3), (5,9), (5,5), (2,4), (2,5), (2,5), (4,10), (2,10), (1,6)
Cerrados = (3,8), (3,7), (4,7), (4,8), (5,8), (3,6), (5,7), (3,9), (3,10), (3,5), (5,6), (3,4), (2,6)
------------------------
Iteración 14
-----------
Abiertos = (3,3), (5,5), (2,4), (2,5), (2,5), (4,10), (2,10), (5,10), (1,6)
Cerrados = (3,8), (3,7), (4,7), (4,8), (5,8), (3,6), (5,7), (3,9), (3,10), (3,5), (5,6), (3,4), (2,6), (5,9)
------------------------
Iteración 15
-----------
Abiertos = (3,3), (5,4), (2,4), (2,5), (2,5), (4,10), (2,10), (5,10), (1,6)
Cerrados = (3,8), (3,7), (4,7), (4,8), (5,8), (3,6), (5,7), (3,9), (3,10), (3,5), (5,6), (3,4), (2,6), (5,9), (5,5)
------------------------
Iteración 16
-----------
Abiertos = (3,3), (2,4), (2,5), (2,5), (4,10), (5,3), (2,10), (5,10), (1,6)
Cerrados = (3,8), (3,7), (4,7), (4,8), (5,8), (3,6), (5,7), (3,9), (3,10), (3,5), (5,6), (3,4), (2,6), (5,9), (5,5), (5,4)
------------------------
Iteración 17
-----------
Abiertos = (3,3), (2,5), (2,5), (4,10), (5,3), (2,10), (5,10), (1,6), (2,3), (1,4), (2,5)
Cerrados = (3,8), (3,7), (4,7), (4,8), (5,8), (3,6), (5,7), (3,9), (3,10), (3,5), (5,6), (3,4), (2,6), (5,9), (5,5), (5,4), (2,4)
------------------------
Iteración 18
-----------
Abiertos = (3,3), (2,5), (4,10), (5,3), (2,10), (1,5), (1,6), (5,10), (2,3), (1,4), (2,5)
Cerrados = (3,8), (3,7), (4,7), (4,8), (5,8), (3,6), (5,7), (3,9), (3,10), (3,5), (5,6), (3,4), (2,6), (5,9), (5,5), (5,4), (2,4), (2,5)
------------------------
Iteración 19
-----------
Abiertos = (3,3), (5,3), (2,10), (1,5), (1,6), (5,10), (5,10), (2,3), (1,4), (2,5)
Cerrados = (3,8), (3,7), (4,7), (4,8), (5,8), (3,6), (5,7), (3,9), (3,10), (3,5), (5,6), (3,4), (2,6), (5,9), (5,5), (5,4), (2,4), (2,5), (4,10)
------------------------
Iteración 20
-----------
Abiertos = (4,3), (5,3), (2,10), (1,5), (1,6), (5,10), (5,10), (2,3), (2,3), (2,5), (1,4)
Cerrados = (3,8), (3,7), (4,7), (4,8), (5,8), (3,6), (5,7), (3,9), (3,10), (3,5), (5,6), (3,4), (2,6), (5,9), (5,5), (5,4), (2,4), (2,5), (4,10), (3,3)
------------------------
Iteración 21
-----------
Abiertos = (4,3), (2,10), (1,5), (1,6), (5,10), (5,10), (5,2), (2,3), (2,3), (2,5), (1,4), (4,3)
Cerrados = (3,8), (3,7), (4,7), (4,8), (5,8), (3,6), (5,7), (3,9), (3,10), (3,5), (5,6), (3,4), (2,6), (5,9), (5,5), (5,4), (2,4), (2,5), (4,10), (3,3), (5,3)
------------------------
Iteración 22
-----------
Abiertos = (2,10), (1,5), (1,6), (5,10), (5,10), (5,2), (2,3), (2,3), (2,5), (1,4), (4,3)
Cerrados = (3,8), (3,7), (4,7), (4,8), (5,8), (3,6), (5,7), (3,9), (3,10), (3,5), (5,6), (3,4), (2,6), (5,9), (5,5), (5,4), (2,4), (2,5), (4,10), (3,3), (5,3), (4,3)
------------------------
Iteración 23
-----------
Abiertos = (1,5), (5,10), (1,6), (5,10), (5,2), (2,3), (2,3), (1,10), (1,4), (2,5), (4,3)
Cerrados = (3,8), (3,7), (4,7), (4,8), (5,8), (3,6), (5,7), (3,9), (3,10), (3,5), (5,6), (3,4), (2,6), (5,9), (5,5), (5,4), (2,4), (2,5), (4,10), (3,3), (5,3), (4,3), (2,10)
------------------------
Iteración 24
-----------
Abiertos = (1,6), (5,10), (5,10), (5,2), (2,3), (2,3), (1,10), (2,5), (1,4), (1,4), (4,3), (1,6)
Cerrados = (3,8), (3,7), (4,7), (4,8), (5,8), (3,6), (5,7), (3,9), (3,10), (3,5), (5,6), (3,4), (2,6), (5,9), (5,5), (5,4), (2,4), (2,5), (4,10), (3,3), (5,3), (4,3), (2,10), (1,5)
------------------------
Iteración 25
-----------
Abiertos = (5,10), (1,6), (5,2), (2,3), (2,3), (1,10), (2,5), (1,4), (1,4), (4,3), (1,6)
Cerrados = (3,8), (3,7), (4,7), (4,8), (5,8), (3,6), (5,7), (3,9), (3,10), (3,5), (5,6), (3,4), (2,6), (5,9), (5,5), (5,4), (2,4), (2,5), (4,10), (3,3), (5,3), (4,3), (2,10), (1,5), (5,10)
------------------------
Iteración 26
-----------
Abiertos = (5,10), (5,2), (2,3), (2,3), (1,10), (2,5), (1,4), (1,4), (4,3), (1,6), (1,7)
Cerrados = (3,8), (3,7), (4,7), (4,8), (5,8), (3,6), (5,7), (3,9), (3,10), (3,5), (5,6), (3,4), (2,6), (5,9), (5,5), (5,4), (2,4), (2,5), (4,10), (3,3), (5,3), (4,3), (2,10), (1,5), (5,10), (1,6)
------------------------
Iteración 27
-----------
Abiertos = (5,10), (2,3), (2,3), (1,10), (2,5), (1,4), (1,4), (5,1), (4,3), (1,6), (1,7)
Cerrados = (3,8), (3,7), (4,7), (4,8), (5,8), (3,6), (5,7), (3,9), (3,10), (3,5), (5,6), (3,4), (2,6), (5,9), (5,5), (5,4), (2,4), (2,5), (4,10), (3,3), (5,3), (4,3), (2,10), (1,5), (5,10), (1,6), (5,2)
------------------------
Iteración 28
-----------
Abiertos = (2,3), (1,10), (2,5), (1,4), (1,4), (5,1), (4,3), (1,3), (1,6), (1,7)
Cerrados = (3,8), (3,7), (4,7), (4,8), (5,8), (3,6), (5,7), (3,9), (3,10), (3,5), (5,6), (3,4), (2,6), (5,9), (5,5), (5,4), (2,4), (2,5), (4,10), (3,3), (5,3), (4,3), (2,10), (1,5), (5,10), (1,6), (5,2), (2,3)
------------------------
Iteración 29
-----------
Abiertos = (1,4), (1,4), (2,5), (5,1), (4,3), (1,9), (1,3), (1,6), (1,7)
Cerrados = (3,8), (3,7), (4,7), (4,8), (5,8), (3,6), (5,7), (3,9), (3,10), (3,5), (5,6), (3,4), (2,6), (5,9), (5,5), (5,4), (2,4), (2,5), (4,10), (3,3), (5,3), (4,3), (2,10), (1,5), (5,10), (1,6), (5,2), (2,3), (1,10)
------------------------
Iteración 30
-----------
Abiertos = (1,3), (2,5), (1,4), (5,1), (4,3), (1,9), (1,3), (1,6), (1,7)
Cerrados = (3,8), (3,7), (4,7), (4,8), (5,8), (3,6), (5,7), (3,9), (3,10), (3,5), (5,6), (3,4), (2,6), (5,9), (5,5), (5,4), (2,4), (2,5), (4,10), (3,3), (5,3), (4,3), (2,10), (1,5), (5,10), (1,6), (5,2), (2,3), (1,10), (1,4)
------------------------
Iteración 31
-----------
Abiertos = (1,4), (2,5), (5,1), (4,3), (1,9), (1,3), (1,6), (1,2), (1,7)
Cerrados = (3,8), (3,7), (4,7), (4,8), (5,8), (3,6), (5,7), (3,9), (3,10), (3,5), (5,6), (3,4), (2,6), (5,9), (5,5), (5,4), (2,4), (2,5), (4,10), (3,3), (5,3), (4,3), (2,10), (1,5), (5,10), (1,6), (5,2), (2,3), (1,10), (1,4), (1,3)
------------------------
Iteración 32
-----------
Abiertos = (1,9), (1,3), (1,6), (1,2), (1,7), (4,1)
Cerrados = (3,8), (3,7), (4,7), (4,8), (5,8), (3,6), (5,7), (3,9), (3,10), (3,5), (5,6), (3,4), (2,6), (5,9), (5,5), (5,4), (2,4), (2,5), (4,10), (3,3), (5,3), (4,3), (2,10), (1,5), (5,10), (1,6), (5,2), (2,3), (1,10), (1,4), (1,3), (5,1)
------------------------
Iteración 33
-----------
Abiertos = (1,9), (1,1), (1,7), (4,1)
Cerrados = (3,8), (3,7), (4,7), (4,8), (5,8), (3,6), (5,7), (3,9), (3,10), (3,5), (5,6), (3,4), (2,6), (5,9), (5,5), (5,4), (2,4), (2,5), (4,10), (3,3), (5,3), (4,3), (2,10), (1,5), (5,10), (1,6), (5,2), (2,3), (1,10), (1,4), (1,3), (5,1), (1,2)
------------------------
Iteración 34
-----------
Abiertos = (1,9), (1,7), (2,1), (4,1)
Cerrados = (3,8), (3,7), (4,7), (4,8), (5,8), (3,6), (5,7), (3,9), (3,10), (3,5), (5,6), (3,4), (2,6), (5,9), (5,5), (5,4), (2,4), (2,5), (4,10), (3,3), (5,3), (4,3), (2,10), (1,5), (5,10), (1,6), (5,2), (2,3), (1,10), (1,4), (1,3), (5,1), (1,2), (1,1)
------------------------
Iteración 35
-----------
Abiertos = (1,8), (1,7), (2,1), (4,1)
Cerrados = (3,8), (3,7), (4,7), (4,8), (5,8), (3,6), (5,7), (3,9), (3,10), (3,5), (5,6), (3,4), (2,6), (5,9), (5,5), (5,4), (2,4), (2,5), (4,10), (3,3), (5,3), (4,3), (2,10), (1,5), (5,10), (1,6), (5,2), (2,3), (1,10), (1,4), (1,3), (5,1), (1,2), (1,1), (1,9)
------------------------
Iteración 36
-----------
Abiertos = (1,7), (1,7), (2,1), (4,1)
Cerrados = (3,8), (3,7), (4,7), (4,8), (5,8), (3,6), (5,7), (3,9), (3,10), (3,5), (5,6), (3,4), (2,6), (5,9), (5,5), (5,4), (2,4), (2,5), (4,10), (3,3), (5,3), (4,3), (2,10), (1,5), (5,10), (1,6), (5,2), (2,3), (1,10), (1,4), (1,3), (5,1), (1,2), (1,1), (1,9), (1,8)
------------------------
Iteración 37
-----------
Abiertos = (1,7), (2,1), (4,1)
Cerrados = (3,8), (3,7), (4,7), (4,8), (5,8), (3,6), (5,7), (3,9), (3,10), (3,5), (5,6), (3,4), (2,6), (5,9), (5,5), (5,4), (2,4), (2,5), (4,10), (3,3), (5,3), (4,3), (2,10), (1,5), (5,10), (1,6), (5,2), (2,3), (1,10), (1,4), (1,3), (5,1), (1,2), (1,1), (1,9), (1,8), (1,7)
------------------------
Iteración 38
-----------
Abiertos = (2,1), (3,1)
Cerrados = (3,8), (3,7), (4,7), (4,8), (5,8), (3,6), (5,7), (3,9), (3,10), (3,5), (5,6), (3,4), (2,6), (5,9), (5,5), (5,4), (2,4), (2,5), (4,10), (3,3), (5,3), (4,3), (2,10), (1,5), (5,10), (1,6), (5,2), (2,3), (1,10), (1,4), (1,3), (5,1), (1,2), (1,1), (1,9), (1,8), (1,7), (4,1)
------------------------
Iteración 39
-----------
Abiertos = (2,1), (2,1)
Cerrados = (3,8), (3,7), (4,7), (4,8), (5,8), (3,6), (5,7), (3,9), (3,10), (3,5), (5,6), (3,4), (2,6), (5,9), (5,5), (5,4), (2,4), (2,5), (4,10), (3,3), (5,3), (4,3), (2,10), (1,5), (5,10), (1,6), (5,2), (2,3), (1,10), (1,4), (1,3), (5,1), (1,2), (1,1), (1,9), (1,8), (1,7), (4,1), (3,1)
------------------------
Iteración 40
-----------
Abiertos = (2,1)
Cerrados = (3,8), (3,7), (4,7), (4,8), (5,8), (3,6), (5,7), (3,9), (3,10), (3,5), (5,6), (3,4), (2,6), (5,9), (5,5), (5,4), (2,4), (2,5), (4,10), (3,3), (5,3), (4,3), (2,10), (1,5), (5,10), (1,6), (5,2), (2,3), (1,10), (1,4), (1,3), (5,1), (1,2), (1,1), (1,9), (1,8), (1,7), (4,1), (3,1), (2,1)
------------------------
No se ha encontrado ningún camino al destino.
Iteración 0
-----------
Abiertos = (3,8)
Cerrados = 
------------------------
Iteración 1
-----------
Abiertos = (3,7), (4,8), (3,9)
Cerrados = (3,8)
------------------------
Iteración 2
-----------
Abiertos = (4,7), (5,8), (3,7), (3,9)
Cerrados = (3,8), (4,8)
------------------------
Iteración 3
-----------
Abiertos = (5,8), (3,7), (5,7), (3,9), (3,7)
Cerrados = (3,8), (4,8), (4,7)
------------------------
Iteración 4
-----------
Abiertos = (3,7), (5,7), (5,7), (3,9), (3,7), (5,9)
Cerrados = (3,8), (4,8), (4,7), (5,8)
------------------------
Iteración 5
-----------
Abiertos = (3,7), (5,7), (3,9), (3,7), (5,6), (5,9)
Cerrados = (3,8), (4,8), (4,7), (5,8), (5,7)
------------------------
Iteración 6
-----------
Abiertos = (3,6), (5,7), (3,9), (3,7), (5,6), (5,9)
Cerrados = (3,8), (4,8), (4,7), (5,8), (5,7), (3,7)
------------------------
Iteración 7
-----------
Abiertos = (3,6), (3,7), (3,10), (5,6), (5,9)
Cerrados = (3,8), (4,8), (4,7), (5,8), (5,7), (3,7), (3,9)
------------------------
Iteración 8
-----------
Abiertos = (3,5), (3,7), (3,10), (5,6), (2,6), (5,9)
Cerrados = (3,8), (4,8), (4,7), (5,8), (5,7), (3,7), (3,9), (3,6)
------------------------
Iteración 9
-----------
Abiertos = (3,5), (5,6), (5,9), (2,6), (4,10), (2,10)
Cerrados = (3,8), (4,8), (4,7), (5,8), (5,7), (3,7), (3,9), (3,6), (3,10)
------------------------
Iteración 10
-----------
Abiertos = (5,6), (3,4), (5,9), (2,6), (2,5), (4,10), (2,10)
Cerrados = (3,8), (4,8), (4,7), (5,8), (5,7), (3,7), (3,9), (3,6), (3,10), (3,5)
------------------------
Iteración 11
-----------
Abiertos = (3,4), (5,9), (2,6), (5,5), (2,5), (4,10), (2,10)
Cerrados = (3,8), (4,8), (4,7), (5,8), (5,7), (3,7), (3,9), (3,6), (3,10), (3,5), (5,6)
------------------------
Iteración 12
-----------
Abiertos = (3,4), (2,6), (5,5), (2,5), (4,10), (2,10), (5,10)
Cerrados = (3,8), (4,8), (4,7), (5,8), (5,7), (3,7), (3,9), (3,6), (3,10), (3,5), (5,6), (5,9)
------------------------
Iteración 13
-----------
Abiertos = (3,4), (5,5), (2,5), (2,5), (4,10), (2,10), (1,6), (5,10)
Cerrados = (3,8), (4,8), (4,7), (5,8), (5,7), (3,7), (3,9), (3,6), (3,10), (3,5), (5,6), (5,9), (2,6)
------------------------
Iteración 14
-----------
Abiertos = (3,4), (5,4), (2,5), (2,5), (4,10), (2,10), (5,10), (1,6)
Cerrados = (3,8), (4,8), (4,7), (5,8), (5,7), (3,7), (3,9), (3,6), (3,10), (3,5), (5,6), (5,9), (2,6), (5,5)
------------------------
Iteración 15
-----------
Abiertos = (3,3), (5,4), (2,4), (2,5), (2,5), (4,10), (2,10), (1,6), (5,10)
Cerrados = (3,8), (4,8), (4,7), (5,8), (5,7), (3,7), (3,9), (3,6), (3,10), (3,5), (5,6), (5,9), (2,6), (5,5), (3,4)
------------------------
Iteración 16
-----------
Abiertos = (3,3), (2,4), (2,5), (2,5), (4,10), (5,3), (2,10), (5,10), (1,6)
Cerrados = (3,8), (4,8), (4,7), (5,8), (5,7), (3,7), (3,9), (3,6), (3,10), (3,5), (5,6), (5,9), (2,6), (5,5), (3,4), (5,4)
------------------------
Iteración 17
-----------
Abiertos = (4,3), (2,4), (2,5), (2,5), (4,10), (5,3), (2,10), (1,6), (5,10), (2,3)
Cerrados = (3,8), (4,8), (4,7), (5,8), (5,7), (3,7), (3,9), (3,6), (3,10), (3,5), (5,6), (5,9), (2,6), (5,5), (3,4), (5,4), (3,3)
------------------------
Iteración 18
-----------
Abiertos = (4,3), (2,5), (2,5), (4,10), (5,3), (2,10), (1,6), (5,10), (2,3), (2,3), (1,4), (2,5)
Cerrados = (3,8), (4,8), (4,7), (5,8), (5,7), (3,7), (3,9), (3,6), (3,10), (3,5), (5,6), (5,9), (2,6), (5,5), (3,4), (5,4), (3,3), (2,4)
------------------------
Iteración 19
-----------
Abiertos = (2,5), (2,5), (4,10), (5,3), (5,3), (2,10), (1,6), (5,10), (2,3), (2,3), (2,5), (1,4)
Cerrados = (3,8), (4,8), (4,7), (5,8), (5,7), (3,7), (3,9), (3,6), (3,10), (3,5), (5,6), (5,9), (2,6), (5,5), (3,4), (5,4), (3,3), (2,4), (4,3)
------------------------
Iteración 20
-----------
Abiertos = (2,5), (4,10), (5,3), (5,3), (2,10), (1,5), (1,6), (5,10), (2,3), (2,3), (2,5), (1,4)
Cerrados = (3,8), (4,8), (4,7), (5,8), (5,7), (3,7), (3,9), (3,6), (3,10), (3,5), (5,6), (5,9), (2,6), (5,5), (3,4), (5,4), (3,3), (2,4), (4,3), (2,5)
------------------------
Iteración 21
-----------
Abiertos = (5,3), (5,3), (2,10), (1,5), (1,6), (5,10), (5,10), (2,3), (2,3), (2,5), (1,4)
Cerrados = (3,8), (4,8), (4,7), (5,8), (5,7), (3,7), (3,9), (3,6), (3,10), (3,5), (5,6), (5,9), (2,6), (5,5), (3,4), (5,4), (3,3), (2,4), (4,3), (2,5), (4,10)
------------------------
Iteración 22
-----------
Abiertos = (5,3), (2,10), (1,5), (1,6), (5,10), (5,10), (5,2), (2,3), (2,3), (1,4), (2,5)
Cerrados = (3,8), (4,8), (4,7), (5,8), (5,7), (3,7), (3,9), (3,6), (3,10), (3,5), (5,6), (5,9), (2,6), (5,5), (3,4), (5,4), (3,3), (2,4), (4,3), (2,5), (4,10), (5,3)
------------------------
Iteración 23
-----------
Abiertos = (5,3), (1,5), (1,6), (5,10), (5,10), (5,2), (2,3), (2,3), (1,10), (1,4), (2,5)
Cerrados = (3,8), (4,8), (4,7), (5,8), (5,7), (3,7), (3,9), (3,6), (3,10), (3,5), (5,6), (5,9), (2,6), (5,5), (3,4), (5,4), (3,3), (2,4), (4,3), (2,5), (4,10), (5,3), (2,10)
------------------------
Iteración 24
-----------
Abiertos = (5,3), (5,10), (1,6), (5,10), (5,2), (2,3), (2,3), (1,10), (1,4), (1,4), (2,5), (1,6)
Cerrados = (3,8), (4,8), (4,7), (5,8), (5,7), (3,7), (3,9), (3,6), (3,10), (3,5), (5,6), (5,9), (2,6), (5,5), (3,4), (5,4), (3,3), (2,4), (4,3), (2,5), (4,10), (5,3), (2,10), (1,5)
------------------------
Iteración 25
-----------
Abiertos = (5,10), (5,10), (5,2), (2,3), (2,3), (1,10), (2,5), (1,4), (1,4), (1,6), (1,7)
Cerrados = (3,8), (4,8), (4,7), (5,8), (5,7), (3,7), (3,9), (3,6), (3,10), (3,5), (5,6), (5,9), (2,6), (5,5), (3,4), (5,4), (3,3), (2,4), (4,3), (2,5), (4,10), (5,3), (2,10), (1,5), (1,6)
------------------------
Iteración 26
-----------
Abiertos = (5,10), (5,2), (2,3), (2,3), (1,10), (2,5), (1,4), (1,4), (1,6), (1,7)
Cerrados = (3,8), (4,8), (4,7), (5,8), (5,7), (3,7), (3,9), (3,6), (3,10), (3,5), (5,6), (5,9), (2,6), (5,5), (3,4), (5,4), (3,3), (2,4), (4,3), (2,5), (4,10), (5,3), (2,10), (1,5), (1,6), (5,10)
------------------------
Iteración 27
-----------
Abiertos = (5,10), (2,3), (2,3), (1,10), (2,5), (1,4), (1,4), (5,1), (1,6), (1,7)
Cerrados = (3,8), (4,8), (4,7), (5,8), (5,7), (3,7), (3,9), (3,6), (3,10), (3,5), (5,6), (5,9), (2,6), (5,5), (3,4), (5,4), (3,3), (2,4), (4,3), (2,5), (4,10), (5,3), (2,10), (1,5), (1,6), (5,10), (5,2)
------------------------
Iteración 28
-----------
Abiertos = (5,10), (2,3), (1,10), (2,5), (1,4), (1,4), (5,1), (1,3), (1,6), (1,7)
Cerrados = (3,8), (4,8), (4,7), (5,8), (5,7), (3,7), (3,9), (3,6), (3,10), (3,5), (5,6), (5,9), (2,6), (5,5), (3,4), (5,4), (3,3), (2,4), (4,3), (2,5), (4,10), (5,3), (2,10), (1,5), (1,6), (5,10), (5,2), (2,3)
------------------------
Iteración 29
-----------
Abiertos = (2,3), (2,5), (1,4), (1,4), (5,1), (1,9), (1,3), (1,6), (1,7)
Cerrados = (3,8), (4,8), (4,7), (5,8), (5,7), (3,7), (3,9), (3,6), (3,10), (3,5), (5,6), (5,9), (2,6), (5,5), (3,4), (5,4), (3,3), (2,4), (4,3), (2,5), (4,10), (5,3), (2,10), (1,5), (1,6), (5,10), (5,2), (2,3), (1,10)
------------------------
Iteración 30
-----------
Abiertos = (1,3), (1,4), (2,5), (5,1), (1,9), (1,3), (1,6), (1,7)
Cerrados = (3,8), (4,8), (4,7), (5,8), (5,7), (3,7), (3,9), (3,6), (3,10), (3,5), (5,6), (5,9), (2,6), (5,5), (3,4), (5,4), (3,3), (2,4), (4,3), (2,5), (4,10), (5,3), (2,10), (1,5), (1,6), (5,10), (5,2), (2,3), (1,10), (1,4)
------------------------
Iteración 31
-----------
Abiertos = (2,5), (1,4), (5,1), (1,9), (1,3), (1,6), (1,2), (1,7)
Cerrados = (3,8), (4,8), (4,7), (5,8), (5,7), (3,7), (3,9), (3,6), (3,10), (3,5), (5,6), (5,9), (2,6), (5,5), (3,4), (5,4), (3,3), (2,4), (4,3), (2,5), (4,10), (5,3), (2,10), (1,5), (1,6), (5,10), (5,2), (2,3), (1,10), (1,4), (1,3)
------------------------
Iteración 32
-----------
Abiertos = (2,5), (1,9), (1,3), (1,6), (1,2), (1,7), (4,1)
Cerrados = (3,8), (4,8), (4,7), (5,8), (5,7), (3,7), (3,9), (3,6), (3,10), (3,5), (5,6), (5,9), (2,6), (5,5), (3,4), (5,4), (3,3), (2,4), (4,3), (2,5), (4,10), (5,3), (2,10), (1,5), (1,6), (5,10), (5,2), (2,3), (1,10), (1,4), (1,3), (5,1)
------------------------
Iteración 33
-----------
Abiertos = (2,5), (1,8), (1,3), (1,6), (1,2), (1,7), (4,1)
Cerrados = (3,8), (4,8), (4,7), (5,8), (5,7), (3,7), (3,9), (3,6), (3,10), (3,5), (5,6), (5,9), (2,6), (5,5), (3,4), (5,4), (3,3), (2,4), (4,3), (2,5), (4,10), (5,3), (2,10), (1,5), (1,6), (5,10), (5,2), (2,3), (1,10), (1,4), (1,3), (5,1), (1,9)
------------------------
Iteración 34
-----------
Abiertos = (1,3), (1,6), (1,2), (1,7), (1,7), (4,1)
Cerrados = (3,8), (4,8), (4,7), (5,8), (5,7), (3,7), (3,9), (3,6), (3,10), (3,5), (5,6), (5,9), (2,6), (5,5), (3,4), (5,4), (3,3), (2,4), (4,3), (2,5), (4,10), (5,3), (2,10), (1,5), (1,6), (5,10), (5,2), (2,3), (1,10), (1,4), (1,3), (5,1), (1,9), (1,8)
------------------------
Iteración 35
-----------
Abiertos = (1,3), (1,1), (1,7), (1,7), (4,1)
Cerrados = (3,8), (4,8), (4,7), (5,8), (5,7), (3,7), (3,9), (3,6), (3,10), (3,5), (5,6), (5,9), (2,6), (5,5), (3,4), (5,4), (3,3), (2,4), (4,3), (2,5), (4,10), (5,3), (2,10), (1,5), (1,6), (5,10), (5,2), (2,3), (1,10), (1,4), (1,3), (5,1), (1,9), (1,8), (1,2)
------------------------
Iteración 36
-----------
Abiertos = (1,7), (1,7), (2,1), (4,1)
Cerrados = (3,8), (4,8), (4,7), (5,8), (5,7), (3,7), (3,9), (3,6), (3,10), (3,5), (5,6), (5,9), (2,6), (5,5), (3,4), (5,4), (3,3), (2,4), (4,3), (2,5), (4,10), (5,3), (2,10), (1,5), (1,6), (5,10), (5,2), (2,3), (1,10), (1,4), (1,3), (5,1), (1,9), (1,8), (1,2), (1,1)
------------------------
Iteración 37
-----------
Abiertos = (1,7), (2,1), (4,1)
Cerrados = (3,8), (4,8), (4,7), (5,8), (5,7), (3,7), (3,9), (3,6), (3,10), (3,5), (5,6), (5,9), (2,6), (5,5), (3,4), (5,4), (3,3), (2,4), (4,3), (2,5), (4,10), (5,3), (2,10), (1,5), (1,6), (5,10), (5,2), (2,3), (1,10), (1,4), (1,3), (5,1), (1,9), (1,8), (1,2), (1,1), (1,7)
------------------------
Iteración 38
-----------
Abiertos = (2,1), (3,1)
Cerrados = (3,8), (4,8), (4,7), (5,8), (5,7), (3,7), (3,9), (3,6), (3,10), (3,5), (5,6), (5,9), (2,6), (5,5), (3,4), (5,4), (3,3), (2,4), (4,3), (2,5), (4,10), (5,3), (2,10), (1,5), (1,6), (5,10), (5,2), (2,3), (1,10), (1,4), (1,3), (5,1), (1,9), (1,8), (1,2), (1,1), (1,7), (4,1)
------------------------
Iteración 39
-----------
Abiertos = (2,1), (2,1)
Cerrados = (3,8), (4,8), (4,7), (5,8), (5,7), (3,7), (3,9), (3,6), (3,10), (3,5), (5,6), (5,9), (2,6), (5,5), (3,4), (5,4), (3,3), (2,4), (4,3), (2,5), (4,10), (5,3), (2,10), (1,5), (1,6), (5,10), (5,2), (2,3), (1,10), (1,4), (1,3), (5,1), (1,9), (1,8), (1,2), (1,1), (1,7), (4,1), (3,1)
------------------------
Iteración 40
-----------
Abiertos = (2,1)
Cerrados = (3,8), (4,8), (4,7), (5,8), (5,7), (3,7), (3,9), (3,6), (3,10), (3,5), (5,6), (5,9), (2,6), (5,5), (3,4), (5,4), (3,3), (2,4), (4,3), (2,5), (4,10), (5,3), (2,10), (1,5), (1,6), (5,10), (5,2), (2,3), (1,10), (1,4), (1,3), (5,1), (1,9), (1,8), (1,2), (1,1), (1,7), (4,1), (3,1), (2,1)
------------------------
No se ha encontrado ningún camino al destino.
Iteración 0
-----------
Abiertos = (3,8)
Cerrados = 
------------------------
Iteración 1
-----------
Abiertos = (3,7), (4,8), (3,9)
Cerrados = (3,8)
------------------------
Iteración 2
-----------
Abiertos = (3,6), (4,7), (4,8), (3,9)
Cerrados = (3,8), (3,7)
------------------------
Iteración 3
-----------
Abiertos = (3,6), (4,8), (5,7), (3,9), (4,8)
Cerrados = (3,8), (3,7), (4,7)
------------------------
Iteración 4
-----------
Abiertos = (4,8), (5,7), (3,9), (3,5), (4,8), (2,6)
Cerrados = (3,8), (3,7), (4,7), (3,6)
------------------------
Iteración 5
-----------
Abiertos = (5,8), (5,7), (3,9), (3,5), (4,8), (2,6)
Cerrados = (3,8), (3,7), (4,7), (3,6), (4,8)
------------------------
Iteración 6
-----------
Abiertos = (5,8), (3,9), (3,5), (5,8), (4,8), (5,6), (2,6)
Cerrados = (3,8), (3,7), (4,7), (3,6), (4,8), (5,7)
------------------------
Iteración 7
-----------
Abiertos = (3,9), (3,5), (5,8), (4,8), (5,6), (2,6), (5,9)
Cerrados = (3,8), (3,7), (4,7), (3,6), (4,8), (5,7), (5,8)
------------------------
Iteración 8
-----------
Abiertos = (3,9), (5,8), (4,8), (3,4), (5,6), (5,9), (2,6), (2,5)
Cerrados = (3,8), (3,7), (4,7), (3,6), (4,8), (5,7), (5,8), (3,5)
------------------------
Iteración 9
-----------
Abiertos = (3,9), (3,3), (5,6), (5,9), (2,6), (2,4), (2,5)
Cerrados = (3,8), (3,7), (4,7), (3,6), (4,8), (5,7), (5,8), (3,5), (3,4)
------------------------
Iteración 10
-----------
Abiertos = (3,10), (3,3), (5,6), (5,9), (2,6), (2,4), (2,5)
Cerrados = (3,8), (3,7), (4,7), (3,6), (4,8), (5,7), (5,8), (3,5), (3,4), (3,9)
------------------------
Iteración 11
-----------
Abiertos = (3,3), (5,6), (5,9), (2,6), (2,4), (2,5), (4,10), (2,10)
Cerrados = (3,8), (3,7), (4,7), (3,6), (4,8), (5,7), (5,8), (3,5), (3,4), (3,9), (3,10)
------------------------
Iteración 12
-----------
Abiertos = (5,6), (5,9), (2,6), (4,3), (2,4), (2,5), (4,10), (2,10), (2,3)
Cerrados = (3,8), (3,7), (4,7), (3,6), (4,8), (5,7), (5,8), (3,5), (3,4), (3,9), (3,10), (3,3)
------------------------
Iteración 13
-----------
Abiertos = (5,6), (2,6), (4,3), (2,4), (2,5), (4,10), (2,10), (5,10), (2,3)
Cerrados = (3,8), (3,7), (4,7), (3,6), (4,8), (5,7), (5,8), (3,5), (3,4), (3,9), (3,10), (3,3), (5,9)
------------------------
Iteración 14
-----------
Abiertos = (2,6), (4,3), (5,5), (2,4), (2,5), (4,10), (2,10), (5,10), (2,3)
Cerrados = (3,8), (3,7), (4,7), (3,6), (4,8), (5,7), (5,8), (3,5), (3,4), (3,9), (3,10), (3,3), (5,9), (5,6)
------------------------
Iteración 15
-----------
Abiertos = (4,3), (5,5), (2,4), (2,5), (2,5), (4,10), (2,10), (5,10), (1,6), (2,3)
Cerrados = (3,8), (3,7), (4,7), (3,6), (4,8), (5,7), (5,8), (3,5), (3,4), (3,9), (3,10), (3,3), (5,9), (5,6), (2,6)
------------------------
Iteración 16
-----------
Abiertos = (4,3), (5,4), (2,4), (2,5), (2,5), (4,10), (2,10), (5,10), (1,6), (2,3)
Cerrados = (3,8), (3,7), (4,7), (3,6), (4,8), (5,7), (5,8), (3,5), (3,4), (3,9), (3,10), (3,3), (5,9), (5,6), (2,6), (5,5)
------------------------
Iteración 17
-----------
Abiertos = (5,4), (2,4), (2,5), (2,5), (4,10), (5,3), (2,10), (5,10), (1,6), (2,3)
Cerrados = (3,8), (3,7), (4,7), (3,6), (4,8), (5,7), (5,8), (3,5), (3,4), (3,9), (3,10), (3,3), (5,9), (5,6), (2,6), (5,5), (4,3)
------------------------
Iteración 18
-----------
Abiertos = (5,4), (2,5), (2,5), (4,10), (5,3), (2,10), (1,6), (5,10), (2,3), (2,3), (1,4), (2,5)
Cerrados = (3,8), (3,7), (4,7), (3,6), (4,8), (5,7), (5,8), (3,5), (3,4), (3,9), (3,10), (3,3), (5,9), (5,6), (2,6), (5,5), (4,3), (2,4)
------------------------
Iteración 19
-----------
Abiertos = (5,4), (2,5), (4,10), (5,3), (2,10), (1,5), (1,6), (5,10), (2,3), (2,3), (1,4), (2,5)
Cerrados = (3,8), (3,7), (4,7), (3,6), (4,8), (5,7), (5,8), (3,5), (3,4), (3,9), (3,10), (3,3), (5,9), (5,6), (2,6), (5,5), (4,3), (2,4), (2,5)
------------------------
Iteración 20
-----------
Abiertos = (5,4), (5,3), (2,10), (1,5), (5,10), (1,6), (5,10), (2,3), (2,3), (2,5), (1,4)
Cerrados = (3,8), (3,7), (4,7), (3,6), (4,8), (5,7), (5,8), (3,5), (3,4), (3,9), (3,10), (3,3), (5,9), (5,6), (2,6), (5,5), (4,3), (2,4), (2,5), (4,10)
------------------------
Iteración 21
-----------
Abiertos = (5,4), (2,10), (1,5), (5,10), (1,6), (5,10), (5,2), (5,4), (2,3), (2,3), (2,5), (1,4)
Cerrados = (3,8), (3,7), (4,7), (3,6), (4,8), (5,7), (5,8), (3,5), (3,4), (3,9), (3,10), (3,3), (5,9), (5,6), (2,6), (5,5), (4,3), (2,4), (2,5), (4,10), (5,3)
------------------------
Iteración 22
-----------
Abiertos = (5,4), (1,5), (5,10), (1,6), (5,10), (5,2), (5,4), (2,3), (2,3), (1,10), (1,4), (2,5)
Cerrados = (3,8), (3,7), (4,7), (3,6), (4,8), (5,7), (5,8), (3,5), (3,4), (3,9), (3,10), (3,3), (5,9), (5,6), (2,6), (5,5), (4,3), (2,4), (2,5), (4,10), (5,3), (2,10)
------------------------
Iteración 23
-----------
Abiertos = (1,5), (5,10), (1,6), (5,10), (5,2), (5,4), (2,3), (2,3), (1,10), (1,4), (2,5)
Cerrados = (3,8), (3,7), (4,7), (3,6), (4,8), (5,7), (5,8), (3,5), (3,4), (3,9), (3,10), (3,3), (5,9), (5,6), (2,6), (5,5), (4,3), (2,4), (2,5), (4,10), (5,3), (2,10), (5,4)
------------------------
Iteración 24
-----------
Abiertos = (1,5), (1,6), (5,10), (5,2), (5,4), (2,3), (2,3), (1,10), (1,4), (2,5)
Cerrados = (3,8), (3,7), (4,7), (3,6), (4,8), (5,7), (5,8), (3,5), (3,4), (3,9), (3,10), (3,3), (5,9), (5,6), (2,6), (5,5), (4,3), (2,4), (2,5), (4,10), (5,3), (2,10), (5,4), (5,10)
------------------------
Iteración 25
-----------
Abiertos = (1,5), (1,5), (5,10), (5,2), (5,4), (2,3), (2,3), (1,10), (2,5), (1,4), (1,7)
Cerrados = (3,8), (3,7), (4,7), (3,6), (4,8), (5,7), (5,8), (3,5), (3,4), (3,9), (3,10), (3,3), (5,9), (5,6), (2,6), (5,5), (4,3), (2,4), (2,5), (4,10), (5,3), (2,10), (5,4), (5,10), (1,6)
------------------------
Iteración 26
-----------
Abiertos = (1,5), (5,10), (5,2), (5,4), (2,3), (2,3), (1,10), (2,5), (1,4), (1,4), (1,7)
Cerrados = (3,8), (3,7), (4,7), (3,6), (4,8), (5,7), (5,8), (3,5), (3,4), (3,9), (3,10), (3,3), (5,9), (5,6), (2,6), (5,5), (4,3), (2,4), (2,5), (4,10), (5,3), (2,10), (5,4), (5,10), (1,6), (1,5)
------------------------
Iteración 27
-----------
Abiertos = (1,5), (5,4), (2,3), (2,3), (1,10), (2,5), (1,4), (1,4), (5,1), (1,7)
Cerrados = (3,8), (3,7), (4,7), (3,6), (4,8), (5,7), (5,8), (3,5), (3,4), (3,9), (3,10), (3,3), (5,9), (5,6), (2,6), (5,5), (4,3), (2,4), (2,5), (4,10), (5,3), (2,10), (5,4), (5,10), (1,6), (1,5), (5,2)
------------------------
Iteración 28
-----------
Abiertos = (1,5), (2,3), (1,10), (2,5), (1,4), (1,4), (5,1), (1,3), (1,7)
Cerrados = (3,8), (3,7), (4,7), (3,6), (4,8), (5,7), (5,8), (3,5), (3,4), (3,9), (3,10), (3,3), (5,9), (5,6), (2,6), (5,5), (4,3), (2,4), (2,5), (4,10), (5,3), (2,10), (5,4), (5,10), (1,6), (1,5), (5,2), (2,3)
------------------------
Iteración 29
-----------
Abiertos = (2,3), (2,5), (1,4), (1,4), (5,1), (1,9), (1,3), (1,7)
Cerrados = (3,8), (3,7), (4,7), (3,6), (4,8), (5,7), (5,8), (3,5), (3,4), (3,9), (3,10), (3,3), (5,9), (5,6), (2,6), (5,5), (4,3), (2,4), (2,5), (4,10), (5,3), (2,10), (5,4), (5,10), (1,6), (1,5), (5,2), (2,3), (1,10)
------------------------
Iteración 30
-----------
Abiertos = (1,3), (1,4), (2,5), (5,1), (1,9), (1,3), (1,7)
Cerrados = (3,8), (3,7), (4,7), (3,6), (4,8), (5,7), (5,8), (3,5), (3,4), (3,9), (3,10), (3,3), (5,9), (5,6), (2,6), (5,5), (4,3), (2,4), (2,5), (4,10), (5,3), (2,10), (5,4), (5,10), (1,6), (1,5), (5,2), (2,3), (1,10), (1,4)
------------------------
Iteración 31
-----------
Abiertos = (2,5), (1,4), (5,1), (1,9), (1,3), (1,2), (1,7)
Cerrados = (3,8), (3,7), (4,7), (3,6), (4,8), (5,7), (5,8), (3,5), (3,4), (3,9), (3,10), (3,3), (5,9), (5,6), (2,6), (5,5), (4,3), (2,4), (2,5), (4,10), (5,3), (2,10), (5,4), (5,10), (1,6), (1,5), (5,2), (2,3), (1,10), (1,4), (1,3)
------------------------
Iteración 32
-----------
Abiertos = (1,4), (1,9), (1,3), (1,2), (1,7), (4,1)
Cerrados = (3,8), (3,7), (4,7), (3,6), (4,8), (5,7), (5,8), (3,5), (3,4), (3,9), (3,10), (3,3), (5,9), (5,6), (2,6), (5,5), (4,3), (2,4), (2,5), (4,10), (5,3), (2,10), (5,4), (5,10), (1,6), (1,5), (5,2), (2,3), (1,10), (1,4), (1,3), (5,1)
------------------------
Iteración 33
-----------
Abiertos = (1,4), (1,8), (1,3), (1,2), (1,7), (4,1)
Cerrados = (3,8), (3,7), (4,7), (3,6), (4,8), (5,7), (5,8), (3,5), (3,4), (3,9), (3,10), (3,3), (5,9), (5,6), (2,6), (5,5), (4,3), (2,4), (2,5), (4,10), (5,3), (2,10), (5,4), (5,10), (1,6), (1,5), (5,2), (2,3), (1,10), (1,4), (1,3), (5,1), (1,9)
------------------------
Iteración 34
-----------
Abiertos = (1,4), (1,3), (1,2), (1,7), (1,7), (4,1)
Cerrados = (3,8), (3,7), (4,7), (3,6), (4,8), (5,7), (5,8), (3,5), (3,4), (3,9), (3,10), (3,3), (5,9), (5,6), (2,6), (5,5), (4,3), (2,4), (2,5), (4,10), (5,3), (2,10), (5,4), (5,10), (1,6), (1,5), (5,2), (2,3), (1,10), (1,4), (1,3), (5,1), (1,9), (1,8)
------------------------
Iteración 35
-----------
Abiertos = (1,3), (1,1), (1,7), (1,7), (4,1)
Cerrados = (3,8), (3,7), (4,7), (3,6), (4,8), (5,7), (5,8), (3,5), (3,4), (3,9), (3,10), (3,3), (5,9), (5,6), (2,6), (5,5), (4,3), (2,4), (2,5), (4,10), (5,3), (2,10), (5,4), (5,10), (1,6), (1,5), (5,2), (2,3), (1,10), (1,4), (1,3), (5,1), (1,9), (1,8), (1,2)
------------------------
Iteración 36
-----------
Abiertos = (1,1), (1,7), (4,1)
Cerrados = (3,8), (3,7), (4,7), (3,6), (4,8), (5,7), (5,8), (3,5), (3,4), (3,9), (3,10), (3,3), (5,9), (5,6), (2,6), (5,5), (4,3), (2,4), (2,5), (4,10), (5,3), (2,10), (5,4), (5,10), (1,6), (1,5), (5,2), (2,3), (1,10), (1,4), (1,3), (5,1), (1,9), (1,8), (1,2), (1,7)
------------------------
Iteración 37
-----------
Abiertos = (2,1), (4,1)
Cerrados = (3,8), (3,7), (4,7), (3,6), (4,8), (5,7), (5,8), (3,5), (3,4), (3,9), (3,10), (3,3), (5,9), (5,6), (2,6), (5,5), (4,3), (2,4), (2,5), (4,10), (5,3), (2,10), (5,4), (5,10), (1,6), (1,5), (5,2), (2,3), (1,10), (1,4), (1,3), (5,1), (1,9), (1,8), (1,2), (1,7), (1,1)
------------------------
Iteración 38
-----------
Abiertos = (2,1), (3,1)
Cerrados = (3,8), (3,7), (4,7), (3,6), (4,8), (5,7), (5,8), (3,5), (3,4), (3,9), (3,10), (3,3), (5,9), (5,6), (2,6), (5,5), (4,3), (2,4), (2,5), (4,10), (5,3), (2,10), (5,4), (5,10), (1,6), (1,5), (5,2), (2,3), (1,10), (1,4), (1,3), (5,1), (1,9), (1,8), (1,2), (1,7), (1,1), (4,1)
------------------------
Iteración 39
-----------
Abiertos = (3,1), (3,1)
Cerrados = (3,8), (3,7), (4,7), (3,6), (4,8), (5,7), (5,8), (3,5), (3,4), (3,9), (3,10), (3,3), (5,9), (5,6), (2,6), (5,5), (4,3), (2,4), (2,5), (4,10), (5,3), (2,10), (5,4), (5,10), (1,6), (1,5), (5,2), (2,3), (1,10), (1,4), (1,3), (5,1), (1,9), (1,8), (1,2), (1,7), (1,1), (4,1), (2,1)
------------------------
Iteración 40
-----------
Abiertos = (3,1)
Cerrados = (3,8), (3,7), (4,7), (3,6), (4,8), (5,7), (5,8), (3,5), (3,4), (3,9), (3,10), (3,3), (5,9), (5,6), (2,6), (5,5), (4,3), (2,4), (2,5), (4,10), (5,3), (2,10), (5,4), (5,10), (1,6), (1,5), (5,2), (2,3), (1,10), (1,4), (1,3), (5,1), (1,9), (1,8), (1,2), (1,7), (1,1), (4,1), (2,1), (3,1)
------------------------
No se ha encontrado ningún camino al destino.
Iteración 0
-----------
Abiertos = (3,8)
Cerrados = 
------------------------
Iteración 1
-----------
Abiertos = (3,7), (4,8), (3,9)
Cerrados = (3,8)
------------------------
Iteración 2
-----------
Abiertos = (4,7), (5,8), (3,7), (3,9)
Cerrados = (3,8), (4,8)
------------------------
Iteración 3
-----------
Abiertos = (4,7), (3,7), (5,7), (3,9), (5,9)
Cerrados = (3,8), (4,8), (5,8)
------------------------
Iteración 4
-----------
Abiertos = (4,7), (4,7), (3,6), (5,7), (3,9), (5,9)
Cerrados = (3,8), (4,8), (5,8), (3,7)
------------------------
Iteración 5
-----------
Abiertos = (3,6), (4,7), (5,7), (5,7), (3,9), (5,9)
Cerrados = (3,8), (4,8), (5,8), (3,7), (4,7)
------------------------
Iteración 6
-----------
Abiertos = (5,7), (5,7), (3,9), (3,5), (2,6), (5,9)
Cerrados = (3,8), (4,8), (5,8), (3,7), (4,7), (3,6)
------------------------
Iteración 7
-----------
Abiertos = (5,7), (3,9), (3,5), (5,6), (2,6), (5,9)
Cerrados = (3,8), (4,8), (5,8), (3,7), (4,7), (3,6), (5,7)
------------------------
Iteración 8
-----------
Abiertos = (3,5), (3,10), (5,6), (5,9), (2,6)
Cerrados = (3,8), (4,8), (5,8), (3,7), (4,7), (3,6), (5,7), (3,9)
------------------------
Iteración 9
-----------
Abiertos = (3,5), (5,6), (2,6), (5,9), (4,10), (2,10)
Cerrados = (3,8), (4,8), (5,8), (3,7), (4,7), (3,6), (5,7), (3,9), (3,10)
------------------------
Iteración 10
-----------
Abiertos = (3,5), (2,6), (5,9), (5,5), (4,10), (2,10)
Cerrados = (3,8), (4,8), (5,8), (3,7), (4,7), (3,6), (5,7), (3,9), (3,10), (5,6)
------------------------
Iteración 11
-----------
Abiertos = (3,4), (5,9), (2,6), (5,5), (2,5), (4,10), (2,10)
Cerrados = (3,8), (4,8), (5,8), (3,7), (4,7), (3,6), (5,7), (3,9), (3,10), (5,6), (3,5)
------------------------
Iteración 12
-----------
Abiertos = (3,3), (2,6), (5,9), (5,5), (2,4), (2,5), (4,10), (2,10)
Cerrados = (3,8), (4,8), (5,8), (3,7), (4,7), (3,6), (5,7), (3,9), (3,10), (5,6), (3,5), (3,4)
------------------------
Iteración 13
-----------
Abiertos = (3,3), (5,9), (5,5), (2,4), (2,5), (2,5), (4,10), (2,10), (1,6)
Cerrados = (3,8), (4,8), (5,8), (3,7), (4,7), (3,6), (5,7), (3,9), (3,10), (5,6), (3,5), (3,4), (2,6)
------------------------
Iteración 14
-----------
Abiertos = (3,3), (5,5), (2,4), (2,5), (2,5), (4,10), (2,10), (5,10), (1,6)
Cerrados = (3,8), (4,8), (5,8), (3,7), (4,7), (3,6), (5,7), (3,9), (3,10), (5,6), (3,5), (3,4), (2,6), (5,9)
------------------------
Iteración 15
-----------
Abiertos = (3,3), (5,4), (2,4), (2,5), (2,5), (4,10), (2,10), (5,10), (1,6)
Cerrados = (3,8), (4,8), (5,8), (3,7), (4,7), (3,6), (5,7), (3,9), (3,10), (5,6), (3,5), (3,4), (2,6), (5,9), (5,5)
------------------------
Iteración 16
-----------
Abiertos = (3,3), (2,4), (2,5), (2,5), (4,10), (5,3), (2,10), (5,10), (1,6)
Cerrados = (3,8), (4,8), (5,8), (3,7), (4,7), (3,6), (5,7), (3,9), (3,10), (5,6), (3,5), (3,4), (2,6), (5,9), (5,5), (5,4)
------------------------
Iteración 17
-----------
Abiertos = (4,3), (2,4), (2,5), (2,5), (4,10), (5,3), (2,10), (1,6), (5,10), (2,3)
Cerrados = (3,8), (4,8), (5,8), (3,7), (4,7), (3,6), (5,7), (3,9), (3,10), (5,6), (3,5), (3,4), (2,6), (5,9), (5,5), (5,4), (3,3)
------------------------
Iteración 18
-----------
Abiertos = (4,3), (2,5), (2,5), (4,10), (5,3), (2,10), (1,6), (5,10), (2,3), (2,3), (1,4), (2,5)
Cerrados = (3,8), (4,8), (5,8), (3,7), (4,7), (3,6), (5,7), (3,9), (3,10), (5,6), (3,5), (3,4), (2,6), (5,9), (5,5), (5,4), (3,3), (2,4)
------------------------
Iteración 19
-----------
Abiertos = (2,5), (2,5), (4,10), (5,3), (5,3), (2,10), (1,6), (5,10), (2,3), (2,3), (2,5), (1,4)
Cerrados = (3,8), (4,8), (5,8), (3,7), (4,7), (3,6), (5,7), (3,9), (3,10), (5,6), (3,5), (3,4), (2,6), (5,9), (5,5), (5,4), (3,3), (2,4), (4,3)
------------------------
Iteración 20
-----------
Abiertos = (2,5), (4,10), (5,3), (5,3), (2,10), (1,5), (1,6), (5,10), (2,3), (2,3), (2,5), (1,4)
Cerrados = (3,8), (4,8), (5,8), (3,7), (4,7), (3,6), (5,7), (3,9), (3,10), (5,6), (3,5), (3,4), (2,6), (5,9), (5,5), (5,4), (3,3), (2,4), (4,3), (2,5)
------------------------
Iteración 21
-----------
Abiertos = (4,10), (5,3), (2,10), (1,5), (1,6), (5,10), (5,2), (2,3), (2,3), (2,5), (1,4)
Cerrados = (3,8), (4,8), (5,8), (3,7), (4,7), (3,6), (5,7), (3,9), (3,10), (5,6), (3,5), (3,4), (2,6), (5,9), (5,5), (5,4), (3,3), (2,4), (4,3), (2,5), (5,3)
------------------------
Iteración 22
-----------
Abiertos = (5,3), (2,10), (1,5), (1,6), (5,10), (5,10), (5,2), (2,3), (2,3), (1,4), (2,5)
Cerrados = (3,8), (4,8), (5,8), (3,7), (4,7), (3,6), (5,7), (3,9), (3,10), (5,6), (3,5), (3,4), (2,6), (5,9), (5,5), (5,4), (3,3), (2,4), (4,3), (2,5), (5,3), (4,10)
------------------------
Iteración 23
-----------
Abiertos = (5,3), (1,5), (1,6), (5,10), (5,10), (5,2), (2,3), (2,3), (1,10), (1,4), (2,5)
Cerrados = (3,8), (4,8), (5,8), (3,7), (4,7), (3,6), (5,7), (3,9), (3,10), (5,6), (3,5), (3,4), (2,6), (5,9), (5,5), (5,4), (3,3), (2,4), (4,3), (2,5), (5,3), (4,10), (2,10)
------------------------
Iteración 24
-----------
Abiertos = (5,3), (5,10), (1,6), (5,10), (5,2), (2,3), (2,3), (1,10), (1,4), (1,4), (2,5), (1,6)
Cerrados = (3,8), (4,8), (5,8), (3,7), (4,7), (3,6), (5,7), (3,9), (3,10), (5,6), (3,5), (3,4), (2,6), (5,9), (5,5), (5,4), (3,3), (2,4), (4,3), (2,5), (5,3), (4,10), (2,10), (1,5)
------------------------
Iteración 25
-----------
Abiertos = (5,3), (1,6), (5,10), (5,2), (2,3), (2,3), (1,10), (1,4), (1,4), (2,5), (1,6)
Cerrados = (3,8), (4,8), (5,8), (3,7), (4,7), (3,6), (5,7), (3,9), (3,10), (5,6), (3,5), (3,4), (2,6), (5,9), (5,5), (5,4), (3,3), (2,4), (4,3), (2,5), (5,3), (4,10), (2,10), (1,5), (5,10)
------------------------
Iteración 26
-----------
Abiertos = (5,3), (5,10), (5,2), (2,3), (2,3), (1,10), (2,5), (1,4), (1,4), (1,6), (1,7)
Cerrados = (3,8), (4,8), (5,8), (3,7), (4,7), (3,6), (5,7), (3,9), (3,10), (5,6), (3,5), (3,4), (2,6), (5,9), (5,5), (5,4), (3,3), (2,4), (4,3), (2,5), (5,3), (4,10), (2,10), (1,5), (5,10), (1,6)
------------------------
Iteración 27
-----------
Abiertos = (2,3), (2,3), (1,10), (2,5), (1,4), (1,4), (5,1), (1,6), (1,7)
Cerrados = (3,8), (4,8), (5,8), (3,7), (4,7), (3,6), (5,7), (3,9), (3,10), (5,6), (3,5), (3,4), (2,6), (5,9), (5,5), (5,4), (3,3), (2,4), (4,3), (2,5), (5,3), (4,10), (2,10), (1,5), (5,10), (1,6), (5,2)
------------------------
Iteración 28
-----------
Abiertos = (2,3), (1,10), (2,5), (1,4), (1,4), (5,1), (1,3), (1,6), (1,7)
Cerrados = (3,8), (4,8), (5,8), (3,7), (4,7), (3,6), (5,7), (3,9), (3,10), (5,6), (3,5), (3,4), (2,6), (5,9), (5,5), (5,4), (3,3), (2,4), (4,3), (2,5), (5,3), (4,10), (2,10), (1,5), (5,10), (1,6), (5,2), (2,3)
------------------------
Iteración 29
-----------
Abiertos = (1,10), (1,3), (1,4), (5,1), (1,3), (1,6), (1,7)
Cerrados = (3,8), (4,8), (5,8), (3,7), (4,7), (3,6), (5,7), (3,9), (3,10), (5,6), (3,5), (3,4), (2,6), (5,9), (5,5), (5,4), (3,3), (2,4), (4,3), (2,5), (5,3), (4,10), (2,10), (1,5), (5,10), (1,6), (5,2), (2,3), (1,4)
------------------------
Iteración 30
-----------
Abiertos = (1,3), (1,4), (5,1), (1,9), (1,3), (1,6), (1,7)
Cerrados = (3,8), (4,8), (5,8), (3,7), (4,7), (3,6), (5,7), (3,9), (3,10), (5,6), (3,5), (3,4), (2,6), (5,9), (5,5), (5,4), (3,3), (2,4), (4,3), (2,5), (5,3), (4,10), (2,10), (1,5), (5,10), (1,6), (5,2), (2,3), (1,4), (1,10)
------------------------
Iteración 31
-----------
Abiertos = (1,4), (5,1), (1,9), (1,3), (1,6), (1,2), (1,7)
Cerrados = (3,8), (4,8), (5,8), (3,7), (4,7), (3,6), (5,7), (3,9), (3,10), (5,6), (3,5), (3,4), (2,6), (5,9), (5,5), (5,4), (3,3), (2,4), (4,3), (2,5), (5,3), (4,10), (2,10), (1,5), (5,10), (1,6), (5,2), (2,3), (1,4), (1,10), (1,3)
------------------------
Iteración 32
-----------
Abiertos = (5,1), (1,8), (1,3), (1,6), (1,2), (1,7)
Cerrados = (3,8), (4,8), (5,8), (3,7), (4,7), (3,6), (5,7), (3,9), (3,10), (5,6), (3,5), (3,4), (2,6), (5,9), (5,5), (5,4), (3,3), (2,4), (4,3), (2,5), (5,3), (4,10), (2,10), (1,5), (5,10), (1,6), (5,2), (2,3), (1,4), (1,10), (1,3), (1,9)
------------------------
Iteración 33
-----------
Abiertos = (5,1), (1,3), (1,6), (1,2), (1,7), (1,7)
Cerrados = (3,8), (4,8), (5,8), (3,7), (4,7), (3,6), (5,7), (3,9), (3,10), (5,6), (3,5), (3,4), (2,6), (5,9), (5,5), (5,4), (3,3), (2,4), (4,3), (2,5), (5,3), (4,10), (2,10), (1,5), (5,10), (1,6), (5,2), (2,3), (1,4), (1,10), (1,3), (1,9), (1,8)
------------------------
Iteración 34
-----------
Abiertos = (1,2), (1,7), (1,7), (4,1)
Cerrados = (3,8), (4,8), (5,8), (3,7), (4,7), (3,6), (5,7), (3,9), (3,10), (5,6), (3,5), (3,4), (2,6), (5,9), (5,5), (5,4), (3,3), (2,4), (4,3), (2,5), (5,3), (4,10), (2,10), (1,5), (5,10), (1,6), (5,2), (2,3), (1,4), (1,10), (1,3), (1,9), (1,8), (5,1)
------------------------
Iteración 35
-----------
Abiertos = (1,2), (1,7), (4,1)
Cerrados = (3,8), (4,8), (5,8), (3,7), (4,7), (3,6), (5,7), (3,9), (3,10), (5,6), (3,5), (3,4), (2,6), (5,9), (5,5), (5,4), (3,3), (2,4), (4,3), (2,5), (5,3), (4,10), (2,10), (1,5), (5,10), (1,6), (5,2), (2,3), (1,4), (1,10), (1,3), (1,9), (1,8), (5,1), (1,7)
------------------------
Iteración 36
-----------
Abiertos = (1,1), (4,1)
Cerrados = (3,8), (4,8), (5,8), (3,7), (4,7), (3,6), (5,7), (3,9), (3,10), (5,6), (3,5), (3,4), (2,6), (5,9), (5,5), (5,4), (3,3), (2,4), (4,3), (2,5), (5,3), (4,10), (2,10), (1,5), (5,10), (1,6), (5,2), (2,3), (1,4), (1,10), (1,3), (1,9), (1,8), (5,1), (1,7), (1,2)
------------------------
Iteración 37
-----------
Abiertos = (2,1), (4,1)
Cerrados = (3,8), (4,8), (5,8), (3,7), (4,7), (3,6), (5,7), (3,9), (3,10), (5,6), (3,5), (3,4), (2,6), (5,9), (5,5), (5,4), (3,3), (2,4), (4,3), (2,5), (5,3), (4,10), (2,10), (1,5), (5,10), (1,6), (5,2), (2,3), (1,4), (1,10), (1,3), (1,9), (1,8), (5,1), (1,7), (1,2), (1,1)
------------------------
Iteración 38
-----------
Abiertos = (2,1), (3,1)
Cerrados = (3,8), (4,8), (5,8), (3,7), (4,7), (3,6), (5,7), (3,9), (3,10), (5,6), (3,5), (3,4), (2,6), (5,9), (5,5), (5,4), (3,3), (2,4), (4,3), (2,5), (5,3), (4,10), (2,10), (1,5), (5,10), (1,6), (5,2), (2,3), (1,4), (1,10), (1,3), (1,9), (1,8), (5,1), (1,7), (1,2), (1,1), (4,1)
------------------------
Iteración 39
-----------
Abiertos = (2,1), (2,1)
Cerrados = (3,8), (4,8), (5,8), (3,7), (4,7), (3,6), (5,7), (3,9), (3,10), (5,6), (3,5), (3,4), (2,6), (5,9), (5,5), (5,4), (3,3), (2,4), (4,3), (2,5), (5,3), (4,10), (2,10), (1,5), (5,10), (1,6), (5,2), (2,3), (1,4), (1,10), (1,3), (1,9), (1,8), (5,1), (1,7), (1,2), (1,1), (4,1), (3,1)
------------------------
Iteración 40
-----------
Abiertos = (2,1)
Cerrados = (3,8), (4,8), (5,8), (3,7), (4,7), (3,6), (5,7), (3,9), (3,10), (5,6), (3,5), (3,4), (2,6), (5,9), (5,5), (5,4), (3,3), (2,4), (4,3), (2,5), (5,3), (4,10), (2,10), (1,5), (5,10), (1,6), (5,2), (2,3), (1,4), (1,10), (1,3), (1,9), (1,8), (5,1), (1,7), (1,2), (1,1), (4,1), (3,1), (2,1)
------------------------
No se ha encontrado ningún camino al destino.
Iteración 0
-----------
Abiertos = (3,8)
Cerrados = 
------------------------
Iteración 1
-----------
Abiertos = (3,7), (4,8), (3,9)
Cerrados = (3,8)
------------------------
Iteración 2
-----------
Abiertos = (3,6), (4,7), (4,8), (3,9)
Cerrados = (3,8), (3,7)
------------------------
Iteración 3
-----------
Abiertos = (3,6), (4,8), (5,7), (3,9), (4,8)
Cerrados = (3,8), (3,7), (4,7)
------------------------
Iteración 4
-----------
Abiertos = (3,6), (5,8), (5,7), (3,9), (4,8)
Cerrados = (3,8), (3,7), (4,7), (4,8)
------------------------
Iteración 5
-----------
Abiertos = (3,6), (5,7), (5,7), (3,9), (4,8), (5,9)
Cerrados = (3,8), (3,7), (4,7), (4,8), (5,8)
------------------------
Iteración 6
-----------
Abiertos = (3,6), (5,7), (3,9), (4,8), (5,6), (5,9)
Cerrados = (3,8), (3,7), (4,7), (4,8), (5,8), (5,7)
------------------------
Iteración 7
-----------
Abiertos = (5,7), (3,9), (3,5), (4,8), (5,6), (5,9), (2,6)
Cerrados = (3,8), (3,7), (4,7), (4,8), (5,8), (5,7), (3,6)
------------------------
Iteración 8
-----------
Abiertos = (5,7), (3,5), (4,8), (3,10), (5,6), (5,9), (2,6)
Cerrados = (3,8), (3,7), (4,7), (4,8), (5,8), (5,7), (3,6), (3,9)
------------------------
Iteración 9
-----------
Abiertos = (4,8), (3,10), (3,4), (5,6), (2,6), (5,9), (2,5)
Cerrados = (3,8), (3,7), (4,7), (4,8), (5,8), (5,7), (3,6), (3,9), (3,5)
------------------------
Iteración 10
-----------
Abiertos = (4,8), (3,4), (5,6), (2,6), (5,9), (2,5), (4,10), (2,10)
Cerrados = (3,8), (3,7), (4,7), (4,8), (5,8), (5,7), (3,6), (3,9), (3,5), (3,10)
------------------------
Iteración 11
-----------
Abiertos = (4,8), (3,3), (5,6), (2,6), (5,9), (2,4), (2,5), (4,10), (2,10)
Cerrados = (3,8), (3,7), (4,7), (4,8), (5,8), (5,7), (3,6), (3,9), (3,5), (3,10), (3,4)
------------------------
Iteración 12
-----------
Abiertos = (3,3), (2,6), (5,9), (5,5), (2,4), (2,5), (4,10), (2,10)
Cerrados = (3,8), (3,7), (4,7), (4,8), (5,8), (5,7), (3,6), (3,9), (3,5), (3,10), (3,4), (5,6)
------------------------
Iteración 13
-----------
Abiertos = (3,3), (5,9), (5,5), (2,4), (2,5), (2,5), (4,10), (2,10), (1,6)
Cerrados = (3,8), (3,7), (4,7), (4,8), (5,8), (5,7), (3,6), (3,9), (3,5), (3,10), (3,4), (5,6), (2,6)
------------------------
Iteración 14
-----------
Abiertos = (3,3), (5,5), (2,4), (2,5), (2,5), (4,10), (2,10), (1,6), (5,10)
Cerrados = (3,8), (3,7), (4,7), (4,8), (5,8), (5,7), (3,6), (3,9), (3,5), (3,10), (3,4), (5,6), (2,6), (5,9)
------------------------
Iteración 15
-----------
Abiertos = (3,3), (5,4), (2,4), (2,5), (2,5), (4,10), (2,10), (1,6), (5,10)
Cerrados = (3,8), (3,7), (4,7), (4,8), (5,8), (5,7), (3,6), (3,9), (3,5), (3,10), (3,4), (5,6), (2,6), (5,9), (5,5)
------------------------
Iteración 16
-----------
Abiertos = (5,4), (4,3), (2,4), (2,5), (2,5), (4,10), (2,10), (5,10), (1,6), (2,3)
Cerrados = (3,8), (3,7), (4,7), (4,8), (5,8), (5,7), (3,6), (3,9), (3,5), (3,10), (3,4), (5,6), (2,6), (5,9), (5,5), (3,3)
------------------------
Iteración 17
-----------
Abiertos = (5,4), (2,4), (2,5), (2,5), (4,10), (5,3), (2,10), (1,6), (5,10), (2,3)
Cerrados = (3,8), (3,7), (4,7), (4,8), (5,8), (5,7), (3,6), (3,9), (3,5), (3,10), (3,4), (5,6), (2,6), (5,9), (5,5), (3,3), (4,3)
------------------------
Iteración 18
-----------
Abiertos = (2,4), (2,5), (2,5), (4,10), (5,3), (5,3), (2,10), (1,6), (5,10), (2,3)
Cerrados = (3,8), (3,7), (4,7), (4,8), (5,8), (5,7), (3,6), (3,9), (3,5), (3,10), (3,4), (5,6), (2,6), (5,9), (5,5), (3,3), (4,3), (5,4)
------------------------
Iteración 19
-----------
Abiertos = (2,5), (2,5), (4,10), (5,3), (5,3), (2,10), (1,6), (5,10), (2,3), (2,3), (1,4), (2,5)
Cerrados = (3,8), (3,7), (4,7), (4,8), (5,8), (5,7), (3,6), (3,9), (3,5), (3,10), (3,4), (5,6), (2,6), (5,9), (5,5), (3,3), (4,3), (5,4), (2,4)
------------------------
Iteración 20
-----------
Abiertos = (2,5), (4,10), (5,3), (5,3), (2,10), (1,5), (1,6), (5,10), (2,3), (2,3), (1,4), (2,5)
Cerrados = (3,8), (3,7), (4,7), (4,8), (5,8), (5,7), (3,6), (3,9), (3,5), (3,10), (3,4), (5,6), (2,6), (5,9), (5,5), (3,3), (4,3), (5,4), (2,4), (2,5)
------------------------
Iteración 21
-----------
Abiertos = (5,3), (5,3), (2,10), (1,5), (1,6), (5,10), (5,10), (2,3), (2,3), (2,5), (1,4)
Cerrados = (3,8), (3,7), (4,7), (4,8), (5,8), (5,7), (3,6), (3,9), (3,5), (3,10), (3,4), (5,6), (2,6), (5,9), (5,5), (3,3), (4,3), (5,4), (2,4), (2,5), (4,10)
------------------------
Iteración 22
-----------
Abiertos = (5,3), (2,10), (1,5), (1,6), (5,10), (5,10), (5,2), (2,3), (2,3), (1,4), (2,5)
Cerrados = (3,8), (3,7), (4,7), (4,8), (5,8), (5,7), (3,6), (3,9), (3,5), (3,10), (3,4), (5,6), (2,6), (5,9), (5,5), (3,3), (4,3), (5,4), (2,4), (2,5), (4,10), (5,3)
------------------------
Iteración 23
-----------
Abiertos = (5,3), (1,5), (1,6), (5,10), (5,10), (5,2), (2,3), (2,3), (1,10), (2,5), (1,4)
Cerrados = (3,8), (3,7), (4,7), (4,8), (5,8), (5,7), (3,6), (3,9), (3,5), (3,10), (3,4), (5,6), (2,6), (5,9), (5,5), (3,3), (4,3), (5,4), (2,4), (2,5), (4,10), (5,3), (2,10)
------------------------
Iteración 24
-----------
Abiertos = (5,10), (5,10), (1,6), (5,2), (2,3), (2,3), (1,10), (2,5), (1,4), (1,4), (1,6)
Cerrados = (3,8), (3,7), (4,7), (4,8), (5,8), (5,7), (3,6), (3,9), (3,5), (3,10), (3,4), (5,6), (2,6), (5,9), (5,5), (3,3), (4,3), (5,4), (2,4), (2,5), (4,10), (5,3), (2,10), (1,5)
------------------------
Iteración 25
-----------
Abiertos = (1,6), (5,10), (5,2), (2,3), (2,3), (1,10), (2,5), (1,4), (1,4), (1,6)
Cerrados = (3,8), (3,7), (4,7), (4,8), (5,8), (5,7), (3,6), (3,9), (3,5), (3,10), (3,4), (5,6), (2,6), (5,9), (5,5), (3,3), (4,3), (5,4), (2,4), (2,5), (4,10), (5,3), (2,10), (1,5), (5,10)
------------------------
Iteración 26
-----------
Abiertos = (5,2), (2,3), (2,3), (1,10), (2,5), (1,4), (1,4), (1,6), (1,7)
Cerrados = (3,8), (3,7), (4,7), (4,8), (5,8), (5,7), (3,6), (3,9), (3,5), (3,10), (3,4), (5,6), (2,6), (5,9), (5,5), (3,3), (4,3), (5,4), (2,4), (2,5), (4,10), (5,3), (2,10), (1,5), (5,10), (1,6)
------------------------
Iteración 27
-----------
Abiertos = (5,2), (2,3), (1,10), (2,5), (1,4), (1,4), (1,3), (1,6), (1,7)
Cerrados = (3,8), (3,7), (4,7), (4,8), (5,8), (5,7), (3,6), (3,9), (3,5), (3,10), (3,4), (5,6), (2,6), (5,9), (5,5), (3,3), (4,3), (5,4), (2,4), (2,5), (4,10), (5,3), (2,10), (1,5), (5,10), (1,6), (2,3)
------------------------
Iteración 28
-----------
Abiertos = (2,3), (1,10), (2,5), (1,4), (1,4), (5,1), (1,3), (1,6), (1,7)
Cerrados = (3,8), (3,7), (4,7), (4,8), (5,8), (5,7), (3,6), (3,9), (3,5), (3,10), (3,4), (5,6), (2,6), (5,9), (5,5), (3,3), (4,3), (5,4), (2,4), (2,5), (4,10), (5,3), (2,10), (1,5), (5,10), (1,6), (2,3), (5,2)
------------------------
Iteración 29
-----------
Abiertos = (2,3), (2,5), (1,4), (1,4), (5,1), (1,9), (1,3), (1,6), (1,7)
Cerrados = (3,8), (3,7), (4,7), (4,8), (5,8), (5,7), (3,6), (3,9), (3,5), (3,10), (3,4), (5,6), (2,6), (5,9), (5,5), (3,3), (4,3), (5,4), (2,4), (2,5), (4,10), (5,3), (2,10), (1,5), (5,10), (1,6), (2,3), (5,2), (1,10)
------------------------
Iteración 30
-----------
Abiertos = (1,3), (1,4), (2,5), (5,1), (1,9), (1,3), (1,6), (1,7)
Cerrados = (3,8), (3,7), (4,7), (4,8), (5,8), (5,7), (3,6), (3,9), (3,5), (3,10), (3,4), (5,6), (2,6), (5,9), (5,5), (3,3), (4,3), (5,4), (2,4), (2,5), (4,10), (5,3), (2,10), (1,5), (5,10), (1,6), (2,3), (5,2), (1,10), (1,4)
------------------------
Iteración 31
-----------
Abiertos = (2,5), (1,4), (5,1), (1,9), (1,3), (1,6), (1,2), (1,7)
Cerrados = (3,8), (3,7), (4,7), (4,8), (5,8), (5,7), (3,6), (3,9), (3,5), (3,10), (3,4), (5,6), (2,6), (5,9), (5,5), (3,3), (4,3), (5,4), (2,4), (2,5), (4,10), (5,3), (2,10), (1,5), (5,10), (1,6), (2,3), (5,2), (1,10), (1,4), (1,3)
------------------------
Iteración 32
-----------
Abiertos = (2,5), (1,9), (1,3), (1,6), (1,2), (1,7), (4,1)
Cerrados = (3,8), (3,7), (4,7), (4,8), (5,8), (5,7), (3,6), (3,9), (3,5), (3,10), (3,4), (5,6), (2,6), (5,9), (5,5), (3,3), (4,3), (5,4), (2,4), (2,5), (4,10), (5,3), (2,10), (1,5), (5,10), (1,6), (2,3), (5,2), (1,10), (1,4), (1,3), (5,1)
------------------------
Iteración 33
-----------
Abiertos = (1,8), (1,3), (1,6), (1,2), (1,7), (4,1)
Cerrados = (3,8), (3,7), (4,7), (4,8), (5,8), (5,7), (3,6), (3,9), (3,5), (3,10), (3,4), (5,6), (2,6), (5,9), (5,5), (3,3), (4,3), (5,4), (2,4), (2,5), (4,10), (5,3), (2,10), (1,5), (5,10), (1,6), (2,3), (5,2), (1,10), (1,4), (1,3), (5,1), (1,9)
------------------------
Iteración 34
-----------
Abiertos = (1,8), (1,1), (1,7), (4,1)
Cerrados = (3,8), (3,7), (4,7), (4,8), (5,8), (5,7), (3,6), (3,9), (3,5), (3,10), (3,4), (5,6), (2,6), (5,9), (5,5), (3,3), (4,3), (5,4), (2,4), (2,5), (4,10), (5,3), (2,10), (1,5), (5,10), (1,6), (2,3), (5,2), (1,10), (1,4), (1,3), (5,1), (1,9), (1,2)
------------------------
Iteración 35
-----------
Abiertos = (1,1), (1,7), (1,7), (4,1)
Cerrados = (3,8), (3,7), (4,7), (4,8), (5,8), (5,7), (3,6), (3,9), (3,5), (3,10), (3,4), (5,6), (2,6), (5,9), (5,5), (3,3), (4,3), (5,4), (2,4), (2,5), (4,10), (5,3), (2,10), (1,5), (5,10), (1,6), (2,3), (5,2), (1,10), (1,4), (1,3), (5,1), (1,9), (1,2), (1,8)
------------------------
Iteración 36
-----------
Abiertos = (1,1), (1,7), (4,1)
Cerrados = (3,8), (3,7), (4,7), (4,8), (5,8), (5,7), (3,6), (3,9), (3,5), (3,10), (3,4), (5,6), (2,6), (5,9), (5,5), (3,3), (4,3), (5,4), (2,4), (2,5), (4,10), (5,3), (2,10), (1,5), (5,10), (1,6), (2,3), (5,2), (1,10), (1,4), (1,3), (5,1), (1,9), (1,2), (1,8), (1,7)
------------------------
Iteración 37
-----------
Abiertos = (1,1), (3,1)
Cerrados = (3,8), (3,7), (4,7), (4,8), (5,8), (5,7), (3,6), (3,9), (3,5), (3,10), (3,4), (5,6), (2,6), (5,9), (5,5), (3,3), (4,3), (5,4), (2,4), (2,5), (4,10), (5,3), (2,10), (1,5), (5,10), (1,6), (2,3), (5,2), (1,10), (1,4), (1,3), (5,1), (1,9), (1,2), (1,8), (1,7), (4,1)
------------------------
Iteración 38
-----------
Abiertos = (2,1), (3,1)
Cerrados = (3,8), (3,7), (4,7), (4,8), (5,8), (5,7), (3,6), (3,9), (3,5), (3,10), (3,4), (5,6), (2,6), (5,9), (5,5), (3,3), (4,3), (5,4), (2,4), (2,5), (4,10), (5,3), (2,10), (1,5), (5,10), (1,6), (2,3), (5,2), (1,10), (1,4), (1,3), (5,1), (1,9), (1,2), (1,8), (1,7), (4,1), (1,1)
------------------------
Iteración 39
-----------
Abiertos = (3,1), (3,1)
Cerrados = (3,8), (3,7), (4,7), (4,8), (5,8), (5,7), (3,6), (3,9), (3,5), (3,10), (3,4), (5,6), (2,6), (5,9), (5,5), (3,3), (4,3), (5,4), (2,4), (2,5), (4,10), (5,3), (2,10), (1,5), (5,10), (1,6), (2,3), (5,2), (1,10), (1,4), (1,3), (5,1), (1,9), (1,2), (1,8), (1,7), (4,1), (1,1), (2,1)
------------------------
Iteración 40
-----------
Abiertos = (3,1)
Cerrados = (3,8), (3,7), (4,7), (4,8), (5,8), (5,7), (3,6), (3,9), (3,5), (3,10), (3,4), (5,6), (2,6), (5,9), (5,5), (3,3), (4,3), (5,4), (2,4), (2,5), (4,10), (5,3), (2,10), (1,5), (5,10), (1,6), (2,3), (5,2), (1,10), (1,4), (1,3), (5,1), (1,9), (1,2), (1,8), (1,7), (4,1), (1,1), (2,1), (3,1)
------------------------
No se ha encontrado ningún camino al destino.
Iteración 0
-----------
Abiertos = (3,8)
Cerrados = 
------------------------
Iteración 1
-----------
Abiertos = (3,7), (4,8), (3,9)
Cerrados = (3,8)
------------------------
Iteración 2
-----------
Abiertos = (4,7), (5,8), (3,7), (3,9)
Cerrados = (3,8), (4,8)
------------------------
Iteración 3
-----------
Abiertos = (5,8), (3,7), (5,7), (3,9), (3,7)
Cerrados = (3,8), (4,8), (4,7)
------------------------
Iteración 4
-----------
Abiertos = (5,8), (3,6), (5,7), (3,9), (3,7)
Cerrados = (3,8), (4,8), (4,7), (3,7)
------------------------
Iteración 5
-----------
Abiertos = (5,8), (5,7), (3,9), (3,5), (3,7), (2,6)
Cerrados = (3,8), (4,8), (4,7), (3,7), (3,6)
------------------------
Iteración 6
-----------
Abiertos = (5,7), (5,7), (3,9), (3,5), (3,7), (2,6), (5,9)
Cerrados = (3,8), (4,8), (4,7), (3,7), (3,6), (5,8)
------------------------
Iteración 7
-----------
Abiertos = (5,7), (3,9), (3,5), (3,7), (5,6), (2,6), (5,9)
Cerrados = (3,8), (4,8), (4,7), (3,7), (3,6), (5,8), (5,7)
------------------------
Iteración 8
-----------
Abiertos = (5,7), (3,5), (3,7), (3,10), (5,6), (2,6), (5,9)
Cerrados = (3,8), (4,8), (4,7), (3,7), (3,6), (5,8), (5,7), (3,9)
------------------------
Iteración 9
-----------
Abiertos = (3,7), (3,10), (3,4), (5,6), (5,9), (2,6), (2,5)
Cerrados = (3,8), (4,8), (4,7), (3,7), (3,6), (5,8), (5,7), (3,9), (3,5)
------------------------
Iteración 10
-----------
Abiertos = (3,10), (3,3), (5,6), (5,9), (2,6), (2,4), (2,5)
Cerrados = (3,8), (4,8), (4,7), (3,7), (3,6), (5,8), (5,7), (3,9), (3,5), (3,4)
------------------------
Iteración 11
-----------
Abiertos = (3,10), (5,6), (5,9), (2,6), (4,3), (2,4), (2,5), (2,3)
Cerrados = (3,8), (4,8), (4,7), (3,7), (3,6), (5,8), (5,7), (3,9), (3,5), (3,4), (3,3)
------------------------
Iteración 12
-----------
Abiertos = (3,10), (5,9), (2,6), (4,3), (5,5), (2,4), (2,5), (2,3)
Cerrados = (3,8), (4,8), (4,7), (3,7), (3,6), (5,8), (5,7), (3,9), (3,5), (3,4), (3,3), (5,6)
------------------------
Iteración 13
-----------
Abiertos = (2,6), (5,9), (4,3), (5,5), (2,4), (2,5), (4,10), (2,10), (2,3)
Cerrados = (3,8), (4,8), (4,7), (3,7), (3,6), (5,8), (5,7), (3,9), (3,5), (3,4), (3,3), (5,6), (3,10)
------------------------
Iteración 14
-----------
Abiertos = (2,6), (4,3), (5,5), (2,4), (2,5), (4,10), (2,10), (5,10), (2,3)
Cerrados = (3,8), (4,8), (4,7), (3,7), (3,6), (5,8), (5,7), (3,9), (3,5), (3,4), (3,3), (5,6), (3,10), (5,9)
------------------------
Iteración 15
-----------
Abiertos = (2,6), (5,5), (2,4), (2,5), (4,10), (5,3), (2,10), (5,10), (2,3)
Cerrados = (3,8), (4,8), (4,7), (3,7), (3,6), (5,8), (5,7), (3,9), (3,5), (3,4), (3,3), (5,6), (3,10), (5,9), (4,3)
------------------------
Iteración 16
-----------
Abiertos = (5,5), (2,4), (2,5), (2,5), (4,10), (5,3), (2,10), (5,10), (1,6), (2,3)
Cerrados = (3,8), (4,8), (4,7), (3,7), (3,6), (5,8), (5,7), (3,9), (3,5), (3,4), (3,3), (5,6), (3,10), (5,9), (4,3), (2,6)
------------------------
Iteración 17
-----------
Abiertos = (5,5), (2,5), (2,5), (4,10), (5,3), (2,10), (5,10), (1,6), (2,3), (2,3), (2,5), (1,4)
Cerrados = (3,8), (4,8), (4,7), (3,7), (3,6), (5,8), (5,7), (3,9), (3,5), (3,4), (3,3), (5,6), (3,10), (5,9), (4,3), (2,6), (2,4)
------------------------
Iteración 18
-----------
Abiertos = (5,4), (2,5), (2,5), (4,10), (5,3), (2,10), (5,10), (1,6), (2,3), (2,3), (2,5), (1,4)
Cerrados = (3,8), (4,8), (4,7), (3,7), (3,6), (5,8), (5,7), (3,9), (3,5), (3,4), (3,3), (5,6), (3,10), (5,9), (4,3), (2,6), (2,4), (5,5)
------------------------
Iteración 19
-----------
Abiertos = (2,5), (2,5), (4,10), (5,3), (5,3), (2,10), (5,10), (1,6), (2,3), (2,3), (2,5), (1,4)
Cerrados = (3,8), (4,8), (4,7), (3,7), (3,6), (5,8), (5,7), (3,9), (3,5), (3,4), (3,3), (5,6), (3,10), (5,9), (4,3), (2,6), (2,4), (5,5), (5,4)
------------------------
Iteración 20
-----------
Abiertos = (2,5), (4,10), (5,3), (5,3), (2,10), (1,5), (5,10), (1,6), (2,3), (2,3), (2,5), (1,4)
Cerrados = (3,8), (4,8), (4,7), (3,7), (3,6), (5,8), (5,7), (3,9), (3,5), (3,4), (3,3), (5,6), (3,10), (5,9), (4,3), (2,6), (2,4), (5,5), (5,4), (2,5)
------------------------
Iteración 21
-----------
Abiertos = (5,3), (5,3), (2,10), (1,5), (5,10), (5,10), (1,6), (2,3), (2,3), (1,4), (2,5)
Cerrados = (3,8), (4,8), (4,7), (3,7), (3,6), (5,8), (5,7), (3,9), (3,5), (3,4), (3,3), (5,6), (3,10), (5,9), (4,3), (2,6), (2,4), (5,5), (5,4), (2,5), (4,10)
------------------------
Iteración 22
-----------
Abiertos = (5,3), (2,10), (1,5), (5,10), (5,10), (1,6), (5,2), (2,3), (2,3), (2,5), (1,4)
Cerrados = (3,8), (4,8), (4,7), (3,7), (3,6), (5,8), (5,7), (3,9), (3,5), (3,4), (3,3), (5,6), (3,10), (5,9), (4,3), (2,6), (2,4), (5,5), (5,4), (2,5), (4,10), (5,3)
------------------------
Iteración 23
-----------
Abiertos = (5,3), (1,5), (5,10), (5,10), (1,6), (5,2), (2,3), (2,3), (1,10), (2,5), (1,4)
Cerrados = (3,8), (4,8), (4,7), (3,7), (3,6), (5,8), (5,7), (3,9), (3,5), (3,4), (3,3), (5,6), (3,10), (5,9), (4,3), (2,6), (2,4), (5,5), (5,4), (2,5), (4,10), (5,3), (2,10)
------------------------
Iteración 24
-----------
Abiertos = (1,5), (5,10), (1,6), (5,2), (2,3), (2,3), (1,10), (1,4), (2,5)
Cerrados = (3,8), (4,8), (4,7), (3,7), (3,6), (5,8), (5,7), (3,9), (3,5), (3,4), (3,3), (5,6), (3,10), (5,9), (4,3), (2,6), (2,4), (5,5), (5,4), (2,5), (4,10), (5,3), (2,10), (5,10)
------------------------
Iteración 25
-----------
Abiertos = (1,6), (5,10), (5,2), (2,3), (2,3), (1,10), (1,4), (2,5), (1,4), (1,6)
Cerrados = (3,8), (4,8), (4,7), (3,7), (3,6), (5,8), (5,7), (3,9), (3,5), (3,4), (3,3), (5,6), (3,10), (5,9), (4,3), (2,6), (2,4), (5,5), (5,4), (2,5), (4,10), (5,3), (2,10), (5,10), (1,5)
------------------------
Iteración 26
-----------
Abiertos = (5,10), (5,2), (2,3), (2,3), (1,10), (1,4), (2,5), (1,4), (1,6), (1,7)
Cerrados = (3,8), (4,8), (4,7), (3,7), (3,6), (5,8), (5,7), (3,9), (3,5), (3,4), (3,3), (5,6), (3,10), (5,9), (4,3), (2,6), (2,4), (5,5), (5,4), (2,5), (4,10), (5,3), (2,10), (5,10), (1,5), (1,6)
------------------------
Iteración 27
-----------
Abiertos = (2,3), (2,3), (1,10), (1,4), (2,5), (1,4), (5,1), (1,6), (1,7)
Cerrados = (3,8), (4,8), (4,7), (3,7), (3,6), (5,8), (5,7), (3,9), (3,5), (3,4), (3,3), (5,6), (3,10), (5,9), (4,3), (2,6), (2,4), (5,5), (5,4), (2,5), (4,10), (5,3), (2,10), (5,10), (1,5), (1,6), (5,2)
------------------------
Iteración 28
-----------
Abiertos = (2,3), (1,10), (1,4), (2,5), (1,4), (5,1), (1,3), (1,6), (1,7)
Cerrados = (3,8), (4,8), (4,7), (3,7), (3,6), (5,8), (5,7), (3,9), (3,5), (3,4), (3,3), (5,6), (3,10), (5,9), (4,3), (2,6), (2,4), (5,5), (5,4), (2,5), (4,10), (5,3), (2,10), (5,10), (1,5), (1,6), (5,2), (2,3)
------------------------
Iteración 29
-----------
Abiertos = (2,3), (1,4), (2,5), (1,4), (5,1), (1,9), (1,3), (1,6), (1,7)
Cerrados = (3,8), (4,8), (4,7), (3,7), (3,6), (5,8), (5,7), (3,9), (3,5), (3,4), (3,3), (5,6), (3,10), (5,9), (4,3), (2,6), (2,4), (5,5), (5,4), (2,5), (4,10), (5,3), (2,10), (5,10), (1,5), (1,6), (5,2), (2,3), (1,10)
------------------------
Iteración 30
-----------
Abiertos = (1,3), (1,4), (5,1), (1,9), (1,3), (1,6), (1,7)
Cerrados = (3,8), (4,8), (4,7), (3,7), (3,6), (5,8), (5,7), (3,9), (3,5), (3,4), (3,3), (5,6), (3,10), (5,9), (4,3), (2,6), (2,4), (5,5), (5,4), (2,5), (4,10), (5,3), (2,10), (5,10), (1,5), (1,6), (5,2), (2,3), (1,10), (1,4)
------------------------
Iteración 31
-----------
Abiertos = (1,3), (1,9), (1,3), (1,6), (1,7), (4,1)
Cerrados = (3,8), (4,8), (4,7), (3,7), (3,6), (5,8), (5,7), (3,9), (3,5), (3,4), (3,3), (5,6), (3,10), (5,9), (4,3), (2,6), (2,4), (5,5), (5,4), (2,5), (4,10), (5,3), (2,10), (5,10), (1,5), (1,6), (5,2), (2,3), (1,10), (1,4), (5,1)
------------------------
Iteración 32
-----------
Abiertos = (1,3), (1,8), (1,3), (1,6), (1,7), (4,1)
Cerrados = (3,8), (4,8), (4,7), (3,7), (3,6), (5,8), (5,7), (3,9), (3,5), (3,4), (3,3), (5,6), (3,10), (5,9), (4,3), (2,6), (2,4), (5,5), (5,4), (2,5), (4,10), (5,3), (2,10), (5,10), (1,5), (1,6), (5,2), (2,3), (1,10), (1,4), (5,1), (1,9)
------------------------
Iteración 33
-----------
Abiertos = (1,8), (1,3), (1,6), (1,2), (1,7), (4,1)
Cerrados = (3,8), (4,8), (4,7), (3,7), (3,6), (5,8), (5,7), (3,9), (3,5), (3,4), (3,3), (5,6), (3,10), (5,9), (4,3), (2,6), (2,4), (5,5), (5,4), (2,5), (4,10), (5,3), (2,10), (5,10), (1,5), (1,6), (5,2), (2,3), (1,10), (1,4), (5,1), (1,9), (1,3)
------------------------
Iteración 34
-----------
Abiertos = (1,3), (1,6), (1,2), (1,7), (1,7), (4,1)
Cerrados = (3,8), (4,8), (4,7), (3,7), (3,6), (5,8), (5,7), (3,9), (3,5), (3,4), (3,3), (5,6), (3,10), (5,9), (4,3), (2,6), (2,4), (5,5), (5,4), (2,5), (4,10), (5,3), (2,10), (5,10), (1,5), (1,6), (5,2), (2,3), (1,10), (1,4), (5,1), (1,9), (1,3), (1,8)
------------------------
Iteración 35
-----------
Abiertos = (1,3), (1,1), (1,7), (1,7), (4,1)
Cerrados = (3,8), (4,8), (4,7), (3,7), (3,6), (5,8), (5,7), (3,9), (3,5), (3,4), (3,3), (5,6), (3,10), (5,9), (4,3), (2,6), (2,4), (5,5), (5,4), (2,5), (4,10), (5,3), (2,10), (5,10), (1,5), (1,6), (5,2), (2,3), (1,10), (1,4), (5,1), (1,9), (1,3), (1,8), (1,2)
------------------------
Iteración 36
-----------
Abiertos = (1,3), (1,7), (1,7), (2,1), (4,1)
Cerrados = (3,8), (4,8), (4,7), (3,7), (3,6), (5,8), (5,7), (3,9), (3,5), (3,4), (3,3), (5,6), (3,10), (5,9), (4,3), (2,6), (2,4), (5,5), (5,4), (2,5), (4,10), (5,3), (2,10), (5,10), (1,5), (1,6), (5,2), (2,3), (1,10), (1,4), (5,1), (1,9), (1,3), (1,8), (1,2), (1,1)
------------------------
Iteración 37
-----------
Abiertos = (1,7), (2,1), (4,1)
Cerrados = (3,8), (4,8), (4,7), (3,7), (3,6), (5,8), (5,7), (3,9), (3,5), (3,4), (3,3), (5,6), (3,10), (5,9), (4,3), (2,6), (2,4), (5,5), (5,4), (2,5), (4,10), (5,3), (2,10), (5,10), (1,5), (1,6), (5,2), (2,3), (1,10), (1,4), (5,1), (1,9), (1,3), (1,8), (1,2), (1,1), (1,7)
------------------------
Iteración 38
-----------
Abiertos = (2,1), (3,1)
Cerrados = (3,8), (4,8), (4,7), (3,7), (3,6), (5,8), (5,7), (3,9), (3,5), (3,4), (3,3), (5,6), (3,10), (5,9), (4,3), (2,6), (2,4), (5,5), (5,4), (2,5), (4,10), (5,3), (2,10), (5,10), (1,5), (1,6), (5,2), (2,3), (1,10), (1,4), (5,1), (1,9), (1,3), (1,8), (1,2), (1,1), (1,7), (4,1)
------------------------
Iteración 39
-----------
Abiertos = (3,1), (3,1)
Cerrados = (3,8), (4,8), (4,7), (3,7), (3,6), (5,8), (5,7), (3,9), (3,5), (3,4), (3,3), (5,6), (3,10), (5,9), (4,3), (2,6), (2,4), (5,5), (5,4), (2,5), (4,10), (5,3), (2,10), (5,10), (1,5), (1,6), (5,2), (2,3), (1,10), (1,4), (5,1), (1,9), (1,3), (1,8), (1,2), (1,1), (1,7), (4,1), (2,1)
------------------------
Iteración 40
-----------
Abiertos = (3,1)
Cerrados = (3,8), (4,8), (4,7), (3,7), (3,6), (5,8), (5,7), (3,9), (3,5), (3,4), (3,3), (5,6), (3,10), (5,9), (4,3), (2,6), (2,4), (5,5), (5,4), (2,5), (4,10), (5,3), (2,10), (5,10), (1,5), (1,6), (5,2), (2,3), (1,10), (1,4), (5,1), (1,9), (1,3), (1,8), (1,2), (1,1), (1,7), (4,1), (2,1), (3,1)
------------------------
No se ha encontrado ningún camino al destino.
Iteración 0
-----------
Abiertos = (3,8)
Cerrados = 
------------------------
Iteración 1
-----------
Abiertos = (3,7), (4,8), (3,9)
Cerrados = (3,8)
------------------------
Iteración 2
-----------
Abiertos = (3,6), (4,7), (4,8), (3,9)
Cerrados = (3,8), (3,7)
------------------------
Iteración 3
-----------
Abiertos = (3,6), (4,8), (5,7), (3,9), (4,8)
Cerrados = (3,8), (3,7), (4,7)
------------------------
Iteración 4
-----------
Abiertos = (4,8), (5,7), (3,9), (3,5), (4,8), (2,6)
Cerrados = (3,8), (3,7), (4,7), (3,6)
------------------------
Iteración 5
-----------
Abiertos = (5,8), (5,7), (3,9), (3,5), (4,8), (2,6)
Cerrados = (3,8), (3,7), (4,7), (3,6), (4,8)
------------------------
Iteración 6
-----------
Abiertos = (5,7), (5,7), (3,9), (3,5), (4,8), (5,9), (2,6)
Cerrados = (3,8), (3,7), (4,7), (3,6), (4,8), (5,8)
------------------------
Iteración 7
-----------
Abiertos = (5,7), (3,9), (3,5), (4,8), (5,6), (2,6), (5,9)
Cerrados = (3,8), (3,7), (4,7), (3,6), (4,8), (5,8), (5,7)
------------------------
Iteración 8
-----------
Abiertos = (5,7), (3,5), (4,8), (3,10), (5,6), (2,6), (5,9)
Cerrados = (3,8), (3,7), (4,7), (3,6), (4,8), (5,8), (5,7), (3,9)
------------------------
Iteración 9
-----------
Abiertos = (4,8), (3,10), (3,4), (5,6), (5,9), (2,6), (2,5)
Cerrados = (3,8), (3,7), (4,7), (3,6), (4,8), (5,8), (5,7), (3,9), (3,5)
------------------------
Iteración 10
-----------
Abiertos = (4,8), (3,4), (5,6), (5,9), (2,6), (2,5), (4,10), (2,10)
Cerrados = (3,8), (3,7), (4,7), (3,6), (4,8), (5,8), (5,7), (3,9), (3,5), (3,10)
------------------------
Iteración 11
-----------
Abiertos = (4,8), (3,3), (5,6), (5,9), (2,6), (2,4), (2,5), (4,10), (2,10)
Cerrados = (3,8), (3,7), (4,7), (3,6), (4,8), (5,8), (5,7), (3,9), (3,5), (3,10), (3,4)
------------------------
Iteración 12
-----------
Abiertos = (4,8), (5,6), (5,9), (2,6), (4,3), (2,4), (2,5), (4,10), (2,10), (2,3)
Cerrados = (3,8), (3,7), (4,7), (3,6), (4,8), (5,8), (5,7), (3,9), (3,5), (3,10), (3,4), (3,3)
------------------------
Iteración 13
-----------
Abiertos = (4,8), (5,9), (2,6), (4,3), (5,5), (2,4), (2,5), (4,10), (2,10), (2,3)
Cerrados = (3,8), (3,7), (4,7), (3,6), (4,8), (5,8), (5,7), (3,9), (3,5), (3,10), (3,4), (3,3), (5,6)
------------------------
Iteración 14
-----------
Abiertos = (5,9), (4,3), (5,5), (2,4), (2,5), (2,5), (4,10), (2,10), (1,6), (2,3)
Cerrados = (3,8), (3,7), (4,7), (3,6), (4,8), (5,8), (5,7), (3,9), (3,5), (3,10), (3,4), (3,3), (5,6), (2,6)
------------------------
Iteración 15
-----------
Abiertos = (4,3), (5,5), (2,4), (2,5), (2,5), (4,10), (2,10), (5,10), (1,6), (2,3)
Cerrados = (3,8), (3,7), (4,7), (3,6), (4,8), (5,8), (5,7), (3,9), (3,5), (3,10), (3,4), (3,3), (5,6), (2,6), (5,9)
------------------------
Iteración 16
-----------
Abiertos = (5,5), (2,4), (2,5), (2,5), (4,10), (5,3), (2,10), (5,10), (1,6), (2,3)
Cerrados = (3,8), (3,7), (4,7), (3,6), (4,8), (5,8), (5,7), (3,9), (3,5), (3,10), (3,4), (3,3), (5,6), (2,6), (5,9), (4,3)
------------------------
Iteración 17
-----------
Abiertos = (5,4), (2,4), (2,5), (2,5), (4,10), (5,3), (2,10), (1,6), (5,10), (2,3)
Cerrados = (3,8), (3,7), (4,7), (3,6), (4,8), (5,8), (5,7), (3,9), (3,5), (3,10), (3,4), (3,3), (5,6), (2,6), (5,9), (4,3), (5,5)
------------------------
Iteración 18
-----------
Abiertos = (5,4), (2,5), (2,5), (4,10), (5,3), (2,10), (5,10), (1,6), (2,3), (2,3), (1,4), (2,5)
Cerrados = (3,8), (3,7), (4,7), (3,6), (4,8), (5,8), (5,7), (3,9), (3,5), (3,10), (3,4), (3,3), (5,6), (2,6), (5,9), (4,3), (5,5), (2,4)
------------------------
Iteración 19
-----------
Abiertos = (5,4), (2,5), (4,10), (5,3), (2,10), (1,5), (5,10), (1,6), (2,3), (2,3), (1,4), (2,5)
Cerrados = (3,8), (3,7), (4,7), (3,6), (4,8), (5,8), (5,7), (3,9), (3,5), (3,10), (3,4), (3,3), (5,6), (2,6), (5,9), (4,3), (5,5), (2,4), (2,5)
------------------------
Iteración 20
-----------
Abiertos = (2,5), (4,10), (5,3), (5,3), (2,10), (1,5), (5,10), (1,6), (2,3), (2,3), (1,4), (2,5)
Cerrados = (3,8), (3,7), (4,7), (3,6), (4,8), (5,8), (5,7), (3,9), (3,5), (3,10), (3,4), (3,3), (5,6), (2,6), (5,9), (4,3), (5,5), (2,4), (2,5), (5,4)
------------------------
Iteración 21
-----------
Abiertos = (4,10), (5,3), (2,10), (1,5), (5,10), (1,6), (5,2), (2,3), (2,3), (1,4), (2,5)
Cerrados = (3,8), (3,7), (4,7), (3,6), (4,8), (5,8), (5,7), (3,9), (3,5), (3,10), (3,4), (3,3), (5,6), (2,6), (5,9), (4,3), (5,5), (2,4), (2,5), (5,4), (5,3)
------------------------
Iteración 22
-----------
Abiertos = (5,3), (2,10), (1,5), (5,10), (5,10), (1,6), (5,2), (2,3), (2,3), (1,4), (2,5)
Cerrados = (3,8), (3,7), (4,7), (3,6), (4,8), (5,8), (5,7), (3,9), (3,5), (3,10), (3,4), (3,3), (5,6), (2,6), (5,9), (4,3), (5,5), (2,4), (2,5), (5,4), (5,3), (4,10)
------------------------
Iteración 23
-----------
Abiertos = (2,10), (5,10), (5,10), (1,6), (5,2), (2,3), (2,3), (2,5), (1,4), (1,4), (1,6)
Cerrados = (3,8), (3,7), (4,7), (3,6), (4,8), (5,8), (5,7), (3,9), (3,5), (3,10), (3,4), (3,3), (5,6), (2,6), (5,9), (4,3), (5,5), (2,4), (2,5), (5,4), (5,3), (4,10), (1,5)
------------------------
Iteración 24
-----------
Abiertos = (5,10), (1,6), (5,10), (5,2), (2,3), (2,3), (1,10), (1,4), (1,4), (2,5), (1,6)
Cerrados = (3,8), (3,7), (4,7), (3,6), (4,8), (5,8), (5,7), (3,9), (3,5), (3,10), (3,4), (3,3), (5,6), (2,6), (5,9), (4,3), (5,5), (2,4), (2,5), (5,4), (5,3), (4,10), (1,5), (2,10)
------------------------
Iteración 25
-----------
Abiertos = (5,10), (5,10), (5,2), (2,3), (2,3), (1,10), (2,5), (1,4), (1,4), (1,6), (1,7)
Cerrados = (3,8), (3,7), (4,7), (3,6), (4,8), (5,8), (5,7), (3,9), (3,5), (3,10), (3,4), (3,3), (5,6), (2,6), (5,9), (4,3), (5,5), (2,4), (2,5), (5,4), (5,3), (4,10), (1,5), (2,10), (1,6)
------------------------
Iteración 26
-----------
Abiertos = (5,10), (5,2), (2,3), (2,3), (1,10), (2,5), (1,4), (1,4), (1,6), (1,7)
Cerrados = (3,8), (3,7), (4,7), (3,6), (4,8), (5,8), (5,7), (3,9), (3,5), (3,10), (3,4), (3,3), (5,6), (2,6), (5,9), (4,3), (5,5), (2,4), (2,5), (5,4), (5,3), (4,10), (1,5), (2,10), (1,6), (5,10)
------------------------
Iteración 27
-----------
Abiertos = (2,3), (2,3), (1,10), (2,5), (1,4), (1,4), (5,1), (1,6), (1,7)
Cerrados = (3,8), (3,7), (4,7), (3,6), (4,8), (5,8), (5,7), (3,9), (3,5), (3,10), (3,4), (3,3), (5,6), (2,6), (5,9), (4,3), (5,5), (2,4), (2,5), (5,4), (5,3), (4,10), (1,5), (2,10), (1,6), (5,10), (5,2)
------------------------
Iteración 28
-----------
Abiertos = (2,3), (1,10), (2,5), (1,4), (1,4), (5,1), (1,3), (1,6), (1,7)
Cerrados = (3,8), (3,7), (4,7), (3,6), (4,8), (5,8), (5,7), (3,9), (3,5), (3,10), (3,4), (3,3), (5,6), (2,6), (5,9), (4,3), (5,5), (2,4), (2,5), (5,4), (5,3), (4,10), (1,5), (2,10), (1,6), (5,10), (5,2), (2,3)
------------------------
Iteración 29
-----------
Abiertos = (2,3), (1,4), (2,5), (1,4), (5,1), (1,9), (1,3), (1,6), (1,7)
Cerrados = (3,8), (3,7), (4,7), (3,6), (4,8), (5,8), (5,7), (3,9), (3,5), (3,10), (3,4), (3,3), (5,6), (2,6), (5,9), (4,3), (5,5), (2,4), (2,5), (5,4), (5,3), (4,10), (1,5), (2,10), (1,6), (5,10), (5,2), (2,3), (1,10)
------------------------
Iteración 30
-----------
Abiertos = (2,3), (1,3), (2,5), (1,4), (5,1), (1,9), (1,3), (1,6), (1,7)
Cerrados = (3,8), (3,7), (4,7), (3,6), (4,8), (5,8), (5,7), (3,9), (3,5), (3,10), (3,4), (3,3), (5,6), (2,6), (5,9), (4,3), (5,5), (2,4), (2,5), (5,4), (5,3), (4,10), (1,5), (2,10), (1,6), (5,10), (5,2), (2,3), (1,10), (1,4)
------------------------
Iteración 31
-----------
Abiertos = (1,4), (2,5), (5,1), (1,9), (1,3), (1,6), (1,2), (1,7)
Cerrados = (3,8), (3,7), (4,7), (3,6), (4,8), (5,8), (5,7), (3,9), (3,5), (3,10), (3,4), (3,3), (5,6), (2,6), (5,9), (4,3), (5,5), (2,4), (2,5), (5,4), (5,3), (4,10), (1,5), (2,10), (1,6), (5,10), (5,2), (2,3), (1,10), (1,4), (1,3)
------------------------
Iteración 32
-----------
Abiertos = (1,9), (1,3), (1,6), (1,2), (1,7), (4,1)
Cerrados = (3,8), (3,7), (4,7), (3,6), (4,8), (5,8), (5,7), (3,9), (3,5), (3,10), (3,4), (3,3), (5,6), (2,6), (5,9), (4,3), (5,5), (2,4), (2,5), (5,4), (5,3), (4,10), (1,5), (2,10), (1,6), (5,10), (5,2), (2,3), (1,10), (1,4), (1,3), (5,1)
------------------------
Iteración 33
-----------
Abiertos = (1,8), (1,3), (1,6), (1,2), (1,7), (4,1)
Cerrados = (3,8), (3,7), (4,7), (3,6), (4,8), (5,8), (5,7), (3,9), (3,5), (3,10), (3,4), (3,3), (5,6), (2,6), (5,9), (4,3), (5,5), (2,4), (2,5), (5,4), (5,3), (4,10), (1,5), (2,10), (1,6), (5,10), (5,2), (2,3), (1,10), (1,4), (1,3), (5,1), (1,9)
------------------------
Iteración 34
-----------
Abiertos = (1,6), (1,2), (1,7), (1,7), (4,1)
Cerrados = (3,8), (3,7), (4,7), (3,6), (4,8), (5,8), (5,7), (3,9), (3,5), (3,10), (3,4), (3,3), (5,6), (2,6), (5,9), (4,3), (5,5), (2,4), (2,5), (5,4), (5,3), (4,10), (1,5), (2,10), (1,6), (5,10), (5,2), (2,3), (1,10), (1,4), (1,3), (5,1), (1,9), (1,8)
------------------------
Iteración 35
-----------
Abiertos = (1,6), (1,1), (1,7), (1,7), (4,1)
Cerrados = (3,8), (3,7), (4,7), (3,6), (4,8), (5,8), (5,7), (3,9), (3,5), (3,10), (3,4), (3,3), (5,6), (2,6), (5,9), (4,3), (5,5), (2,4), (2,5), (5,4), (5,3), (4,10), (1,5), (2,10), (1,6), (5,10), (5,2), (2,3), (1,10), (1,4), (1,3), (5,1), (1,9), (1,8), (1,2)
------------------------
Iteración 36
-----------
Abiertos = (1,1), (1,7), (4,1)
Cerrados = (3,8), (3,7), (4,7), (3,6), (4,8), (5,8), (5,7), (3,9), (3,5), (3,10), (3,4), (3,3), (5,6), (2,6), (5,9), (4,3), (5,5), (2,4), (2,5), (5,4), (5,3), (4,10), (1,5), (2,10), (1,6), (5,10), (5,2), (2,3), (1,10), (1,4), (1,3), (5,1), (1,9), (1,8), (1,2), (1,7)
------------------------
Iteración 37
-----------
Abiertos = (1,7), (2,1), (4,1)
Cerrados = (3,8), (3,7), (4,7), (3,6), (4,8), (5,8), (5,7), (3,9), (3,5), (3,10), (3,4), (3,3), (5,6), (2,6), (5,9), (4,3), (5,5), (2,4), (2,5), (5,4), (5,3), (4,10), (1,5), (2,10), (1,6), (5,10), (5,2), (2,3), (1,10), (1,4), (1,3), (5,1), (1,9), (1,8), (1,2), (1,7), (1,1)
------------------------
Iteración 38
-----------
Abiertos = (1,7), (3,1), (4,1)
Cerrados = (3,8), (3,7), (4,7), (3,6), (4,8), (5,8), (5,7), (3,9), (3,5), (3,10), (3,4), (3,3), (5,6), (2,6), (5,9), (4,3), (5,5), (2,4), (2,5), (5,4), (5,3), (4,10), (1,5), (2,10), (1,6), (5,10), (5,2), (2,3), (1,10), (1,4), (1,3), (5,1), (1,9), (1,8), (1,2), (1,7), (1,1), (2,1)
------------------------
Iteración 39
-----------
Abiertos = (1,7), (4,1), (4,1)
Cerrados = (3,8), (3,7), (4,7), (3,6), (4,8), (5,8), (5,7), (3,9), (3,5), (3,10), (3,4), (3,3), (5,6), (2,6), (5,9), (4,3), (5,5), (2,4), (2,5), (5,4), (5,3), (4,10), (1,5), (2,10), (1,6), (5,10), (5,2), (2,3), (1,10), (1,4), (1,3), (5,1), (1,9), (1,8), (1,2), (1,7), (1,1), (2,1), (3,1)
------------------------
Iteración 40
-----------
Abiertos = (1,7), (4,1)
Cerrados = (3,8), (3,7), (4,7), (3,6), (4,8), (5,8), (5,7), (3,9), (3,5), (3,10), (3,4), (3,3), (5,6), (2,6), (5,9), (4,3), (5,5), (2,4), (2,5), (5,4), (5,3), (4,10), (1,5), (2,10), (1,6), (5,10), (5,2), (2,3), (1,10), (1,4), (1,3), (5,1), (1,9), (1,8), (1,2), (1,7), (1,1), (2,1), (3,1), (4,1)
------------------------
No se ha encontrado ningún camino al destino.
Iteración 0
-----------
Abiertos = (3,8)
Cerrados = 
------------------------
Iteración 1
-----------
Abiertos = (3,7), (4,8), (3,9)
Cerrados = (3,8)
------------------------
Iteración 2
-----------
Abiertos = (4,7), (5,8), (3,7), (3,9)
Cerrados = (3,8), (4,8)
------------------------
Iteración 3
-----------
Abiertos = (5,8), (3,7), (5,7), (3,9), (3,7)
Cerrados = (3,8), (4,8), (4,7)
------------------------
Iteración 4
-----------
Abiertos = (3,7), (5,7), (5,7), (3,9), (3,7), (5,9)
Cerrados = (3,8), (4,8), (4,7), (5,8)
------------------------
Iteración 5
-----------
Abiertos = (3,6), (5,7), (5,7), (3,9), (3,7), (5,9)
Cerrados = (3,8), (4,8), (4,7), (5,8), (3,7)
------------------------
Iteración 6
-----------
Abiertos = (3,6), (5,7), (3,9), (3,7), (5,6), (5,9)
Cerrados = (3,8), (4,8), (4,7), (5,8), (3,7), (5,7)
------------------------
Iteración 7
-----------
Abiertos = (3,9), (3,5), (3,7), (5,6), (2,6), (5,9)
Cerrados = (3,8), (4,8), (4,7), (5,8), (3,7), (5,7), (3,6)
------------------------
Iteración 8
-----------
Abiertos = (3,5), (3,7), (3,10), (5,6), (2,6), (5,9)
Cerrados = (3,8), (4,8), (4,7), (5,8), (3,7), (5,7), (3,6), (3,9)
------------------------
Iteración 9
-----------
Abiertos = (3,5), (5,6), (5,9), (2,6), (4,10), (2,10)
Cerrados = (3,8), (4,8), (4,7), (5,8), (3,7), (5,7), (3,6), (3,9), (3,10)
------------------------
Iteración 10
-----------
Abiertos = (3,5), (5,9), (2,6), (5,5), (4,10), (2,10)
Cerrados = (3,8), (4,8), (4,7), (5,8), (3,7), (5,7), (3,6), (3,9), (3,10), (5,6)
------------------------
Iteración 11
-----------
Abiertos = (3,4), (2,6), (5,9), (5,5), (2,5), (4,10), (2,10)
Cerrados = (3,8), (4,8), (4,7), (5,8), (3,7), (5,7), (3,6), (3,9), (3,10), (5,6), (3,5)
------------------------
Iteración 12
-----------
Abiertos = (3,4), (5,9), (5,5), (2,5), (2,5), (4,10), (2,10), (1,6)
Cerrados = (3,8), (4,8), (4,7), (5,8), (3,7), (5,7), (3,6), (3,9), (3,10), (5,6), (3,5), (2,6)
------------------------
Iteración 13
-----------
Abiertos = (3,4), (5,5), (2,5), (2,5), (4,10), (2,10), (5,10), (1,6)
Cerrados = (3,8), (4,8), (4,7), (5,8), (3,7), (5,7), (3,6), (3,9), (3,10), (5,6), (3,5), (2,6), (5,9)
------------------------
Iteración 14
-----------
Abiertos = (3,4), (5,4), (2,5), (2,5), (4,10), (2,10), (1,6), (5,10)
Cerrados = (3,8), (4,8), (4,7), (5,8), (3,7), (5,7), (3,6), (3,9), (3,10), (5,6), (3,5), (2,6), (5,9), (5,5)
------------------------
Iteración 15
-----------
Abiertos = (3,3), (5,4), (2,4), (2,5), (2,5), (4,10), (2,10), (5,10), (1,6)
Cerrados = (3,8), (4,8), (4,7), (5,8), (3,7), (5,7), (3,6), (3,9), (3,10), (5,6), (3,5), (2,6), (5,9), (5,5), (3,4)
------------------------
Iteración 16
-----------
Abiertos = (3,3), (2,4), (2,5), (2,5), (4,10), (5,3), (2,10), (1,6), (5,10)
Cerrados = (3,8), (4,8), (4,7), (5,8), (3,7), (5,7), (3,6), (3,9), (3,10), (5,6), (3,5), (2,6), (5,9), (5,5), (3,4), (5,4)
------------------------
Iteración 17
-----------
Abiertos = (3,3), (2,5), (2,5), (4,10), (5,3), (2,10), (1,6), (5,10), (2,3), (1,4), (2,5)
Cerrados = (3,8), (4,8), (4,7), (5,8), (3,7), (5,7), (3,6), (3,9), (3,10), (5,6), (3,5), (2,6), (5,9), (5,5), (3,4), (5,4), (2,4)
------------------------
Iteración 18
-----------
Abiertos = (3,3), (2,5), (4,10), (5,3), (2,10), (1,5), (5,10), (1,6), (2,3), (1,4), (2,5)
Cerrados = (3,8), (4,8), (4,7), (5,8), (3,7), (5,7), (3,6), (3,9), (3,10), (5,6), (3,5), (2,6), (5,9), (5,5), (3,4), (5,4), (2,4), (2,5)
------------------------
Iteración 19
-----------
Abiertos = (4,3), (2,5), (4,10), (5,3), (2,10), (1,5), (5,10), (1,6), (2,3), (2,3), (1,4), (2,5)
Cerrados = (3,8), (4,8), (4,7), (5,8), (3,7), (5,7), (3,6), (3,9), (3,10), (5,6), (3,5), (2,6), (5,9), (5,5), (3,4), (5,4), (2,4), (2,5), (3,3)
------------------------
Iteración 20
-----------
Abiertos = (4,3), (5,3), (2,10), (1,5), (5,10), (1,6), (5,10), (2,3), (2,3), (1,4), (2,5)
Cerrados = (3,8), (4,8), (4,7), (5,8), (3,7), (5,7), (3,6), (3,9), (3,10), (5,6), (3,5), (2,6), (5,9), (5,5), (3,4), (5,4), (2,4), (2,5), (3,3), (4,10)
------------------------
Iteración 21
-----------
Abiertos = (4,3), (2,10), (1,5), (5,10), (1,6), (5,10), (5,2), (2,3), (2,3), (2,5), (1,4), (4,3)
Cerrados = (3,8), (4,8), (4,7), (5,8), (3,7), (5,7), (3,6), (3,9), (3,10), (5,6), (3,5), (2,6), (5,9), (5,5), (3,4), (5,4), (2,4), (2,5), (3,3), (4,10), (5,3)
------------------------
Iteración 22
-----------
Abiertos = (4,3), (1,5), (5,10), (1,6), (5,10), (5,2), (2,3), (2,3), (1,10), (2,5), (1,4), (4,3)
Cerrados = (3,8), (4,8), (4,7), (5,8), (3,7), (5,7), (3,6), (3,9), (3,10), (5,6), (3,5), (2,6), (5,9), (5,5), (3,4), (5,4), (2,4), (2,5), (3,3), (4,10), (5,3), (2,10)
------------------------
Iteración 23
-----------
Abiertos = (4,3), (1,6), (5,10), (5,10), (5,2), (2,3), (2,3), (1,10), (1,4), (1,4), (2,5), (4,3), (1,6)
Cerrados = (3,8), (4,8), (4,7), (5,8), (3,7), (5,7), (3,6), (3,9), (3,10), (5,6), (3,5), (2,6), (5,9), (5,5), (3,4), (5,4), (2,4), (2,5), (3,3), (4,10), (5,3), (2,10), (1,5)
------------------------
Iteración 24
-----------
Abiertos = (4,3), (5,10), (5,10), (5,2), (2,3), (2,3), (1,10), (1,4), (1,4), (2,5), (4,3), (1,6), (1,7)
Cerrados = (3,8), (4,8), (4,7), (5,8), (3,7), (5,7), (3,6), (3,9), (3,10), (5,6), (3,5), (2,6), (5,9), (5,5), (3,4), (5,4), (2,4), (2,5), (3,3), (4,10), (5,3), (2,10), (1,5), (1,6)
------------------------
Iteración 25
-----------
Abiertos = (5,10), (5,10), (5,2), (2,3), (2,3), (1,10), (1,4), (1,4), (2,5), (4,3), (1,6), (1,7)
Cerrados = (3,8), (4,8), (4,7), (5,8), (3,7), (5,7), (3,6), (3,9), (3,10), (5,6), (3,5), (2,6), (5,9), (5,5), (3,4), (5,4), (2,4), (2,5), (3,3), (4,10), (5,3), (2,10), (1,5), (1,6), (4,3)
------------------------
Iteración 26
-----------
Abiertos = (5,10), (5,2), (2,3), (2,3), (1,10), (1,4), (1,4), (2,5), (4,3), (1,6), (1,7)
Cerrados = (3,8), (4,8), (4,7), (5,8), (3,7), (5,7), (3,6), (3,9), (3,10), (5,6), (3,5), (2,6), (5,9), (5,5), (3,4), (5,4), (2,4), (2,5), (3,3), (4,10), (5,3), (2,10), (1,5), (1,6), (4,3), (5,10)
------------------------
Iteración 27
-----------
Abiertos = (5,2), (2,3), (1,10), (1,4), (2,5), (1,4), (4,3), (1,3), (1,6), (1,7)
Cerrados = (3,8), (4,8), (4,7), (5,8), (3,7), (5,7), (3,6), (3,9), (3,10), (5,6), (3,5), (2,6), (5,9), (5,5), (3,4), (5,4), (2,4), (2,5), (3,3), (4,10), (5,3), (2,10), (1,5), (1,6), (4,3), (5,10), (2,3)
------------------------
Iteración 28
-----------
Abiertos = (1,10), (1,4), (1,4), (2,5), (5,1), (4,3), (1,3), (1,6), (1,7)
Cerrados = (3,8), (4,8), (4,7), (5,8), (3,7), (5,7), (3,6), (3,9), (3,10), (5,6), (3,5), (2,6), (5,9), (5,5), (3,4), (5,4), (2,4), (2,5), (3,3), (4,10), (5,3), (2,10), (1,5), (1,6), (4,3), (5,10), (2,3), (5,2)
------------------------
Iteración 29
-----------
Abiertos = (1,10), (1,3), (1,4), (2,5), (5,1), (4,3), (1,3), (1,6), (1,7)
Cerrados = (3,8), (4,8), (4,7), (5,8), (3,7), (5,7), (3,6), (3,9), (3,10), (5,6), (3,5), (2,6), (5,9), (5,5), (3,4), (5,4), (2,4), (2,5), (3,3), (4,10), (5,3), (2,10), (1,5), (1,6), (4,3), (5,10), (2,3), (5,2), (1,4)
------------------------
Iteración 30
-----------
Abiertos = (1,10), (1,4), (2,5), (5,1), (4,3), (1,3), (1,6), (1,2), (1,7)
Cerrados = (3,8), (4,8), (4,7), (5,8), (3,7), (5,7), (3,6), (3,9), (3,10), (5,6), (3,5), (2,6), (5,9), (5,5), (3,4), (5,4), (2,4), (2,5), (3,3), (4,10), (5,3), (2,10), (1,5), (1,6), (4,3), (5,10), (2,3), (5,2), (1,4), (1,3)
------------------------
Iteración 31
-----------
Abiertos = (2,5), (5,1), (4,3), (1,9), (1,3), (1,6), (1,2), (1,7)
Cerrados = (3,8), (4,8), (4,7), (5,8), (3,7), (5,7), (3,6), (3,9), (3,10), (5,6), (3,5), (2,6), (5,9), (5,5), (3,4), (5,4), (2,4), (2,5), (3,3), (4,10), (5,3), (2,10), (1,5), (1,6), (4,3), (5,10), (2,3), (5,2), (1,4), (1,3), (1,10)
------------------------
Iteración 32
-----------
Abiertos = (2,5), (4,3), (1,9), (1,3), (1,6), (1,2), (1,7), (4,1)
Cerrados = (3,8), (4,8), (4,7), (5,8), (3,7), (5,7), (3,6), (3,9), (3,10), (5,6), (3,5), (2,6), (5,9), (5,5), (3,4), (5,4), (2,4), (2,5), (3,3), (4,10), (5,3), (2,10), (1,5), (1,6), (4,3), (5,10), (2,3), (5,2), (1,4), (1,3), (1,10), (5,1)
------------------------
Iteración 33
-----------
Abiertos = (4,3), (1,8), (1,3), (1,6), (1,2), (1,7), (4,1)
Cerrados = (3,8), (4,8), (4,7), (5,8), (3,7), (5,7), (3,6), (3,9), (3,10), (5,6), (3,5), (2,6), (5,9), (5,5), (3,4), (5,4), (2,4), (2,5), (3,3), (4,10), (5,3), (2,10), (1,5), (1,6), (4,3), (5,10), (2,3), (5,2), (1,4), (1,3), (1,10), (5,1), (1,9)
------------------------
Iteración 34
-----------
Abiertos = (4,3), (1,3), (1,6), (1,2), (1,7), (1,7), (4,1)
Cerrados = (3,8), (4,8), (4,7), (5,8), (3,7), (5,7), (3,6), (3,9), (3,10), (5,6), (3,5), (2,6), (5,9), (5,5), (3,4), (5,4), (2,4), (2,5), (3,3), (4,10), (5,3), (2,10), (1,5), (1,6), (4,3), (5,10), (2,3), (5,2), (1,4), (1,3), (1,10), (5,1), (1,9), (1,8)
------------------------
Iteración 35
-----------
Abiertos = (4,3), (1,1), (1,7), (1,7), (4,1)
Cerrados = (3,8), (4,8), (4,7), (5,8), (3,7), (5,7), (3,6), (3,9), (3,10), (5,6), (3,5), (2,6), (5,9), (5,5), (3,4), (5,4), (2,4), (2,5), (3,3), (4,10), (5,3), (2,10), (1,5), (1,6), (4,3), (5,10), (2,3), (5,2), (1,4), (1,3), (1,10), (5,1), (1,9), (1,8), (1,2)
------------------------
Iteración 36
-----------
Abiertos = (4,3), (1,7), (1,7), (2,1), (4,1)
Cerrados = (3,8), (4,8), (4,7), (5,8), (3,7), (5,7), (3,6), (3,9), (3,10), (5,6), (3,5), (2,6), (5,9), (5,5), (3,4), (5,4), (2,4), (2,5), (3,3), (4,10), (5,3), (2,10), (1,5), (1,6), (4,3), (5,10), (2,3), (5,2), (1,4), (1,3), (1,10), (5,1), (1,9), (1,8), (1,2), (1,1)
------------------------
Iteración 37
-----------
Abiertos = (4,3), (1,7), (2,1), (4,1)
Cerrados = (3,8), (4,8), (4,7), (5,8), (3,7), (5,7), (3,6), (3,9), (3,10), (5,6), (3,5), (2,6), (5,9), (5,5), (3,4), (5,4), (2,4), (2,5), (3,3), (4,10), (5,3), (2,10), (1,5), (1,6), (4,3), (5,10), (2,3), (5,2), (1,4), (1,3), (1,10), (5,1), (1,9), (1,8), (1,2), (1,1), (1,7)
------------------------
Iteración 38
-----------
Abiertos = (1,7), (3,1), (4,1)
Cerrados = (3,8), (4,8), (4,7), (5,8), (3,7), (5,7), (3,6), (3,9), (3,10), (5,6), (3,5), (2,6), (5,9), (5,5), (3,4), (5,4), (2,4), (2,5), (3,3), (4,10), (5,3), (2,10), (1,5), (1,6), (4,3), (5,10), (2,3), (5,2), (1,4), (1,3), (1,10), (5,1), (1,9), (1,8), (1,2), (1,1), (1,7), (2,1)
------------------------
Iteración 39
-----------
Abiertos = (4,1), (4,1)
Cerrados = (3,8), (4,8), (4,7), (5,8), (3,7), (5,7), (3,6), (3,9), (3,10), (5,6), (3,5), (2,6), (5,9), (5,5), (3,4), (5,4), (2,4), (2,5), (3,3), (4,10), (5,3), (2,10), (1,5), (1,6), (4,3), (5,10), (2,3), (5,2), (1,4), (1,3), (1,10), (5,1), (1,9), (1,8), (1,2), (1,1), (1,7), (2,1), (3,1)
------------------------
Iteración 40
-----------
Abiertos = (4,1)
Cerrados = (3,8), (4,8), (4,7), (5,8), (3,7), (5,7), (3,6), (3,9), (3,10), (5,6), (3,5), (2,6), (5,9), (5,5), (3,4), (5,4), (2,4), (2,5), (3,3), (4,10), (5,3), (2,10), (1,5), (1,6), (4,3), (5,10), (2,3), (5,2), (1,4), (1,3), (1,10), (5,1), (1,9), (1,8), (1,2), (1,1), (1,7), (2,1), (3,1), (4,1)
------------------------
No se ha encontrado ningún camino al destino.
Iteración 0
-----------
Abiertos = (3,8)
Cerrados = 
------------------------
Iteración 1
-----------
Abiertos = (3,7), (4,8), (3,9)
Cerrados = (3,8)
------------------------
Iteración 2
-----------
Abiertos = (3,6), (4,7), (4,8), (3,9)
Cerrados = (3,8), (3,7)
------------------------
Iteración 3
-----------
Abiertos = (3,6), (4,8), (5,7), (3,9), (4,8)
Cerrados = (3,8), (3,7), (4,7)
------------------------
Iteración 4
-----------
Abiertos = (4,8), (5,7), (3,9), (3,5), (4,8), (2,6)
Cerrados = (3,8), (3,7), (4,7), (3,6)
------------------------
Iteración 5
-----------
Abiertos = (4,8), (3,9), (3,5), (5,8), (4,8), (5,6), (2,6)
Cerrados = (3,8), (3,7), (4,7), (3,6), (5,7)
------------------------
Iteración 6
-----------
Abiertos = (5,8), (3,9), (3,5), (5,8), (4,8), (5,6), (2,6)
Cerrados = (3,8), (3,7), (4,7), (3,6), (5,7), (4,8)
------------------------
Iteración 7
-----------
Abiertos = (3,9), (3,5), (5,8), (4,8), (5,6), (2,6), (5,9)
Cerrados = (3,8), (3,7), (4,7), (3,6), (5,7), (4,8), (5,8)
------------------------
Iteración 8
-----------
Abiertos = (3,5), (5,8), (4,8), (3,10), (5,6), (2,6), (5,9)
Cerrados = (3,8), (3,7), (4,7), (3,6), (5,7), (4,8), (5,8), (3,9)
------------------------
Iteración 9
-----------
Abiertos = (5,8), (4,8), (3,10), (3,4), (5,6), (2,6), (2,5), (5,9)
Cerrados = (3,8), (3,7), (4,7), (3,6), (5,7), (4,8), (5,8), (3,9), (3,5)
------------------------
Iteración 10
-----------
Abiertos = (5,6), (3,4), (2,6), (2,5), (4,10), (2,10), (5,9)
Cerrados = (3,8), (3,7), (4,7), (3,6), (5,7), (4,8), (5,8), (3,9), (3,5), (3,10)
------------------------
Iteración 11
-----------
Abiertos = (3,3), (5,6), (2,6), (2,4), (2,5), (4,10), (2,10), (5,9)
Cerrados = (3,8), (3,7), (4,7), (3,6), (5,7), (4,8), (5,8), (3,9), (3,5), (3,10), (3,4)
------------------------
Iteración 12
-----------
Abiertos = (3,3), (2,6), (5,5), (2,4), (2,5), (4,10), (2,10), (5,9)
Cerrados = (3,8), (3,7), (4,7), (3,6), (5,7), (4,8), (5,8), (3,9), (3,5), (3,10), (3,4), (5,6)
------------------------
Iteración 13
-----------
Abiertos = (2,6), (4,3), (5,5), (2,4), (2,5), (4,10), (2,10), (5,9), (2,3)
Cerrados = (3,8), (3,7), (4,7), (3,6), (5,7), (4,8), (5,8), (3,9), (3,5), (3,10), (3,4), (5,6), (3,3)
------------------------
Iteración 14
-----------
Abiertos = (2,6), (5,5), (2,4), (2,5), (4,10), (5,3), (2,10), (5,9), (2,3)
Cerrados = (3,8), (3,7), (4,7), (3,6), (5,7), (4,8), (5,8), (3,9), (3,5), (3,10), (3,4), (5,6), (3,3), (4,3)
------------------------
Iteración 15
-----------
Abiertos = (2,6), (5,4), (2,4), (2,5), (4,10), (5,3), (2,10), (5,9), (2,3)
Cerrados = (3,8), (3,7), (4,7), (3,6), (5,7), (4,8), (5,8), (3,9), (3,5), (3,10), (3,4), (5,6), (3,3), (4,3), (5,5)
------------------------
Iteración 16
-----------
Abiertos = (5,4), (2,4), (2,5), (2,5), (4,10), (5,3), (2,10), (5,9), (1,6), (2,3)
Cerrados = (3,8), (3,7), (4,7), (3,6), (5,7), (4,8), (5,8), (3,9), (3,5), (3,10), (3,4), (5,6), (3,3), (4,3), (5,5), (2,6)
------------------------
Iteración 17
-----------
Abiertos = (5,4), (2,5), (2,5), (4,10), (5,3), (2,10), (5,9), (1,6), (2,3), (2,3), (2,5), (1,4)
Cerrados = (3,8), (3,7), (4,7), (3,6), (5,7), (4,8), (5,8), (3,9), (3,5), (3,10), (3,4), (5,6), (3,3), (4,3), (5,5), (2,6), (2,4)
------------------------
Iteración 18
-----------
Abiertos = (5,4), (2,5), (4,10), (5,3), (2,10), (5,9), (1,5), (1,6), (2,3), (2,3), (2,5), (1,4)
Cerrados = (3,8), (3,7), (4,7), (3,6), (5,7), (4,8), (5,8), (3,9), (3,5), (3,10), (3,4), (5,6), (3,3), (4,3), (5,5), (2,6), (2,4), (2,5)
------------------------
Iteración 19
-----------
Abiertos = (2,5), (4,10), (5,3), (5,3), (2,10), (5,9), (1,5), (1,6), (2,3), (2,3), (2,5), (1,4)
Cerrados = (3,8), (3,7), (4,7), (3,6), (5,7), (4,8), (5,8), (3,9), (3,5), (3,10), (3,4), (5,6), (3,3), (4,3), (5,5), (2,6), (2,4), (2,5), (5,4)
------------------------
Iteración 20
-----------
Abiertos = (4,10), (5,3), (2,10), (5,9), (1,5), (1,6), (5,2), (2,3), (2,3), (1,4), (2,5)
Cerrados = (3,8), (3,7), (4,7), (3,6), (5,7), (4,8), (5,8), (3,9), (3,5), (3,10), (3,4), (5,6), (3,3), (4,3), (5,5), (2,6), (2,4), (2,5), (5,4), (5,3)
------------------------
Iteración 21
-----------
Abiertos = (5,3), (2,10), (5,9), (1,5), (1,6), (5,10), (5,2), (2,3), (2,3), (2,5), (1,4)
Cerrados = (3,8), (3,7), (4,7), (3,6), (5,7), (4,8), (5,8), (3,9), (3,5), (3,10), (3,4), (5,6), (3,3), (4,3), (5,5), (2,6), (2,4), (2,5), (5,4), (5,3), (4,10)
------------------------
Iteración 22
-----------
Abiertos = (5,3), (1,5), (5,9), (1,6), (5,10), (5,2), (2,3), (2,3), (1,10), (2,5), (1,4)
Cerrados = (3,8), (3,7), (4,7), (3,6), (5,7), (4,8), (5,8), (3,9), (3,5), (3,10), (3,4), (5,6), (3,3), (4,3), (5,5), (2,6), (2,4), (2,5), (5,4), (5,3), (4,10), (2,10)
------------------------
Iteración 23
-----------
Abiertos = (5,3), (5,9), (1,6), (5,10), (5,2), (2,3), (2,3), (1,10), (2,5), (1,4), (1,4), (1,6)
Cerrados = (3,8), (3,7), (4,7), (3,6), (5,7), (4,8), (5,8), (3,9), (3,5), (3,10), (3,4), (5,6), (3,3), (4,3), (5,5), (2,6), (2,4), (2,5), (5,4), (5,3), (4,10), (2,10), (1,5)
------------------------
Iteración 24
-----------
Abiertos = (5,10), (1,6), (5,2), (2,3), (2,3), (1,10), (1,4), (2,5), (1,4), (5,10), (1,6)
Cerrados = (3,8), (3,7), (4,7), (3,6), (5,7), (4,8), (5,8), (3,9), (3,5), (3,10), (3,4), (5,6), (3,3), (4,3), (5,5), (2,6), (2,4), (2,5), (5,4), (5,3), (4,10), (2,10), (1,5), (5,9)
------------------------
Iteración 25
-----------
Abiertos = (5,10), (5,2), (2,3), (2,3), (1,10), (2,5), (1,4), (1,4), (5,10), (1,6), (1,7)
Cerrados = (3,8), (3,7), (4,7), (3,6), (5,7), (4,8), (5,8), (3,9), (3,5), (3,10), (3,4), (5,6), (3,3), (4,3), (5,5), (2,6), (2,4), (2,5), (5,4), (5,3), (4,10), (2,10), (1,5), (5,9), (1,6)
------------------------
Iteración 26
-----------
Abiertos = (5,2), (2,3), (2,3), (1,10), (2,5), (1,4), (1,4), (5,10), (1,6), (1,7)
Cerrados = (3,8), (3,7), (4,7), (3,6), (5,7), (4,8), (5,8), (3,9), (3,5), (3,10), (3,4), (5,6), (3,3), (4,3), (5,5), (2,6), (2,4), (2,5), (5,4), (5,3), (4,10), (2,10), (1,5), (5,9), (1,6), (5,10)
------------------------
Iteración 27
-----------
Abiertos = (5,2), (2,3), (1,10), (1,4), (1,4), (2,5), (1,3), (5,10), (1,6), (1,7)
Cerrados = (3,8), (3,7), (4,7), (3,6), (5,7), (4,8), (5,8), (3,9), (3,5), (3,10), (3,4), (5,6), (3,3), (4,3), (5,5), (2,6), (2,4), (2,5), (5,4), (5,3), (4,10), (2,10), (1,5), (5,9), (1,6), (5,10), (2,3)
------------------------
Iteración 28
-----------
Abiertos = (1,10), (1,4), (2,5), (1,4), (5,1), (1,3), (5,10), (1,6), (1,7)
Cerrados = (3,8), (3,7), (4,7), (3,6), (5,7), (4,8), (5,8), (3,9), (3,5), (3,10), (3,4), (5,6), (3,3), (4,3), (5,5), (2,6), (2,4), (2,5), (5,4), (5,3), (4,10), (2,10), (1,5), (5,9), (1,6), (5,10), (2,3), (5,2)
------------------------
Iteración 29
-----------
Abiertos = (2,5), (1,4), (1,4), (5,1), (1,9), (1,3), (5,10), (1,6), (1,7)
Cerrados = (3,8), (3,7), (4,7), (3,6), (5,7), (4,8), (5,8), (3,9), (3,5), (3,10), (3,4), (5,6), (3,3), (4,3), (5,5), (2,6), (2,4), (2,5), (5,4), (5,3), (4,10), (2,10), (1,5), (5,9), (1,6), (5,10), (2,3), (5,2), (1,10)
------------------------
Iteración 30
-----------
Abiertos = (1,3), (1,4), (5,1), (1,9), (1,3), (5,10), (1,6), (1,7)
Cerrados = (3,8), (3,7), (4,7), (3,6), (5,7), (4,8), (5,8), (3,9), (3,5), (3,10), (3,4), (5,6), (3,3), (4,3), (5,5), (2,6), (2,4), (2,5), (5,4), (5,3), (4,10), (2,10), (1,5), (5,9), (1,6), (5,10), (2,3), (5,2), (1,10), (1,4)
------------------------
Iteración 31
-----------
Abiertos = (5,1), (1,9), (1,3), (5,10), (1,6), (1,2), (1,7)
Cerrados = (3,8), (3,7), (4,7), (3,6), (5,7), (4,8), (5,8), (3,9), (3,5), (3,10), (3,4), (5,6), (3,3), (4,3), (5,5), (2,6), (2,4), (2,5), (5,4), (5,3), (4,10), (2,10), (1,5), (5,9), (1,6), (5,10), (2,3), (5,2), (1,10), (1,4), (1,3)
------------------------
Iteración 32
-----------
Abiertos = (1,9), (1,3), (5,10), (1,6), (1,2), (1,7), (4,1)
Cerrados = (3,8), (3,7), (4,7), (3,6), (5,7), (4,8), (5,8), (3,9), (3,5), (3,10), (3,4), (5,6), (3,3), (4,3), (5,5), (2,6), (2,4), (2,5), (5,4), (5,3), (4,10), (2,10), (1,5), (5,9), (1,6), (5,10), (2,3), (5,2), (1,10), (1,4), (1,3), (5,1)
------------------------
Iteración 33
-----------
Abiertos = (1,8), (1,6), (5,10), (1,2), (1,7), (4,1)
Cerrados = (3,8), (3,7), (4,7), (3,6), (5,7), (4,8), (5,8), (3,9), (3,5), (3,10), (3,4), (5,6), (3,3), (4,3), (5,5), (2,6), (2,4), (2,5), (5,4), (5,3), (4,10), (2,10), (1,5), (5,9), (1,6), (5,10), (2,3), (5,2), (1,10), (1,4), (1,3), (5,1), (1,9)
------------------------
Iteración 34
-----------
Abiertos = (5,10), (1,2), (1,7), (1,7), (4,1)
Cerrados = (3,8), (3,7), (4,7), (3,6), (5,7), (4,8), (5,8), (3,9), (3,5), (3,10), (3,4), (5,6), (3,3), (4,3), (5,5), (2,6), (2,4), (2,5), (5,4), (5,3), (4,10), (2,10), (1,5), (5,9), (1,6), (5,10), (2,3), (5,2), (1,10), (1,4), (1,3), (5,1), (1,9), (1,8)
------------------------
Iteración 35
-----------
Abiertos = (5,10), (1,1), (1,7), (1,7), (4,1)
Cerrados = (3,8), (3,7), (4,7), (3,6), (5,7), (4,8), (5,8), (3,9), (3,5), (3,10), (3,4), (5,6), (3,3), (4,3), (5,5), (2,6), (2,4), (2,5), (5,4), (5,3), (4,10), (2,10), (1,5), (5,9), (1,6), (5,10), (2,3), (5,2), (1,10), (1,4), (1,3), (5,1), (1,9), (1,8), (1,2)
------------------------
Iteración 36
-----------
Abiertos = (1,7), (1,7), (2,1), (4,1)
Cerrados = (3,8), (3,7), (4,7), (3,6), (5,7), (4,8), (5,8), (3,9), (3,5), (3,10), (3,4), (5,6), (3,3), (4,3), (5,5), (2,6), (2,4), (2,5), (5,4), (5,3), (4,10), (2,10), (1,5), (5,9), (1,6), (5,10), (2,3), (5,2), (1,10), (1,4), (1,3), (5,1), (1,9), (1,8), (1,2), (1,1)
------------------------
Iteración 37
-----------
Abiertos = (1,7), (2,1), (4,1)
Cerrados = (3,8), (3,7), (4,7), (3,6), (5,7), (4,8), (5,8), (3,9), (3,5), (3,10), (3,4), (5,6), (3,3), (4,3), (5,5), (2,6), (2,4), (2,5), (5,4), (5,3), (4,10), (2,10), (1,5), (5,9), (1,6), (5,10), (2,3), (5,2), (1,10), (1,4), (1,3), (5,1), (1,9), (1,8), (1,2), (1,1), (1,7)
------------------------
Iteración 38
-----------
Abiertos = (3,1), (4,1)
Cerrados = (3,8), (3,7), (4,7), (3,6), (5,7), (4,8), (5,8), (3,9), (3,5), (3,10), (3,4), (5,6), (3,3), (4,3), (5,5), (2,6), (2,4), (2,5), (5,4), (5,3), (4,10), (2,10), (1,5), (5,9), (1,6), (5,10), (2,3), (5,2), (1,10), (1,4), (1,3), (5,1), (1,9), (1,8), (1,2), (1,1), (1,7), (2,1)
------------------------
Iteración 39
-----------
Abiertos = (3,1), (3,1)
Cerrados = (3,8), (3,7), (4,7), (3,6), (5,7), (4,8), (5,8), (3,9), (3,5), (3,10), (3,4), (5,6), (3,3), (4,3), (5,5), (2,6), (2,4), (2,5), (5,4), (5,3), (4,10), (2,10), (1,5), (5,9), (1,6), (5,10), (2,3), (5,2), (1,10), (1,4), (1,3), (5,1), (1,9), (1,8), (1,2), (1,1), (1,7), (2,1), (4,1)
------------------------
Iteración 40
-----------
Abiertos = (3,1)
Cerrados = (3,8), (3,7), (4,7), (3,6), (5,7), (4,8), (5,8), (3,9), (3,5), (3,10), (3,4), (5,6), (3,3), (4,3), (5,5), (2,6), (2,4), (2,5), (5,4), (5,3), (4,10), (2,10), (1,5), (5,9), (1,6), (5,10), (2,3), (5,2), (1,10), (1,4), (1,3), (5,1), (1,9), (1,8), (1,2), (1,1), (1,7), (2,1), (4,1), (3,1)
------------------------
No se ha encontrado ningún camino al destino.
Iteración 0
-----------
Abiertos = (3,8)
Cerrados = 
------------------------
Iteración 1
-----------
Abiertos = (3,7), (4,8), (3,9)
Cerrados = (3,8)
------------------------
Iteración 2
-----------
Abiertos = (3,6), (4,7), (4,8), (3,9)
Cerrados = (3,8), (3,7)
------------------------
Iteración 3
-----------
Abiertos = (3,6), (4,8), (5,7), (3,9), (4,8)
Cerrados = (3,8), (3,7), (4,7)
------------------------
Iteración 4
-----------
Abiertos = (3,6), (5,8), (5,7), (3,9), (4,8)
Cerrados = (3,8), (3,7), (4,7), (4,8)
------------------------
Iteración 5
-----------
Abiertos = (3,6), (5,7), (5,7), (3,9), (4,8), (5,9)
Cerrados = (3,8), (3,7), (4,7), (4,8), (5,8)
------------------------
Iteración 6
-----------
Abiertos = (5,7), (5,7), (3,9), (3,5), (4,8), (5,9), (2,6)
Cerrados = (3,8), (3,7), (4,7), (4,8), (5,8), (3,6)
------------------------
Iteración 7
-----------
Abiertos = (5,7), (3,9), (3,5), (4,8), (5,6), (5,9), (2,6)
Cerrados = (3,8), (3,7), (4,7), (4,8), (5,8), (3,6), (5,7)
------------------------
Iteración 8
-----------
Abiertos = (3,5), (4,8), (3,10), (5,6), (2,6), (5,9)
Cerrados = (3,8), (3,7), (4,7), (4,8), (5,8), (3,6), (5,7), (3,9)
------------------------
Iteración 9
-----------
Abiertos = (3,5), (5,6), (5,9), (2,6), (4,10), (2,10)
Cerrados = (3,8), (3,7), (4,7), (4,8), (5,8), (3,6), (5,7), (3,9), (3,10)
------------------------
Iteración 10
-----------
Abiertos = (5,6), (3,4), (5,9), (2,6), (2,5), (4,10), (2,10)
Cerrados = (3,8), (3,7), (4,7), (4,8), (5,8), (3,6), (5,7), (3,9), (3,10), (3,5)
------------------------
Iteración 11
-----------
Abiertos = (3,4), (5,9), (2,6), (5,5), (2,5), (4,10), (2,10)
Cerrados = (3,8), (3,7), (4,7), (4,8), (5,8), (3,6), (5,7), (3,9), (3,10), (3,5), (5,6)
------------------------
Iteración 12
-----------
Abiertos = (3,3), (2,6), (5,9), (5,5), (2,4), (2,5), (4,10), (2,10)
Cerrados = (3,8), (3,7), (4,7), (4,8), (5,8), (3,6), (5,7), (3,9), (3,10), (3,5), (5,6), (3,4)
------------------------
Iteración 13
-----------
Abiertos = (3,3), (5,9), (5,5), (2,4), (2,5), (2,5), (4,10), (2,10), (1,6)
Cerrados = (3,8), (3,7), (4,7), (4,8), (5,8), (3,6), (5,7), (3,9), (3,10), (3,5), (5,6), (3,4), (2,6)
------------------------
Iteración 14
-----------
Abiertos = (3,3), (5,5), (2,4), (2,5), (2,5), (4,10), (2,10), (5,10), (1,6)
Cerrados = (3,8), (3,7), (4,7), (4,8), (5,8), (3,6), (5,7), (3,9), (3,10), (3,5), (5,6), (3,4), (2,6), (5,9)
------------------------
Iteración 15
-----------
Abiertos = (3,3), (5,4), (2,4), (2,5), (2,5), (4,10), (2,10), (5,10), (1,6)
Cerrados = (3,8), (3,7), (4,7), (4,8), (5,8), (3,6), (5,7), (3,9), (3,10), (3,5), (5,6), (3,4), (2,6), (5,9), (5,5)
------------------------
Iteración 16
-----------
Abiertos = (3,3), (2,4), (2,5), (2,5), (4,10), (5,3), (2,10), (5,10), (1,6)
Cerrados = (3,8), (3,7), (4,7), (4,8), (5,8), (3,6), (5,7), (3,9), (3,10), (3,5), (5,6), (3,4), (2,6), (5,9), (5,5), (5,4)
------------------------
Iteración 17
-----------
Abiertos = (3,3), (2,5), (2,5), (4,10), (5,3), (2,10), (5,10), (1,6), (2,3), (1,4), (2,5)
Cerrados = (3,8), (3,7), (4,7), (4,8), (5,8), (3,6), (5,7), (3,9), (3,10), (3,5), (5,6), (3,4), (2,6), (5,9), (5,5), (5,4), (2,4)
------------------------
Iteración 18
-----------
Abiertos = (3,3), (2,5), (4,10), (5,3), (2,10), (1,5), (1,6), (5,10), (2,3), (1,4), (2,5)
Cerrados = (3,8), (3,7), (4,7), (4,8), (5,8), (3,6), (5,7), (3,9), (3,10), (3,5), (5,6), (3,4), (2,6), (5,9), (5,5), (5,4), (2,4), (2,5)
------------------------
Iteración 19
-----------
Abiertos = (3,3), (5,3), (2,10), (1,5), (1,6), (5,10), (5,10), (2,3), (1,4), (2,5)
Cerrados = (3,8), (3,7), (4,7), (4,8), (5,8), (3,6), (5,7), (3,9), (3,10), (3,5), (5,6), (3,4), (2,6), (5,9), (5,5), (5,4), (2,4), (2,5), (4,10)
------------------------
Iteración 20
-----------
Abiertos = (4,3), (5,3), (2,10), (1,5), (1,6), (5,10), (5,10), (2,3), (2,3), (2,5), (1,4)
Cerrados = (3,8), (3,7), (4,7), (4,8), (5,8), (3,6), (5,7), (3,9), (3,10), (3,5), (5,6), (3,4), (2,6), (5,9), (5,5), (5,4), (2,4), (2,5), (4,10), (3,3)
------------------------
Iteración 21
-----------
Abiertos = (4,3), (2,10), (1,5), (1,6), (5,10), (5,10), (5,2), (2,3), (2,3), (2,5), (1,4), (4,3)
Cerrados = (3,8), (3,7), (4,7), (4,8), (5,8), (3,6), (5,7), (3,9), (3,10), (3,5), (5,6), (3,4), (2,6), (5,9), (5,5), (5,4), (2,4), (2,5), (4,10), (3,3), (5,3)
------------------------
Iteración 22
-----------
Abiertos = (2,10), (1,5), (1,6), (5,10), (5,10), (5,2), (2,3), (2,3), (2,5), (1,4), (4,3)
Cerrados = (3,8), (3,7), (4,7), (4,8), (5,8), (3,6), (5,7), (3,9), (3,10), (3,5), (5,6), (3,4), (2,6), (5,9), (5,5), (5,4), (2,4), (2,5), (4,10), (3,3), (5,3), (4,3)
------------------------
Iteración 23
-----------
Abiertos = (1,5), (5,10), (1,6), (5,10), (5,2), (2,3), (2,3), (1,10), (1,4), (2,5), (4,3)
Cerrados = (3,8), (3,7), (4,7), (4,8), (5,8), (3,6), (5,7), (3,9), (3,10), (3,5), (5,6), (3,4), (2,6), (5,9), (5,5), (5,4), (2,4), (2,5), (4,10), (3,3), (5,3), (4,3), (2,10)
------------------------
Iteración 24
-----------
Abiertos = (1,6), (5,10), (5,10), (5,2), (2,3), (2,3), (1,10), (2,5), (1,4), (1,4), (4,3), (1,6)
Cerrados = (3,8), (3,7), (4,7), (4,8), (5,8), (3,6), (5,7), (3,9), (3,10), (3,5), (5,6), (3,4), (2,6), (5,9), (5,5), (5,4), (2,4), (2,5), (4,10), (3,3), (5,3), (4,3), (2,10), (1,5)
------------------------
Iteración 25
-----------
Abiertos = (5,10), (1,6), (5,2), (2,3), (2,3), (1,10), (2,5), (1,4), (1,4), (4,3), (1,6)
Cerrados = (3,8), (3,7), (4,7), (4,8), (5,8), (3,6), (5,7), (3,9), (3,10), (3,5), (5,6), (3,4), (2,6), (5,9), (5,5), (5,4), (2,4), (2,5), (4,10), (3,3), (5,3), (4,3), (2,10), (1,5), (5,10)
------------------------
Iteración 26
-----------
Abiertos = (5,10), (5,2), (2,3), (2,3), (1,10), (2,5), (1,4), (1,4), (4,3), (1,6), (1,7)
Cerrados = (3,8), (3,7), (4,7), (4,8), (5,8), (3,6), (5,7), (3,9), (3,10), (3,5), (5,6), (3,4), (2,6), (5,9), (5,5), (5,4), (2,4), (2,5), (4,10), (3,3), (5,3), (4,3), (2,10), (1,5), (5,10), (1,6)
------------------------
Iteración 27
-----------
Abiertos = (5,10), (2,3), (2,3), (1,10), (2,5), (1,4), (1,4), (5,1), (4,3), (1,6), (1,7)
Cerrados = (3,8), (3,7), (4,7), (4,8), (5,8), (3,6), (5,7), (3,9), (3,10), (3,5), (5,6), (3,4), (2,6), (5,9), (5,5), (5,4), (2,4), (2,5), (4,10), (3,3), (5,3), (4,3), (2,10), (1,5), (5,10), (1,6), (5,2)
------------------------
Iteración 28
-----------
Abiertos = (2,3), (1,10), (2,5), (1,4), (1,4), (5,1), (4,3), (1,3), (1,6), (1,7)
Cerrados = (3,8), (3,7), (4,7), (4,8), (5,8), (3,6), (5,7), (3,9), (3,10), (3,5), (5,6), (3,4), (2,6), (5,9), (5,5), (5,4), (2,4), (2,5), (4,10), (3,3), (5,3), (4,3), (2,10), (1,5), (5,10), (1,6), (5,2), (2,3)
------------------------
Iteración 29
-----------
Abiertos = (1,4), (1,4), (2,5), (5,1), (4,3), (1,9), (1,3), (1,6), (1,7)
Cerrados = (3,8), (3,7), (4,7), (4,8), (5,8), (3,6), (5,7), (3,9), (3,10), (3,5), (5,6), (3,4), (2,6), (5,9), (5,5), (5,4), (2,4), (2,5), (4,10), (3,3), (5,3), (4,3), (2,10), (1,5), (5,10), (1,6), (5,2), (2,3), (1,10)
------------------------
Iteración 30
-----------
Abiertos = (1,3), (2,5), (1,4), (5,1), (4,3), (1,9), (1,3), (1,6), (1,7)
Cerrados = (3,8), (3,7), (4,7), (4,8), (5,8), (3,6), (5,7), (3,9), (3,10), (3,5), (5,6), (3,4), (2,6), (5,9), (5,5), (5,4), (2,4), (2,5), (4,10), (3,3), (5,3), (4,3), (2,10), (1,5), (5,10), (1,6), (5,2), (2,3), (1,10), (1,4)
------------------------
Iteración 31
-----------
Abiertos = (1,4), (2,5), (5,1), (4,3), (1,9), (1,3), (1,6), (1,2), (1,7)
Cerrados = (3,8), (3,7), (4,7), (4,8), (5,8), (3,6), (5,7), (3,9), (3,10), (3,5), (5,6), (3,4), (2,6), (5,9), (5,5), (5,4), (2,4), (2,5), (4,10), (3,3), (5,3), (4,3), (2,10), (1,5), (5,10), (1,6), (5,2), (2,3), (1,10), (1,4), (1,3)
------------------------
Iteración 32
-----------
Abiertos = (1,9), (1,3), (1,6), (1,2), (1,7), (4,1)
Cerrados = (3,8), (3,7), (4,7), (4,8), (5,8), (3,6), (5,7), (3,9), (3,10), (3,5), (5,6), (3,4), (2,6), (5,9), (5,5), (5,4), (2,4), (2,5), (4,10), (3,3), (5,3), (4,3), (2,10), (1,5), (5,10), (1,6), (5,2), (2,3), (1,10), (1,4), (1,3), (5,1)
------------------------
Iteración 33
-----------
Abiertos = (1,9), (1,1), (1,7), (4,1)
Cerrados = (3,8), (3,7), (4,7), (4,8), (5,8), (3,6), (5,7), (3,9), (3,10), (3,5), (5,6), (3,4), (2,6), (5,9), (5,5), (5,4), (2,4), (2,5), (4,10), (3,3), (5,3), (4,3), (2,10), (1,5), (5,10), (1,6), (5,2), (2,3), (1,10), (1,4), (1,3), (5,1), (1,2)
------------------------
Iteración 34
-----------
Abiertos = (1,9), (1,7), (2,1), (4,1)
Cerrados = (3,8), (3,7), (4,7), (4,8), (5,8), (3,6), (5,7), (3,9), (3,10), (3,5), (5,6), (3,4), (2,6), (5,9), (5,5), (5,4), (2,4), (2,5), (4,10), (3,3), (5,3), (4,3), (2,10), (1,5), (5,10), (1,6), (5,2), (2,3), (1,10), (1,4), (1,3), (5,1), (1,2), (1,1)
------------------------
Iteración 35
-----------
Abiertos = (1,8), (1,7), (2,1), (4,1)
Cerrados = (3,8), (3,7), (4,7), (4,8), (5,8), (3,6), (5,7), (3,9), (3,10), (3,5), (5,6), (3,4), (2,6), (5,9), (5,5), (5,4), (2,4), (2,5), (4,10), (3,3), (5,3), (4,3), (2,10), (1,5), (5,10), (1,6), (5,2), (2,3), (1,10), (1,4), (1,3), (5,1), (1,2), (1,1), (1,9)
------------------------
Iteración 36
-----------
Abiertos = (1,7), (1,7), (2,1), (4,1)
Cerrados = (3,8), (3,7), (4,7), (4,8), (5,8), (3,6), (5,7), (3,9), (3,10), (3,5), (5,6), (3,4), (2,6), (5,9), (5,5), (5,4), (2,4), (2,5), (4,10), (3,3), (5,3), (4,3), (2,10), (1,5), (5,10), (1,6), (5,2), (2,3), (1,10), (1,4), (1,3), (5,1), (1,2), (1,1), (1,9), (1,8)
------------------------
Iteración 37
-----------
Abiertos = (1,7), (2,1), (4,1)
Cerrados = (3,8), (3,7), (4,7), (4,8), (5,8), (3,6), (5,7), (3,9), (3,10), (3,5), (5,6), (3,4), (2,6), (5,9), (5,5), (5,4), (2,4), (2,5), (4,10), (3,3), (5,3), (4,3), (2,10), (1,5), (5,10), (1,6), (5,2), (2,3), (1,10), (1,4), (1,3), (5,1), (1,2), (1,1), (1,9), (1,8), (1,7)
------------------------
Iteración 38
-----------
Abiertos = (2,1), (3,1)
Cerrados = (3,8), (3,7), (4,7), (4,8), (5,8), (3,6), (5,7), (3,9), (3,10), (3,5), (5,6), (3,4), (2,6), (5,9), (5,5), (5,4), (2,4), (2,5), (4,10), (3,3), (5,3), (4,3), (2,10), (1,5), (5,10), (1,6), (5,2), (2,3), (1,10), (1,4), (1,3), (5,1), (1,2), (1,1), (1,9), (1,8), (1,7), (4,1)
------------------------
Iteración 39
-----------
Abiertos = (2,1), (2,1)
Cerrados = (3,8), (3,7), (4,7), (4,8), (5,8), (3,6), (5,7), (3,9), (3,10), (3,5), (5,6), (3,4), (2,6), (5,9), (5,5), (5,4), (2,4), (2,5), (4,10), (3,3), (5,3), (4,3), (2,10), (1,5), (5,10), (1,6), (5,2), (2,3), (1,10), (1,4), (1,3), (5,1), (1,2), (1,1), (1,9), (1,8), (1,7), (4,1), (3,1)
------------------------
Iteración 40
-----------
Abiertos = (2,1)
Cerrados = (3,8), (3,7), (4,7), (4,8), (5,8), (3,6), (5,7), (3,9), (3,10), (3,5), (5,6), (3,4), (2,6), (5,9), (5,5), (5,4), (2,4), (2,5), (4,10), (3,3), (5,3), (4,3), (2,10), (1,5), (5,10), (1,6), (5,2), (2,3), (1,10), (1,4), (1,3), (5,1), (1,2), (1,1), (1,9), (1,8), (1,7), (4,1), (3,1), (2,1)
------------------------
No se ha encontrado ningún camino al destino.
Iteración 0
-----------
Abiertos = (3,8)
Cerrados = 
------------------------
Iteración 1
-----------
Abiertos = (3,7), (4,8), (3,9)
Cerrados = (3,8)
------------------------
Iteración 2
-----------
Abiertos = (4,7), (5,8), (3,7), (3,9)
Cerrados = (3,8), (4,8)
------------------------
Iteración 3
-----------
Abiertos = (5,8), (3,7), (5,7), (3,9), (3,7)
Cerrados = (3,8), (4,8), (4,7)
------------------------
Iteración 4
-----------
Abiertos = (3,7), (5,7), (5,7), (3,9), (3,7), (5,9)
Cerrados = (3,8), (4,8), (4,7), (5,8)
------------------------
Iteración 5
-----------
Abiertos = (3,7), (5,7), (3,9), (3,7), (5,6), (5,9)
Cerrados = (3,8), (4,8), (4,7), (5,8), (5,7)
------------------------
Iteración 6
-----------
Abiertos = (3,6), (5,7), (3,9), (3,7), (5,6), (5,9)
Cerrados = (3,8), (4,8), (4,7), (5,8), (5,7), (3,7)
------------------------
Iteración 7
-----------
Abiertos = (3,6), (3,7), (3,10), (5,6), (5,9)
Cerrados = (3,8), (4,8), (4,7), (5,8), (5,7), (3,7), (3,9)
------------------------
Iteración 8
-----------
Abiertos = (3,5), (3,7), (3,10), (5,6), (2,6), (5,9)
Cerrados = (3,8), (4,8), (4,7), (5,8), (5,7), (3,7), (3,9), (3,6)
------------------------
Iteración 9
-----------
Abiertos = (3,5), (5,6), (5,9), (2,6), (4,10), (2,10)
Cerrados = (3,8), (4,8), (4,7), (5,8), (5,7), (3,7), (3,9), (3,6), (3,10)
------------------------
Iteración 10
-----------
Abiertos = (5,6), (3,4), (5,9), (2,6), (2,5), (4,10), (2,10)
Cerrados = (3,8), (4,8), (4,7), (5,8), (5,7), (3,7), (3,9), (3,6), (3,10), (3,5)
------------------------
Iteración 11
-----------
Abiertos = (3,4), (5,9), (2,6), (5,5), (2,5), (4,10), (2,10)
Cerrados = (3,8), (4,8), (4,7), (5,8), (5,7), (3,7), (3,9), (3,6), (3,10), (3,5), (5,6)
------------------------
Iteración 12
-----------
Abiertos = (3,4), (2,6), (5,5), (2,5), (4,10), (2,10), (5,10)
Cerrados = (3,8), (4,8), (4,7), (5,8), (5,7), (3,7), (3,9), (3,6), (3,10), (3,5), (5,6), (5,9)
------------------------
Iteración 13
-----------
Abiertos = (3,4), (5,5), (2,5), (2,5), (4,10), (2,10), (1,6), (5,10)
Cerrados = (3,8), (4,8), (4,7), (5,8), (5,7), (3,7), (3,9), (3,6), (3,10), (3,5), (5,6), (5,9), (2,6)
------------------------
Iteración 14
-----------
Abiertos = (3,4), (5,4), (2,5), (2,5), (4,10), (2,10), (5,10), (1,6)
Cerrados = (3,8), (4,8), (4,7), (5,8), (5,7), (3,7), (3,9), (3,6), (3,10), (3,5), (5,6), (5,9), (2,6), (5,5)
------------------------
Iteración 15
-----------
Abiertos = (3,3), (5,4), (2,4), (2,5), (2,5), (4,10), (2,10), (1,6), (5,10)
Cerrados = (3,8), (4,8), (4,7), (5,8), (5,7), (3,7), (3,9), (3,6), (3,10), (3,5), (5,6), (5,9), (2,6), (5,5), (3,4)
------------------------
Iteración 16
-----------
Abiertos = (3,3), (2,4), (2,5), (2,5), (4,10), (5,3), (2,10), (5,10), (1,6)
Cerrados = (3,8), (4,8), (4,7), (5,8), (5,7), (3,7), (3,9), (3,6), (3,10), (3,5), (5,6), (5,9), (2,6), (5,5), (3,4), (5,4)
------------------------
Iteración 17
-----------
Abiertos = (4,3), (2,4), (2,5), (2,5), (4,10), (5,3), (2,10), (1,6), (5,10), (2,3)
Cerrados = (3,8), (4,8), (4,7), (5,8), (5,7), (3,7), (3,9), (3,6), (3,10), (3,5), (5,6), (5,9), (2,6), (5,5), (3,4), (5,4), (3,3)
------------------------
Iteración 18
-----------
Abiertos = (4,3), (2,5), (2,5), (4,10), (5,3), (2,10), (1,6), (5,10), (2,3), (2,3), (1,4), (2,5)
Cerrados = (3,8), (4,8), (4,7), (5,8), (5,7), (3,7), (3,9), (3,6), (3,10), (3,5), (5,6), (5,9), (2,6), (5,5), (3,4), (5,4), (3,3), (2,4)
------------------------
Iteración 19
-----------
Abiertos = (2,5), (2,5), (4,10), (5,3), (5,3), (2,10), (1,6), (5,10), (2,3), (2,3), (2,5), (1,4)
Cerrados = (3,8), (4,8), (4,7), (5,8), (5,7), (3,7), (3,9), (3,6), (3,10), (3,5), (5,6), (5,9), (2,6), (5,5), (3,4), (5,4), (3,3), (2,4), (4,3)
------------------------
Iteración 20
-----------
Abiertos = (2,5), (4,10), (5,3), (5,3), (2,10), (1,5), (1,6), (5,10), (2,3), (2,3), (2,5), (1,4)
Cerrados = (3,8), (4,8), (4,7), (5,8), (5,7), (3,7), (3,9), (3,6), (3,10), (3,5), (5,6), (5,9), (2,6), (5,5), (3,4), (5,4), (3,3), (2,4), (4,3), (2,5)
------------------------
Iteración 21
-----------
Abiertos = (5,3), (5,3), (2,10), (1,5), (1,6), (5,10), (5,10), (2,3), (2,3), (2,5), (1,4)
Cerrados = (3,8), (4,8), (4,7), (5,8), (5,7), (3,7), (3,9), (3,6), (3,10), (3,5), (5,6), (5,9), (2,6), (5,5), (3,4), (5,4), (3,3), (2,4), (4,3), (2,5), (4,10)
------------------------
Iteración 22
-----------
Abiertos = (5,3), (2,10), (1,5), (1,6), (5,10), (5,10), (5,2), (2,3), (2,3), (1,4), (2,5)
Cerrados = (3,8), (4,8), (4,7), (5,8), (5,7), (3,7), (3,9), (3,6), (3,10), (3,5), (5,6), (5,9), (2,6), (5,5), (3,4), (5,4), (3,3), (2,4), (4,3), (2,5), (4,10), (5,3)
------------------------
Iteración 23
-----------
Abiertos = (5,3), (1,5), (1,6), (5,10), (5,10), (5,2), (2,3), (2,3), (1,10), (1,4), (2,5)
Cerrados = (3,8), (4,8), (4,7), (5,8), (5,7), (3,7), (3,9), (3,6), (3,10), (3,5), (5,6), (5,9), (2,6), (5,5), (3,4), (5,4), (3,3), (2,4), (4,3), (2,5), (4,10), (5,3), (2,10)
------------------------
Iteración 24
-----------
Abiertos = (5,3), (5,10), (1,6), (5,10), (5,2), (2,3), (2,3), (1,10), (1,4), (1,4), (2,5), (1,6)
Cerrados = (3,8), (4,8), (4,7), (5,8), (5,7), (3,7), (3,9), (3,6), (3,10), (3,5), (5,6), (5,9), (2,6), (5,5), (3,4), (5,4), (3,3), (2,4), (4,3), (2,5), (4,10), (5,3), (2,10), (1,5)
------------------------
Iteración 25
-----------
Abiertos = (5,10), (5,10), (5,2), (2,3), (2,3), (1,10), (2,5), (1,4), (1,4), (1,6), (1,7)
Cerrados = (3,8), (4,8), (4,7), (5,8), (5,7), (3,7), (3,9), (3,6), (3,10), (3,5), (5,6), (5,9), (2,6), (5,5), (3,4), (5,4), (3,3), (2,4), (4,3), (2,5), (4,10), (5,3), (2,10), (1,5), (1,6)
------------------------
Iteración 26
-----------
Abiertos = (5,10), (5,2), (2,3), (2,3), (1,10), (2,5), (1,4), (1,4), (1,6), (1,7)
Cerrados = (3,8), (4,8), (4,7), (5,8), (5,7), (3,7), (3,9), (3,6), (3,10), (3,5), (5,6), (5,9), (2,6), (5,5), (3,4), (5,4), (3,3), (2,4), (4,3), (2,5), (4,10), (5,3), (2,10), (1,5), (1,6), (5,10)
------------------------
Iteración 27
-----------
Abiertos = (5,10), (2,3), (2,3), (1,10), (2,5), (1,4), (1,4), (5,1), (1,6), (1,7)
Cerrados = (3,8), (4,8), (4,7), (5,8), (5,7), (3,7), (3,9), (3,6), (3,10), (3,5), (5,6), (5,9), (2,6), (5,5), (3,4), (5,4), (3,3), (2,4), (4,3), (2,5), (4,10), (5,3), (2,10), (1,5), (1,6), (5,10), (5,2)
------------------------
Iteración 28
-----------
Abiertos = (5,10), (2,3), (1,10), (2,5), (1,4), (1,4), (5,1), (1,3), (1,6), (1,7)
Cerrados = (3,8), (4,8), (4,7), (5,8), (5,7), (3,7), (3,9), (3,6), (3,10), (3,5), (5,6), (5,9), (2,6), (5,5), (3,4), (5,4), (3,3), (2,4), (4,3), (2,5), (4,10), (5,3), (2,10), (1,5), (1,6), (5,10), (5,2), (2,3)
------------------------
Iteración 29
-----------
Abiertos = (2,3), (2,5), (1,4), (1,4), (5,1), (1,9), (1,3), (1,6), (1,7)
Cerrados = (3,8), (4,8), (4,7), (5,8), (5,7), (3,7), (3,9), (3,6), (3,10), (3,5), (5,6), (5,9), (2,6), (5,5), (3,4), (5,4), (3,3), (2,4), (4,3), (2,5), (4,10), (5,3), (2,10), (1,5), (1,6), (5,10), (5,2), (2,3), (1,10)
------------------------
Iteración 30
-----------
Abiertos = (1,3), (1,4), (2,5), (5,1), (1,9), (1,3), (1,6), (1,7)
Cerrados = (3,8), (4,8), (4,7), (5,8), (5,7), (3,7), (3,9), (3,6), (3,10), (3,5), (5,6), (5,9), (2,6), (5,5), (3,4), (5,4), (3,3), (2,4), (4,3), (2,5), (4,10), (5,3), (2,10), (1,5), (1,6), (5,10), (5,2), (2,3), (1,10), (1,4)
------------------------
Iteración 31
-----------
Abiertos = (2,5), (1,4), (5,1), (1,9), (1,3), (1,6), (1,2), (1,7)
Cerrados = (3,8), (4,8), (4,7), (5,8), (5,7), (3,7), (3,9), (3,6), (3,10), (3,5), (5,6), (5,9), (2,6), (5,5), (3,4), (5,4), (3,3), (2,4), (4,3), (2,5), (4,10), (5,3), (2,10), (1,5), (1,6), (5,10), (5,2), (2,3), (1,10), (1,4), (1,3)
------------------------
Iteración 32
-----------
Abiertos = (2,5), (1,9), (1,3), (1,6), (1,2), (1,7), (4,1)
Cerrados = (3,8), (4,8), (4,7), (5,8), (5,7), (3,7), (3,9), (3,6), (3,10), (3,5), (5,6), (5,9), (2,6), (5,5), (3,4), (5,4), (3,3), (2,4), (4,3), (2,5), (4,10), (5,3), (2,10), (1,5), (1,6), (5,10), (5,2), (2,3), (1,10), (1,4), (1,3), (5,1)
------------------------
Iteración 33
-----------
Abiertos = (2,5), (1,8), (1,3), (1,6), (1,2), (1,7), (4,1)
Cerrados = (3,8), (4,8), (4,7), (5,8), (5,7), (3,7), (3,9), (3,6), (3,10), (3,5), (5,6), (5,9), (2,6), (5,5), (3,4), (5,4), (3,3), (2,4), (4,3), (2,5), (4,10), (5,3), (2,10), (1,5), (1,6), (5,10), (5,2), (2,3), (1,10), (1,4), (1,3), (5,1), (1,9)
------------------------
Iteración 34
-----------
Abiertos = (1,3), (1,6), (1,2), (1,7), (1,7), (4,1)
Cerrados = (3,8), (4,8), (4,7), (5,8), (5,7), (3,7), (3,9), (3,6), (3,10), (3,5), (5,6), (5,9), (2,6), (5,5), (3,4), (5,4), (3,3), (2,4), (4,3), (2,5), (4,10), (5,3), (2,10), (1,5), (1,6), (5,10), (5,2), (2,3), (1,10), (1,4), (1,3), (5,1), (1,9), (1,8)
------------------------
Iteración 35
-----------
Abiertos = (1,3), (1,1), (1,7), (1,7), (4,1)
Cerrados = (3,8), (4,8), (4,7), (5,8), (5,7), (3,7), (3,9), (3,6), (3,10), (3,5), (5,6), (5,9), (2,6), (5,5), (3,4), (5,4), (3,3), (2,4), (4,3), (2,5), (4,10), (5,3), (2,10), (1,5), (1,6), (5,10), (5,2), (2,3), (1,10), (1,4), (1,3), (5,1), (1,9), (1,8), (1,2)
------------------------
Iteración 36
-----------
Abiertos = (1,7), (1,7), (2,1), (4,1)
Cerrados = (3,8), (4,8), (4,7), (5,8), (5,7), (3,7), (3,9), (3,6), (3,10), (3,5), (5,6), (5,9), (2,6), (5,5), (3,4), (5,4), (3,3), (2,4), (4,3), (2,5), (4,10), (5,3), (2,10), (1,5), (1,6), (5,10), (5,2), (2,3), (1,10), (1,4), (1,3), (5,1), (1,9), (1,8), (1,2), (1,1)
------------------------
Iteración 37
-----------
Abiertos = (1,7), (2,1), (4,1)
Cerrados = (3,8), (4,8), (4,7), (5,8), (5,7), (3,7), (3,9), (3,6), (3,10), (3,5), (5,6), (5,9), (2,6), (5,5), (3,4), (5,4), (3,3), (2,4), (4,3), (2,5), (4,10), (5,3), (2,10), (1,5), (1,6), (5,10), (5,2), (2,3), (1,10), (1,4), (1,3), (5,1), (1,9), (1,8), (1,2), (1,1), (1,7)
------------------------
Iteración 38
-----------
Abiertos = (2,1), (3,1)
Cerrados = (3,8), (4,8), (4,7), (5,8), (5,7), (3,7), (3,9), (3,6), (3,10), (3,5), (5,6), (5,9), (2,6), (5,5), (3,4), (5,4), (3,3), (2,4), (4,3), (2,5), (4,10), (5,3), (2,10), (1,5), (1,6), (5,10), (5,2), (2,3), (1,10), (1,4), (1,3), (5,1), (1,9), (1,8), (1,2), (1,1), (1,7), (4,1)
------------------------
Iteración 39
-----------
Abiertos = (2,1), (2,1)
Cerrados = (3,8), (4,8), (4,7), (5,8), (5,7), (3,7), (3,9), (3,6), (3,10), (3,5), (5,6), (5,9), (2,6), (5,5), (3,4), (5,4), (3,3), (2,4), (4,3), (2,5), (4,10), (5,3), (2,10), (1,5), (1,6), (5,10), (5,2), (2,3), (1,10), (1,4), (1,3), (5,1), (1,9), (1,8), (1,2), (1,1), (1,7), (4,1), (3,1)
------------------------
Iteración 40
-----------
Abiertos = (2,1)
Cerrados = (3,8), (4,8), (4,7), (5,8), (5,7), (3,7), (3,9), (3,6), (3,10), (3,5), (5,6), (5,9), (2,6), (5,5), (3,4), (5,4), (3,3), (2,4), (4,3), (2,5), (4,10), (5,3), (2,10), (1,5), (1,6), (5,10), (5,2), (2,3), (1,10), (1,4), (1,3), (5,1), (1,9), (1,8), (1,2), (1,1), (1,7), (4,1), (3,1), (2,1)
------------------------
No se ha encontrado ningún camino al destino.
Iteración 0
-----------
Abiertos = (3,8)
Cerrados = 
------------------------
Iteración 1
-----------
Abiertos = (3,7), (4,8), (3,9)
Cerrados = (3,8)
------------------------
Iteración 2
-----------
Abiertos = (3,6), (4,7), (4,8), (3,9)
Cerrados = (3,8), (3,7)
------------------------
Iteración 3
-----------
Abiertos = (3,6), (4,8), (5,7), (3,9), (4,8)
Cerrados = (3,8), (3,7), (4,7)
------------------------
Iteración 4
-----------
Abiertos = (4,8), (5,7), (3,9), (3,5), (4,8), (2,6)
Cerrados = (3,8), (3,7), (4,7), (3,6)
------------------------
Iteración 5
-----------
Abiertos = (5,8), (5,7), (3,9), (3,5), (4,8), (2,6)
Cerrados = (3,8), (3,7), (4,7), (3,6), (4,8)
------------------------
Iteración 6
-----------
Abiertos = (5,8), (3,9), (3,5), (5,8), (4,8), (5,6), (2,6)
Cerrados = (3,8), (3,7), (4,7), (3,6), (4,8), (5,7)
------------------------
Iteración 7
-----------
Abiertos = (3,9), (3,5), (5,8), (4,8), (5,6), (2,6), (5,9)
Cerrados = (3,8), (3,7), (4,7), (3,6), (4,8), (5,7), (5,8)
------------------------
Iteración 8
-----------
Abiertos = (3,9), (5,8), (4,8), (3,4), (5,6), (5,9), (2,6), (2,5)
Cerrados = (3,8), (3,7), (4,7), (3,6), (4,8), (5,7), (5,8), (3,5)
------------------------
Iteración 9
-----------
Abiertos = (3,9), (3,3), (5,6), (5,9), (2,6), (2,4), (2,5)
Cerrados = (3,8), (3,7), (4,7), (3,6), (4,8), (5,7), (5,8), (3,5), (3,4)
------------------------
Iteración 10
-----------
Abiertos = (3,10), (3,3), (5,6), (5,9), (2,6), (2,4), (2,5)
Cerrados = (3,8), (3,7), (4,7), (3,6), (4,8), (5,7), (5,8), (3,5), (3,4), (3,9)
------------------------
Iteración 11
-----------
Abiertos = (3,3), (5,6), (5,9), (2,6), (2,4), (2,5), (4,10), (2,10)
Cerrados = (3,8), (3,7), (4,7), (3,6), (4,8), (5,7), (5,8), (3,5), (3,4), (3,9), (3,10)
------------------------
Iteración 12
-----------
Abiertos = (5,6), (5,9), (2,6), (4,3), (2,4), (2,5), (4,10), (2,10), (2,3)
Cerrados = (3,8), (3,7), (4,7), (3,6), (4,8), (5,7), (5,8), (3,5), (3,4), (3,9), (3,10), (3,3)
------------------------
Iteración 13
-----------
Abiertos = (5,6), (2,6), (4,3), (2,4), (2,5), (4,10), (2,10), (5,10), (2,3)
Cerrados = (3,8), (3,7), (4,7), (3,6), (4,8), (5,7), (5,8), (3,5), (3,4), (3,9), (3,10), (3,3), (5,9)
------------------------
Iteración 14
-----------
Abiertos = (2,6), (4,3), (5,5), (2,4), (2,5), (4,10), (2,10), (5,10), (2,3)
Cerrados = (3,8), (3,7), (4,7), (3,6), (4,8), (5,7), (5,8), (3,5), (3,4), (3,9), (3,10), (3,3), (5,9), (5,6)
------------------------
Iteración 15
-----------
Abiertos = (4,3), (5,5), (2,4), (2,5), (2,5), (4,10), (2,10), (5,10), (1,6), (2,3)
Cerrados = (3,8), (3,7), (4,7), (3,6), (4,8), (5,7), (5,8), (3,5), (3,4), (3,9), (3,10), (3,3), (5,9), (5,6), (2,6)
------------------------
Iteración 16
-----------
Abiertos = (4,3), (5,4), (2,4), (2,5), (2,5), (4,10), (2,10), (5,10), (1,6), (2,3)
Cerrados = (3,8), (3,7), (4,7), (3,6), (4,8), (5,7), (5,8), (3,5), (3,4), (3,9), (3,10), (3,3), (5,9), (5,6), (2,6), (5,5)
------------------------
Iteración 17
-----------
Abiertos = (5,4), (2,4), (2,5), (2,5), (4,10), (5,3), (2,10), (5,10), (1,6), (2,3)
Cerrados = (3,8), (3,7), (4,7), (3,6), (4,8), (5,7), (5,8), (3,5), (3,4), (3,9), (3,10), (3,3), (5,9), (5,6), (2,6), (5,5), (4,3)
------------------------
Iteración 18
-----------
Abiertos = (5,4), (2,5), (2,5), (4,10), (5,3), (2,10), (1,6), (5,10), (2,3), (2,3), (1,4), (2,5)
Cerrados = (3,8), (3,7), (4,7), (3,6), (4,8), (5,7), (5,8), (3,5), (3,4), (3,9), (3,10), (3,3), (5,9), (5,6), (2,6), (5,5), (4,3), (2,4)
------------------------
Iteración 19
-----------
Abiertos = (5,4), (2,5), (4,10), (5,3), (2,10), (1,5), (1,6), (5,10), (2,3), (2,3), (1,4), (2,5)
Cerrados = (3,8), (3,7), (4,7), (3,6), (4,8), (5,7), (5,8), (3,5), (3,4), (3,9), (3,10), (3,3), (5,9), (5,6), (2,6), (5,5), (4,3), (2,4), (2,5)
------------------------
Iteración 20
-----------
Abiertos = (5,4), (5,3), (2,10), (1,5), (5,10), (1,6), (5,10), (2,3), (2,3), (2,5), (1,4)
Cerrados = (3,8), (3,7), (4,7), (3,6), (4,8), (5,7), (5,8), (3,5), (3,4), (3,9), (3,10), (3,3), (5,9), (5,6), (2,6), (5,5), (4,3), (2,4), (2,5), (4,10)
------------------------
Iteración 21
-----------
Abiertos = (5,4), (2,10), (1,5), (5,10), (1,6), (5,10), (5,2), (5,4), (2,3), (2,3), (2,5), (1,4)
Cerrados = (3,8), (3,7), (4,7), (3,6), (4,8), (5,7), (5,8), (3,5), (3,4), (3,9), (3,10), (3,3), (5,9), (5,6), (2,6), (5,5), (4,3), (2,4), (2,5), (4,10), (5,3)
------------------------
Iteración 22
-----------
Abiertos = (5,4), (1,5), (5,10), (1,6), (5,10), (5,2), (5,4), (2,3), (2,3), (1,10), (1,4), (2,5)
Cerrados = (3,8), (3,7), (4,7), (3,6), (4,8), (5,7), (5,8), (3,5), (3,4), (3,9), (3,10), (3,3), (5,9), (5,6), (2,6), (5,5), (4,3), (2,4), (2,5), (4,10), (5,3), (2,10)
------------------------
Iteración 23
-----------
Abiertos = (1,5), (5,10), (1,6), (5,10), (5,2), (5,4), (2,3), (2,3), (1,10), (1,4), (2,5)
Cerrados = (3,8), (3,7), (4,7), (3,6), (4,8), (5,7), (5,8), (3,5), (3,4), (3,9), (3,10), (3,3), (5,9), (5,6), (2,6), (5,5), (4,3), (2,4), (2,5), (4,10), (5,3), (2,10), (5,4)
------------------------
Iteración 24
-----------
Abiertos = (1,5), (1,6), (5,10), (5,2), (5,4), (2,3), (2,3), (1,10), (1,4), (2,5)
Cerrados = (3,8), (3,7), (4,7), (3,6), (4,8), (5,7), (5,8), (3,5), (3,4), (3,9), (3,10), (3,3), (5,9), (5,6), (2,6), (5,5), (4,3), (2,4), (2,5), (4,10), (5,3), (2,10), (5,4), (5,10)
------------------------
Iteración 25
-----------
Abiertos = (1,5), (1,5), (5,10), (5,2), (5,4), (2,3), (2,3), (1,10), (2,5), (1,4), (1,7)
Cerrados = (3,8), (3,7), (4,7), (3,6), (4,8), (5,7), (5,8), (3,5), (3,4), (3,9), (3,10), (3,3), (5,9), (5,6), (2,6), (5,5), (4,3), (2,4), (2,5), (4,10), (5,3), (2,10), (5,4), (5,10), (1,6)
------------------------
Iteración 26
-----------
Abiertos = (1,5), (5,10), (5,2), (5,4), (2,3), (2,3), (1,10), (2,5), (1,4), (1,4), (1,7)
Cerrados = (3,8), (3,7), (4,7), (3,6), (4,8), (5,7), (5,8), (3,5), (3,4), (3,9), (3,10), (3,3), (5,9), (5,6), (2,6), (5,5), (4,3), (2,4), (2,5), (4,10), (5,3), (2,10), (5,4), (5,10), (1,6), (1,5)
------------------------
Iteración 27
-----------
Abiertos = (1,5), (5,4), (2,3), (2,3), (1,10), (2,5), (1,4), (1,4), (5,1), (1,7)
Cerrados = (3,8), (3,7), (4,7), (3,6), (4,8), (5,7), (5,8), (3,5), (3,4), (3,9), (3,10), (3,3), (5,9), (5,6), (2,6), (5,5), (4,3), (2,4), (2,5), (4,10), (5,3), (2,10), (5,4), (5,10), (1,6), (1,5), (5,2)
------------------------
Iteración 28
-----------
Abiertos = (1,5), (2,3), (1,10), (2,5), (1,4), (1,4), (5,1), (1,3), (1,7)
Cerrados = (3,8), (3,7), (4,7), (3,6), (4,8), (5,7), (5,8), (3,5), (3,4), (3,9), (3,10), (3,3), (5,9), (5,6), (2,6), (5,5), (4,3), (2,4), (2,5), (4,10), (5,3), (2,10), (5,4), (5,10), (1,6), (1,5), (5,2), (2,3)
------------------------
Iteración 29
-----------
Abiertos = (2,3), (2,5), (1,4), (1,4), (5,1), (1,9), (1,3), (1,7)
Cerrados = (3,8), (3,7), (4,7), (3,6), (4,8), (5,7), (5,8), (3,5), (3,4), (3,9), (3,10), (3,3), (5,9), (5,6), (2,6), (5,5), (4,3), (2,4), (2,5), (4,10), (5,3), (2,10), (5,4), (5,10), (1,6), (1,5), (5,2), (2,3), (1,10)
------------------------
Iteración 30
-----------
Abiertos = (1,3), (1,4), (2,5), (5,1), (1,9), (1,3), (1,7)
Cerrados = (3,8), (3,7), (4,7), (3,6), (4,8), (5,7), (5,8), (3,5), (3,4), (3,9), (3,10), (3,3), (5,9), (5,6), (2,6), (5,5), (4,3), (2,4), (2,5), (4,10), (5,3), (2,10), (5,4), (5,10), (1,6), (1,5), (5,2), (2,3), (1,10), (1,4)
------------------------
Iteración 31
-----------
Abiertos = (2,5), (1,4), (5,1), (1,9), (1,3), (1,2), (1,7)
Cerrados = (3,8), (3,7), (4,7), (3,6), (4,8), (5,7), (5,8), (3,5), (3,4), (3,9), (3,10), (3,3), (5,9), (5,6), (2,6), (5,5), (4,3), (2,4), (2,5), (4,10), (5,3), (2,10), (5,4), (5,10), (1,6), (1,5), (5,2), (2,3), (1,10), (1,4), (1,3)
------------------------
Iteración 32
-----------
Abiertos = (1,4), (1,9), (1,3), (1,2), (1,7), (4,1)
Cerrados = (3,8), (3,7), (4,7), (3,6), (4,8), (5,7), (5,8), (3,5), (3,4), (3,9), (3,10), (3,3), (5,9), (5,6), (2,6), (5,5), (4,3), (2,4), (2,5), (4,10), (5,3), (2,10), (5,4), (5,10), (1,6), (1,5), (5,2), (2,3), (1,10), (1,4), (1,3), (5,1)
------------------------
Iteración 33
-----------
Abiertos = (1,4), (1,8), (1,3), (1,2), (1,7), (4,1)
Cerrados = (3,8), (3,7), (4,7), (3,6), (4,8), (5,7), (5,8), (3,5), (3,4), (3,9), (3,10), (3,3), (5,9), (5,6), (2,6), (5,5), (4,3), (2,4), (2,5), (4,10), (5,3), (2,10), (5,4), (5,10), (1,6), (1,5), (5,2), (2,3), (1,10), (1,4), (1,3), (5,1), (1,9)
------------------------
Iteración 34
-----------
Abiertos = (1,4), (1,3), (1,2), (1,7), (1,7), (4,1)
Cerrados = (3,8), (3,7), (4,7), (3,6), (4,8), (5,7), (5,8), (3,5), (3,4), (3,9), (3,10), (3,3), (5,9), (5,6), (2,6), (5,5), (4,3), (2,4), (2,5), (4,10), (5,3), (2,10), (5,4), (5,10), (1,6), (1,5), (5,2), (2,3), (1,10), (1,4), (1,3), (5,1), (1,9), (1,8)
------------------------
Iteración 35
-----------
Abiertos = (1,3), (1,1), (1,7), (1,7), (4,1)
Cerrados = (3,8), (3,7), (4,7), (3,6), (4,8), (5,7), (5,8), (3,5), (3,4), (3,9), (3,10), (3,3), (5,9), (5,6), (2,6), (5,5), (4,3), (2,4), (2,5), (4,10), (5,3), (2,10), (5,4), (5,10), (1,6), (1,5), (5,2), (2,3), (1,10), (1,4), (1,3), (5,1), (1,9), (1,8), (1,2)
------------------------
Iteración 36
-----------
Abiertos = (1,1), (1,7), (4,1)
Cerrados = (3,8), (3,7), (4,7), (3,6), (4,8), (5,7), (5,8), (3,5), (3,4), (3,9), (3,10), (3,3), (5,9), (5,6), (2,6), (5,5), (4,3), (2,4), (2,5), (4,10), (5,3), (2,10), (5,4), (5,10), (1,6), (1,5), (5,2), (2,3), (1,10), (1,4), (1,3), (5,1), (1,9), (1,8), (1,2), (1,7)
------------------------
Iteración 37
-----------
Abiertos = (2,1), (4,1)
Cerrados = (3,8), (3,7), (4,7), (3,6), (4,8), (5,7), (5,8), (3,5), (3,4), (3,9), (3,10), (3,3), (5,9), (5,6), (2,6), (5,5), (4,3), (2,4), (2,5), (4,10), (5,3), (2,10), (5,4), (5,10), (1,6), (1,5), (5,2), (2,3), (1,10), (1,4), (1,3), (5,1), (1,9), (1,8), (1,2), (1,7), (1,1)
------------------------
Iteración 38
-----------
Abiertos = (2,1), (3,1)
Cerrados = (3,8), (3,7), (4,7), (3,6), (4,8), (5,7), (5,8), (3,5), (3,4), (3,9), (3,10), (3,3), (5,9), (5,6), (2,6), (5,5), (4,3), (2,4), (2,5), (4,10), (5,3), (2,10), (5,4), (5,10), (1,6), (1,5), (5,2), (2,3), (1,10), (1,4), (1,3), (5,1), (1,9), (1,8), (1,2), (1,7), (1,1), (4,1)
------------------------
Iteración 39
-----------
Abiertos = (3,1), (3,1)
Cerrados = (3,8), (3,7), (4,7), (3,6), (4,8), (5,7), (5,8), (3,5), (3,4), (3,9), (3,10), (3,3), (5,9), (5,6), (2,6), (5,5), (4,3), (2,4), (2,5), (4,10), (5,3), (2,10), (5,4), (5,10), (1,6), (1,5), (5,2), (2,3), (1,10), (1,4), (1,3), (5,1), (1,9), (1,8), (1,2), (1,7), (1,1), (4,1), (2,1)
------------------------
Iteración 40
-----------
Abiertos = (3,1)
Cerrados = (3,8), (3,7), (4,7), (3,6), (4,8), (5,7), (5,8), (3,5), (3,4), (3,9), (3,10), (3,3), (5,9), (5,6), (2,6), (5,5), (4,3), (2,4), (2,5), (4,10), (5,3), (2,10), (5,4), (5,10), (1,6), (1,5), (5,2), (2,3), (1,10), (1,4), (1,3), (5,1), (1,9), (1,8), (1,2), (1,7), (1,1), (4,1), (2,1), (3,1)
------------------------
No se ha encontrado ningún camino al destino.
Iteración 0
-----------
Abiertos = (3,8)
Cerrados = 
------------------------
Iteración 1
-----------
Abiertos = (3,7), (4,8), (3,9)
Cerrados = (3,8)
------------------------
Iteración 2
-----------
Abiertos = (4,7), (5,8), (3,7), (3,9)
Cerrados = (3,8), (4,8)
------------------------
Iteración 3
-----------
Abiertos = (4,7), (3,7), (5,7), (3,9), (5,9)
Cerrados = (3,8), (4,8), (5,8)
------------------------
Iteración 4
-----------
Abiertos = (4,7), (4,7), (3,6), (5,7), (3,9), (5,9)
Cerrados = (3,8), (4,8), (5,8), (3,7)
------------------------
Iteración 5
-----------
Abiertos = (3,6), (4,7), (5,7), (5,7), (3,9), (5,9)
Cerrados = (3,8), (4,8), (5,8), (3,7), (4,7)
------------------------
Iteración 6
-----------
Abiertos = (5,7), (5,7), (3,9), (3,5), (2,6), (5,9)
Cerrados = (3,8), (4,8), (5,8), (3,7), (4,7), (3,6)
------------------------
Iteración 7
-----------
Abiertos = (5,7), (3,9), (3,5), (5,6), (2,6), (5,9)
Cerrados = (3,8), (4,8), (5,8), (3,7), (4,7), (3,6), (5,7)
------------------------
Iteración 8
-----------
Abiertos = (3,5), (3,10), (5,6), (5,9), (2,6)
Cerrados = (3,8), (4,8), (5,8), (3,7), (4,7), (3,6), (5,7), (3,9)
------------------------
Iteración 9
-----------
Abiertos = (3,5), (5,6), (2,6), (5,9), (4,10), (2,10)
Cerrados = (3,8), (4,8), (5,8), (3,7), (4,7), (3,6), (5,7), (3,9), (3,10)
------------------------
Iteración 10
-----------
Abiertos = (3,5), (2,6), (5,9), (5,5), (4,10), (2,10)
Cerrados = (3,8), (4,8), (5,8), (3,7), (4,7), (3,6), (5,7), (3,9), (3,10), (5,6)
------------------------
Iteración 11
-----------
Abiertos = (3,4), (5,9), (2,6), (5,5), (2,5), (4,10), (2,10)
Cerrados = (3,8), (4,8), (5,8), (3,7), (4,7), (3,6), (5,7), (3,9), (3,10), (5,6), (3,5)
------------------------
Iteración 12
-----------
Abiertos = (3,3), (2,6), (5,9), (5,5), (2,4), (2,5), (4,10), (2,10)
Cerrados = (3,8), (4,8), (5,8), (3,7), (4,7), (3,6), (5,7), (3,9), (3,10), (5,6), (3,5), (3,4)
------------------------
Iteración 13
-----------
Abiertos = (3,3), (5,9), (5,5), (2,4), (2,5), (2,5), (4,10), (2,10), (1,6)
Cerrados = (3,8), (4,8), (5,8), (3,7), (4,7), (3,6), (5,7), (3,9), (3,10), (5,6), (3,5), (3,4), (2,6)
------------------------
Iteración 14
-----------
Abiertos = (3,3), (5,5), (2,4), (2,5), (2,5), (4,10), (2,10), (5,10), (1,6)
Cerrados = (3,8), (4,8), (5,8), (3,7), (4,7), (3,6), (5,7), (3,9), (3,10), (5,6), (3,5), (3,4), (2,6), (5,9)
------------------------
Iteración 15
-----------
Abiertos = (3,3), (5,4), (2,4), (2,5), (2,5), (4,10), (2,10), (5,10), (1,6)
Cerrados = (3,8), (4,8), (5,8), (3,7), (4,7), (3,6), (5,7), (3,9), (3,10), (5,6), (3,5), (3,4), (2,6), (5,9), (5,5)
------------------------
Iteración 16
-----------
Abiertos = (3,3), (2,4), (2,5), (2,5), (4,10), (5,3), (2,10), (5,10), (1,6)
Cerrados = (3,8), (4,8), (5,8), (3,7), (4,7), (3,6), (5,7), (3,9), (3,10), (5,6), (3,5), (3,4), (2,6), (5,9), (5,5), (5,4)
------------------------
Iteración 17
-----------
Abiertos = (4,3), (2,4), (2,5), (2,5), (4,10), (5,3), (2,10), (1,6), (5,10), (2,3)
Cerrados = (3,8), (4,8), (5,8), (3,7), (4,7), (3,6), (5,7), (3,9), (3,10), (5,6), (3,5), (3,4), (2,6), (5,9), (5,5), (5,4), (3,3)
------------------------
Iteración 18
-----------
Abiertos = (4,3), (2,5), (2,5), (4,10), (5,3), (2,10), (1,6), (5,10), (2,3), (2,3), (1,4), (2,5)
Cerrados = (3,8), (4,8), (5,8), (3,7), (4,7), (3,6), (5,7), (3,9), (3,10), (5,6), (3,5), (3,4), (2,6), (5,9), (5,5), (5,4), (3,3), (2,4)
------------------------
Iteración 19
-----------
Abiertos = (2,5), (2,5), (4,10), (5,3), (5,3), (2,10), (1,6), (5,10), (2,3), (2,3), (2,5), (1,4)
Cerrados = (3,8), (4,8), (5,8), (3,7), (4,7), (3,6), (5,7), (3,9), (3,10), (5,6), (3,5), (3,4), (2,6), (5,9), (5,5), (5,4), (3,3), (2,4), (4,3)
------------------------
Iteración 20
-----------
Abiertos = (2,5), (4,10), (5,3), (5,3), (2,10), (1,5), (1,6), (5,10), (2,3), (2,3), (2,5), (1,4)
Cerrados = (3,8), (4,8), (5,8), (3,7), (4,7), (3,6), (5,7), (3,9), (3,10), (5,6), (3,5), (3,4), (2,6), (5,9), (5,5), (5,4), (3,3), (2,4), (4,3), (2,5)
------------------------
Iteración 21
-----------
Abiertos = (4,10), (5,3), (2,10), (1,5), (1,6), (5,10), (5,2), (2,3), (2,3), (2,5), (1,4)
Cerrados = (3,8), (4,8), (5,8), (3,7), (4,7), (3,6), (5,7), (3,9), (3,10), (5,6), (3,5), (3,4), (2,6), (5,9), (5,5), (5,4), (3,3), (2,4), (4,3), (2,5), (5,3)
------------------------
Iteración 22
-----------
Abiertos = (5,3), (2,10), (1,5), (1,6), (5,10), (5,10), (5,2), (2,3), (2,3), (1,4), (2,5)
Cerrados = (3,8), (4,8), (5,8), (3,7), (4,7), (3,6), (5,7), (3,9), (3,10), (5,6), (3,5), (3,4), (2,6), (5,9), (5,5), (5,4), (3,3), (2,4), (4,3), (2,5), (5,3), (4,10)
------------------------
Iteración 23
-----------
Abiertos = (5,3), (1,5), (1,6), (5,10), (5,10), (5,2), (2,3), (2,3), (1,10), (1,4), (2,5)
Cerrados = (3,8), (4,8), (5,8), (3,7), (4,7), (3,6), (5,7), (3,9), (3,10), (5,6), (3,5), (3,4), (2,6), (5,9), (5,5), (5,4), (3,3), (2,4), (4,3), (2,5), (5,3), (4,10), (2,10)
------------------------
Iteración 24
-----------
Abiertos = (5,3), (5,10), (1,6), (5,10), (5,2), (2,3), (2,3), (1,10), (1,4), (1,4), (2,5), (1,6)
Cerrados = (3,8), (4,8), (5,8), (3,7), (4,7), (3,6), (5,7), (3,9), (3,10), (5,6), (3,5), (3,4), (2,6), (5,9), (5,5), (5,4), (3,3), (2,4), (4,3), (2,5), (5,3), (4,10), (2,10), (1,5)
------------------------
Iteración 25
-----------
Abiertos = (5,3), (1,6), (5,10), (5,2), (2,3), (2,3), (1,10), (1,4), (1,4), (2,5), (1,6)
Cerrados = (3,8), (4,8), (5,8), (3,7), (4,7), (3,6), (5,7), (3,9), (3,10), (5,6), (3,5), (3,4), (2,6), (5,9), (5,5), (5,4), (3,3), (2,4), (4,3), (2,5), (5,3), (4,10), (2,10), (1,5), (5,10)
------------------------
Iteración 26
-----------
Abiertos = (5,3), (5,10), (5,2), (2,3), (2,3), (1,10), (2,5), (1,4), (1,4), (1,6), (1,7)
Cerrados = (3,8), (4,8), (5,8), (3,7), (4,7), (3,6), (5,7), (3,9), (3,10), (5,6), (3,5), (3,4), (2,6), (5,9), (5,5), (5,4), (3,3), (2,4), (4,3), (2,5), (5,3), (4,10), (2,10), (1,5), (5,10), (1,6)
------------------------
Iteración 27
-----------
Abiertos = (2,3), (2,3), (1,10), (2,5), (1,4), (1,4), (5,1), (1,6), (1,7)
Cerrados = (3,8), (4,8), (5,8), (3,7), (4,7), (3,6), (5,7), (3,9), (3,10), (5,6), (3,5), (3,4), (2,6), (5,9), (5,5), (5,4), (3,3), (2,4), (4,3), (2,5), (5,3), (4,10), (2,10), (1,5), (5,10), (1,6), (5,2)
------------------------
Iteración 28
-----------
Abiertos = (2,3), (1,10), (2,5), (1,4), (1,4), (5,1), (1,3), (1,6), (1,7)
Cerrados = (3,8), (4,8), (5,8), (3,7), (4,7), (3,6), (5,7), (3,9), (3,10), (5,6), (3,5), (3,4), (2,6), (5,9), (5,5), (5,4), (3,3), (2,4), (4,3), (2,5), (5,3), (4,10), (2,10), (1,5), (5,10), (1,6), (5,2), (2,3)
------------------------
Iteración 29
-----------
Abiertos = (1,10), (1,3), (1,4), (5,1), (1,3), (1,6), (1,7)
Cerrados = (3,8), (4,8), (5,8), (3,7), (4,7), (3,6), (5,7), (3,9), (3,10), (5,6), (3,5), (3,4), (2,6), (5,9), (5,5), (5,4), (3,3), (2,4), (4,3), (2,5), (5,3), (4,10), (2,10), (1,5), (5,10), (1,6), (5,2), (2,3), (1,4)
------------------------
Iteración 30
-----------
Abiertos = (1,3), (1,4), (5,1), (1,9), (1,3), (1,6), (1,7)
Cerrados = (3,8), (4,8), (5,8), (3,7), (4,7), (3,6), (5,7), (3,9), (3,10), (5,6), (3,5), (3,4), (2,6), (5,9), (5,5), (5,4), (3,3), (2,4), (4,3), (2,5), (5,3), (4,10), (2,10), (1,5), (5,10), (1,6), (5,2), (2,3), (1,4), (1,10)
------------------------
Iteración 31
-----------
Abiertos = (1,4), (5,1), (1,9), (1,3), (1,6), (1,2), (1,7)
Cerrados = (3,8), (4,8), (5,8), (3,7), (4,7), (3,6), (5,7), (3,9), (3,10), (5,6), (3,5), (3,4), (2,6), (5,9), (5,5), (5,4), (3,3), (2,4), (4,3), (2,5), (5,3), (4,10), (2,10), (1,5), (5,10), (1,6), (5,2), (2,3), (1,4), (1,10), (1,3)
------------------------
Iteración 32
-----------
Abiertos = (5,1), (1,8), (1,3), (1,6), (1,2), (1,7)
Cerrados = (3,8), (4,8), (5,8), (3,7), (4,7), (3,6), (5,7), (3,9), (3,10), (5,6), (3,5), (3,4), (2,6), (5,9), (5,5), (5,4), (3,3), (2,4), (4,3), (2,5), (5,3), (4,10), (2,10), (1,5), (5,10), (1,6), (5,2), (2,3), (1,4), (1,10), (1,3), (1,9)
------------------------
Iteración 33
-----------
Abiertos = (5,1), (1,3), (1,6), (1,2), (1,7), (1,7)
Cerrados = (3,8), (4,8), (5,8), (3,7), (4,7), (3,6), (5,7), (3,9), (3,10), (5,6), (3,5), (3,4), (2,6), (5,9), (5,5), (5,4), (3,3), (2,4), (4,3), (2,5), (5,3), (4,10), (2,10), (1,5), (5,10), (1,6), (5,2), (2,3), (1,4), (1,10), (1,3), (1,9), (1,8)
------------------------
Iteración 34
-----------
Abiertos = (1,2), (1,7), (1,7), (4,1)
Cerrados = (3,8), (4,8), (5,8), (3,7), (4,7), (3,6), (5,7), (3,9), (3,10), (5,6), (3,5), (3,4), (2,6), (5,9), (5,5), (5,4), (3,3), (2,4), (4,3), (2,5), (5,3), (4,10), (2,10), (1,5), (5,10), (1,6), (5,2), (2,3), (1,4), (1,10), (1,3), (1,9), (1,8), (5,1)
------------------------
Iteración 35
-----------
Abiertos = (1,2), (1,7), (4,1)
Cerrados = (3,8), (4,8), (5,8), (3,7), (4,7), (3,6), (5,7), (3,9), (3,10), (5,6), (3,5), (3,4), (2,6), (5,9), (5,5), (5,4), (3,3), (2,4), (4,3), (2,5), (5,3), (4,10), (2,10), (1,5), (5,10), (1,6), (5,2), (2,3), (1,4), (1,10), (1,3), (1,9), (1,8), (5,1), (1,7)
------------------------
Iteración 36
-----------
Abiertos = (1,1), (4,1)
Cerrados = (3,8), (4,8), (5,8), (3,7), (4,7), (3,6), (5,7), (3,9), (3,10), (5,6), (3,5), (3,4), (2,6), (5,9), (5,5), (5,4), (3,3), (2,4), (4,3), (2,5), (5,3), (4,10), (2,10), (1,5), (5,10), (1,6), (5,2), (2,3), (1,4), (1,10), (1,3), (1,9), (1,8), (5,1), (1,7), (1,2)
------------------------
Iteración 37
-----------
Abiertos = (2,1), (4,1)
Cerrados = (3,8), (4,8), (5,8), (3,7), (4,7), (3,6), (5,7), (3,9), (3,10), (5,6), (3,5), (3,4), (2,6), (5,9), (5,5), (5,4), (3,3), (2,4), (4,3), (2,5), (5,3), (4,10), (2,10), (1,5), (5,10), (1,6), (5,2), (2,3), (1,4), (1,10), (1,3), (1,9), (1,8), (5,1), (1,7), (1,2), (1,1)
------------------------
Iteración 38
-----------
Abiertos = (2,1), (3,1)
Cerrados = (3,8), (4,8), (5,8), (3,7), (4,7), (3,6), (5,7), (3,9), (3,10), (5,6), (3,5), (3,4), (2,6), (5,9), (5,5), (5,4), (3,3), (2,4), (4,3), (2,5), (5,3), (4,10), (2,10), (1,5), (5,10), (1,6), (5,2), (2,3), (1,4), (1,10), (1,3), (1,9), (1,8), (5,1), (1,7), (1,2), (1,1), (4,1)
------------------------
Iteración 39
-----------
Abiertos = (2,1), (2,1)
Cerrados = (3,8), (4,8), (5,8), (3,7), (4,7), (3,6), (5,7), (3,9), (3,10), (5,6), (3,5), (3,4), (2,6), (5,9), (5,5), (5,4), (3,3), (2,4), (4,3), (2,5), (5,3), (4,10), (2,10), (1,5), (5,10), (1,6), (5,2), (2,3), (1,4), (1,10), (1,3), (1,9), (1,8), (5,1), (1,7), (1,2), (1,1), (4,1), (3,1)
------------------------
Iteración 40
-----------
Abiertos = (2,1)
Cerrados = (3,8), (4,8), (5,8), (3,7), (4,7), (3,6), (5,7), (3,9), (3,10), (5,6), (3,5), (3,4), (2,6), (5,9), (5,5), (5,4), (3,3), (2,4), (4,3), (2,5), (5,3), (4,10), (2,10), (1,5), (5,10), (1,6), (5,2), (2,3), (1,4), (1,10), (1,3), (1,9), (1,8), (5,1), (1,7), (1,2), (1,1), (4,1), (3,1), (2,1)
------------------------
No se ha encontrado ningún camino al destino.
Iteración 0
-----------
Abiertos = (3,8)
Cerrados = 
------------------------
Iteración 1
-----------
Abiertos = (3,7), (4,8), (3,9)
Cerrados = (3,8)
------------------------
Iteración 2
-----------
Abiertos = (3,6), (4,7), (4,8), (3,9)
Cerrados = (3,8), (3,7)
------------------------
Iteración 3
-----------
Abiertos = (3,6), (4,8), (5,7), (3,9), (4,8)
Cerrados = (3,8), (3,7), (4,7)
------------------------
Iteración 4
-----------
Abiertos = (3,6), (5,8), (5,7), (3,9), (4,8)
Cerrados = (3,8), (3,7), (4,7), (4,8)
------------------------
Iteración 5
-----------
Abiertos = (3,6), (5,7), (5,7), (3,9), (4,8), (5,9)
Cerrados = (3,8), (3,7), (4,7), (4,8), (5,8)
------------------------
Iteración 6
-----------
Abiertos = (3,6), (5,7), (3,9), (4,8), (5,6), (5,9)
Cerrados = (3,8), (3,7), (4,7), (4,8), (5,8), (5,7)
------------------------
Iteración 7
-----------
Abiertos = (5,7), (3,9), (3,5), (4,8), (5,6), (5,9), (2,6)
Cerrados = (3,8), (3,7), (4,7), (4,8), (5,8), (5,7), (3,6)
------------------------
Iteración 8
-----------
Abiertos = (5,7), (3,5), (4,8), (3,10), (5,6), (5,9), (2,6)
Cerrados = (3,8), (3,7), (4,7), (4,8), (5,8), (5,7), (3,6), (3,9)
------------------------
Iteración 9
-----------
Abiertos = (4,8), (3,10), (3,4), (5,6), (2,6), (5,9), (2,5)
Cerrados = (3,8), (3,7), (4,7), (4,8), (5,8), (5,7), (3,6), (3,9), (3,5)
------------------------
Iteración 10
-----------
Abiertos = (4,8), (3,4), (5,6), (2,6), (5,9), (2,5), (4,10), (2,10)
Cerrados = (3,8), (3,7), (4,7), (4,8), (5,8), (5,7), (3,6), (3,9), (3,5), (3,10)
------------------------
Iteración 11
-----------
Abiertos = (4,8), (3,3), (5,6), (2,6), (5,9), (2,4), (2,5), (4,10), (2,10)
Cerrados = (3,8), (3,7), (4,7), (4,8), (5,8), (5,7), (3,6), (3,9), (3,5), (3,10), (3,4)
------------------------
Iteración 12
-----------
Abiertos = (3,3), (2,6), (5,9), (5,5), (2,4), (2,5), (4,10), (2,10)
Cerrados = (3,8), (3,7), (4,7), (4,8), (5,8), (5,7), (3,6), (3,9), (3,5), (3,10), (3,4), (5,6)
------------------------
Iteración 13
-----------
Abiertos = (3,3), (5,9), (5,5), (2,4), (2,5), (2,5), (4,10), (2,10), (1,6)
Cerrados = (3,8), (3,7), (4,7), (4,8), (5,8), (5,7), (3,6), (3,9), (3,5), (3,10), (3,4), (5,6), (2,6)
------------------------
Iteración 14
-----------
Abiertos = (3,3), (5,5), (2,4), (2,5), (2,5), (4,10), (2,10), (1,6), (5,10)
Cerrados = (3,8), (3,7), (4,7), (4,8), (5,8), (5,7), (3,6), (3,9), (3,5), (3,10), (3,4), (5,6), (2,6), (5,9)
------------------------
Iteración 15
-----------
Abiertos = (3,3), (5,4), (2,4), (2,5), (2,5), (4,10), (2,10), (1,6), (5,10)
Cerrados = (3,8), (3,7), (4,7), (4,8), (5,8), (5,7), (3,6), (3,9), (3,5), (3,10), (3,4), (5,6), (2,6), (5,9), (5,5)
------------------------
Iteración 16
-----------
Abiertos = (5,4), (4,3), (2,4), (2,5), (2,5), (4,10), (2,10), (5,10), (1,6), (2,3)
Cerrados = (3,8), (3,7), (4,7), (4,8), (5,8), (5,7), (3,6), (3,9), (3,5), (3,10), (3,4), (5,6), (2,6), (5,9), (5,5), (3,3)
------------------------
Iteración 17
-----------
Abiertos = (5,4), (2,4), (2,5), (2,5), (4,10), (5,3), (2,10), (1,6), (5,10), (2,3)
Cerrados = (3,8), (3,7), (4,7), (4,8), (5,8), (5,7), (3,6), (3,9), (3,5), (3,10), (3,4), (5,6), (2,6), (5,9), (5,5), (3,3), (4,3)
------------------------
Iteración 18
-----------
Abiertos = (2,4), (2,5), (2,5), (4,10), (5,3), (5,3), (2,10), (1,6), (5,10), (2,3)
Cerrados = (3,8), (3,7), (4,7), (4,8), (5,8), (5,7), (3,6), (3,9), (3,5), (3,10), (3,4), (5,6), (2,6), (5,9), (5,5), (3,3), (4,3), (5,4)
------------------------
Iteración 19
-----------
Abiertos = (2,5), (2,5), (4,10), (5,3), (5,3), (2,10), (1,6), (5,10), (2,3), (2,3), (1,4), (2,5)
Cerrados = (3,8), (3,7), (4,7), (4,8), (5,8), (5,7), (3,6), (3,9), (3,5), (3,10), (3,4), (5,6), (2,6), (5,9), (5,5), (3,3), (4,3), (5,4), (2,4)
------------------------
Iteración 20
-----------
Abiertos = (2,5), (4,10), (5,3), (5,3), (2,10), (1,5), (1,6), (5,10), (2,3), (2,3), (1,4), (2,5)
Cerrados = (3,8), (3,7), (4,7), (4,8), (5,8), (5,7), (3,6), (3,9), (3,5), (3,10), (3,4), (5,6), (2,6), (5,9), (5,5), (3,3), (4,3), (5,4), (2,4), (2,5)
------------------------
Iteración 21
-----------
Abiertos = (5,3), (5,3), (2,10), (1,5), (1,6), (5,10), (5,10), (2,3), (2,3), (2,5), (1,4)
Cerrados = (3,8), (3,7), (4,7), (4,8), (5,8), (5,7), (3,6), (3,9), (3,5), (3,10), (3,4), (5,6), (2,6), (5,9), (5,5), (3,3), (4,3), (5,4), (2,4), (2,5), (4,10)
------------------------
Iteración 22
-----------
Abiertos = (5,3), (2,10), (1,5), (1,6), (5,10), (5,10), (5,2), (2,3), (2,3), (1,4), (2,5)
Cerrados = (3,8), (3,7), (4,7), (4,8), (5,8), (5,7), (3,6), (3,9), (3,5), (3,10), (3,4), (5,6), (2,6), (5,9), (5,5), (3,3), (4,3), (5,4), (2,4), (2,5), (4,10), (5,3)
------------------------
Iteración 23
-----------
Abiertos = (5,3), (1,5), (1,6), (5,10), (5,10), (5,2), (2,3), (2,3), (1,10), (2,5), (1,4)
Cerrados = (3,8), (3,7), (4,7), (4,8), (5,8), (5,7), (3,6), (3,9), (3,5), (3,10), (3,4), (5,6), (2,6), (5,9), (5,5), (3,3), (4,3), (5,4), (2,4), (2,5), (4,10), (5,3), (2,10)
------------------------
Iteración 24
-----------
Abiertos = (5,10), (5,10), (1,6), (5,2), (2,3), (2,3), (1,10), (2,5), (1,4), (1,4), (1,6)
Cerrados = (3,8), (3,7), (4,7), (4,8), (5,8), (5,7), (3,6), (3,9), (3,5), (3,10), (3,4), (5,6), (2,6), (5,9), (5,5), (3,3), (4,3), (5,4), (2,4), (2,5), (4,10), (5,3), (2,10), (1,5)
------------------------
Iteración 25
-----------
Abiertos = (1,6), (5,10), (5,2), (2,3), (2,3), (1,10), (2,5), (1,4), (1,4), (1,6)
Cerrados = (3,8), (3,7), (4,7), (4,8), (5,8), (5,7), (3,6), (3,9), (3,5), (3,10), (3,4), (5,6), (2,6), (5,9), (5,5), (3,3), (4,3), (5,4), (2,4), (2,5), (4,10), (5,3), (2,10), (1,5), (5,10)
------------------------
Iteración 26
-----------
Abiertos = (5,2), (2,3), (2,3), (1,10), (2,5), (1,4), (1,4), (1,6), (1,7)
Cerrados = (3,8), (3,7), (4,7), (4,8), (5,8), (5,7), (3,6), (3,9), (3,5), (3,10), (3,4), (5,6), (2,6), (5,9), (5,5), (3,3), (4,3), (5,4), (2,4), (2,5), (4,10), (5,3), (2,10), (1,5), (5,10), (1,6)
------------------------
Iteración 27
-----------
Abiertos = (5,2), (2,3), (1,10), (2,5), (1,4), (1,4), (1,3), (1,6), (1,7)
Cerrados = (3,8), (3,7), (4,7), (4,8), (5,8), (5,7), (3,6), (3,9), (3,5), (3,10), (3,4), (5,6), (2,6), (5,9), (5,5), (3,3), (4,3), (5,4), (2,4), (2,5), (4,10), (5,3), (2,10), (1,5), (5,10), (1,6), (2,3)
------------------------
Iteración 28
-----------
Abiertos = (2,3), (1,10), (2,5), (1,4), (1,4), (5,1), (1,3), (1,6), (1,7)
Cerrados = (3,8), (3,7), (4,7), (4,8), (5,8), (5,7), (3,6), (3,9), (3,5), (3,10), (3,4), (5,6), (2,6), (5,9), (5,5), (3,3), (4,3), (5,4), (2,4), (2,5), (4,10), (5,3), (2,10), (1,5), (5,10), (1,6), (2,3), (5,2)
------------------------
Iteración 29
-----------
Abiertos = (2,3), (2,5), (1,4), (1,4), (5,1), (1,9), (1,3), (1,6), (1,7)
Cerrados = (3,8), (3,7), (4,7), (4,8), (5,8), (5,7), (3,6), (3,9), (3,5), (3,10), (3,4), (5,6), (2,6), (5,9), (5,5), (3,3), (4,3), (5,4), (2,4), (2,5), (4,10), (5,3), (2,10), (1,5), (5,10), (1,6), (2,3), (5,2), (1,10)
------------------------
Iteración 30
-----------
Abiertos = (1,3), (1,4), (2,5), (5,1), (1,9), (1,3), (1,6), (1,7)
Cerrados = (3,8), (3,7), (4,7), (4,8), (5,8), (5,7), (3,6), (3,9), (3,5), (3,10), (3,4), (5,6), (2,6), (5,9), (5,5), (3,3), (4,3), (5,4), (2,4), (2,5), (4,10), (5,3), (2,10), (1,5), (5,10), (1,6), (2,3), (5,2), (1,10), (1,4)
------------------------
Iteración 31
-----------
Abiertos = (2,5), (1,4), (5,1), (1,9), (1,3), (1,6), (1,2), (1,7)
Cerrados = (3,8), (3,7), (4,7), (4,8), (5,8), (5,7), (3,6), (3,9), (3,5), (3,10), (3,4), (5,6), (2,6), (5,9), (5,5), (3,3), (4,3), (5,4), (2,4), (2,5), (4,10), (5,3), (2,10), (1,5), (5,10), (1,6), (2,3), (5,2), (1,10), (1,4), (1,3)
------------------------
Iteración 32
-----------
Abiertos = (2,5), (1,9), (1,3), (1,6), (1,2), (1,7), (4,1)
Cerrados = (3,8), (3,7), (4,7), (4,8), (5,8), (5,7), (3,6), (3,9), (3,5), (3,10), (3,4), (5,6), (2,6), (5,9), (5,5), (3,3), (4,3), (5,4), (2,4), (2,5), (4,10), (5,3), (2,10), (1,5), (5,10), (1,6), (2,3), (5,2), (1,10), (1,4), (1,3), (5,1)
------------------------
Iteración 33
-----------
Abiertos = (1,8), (1,3), (1,6), (1,2), (1,7), (4,1)
Cerrados = (3,8), (3,7), (4,7), (4,8), (5,8), (5,7), (3,6), (3,9), (3,5), (3,10), (3,4), (5,6), (2,6), (5,9), (5,5), (3,3), (4,3), (5,4), (2,4), (2,5), (4,10), (5,3), (2,10), (1,5), (5,10), (1,6), (2,3), (5,2), (1,10), (1,4), (1,3), (5,1), (1,9)
------------------------
Iteración 34
-----------
Abiertos = (1,8), (1,1), (1,7), (4,1)
Cerrados = (3,8), (3,7), (4,7), (4,8), (5,8), (5,7), (3,6), (3,9), (3,5), (3,10), (3,4), (5,6), (2,6), (5,9), (5,5), (3,3), (4,3), (5,4), (2,4), (2,5), (4,10), (5,3), (2,10), (1,5), (5,10), (1,6), (2,3), (5,2), (1,10), (1,4), (1,3), (5,1), (1,9), (1,2)
------------------------
Iteración 35
-----------
Abiertos = (1,1), (1,7), (1,7), (4,1)
Cerrados = (3,8), (3,7), (4,7), (4,8), (5,8), (5,7), (3,6), (3,9), (3,5), (3,10), (3,4), (5,6), (2,6), (5,9), (5,5), (3,3), (4,3), (5,4), (2,4), (2,5), (4,10), (5,3), (2,10), (1,5), (5,10), (1,6), (2,3), (5,2), (1,10), (1,4), (1,3), (5,1), (1,9), (1,2), (1,8)
------------------------
Iteración 36
-----------
Abiertos = (1,1), (1,7), (4,1)
Cerrados = (3,8), (3,7), (4,7), (4,8), (5,8), (5,7), (3,6), (3,9), (3,5), (3,10), (3,4), (5,6), (2,6), (5,9), (5,5), (3,3), (4,3), (5,4), (2,4), (2,5), (4,10), (5,3), (2,10), (1,5), (5,10), (1,6), (2,3), (5,2), (1,10), (1,4), (1,3), (5,1), (1,9), (1,2), (1,8), (1,7)
------------------------
Iteración 37
-----------
Abiertos = (1,1), (3,1)
Cerrados = (3,8), (3,7), (4,7), (4,8), (5,8), (5,7), (3,6), (3,9), (3,5), (3,10), (3,4), (5,6), (2,6), (5,9), (5,5), (3,3), (4,3), (5,4), (2,4), (2,5), (4,10), (5,3), (2,10), (1,5), (5,10), (1,6), (2,3), (5,2), (1,10), (1,4), (1,3), (5,1), (1,9), (1,2), (1,8), (1,7), (4,1)
------------------------
Iteración 38
-----------
Abiertos = (2,1), (3,1)
Cerrados = (3,8), (3,7), (4,7), (4,8), (5,8), (5,7), (3,6), (3,9), (3,5), (3,10), (3,4), (5,6), (2,6), (5,9), (5,5), (3,3), (4,3), (5,4), (2,4), (2,5), (4,10), (5,3), (2,10), (1,5), (5,10), (1,6), (2,3), (5,2), (1,10), (1,4), (1,3), (5,1), (1,9), (1,2), (1,8), (1,7), (4,1), (1,1)
------------------------
Iteración 39
-----------
Abiertos = (3,1), (3,1)
Cerrados = (3,8), (3,7), (4,7), (4,8), (5,8), (5,7), (3,6), (3,9), (3,5), (3,10), (3,4), (5,6), (2,6), (5,9), (5,5), (3,3), (4,3), (5,4), (2,4), (2,5), (4,10), (5,3), (2,10), (1,5), (5,10), (1,6), (2,3), (5,2), (1,10), (1,4), (1,3), (5,1), (1,9), (1,2), (1,8), (1,7), (4,1), (1,1), (2,1)
------------------------
Iteración 40
-----------
Abiertos = (3,1)
Cerrados = (3,8), (3,7), (4,7), (4,8), (5,8), (5,7), (3,6), (3,9), (3,5), (3,10), (3,4), (5,6), (2,6), (5,9), (5,5), (3,3), (4,3), (5,4), (2,4), (2,5), (4,10), (5,3), (2,10), (1,5), (5,10), (1,6), (2,3), (5,2), (1,10), (1,4), (1,3), (5,1), (1,9), (1,2), (1,8), (1,7), (4,1), (1,1), (2,1), (3,1)
------------------------
No se ha encontrado ningún camino al destino.
Iteración 0
-----------
Abiertos = (3,8)
Cerrados = 
------------------------
Iteración 1
-----------
Abiertos = (3,7), (4,8), (3,9)
Cerrados = (3,8)
------------------------
Iteración 2
-----------
Abiertos = (4,7), (5,8), (3,7), (3,9)
Cerrados = (3,8), (4,8)
------------------------
Iteración 3
-----------
Abiertos = (5,8), (3,7), (5,7), (3,9), (3,7)
Cerrados = (3,8), (4,8), (4,7)
------------------------
Iteración 4
-----------
Abiertos = (5,8), (3,6), (5,7), (3,9), (3,7)
Cerrados = (3,8), (4,8), (4,7), (3,7)
------------------------
Iteración 5
-----------
Abiertos = (3,6), (5,7), (5,7), (3,9), (3,7), (5,9)
Cerrados = (3,8), (4,8), (4,7), (3,7), (5,8)
------------------------
Iteración 6
-----------
Abiertos = (3,6), (5,7), (3,9), (3,7), (5,6), (5,9)
Cerrados = (3,8), (4,8), (4,7), (3,7), (5,8), (5,7)
------------------------
Iteración 7
-----------
Abiertos = (3,9), (3,5), (3,7), (5,6), (2,6), (5,9)
Cerrados = (3,8), (4,8), (4,7), (3,7), (5,8), (5,7), (3,6)
------------------------
Iteración 8
-----------
Abiertos = (3,9), (3,7), (3,4), (5,6), (5,9), (2,6), (2,5)
Cerrados = (3,8), (4,8), (4,7), (3,7), (5,8), (5,7), (3,6), (3,5)
------------------------
Iteración 9
-----------
Abiertos = (3,7), (3,10), (3,4), (5,6), (5,9), (2,6), (2,5)
Cerrados = (3,8), (4,8), (4,7), (3,7), (5,8), (5,7), (3,6), (3,5), (3,9)
------------------------
Iteración 10
-----------
Abiertos = (3,7), (3,4), (5,6), (5,9), (2,6), (2,5), (4,10), (2,10)
Cerrados = (3,8), (4,8), (4,7), (3,7), (5,8), (5,7), (3,6), (3,5), (3,9), (3,10)
------------------------
Iteración 11
-----------
Abiertos = (3,3), (5,6), (5,9), (2,6), (2,4), (2,5), (4,10), (2,10)
Cerrados = (3,8), (4,8), (4,7), (3,7), (5,8), (5,7), (3,6), (3,5), (3,9), (3,10), (3,4)
------------------------
Iteración 12
-----------
Abiertos = (5,6), (5,9), (2,6), (4,3), (2,4), (2,5), (4,10), (2,10), (2,3)
Cerrados = (3,8), (4,8), (4,7), (3,7), (5,8), (5,7), (3,6), (3,5), (3,9), (3,10), (3,4), (3,3)
------------------------
Iteración 13
-----------
Abiertos = (2,6), (5,9), (4,3), (5,5), (2,4), (2,5), (4,10), (2,10), (2,3)
Cerrados = (3,8), (4,8), (4,7), (3,7), (5,8), (5,7), (3,6), (3,5), (3,9), (3,10), (3,4), (3,3), (5,6)
------------------------
Iteración 14
-----------
Abiertos = (5,9), (4,3), (5,5), (2,4), (2,5), (2,5), (4,10), (2,10), (1,6), (2,3)
Cerrados = (3,8), (4,8), (4,7), (3,7), (5,8), (5,7), (3,6), (3,5), (3,9), (3,10), (3,4), (3,3), (5,6), (2,6)
------------------------
Iteración 15
-----------
Abiertos = (4,3), (5,5), (2,4), (2,5), (2,5), (4,10), (2,10), (5,10), (1,6), (2,3)
Cerrados = (3,8), (4,8), (4,7), (3,7), (5,8), (5,7), (3,6), (3,5), (3,9), (3,10), (3,4), (3,3), (5,6), (2,6), (5,9)
------------------------
Iteración 16
-----------
Abiertos = (5,5), (2,4), (2,5), (2,5), (4,10), (5,3), (2,10), (5,10), (1,6), (2,3)
Cerrados = (3,8), (4,8), (4,7), (3,7), (5,8), (5,7), (3,6), (3,5), (3,9), (3,10), (3,4), (3,3), (5,6), (2,6), (5,9), (4,3)
------------------------
Iteración 17
-----------
Abiertos = (5,4), (2,4), (2,5), (2,5), (4,10), (5,3), (2,10), (1,6), (5,10), (2,3)
Cerrados = (3,8), (4,8), (4,7), (3,7), (5,8), (5,7), (3,6), (3,5), (3,9), (3,10), (3,4), (3,3), (5,6), (2,6), (5,9), (4,3), (5,5)
------------------------
Iteración 18
-----------
Abiertos = (2,4), (2,5), (2,5), (4,10), (5,3), (5,3), (2,10), (1,6), (5,10), (2,3)
Cerrados = (3,8), (4,8), (4,7), (3,7), (5,8), (5,7), (3,6), (3,5), (3,9), (3,10), (3,4), (3,3), (5,6), (2,6), (5,9), (4,3), (5,5), (5,4)
------------------------
Iteración 19
-----------
Abiertos = (2,4), (2,4), (2,5), (4,10), (5,3), (5,3), (2,10), (1,5), (5,10), (1,6), (2,3)
Cerrados = (3,8), (4,8), (4,7), (3,7), (5,8), (5,7), (3,6), (3,5), (3,9), (3,10), (3,4), (3,3), (5,6), (2,6), (5,9), (4,3), (5,5), (5,4), (2,5)
------------------------
Iteración 20
-----------
Abiertos = (2,4), (2,5), (4,10), (5,3), (5,3), (2,10), (1,5), (1,6), (5,10), (2,3), (2,3), (1,4)
Cerrados = (3,8), (4,8), (4,7), (3,7), (5,8), (5,7), (3,6), (3,5), (3,9), (3,10), (3,4), (3,3), (5,6), (2,6), (5,9), (4,3), (5,5), (5,4), (2,5), (2,4)
------------------------
Iteración 21
-----------
Abiertos = (2,4), (5,3), (5,3), (2,10), (1,5), (5,10), (1,6), (5,10), (2,3), (2,3), (1,4)
Cerrados = (3,8), (4,8), (4,7), (3,7), (5,8), (5,7), (3,6), (3,5), (3,9), (3,10), (3,4), (3,3), (5,6), (2,6), (5,9), (4,3), (5,5), (5,4), (2,5), (2,4), (4,10)
------------------------
Iteración 22
-----------
Abiertos = (2,4), (5,3), (2,10), (1,5), (5,10), (5,10), (1,6), (5,2), (2,3), (2,3), (1,4)
Cerrados = (3,8), (4,8), (4,7), (3,7), (5,8), (5,7), (3,6), (3,5), (3,9), (3,10), (3,4), (3,3), (5,6), (2,6), (5,9), (4,3), (5,5), (5,4), (2,5), (2,4), (4,10), (5,3)
------------------------
Iteración 23
-----------
Abiertos = (2,10), (5,10), (1,6), (5,10), (5,2), (2,3), (2,3), (1,4), (1,4), (1,6)
Cerrados = (3,8), (4,8), (4,7), (3,7), (5,8), (5,7), (3,6), (3,5), (3,9), (3,10), (3,4), (3,3), (5,6), (2,6), (5,9), (4,3), (5,5), (5,4), (2,5), (2,4), (4,10), (5,3), (1,5)
------------------------
Iteración 24
-----------
Abiertos = (2,10), (1,6), (5,10), (5,2), (2,3), (2,3), (1,4), (1,4), (1,6)
Cerrados = (3,8), (4,8), (4,7), (3,7), (5,8), (5,7), (3,6), (3,5), (3,9), (3,10), (3,4), (3,3), (5,6), (2,6), (5,9), (4,3), (5,5), (5,4), (2,5), (2,4), (4,10), (5,3), (1,5), (5,10)
------------------------
Iteración 25
-----------
Abiertos = (2,10), (5,10), (5,2), (2,3), (2,3), (1,4), (1,4), (1,6), (1,7)
Cerrados = (3,8), (4,8), (4,7), (3,7), (5,8), (5,7), (3,6), (3,5), (3,9), (3,10), (3,4), (3,3), (5,6), (2,6), (5,9), (4,3), (5,5), (5,4), (2,5), (2,4), (4,10), (5,3), (1,5), (5,10), (1,6)
------------------------
Iteración 26
-----------
Abiertos = (5,10), (5,2), (2,3), (2,3), (1,10), (1,4), (1,4), (1,6), (1,7)
Cerrados = (3,8), (4,8), (4,7), (3,7), (5,8), (5,7), (3,6), (3,5), (3,9), (3,10), (3,4), (3,3), (5,6), (2,6), (5,9), (4,3), (5,5), (5,4), (2,5), (2,4), (4,10), (5,3), (1,5), (5,10), (1,6), (2,10)
------------------------
Iteración 27
-----------
Abiertos = (5,2), (2,3), (1,10), (1,4), (1,4), (1,3), (1,6), (1,7)
Cerrados = (3,8), (4,8), (4,7), (3,7), (5,8), (5,7), (3,6), (3,5), (3,9), (3,10), (3,4), (3,3), (5,6), (2,6), (5,9), (4,3), (5,5), (5,4), (2,5), (2,4), (4,10), (5,3), (1,5), (5,10), (1,6), (2,10), (2,3)
------------------------
Iteración 28
-----------
Abiertos = (2,3), (1,10), (1,4), (1,4), (5,1), (1,3), (1,6), (1,7)
Cerrados = (3,8), (4,8), (4,7), (3,7), (5,8), (5,7), (3,6), (3,5), (3,9), (3,10), (3,4), (3,3), (5,6), (2,6), (5,9), (4,3), (5,5), (5,4), (2,5), (2,4), (4,10), (5,3), (1,5), (5,10), (1,6), (2,10), (2,3), (5,2)
------------------------
Iteración 29
-----------
Abiertos = (2,3), (1,4), (1,4), (5,1), (1,9), (1,3), (1,6), (1,7)
Cerrados = (3,8), (4,8), (4,7), (3,7), (5,8), (5,7), (3,6), (3,5), (3,9), (3,10), (3,4), (3,3), (5,6), (2,6), (5,9), (4,3), (5,5), (5,4), (2,5), (2,4), (4,10), (5,3), (1,5), (5,10), (1,6), (2,10), (2,3), (5,2), (1,10)
------------------------
Iteración 30
-----------
Abiertos = (1,3), (1,4), (5,1), (1,9), (1,3), (1,6), (1,7)
Cerrados = (3,8), (4,8), (4,7), (3,7), (5,8), (5,7), (3,6), (3,5), (3,9), (3,10), (3,4), (3,3), (5,6), (2,6), (5,9), (4,3), (5,5), (5,4), (2,5), (2,4), (4,10), (5,3), (1,5), (5,10), (1,6), (2,10), (2,3), (5,2), (1,10), (1,4)
------------------------
Iteración 31
-----------
Abiertos = (1,4), (5,1), (1,9), (1,3), (1,6), (1,2), (1,7)
Cerrados = (3,8), (4,8), (4,7), (3,7), (5,8), (5,7), (3,6), (3,5), (3,9), (3,10), (3,4), (3,3), (5,6), (2,6), (5,9), (4,3), (5,5), (5,4), (2,5), (2,4), (4,10), (5,3), (1,5), (5,10), (1,6), (2,10), (2,3), (5,2), (1,10), (1,4), (1,3)
------------------------
Iteración 32
-----------
Abiertos = (1,9), (1,3), (1,6), (1,2), (1,7), (4,1)
Cerrados = (3,8), (4,8), (4,7), (3,7), (5,8), (5,7), (3,6), (3,5), (3,9), (3,10), (3,4), (3,3), (5,6), (2,6), (5,9), (4,3), (5,5), (5,4), (2,5), (2,4), (4,10), (5,3), (1,5), (5,10), (1,6), (2,10), (2,3), (5,2), (1,10), (1,4), (1,3), (5,1)
------------------------
Iteración 33
-----------
Abiertos = (1,8), (1,6), (1,2), (1,7), (4,1)
Cerrados = (3,8), (4,8), (4,7), (3,7), (5,8), (5,7), (3,6), (3,5), (3,9), (3,10), (3,4), (3,3), (5,6), (2,6), (5,9), (4,3), (5,5), (5,4), (2,5), (2,4), (4,10), (5,3), (1,5), (5,10), (1,6), (2,10), (2,3), (5,2), (1,10), (1,4), (1,3), (5,1), (1,9)
------------------------
Iteración 34
-----------
Abiertos = (1,8), (1,1), (1,7), (4,1)
Cerrados = (3,8), (4,8), (4,7), (3,7), (5,8), (5,7), (3,6), (3,5), (3,9), (3,10), (3,4), (3,3), (5,6), (2,6), (5,9), (4,3), (5,5), (5,4), (2,5), (2,4), (4,10), (5,3), (1,5), (5,10), (1,6), (2,10), (2,3), (5,2), (1,10), (1,4), (1,3), (5,1), (1,9), (1,2)
------------------------
Iteración 35
-----------
Abiertos = (1,8), (1,7), (2,1), (4,1)
Cerrados = (3,8), (4,8), (4,7), (3,7), (5,8), (5,7), (3,6), (3,5), (3,9), (3,10), (3,4), (3,3), (5,6), (2,6), (5,9), (4,3), (5,5), (5,4), (2,5), (2,4), (4,10), (5,3), (1,5), (5,10), (1,6), (2,10), (2,3), (5,2), (1,10), (1,4), (1,3), (5,1), (1,9), (1,2), (1,1)
------------------------
Iteración 36
-----------
Abiertos = (1,7), (1,7), (2,1), (4,1)
Cerrados = (3,8), (4,8), (4,7), (3,7), (5,8), (5,7), (3,6), (3,5), (3,9), (3,10), (3,4), (3,3), (5,6), (2,6), (5,9), (4,3), (5,5), (5,4), (2,5), (2,4), (4,10), (5,3), (1,5), (5,10), (1,6), (2,10), (2,3), (5,2), (1,10), (1,4), (1,3), (5,1), (1,9), (1,2), (1,1), (1,8)
------------------------
Iteración 37
-----------
Abiertos = (1,7), (2,1), (4,1)
Cerrados = (3,8), (4,8), (4,7), (3,7), (5,8), (5,7), (3,6), (3,5), (3,9), (3,10), (3,4), (3,3), (5,6), (2,6), (5,9), (4,3), (5,5), (5,4), (2,5), (2,4), (4,10), (5,3), (1,5), (5,10), (1,6), (2,10), (2,3), (5,2), (1,10), (1,4), (1,3), (5,1), (1,9), (1,2), (1,1), (1,8), (1,7)
------------------------
Iteración 38
-----------
Abiertos = (1,7), (3,1), (4,1)
Cerrados = (3,8), (4,8), (4,7), (3,7), (5,8), (5,7), (3,6), (3,5), (3,9), (3,10), (3,4), (3,3), (5,6), (2,6), (5,9), (4,3), (5,5), (5,4), (2,5), (2,4), (4,10), (5,3), (1,5), (5,10), (1,6), (2,10), (2,3), (5,2), (1,10), (1,4), (1,3), (5,1), (1,9), (1,2), (1,1), (1,8), (1,7), (2,1)
------------------------
Iteración 39
-----------
Abiertos = (1,7), (4,1), (4,1)
Cerrados = (3,8), (4,8), (4,7), (3,7), (5,8), (5,7), (3,6), (3,5), (3,9), (3,10), (3,4), (3,3), (5,6), (2,6), (5,9), (4,3), (5,5), (5,4), (2,5), (2,4), (4,10), (5,3), (1,5), (5,10), (1,6), (2,10), (2,3), (5,2), (1,10), (1,4), (1,3), (5,1), (1,9), (1,2), (1,1), (1,8), (1,7), (2,1), (3,1)
------------------------
Iteración 40
-----------
Abiertos = (4,1)
Cerrados = (3,8), (4,8), (4,7), (3,7), (5,8), (5,7), (3,6), (3,5), (3,9), (3,10), (3,4), (3,3), (5,6), (2,6), (5,9), (4,3), (5,5), (5,4), (2,5), (2,4), (4,10), (5,3), (1,5), (5,10), (1,6), (2,10), (2,3), (5,2), (1,10), (1,4), (1,3), (5,1), (1,9), (1,2), (1,1), (1,8), (1,7), (2,1), (3,1), (4,1)
------------------------
No se ha encontrado ningún camino al destino.
