Iteración 0
-----------
Abiertos = (3,8)
Cerrados = 
------------------------
Iteración 1
-----------
Abiertos = (3,7), (4,8), (3,9), (2,8)
Cerrados = (3,8)
------------------------
Iteración 2
-----------
Abiertos = (3,6), (4,8), (2,7), (3,9), (2,8)
Cerrados = (3,8), (3,7)
------------------------
Iteración 3
-----------
Abiertos = (3,5), (4,8), (2,6), (2,7), (3,9), (2,8)
Cerrados = (3,8), (3,7), (3,6)
------------------------
Iteración 4
-----------
Abiertos = (4,5), (4,8), (3,4), (2,6), (2,5), (2,7), (2,8), (3,9)
Cerrados = (3,8), (3,7), (3,6), (3,5)
------------------------
Iteración 5
-----------
Abiertos = (5,5), (4,8), (3,4), (2,6), (2,5), (2,7), (2,8), (3,9)
Cerrados = (3,8), (3,7), (3,6), (3,5), (4,5)
------------------------
Iteración 6
-----------
Abiertos = (6,5), (4,8), (3,4), (5,6), (2,6), (2,5), (2,7), (3,9), (2,8)
Cerrados = (3,8), (3,7), (3,6), (3,5), (4,5), (5,5)
------------------------
Iteración 7
-----------
Abiertos = (7,5), (4,8), (3,4), (5,6), (2,6), (6,6), (2,5), (2,7), (3,9), (2,8)
Cerrados = (3,8), (3,7), (3,6), (3,5), (4,5), (5,5), (6,5)
------------------------
Iteración 8
-----------
Abiertos = (7,4), (4,8), (8,5), (3,4), (5,6), (2,6), (7,6), (6,6), (2,5), (2,7), (3,9), (2,8)
Cerrados = (3,8), (3,7), (3,6), (3,5), (4,5), (5,5), (6,5), (7,5)
------------------------
Iteración 9
-----------
Abiertos = (7,3), (4,8), (8,4), (8,5), (3,4), (5,6), (2,6), (7,6), (6,6), (2,5), (2,7), (3,9), (2,8)
Cerrados = (3,8), (3,7), (3,6), (3,5), (4,5), (5,5), (6,5), (7,5), (7,4)
------------------------
Iteración 10
-----------
Abiertos = (7,2), (4,8), (8,3), (8,4), (8,5), (3,4), (6,3), (5,6), (2,6), (7,6), (6,6), (2,5), (2,7), (2,8), (3,9)
Cerrados = (3,8), (3,7), (3,6), (3,5), (4,5), (5,5), (6,5), (7,5), (7,4), (7,3)
------------------------
Iteración 11
-----------
Abiertos = (8,2), (4,8), (8,3), (8,4), (8,5), (3,4), (7,1), (6,2), (6,3), (5,6), (2,6), (7,6), (6,6), (2,5), (2,7), (2,8), (3,9)
Cerrados = (3,8), (3,7), (3,6), (3,5), (4,5), (5,5), (6,5), (7,5), (7,4), (7,3), (7,2)
------------------------
Iteración 12
-----------
Abiertos = (9,2), (4,8), (8,3), (8,4), (8,5), (3,4), (8,1), (7,1), (6,2), (6,3), (5,6), (2,6), (8,3), (7,6), (6,6), (2,5), (2,7), (3,9), (2,8)
Cerrados = (3,8), (3,7), (3,6), (3,5), (4,5), (5,5), (6,5), (7,5), (7,4), (7,3), (7,2), (8,2)
------------------------
Camino: (3,8) -> (3,7) -> (3,6) -> (3,5) -> (4,5) -> (5,5) -> (6,5) -> (7,5) -> (7,4) -> (7,3) -> (7,2) -> (8,2) -> (9,2)
Coste: 24
Iteración 0
-----------
Abiertos = (3,8)
Cerrados = 
------------------------
Iteración 1
-----------
Abiertos = (3,7), (4,8), (3,9), (2,8)
Cerrados = (3,8)
------------------------
Iteración 2
-----------
Abiertos = (3,6), (4,8), (2,7), (2,8), (3,9)
Cerrados = (3,8), (3,7)
------------------------
Iteración 3
-----------
Abiertos = (3,6), (5,8), (2,7), (4,9), (2,8), (3,9)
Cerrados = (3,8), (3,7), (4,8)
------------------------
Iteración 4
-----------
Abiertos = (3,5), (5,8), (2,6), (2,7), (4,9), (2,8), (3,9)
Cerrados = (3,8), (3,7), (4,8), (3,6)
------------------------
Iteración 5
-----------
Abiertos = (4,5), (5,8), (3,4), (2,6), (2,5), (4,9), (2,7), (2,8), (3,9)
Cerrados = (3,8), (3,7), (4,8), (3,6), (3,5)
------------------------
Iteración 6
-----------
Abiertos = (4,5), (3,4), (6,8), (2,6), (5,9), (2,5), (2,7), (4,9), (2,8), (3,9)
Cerrados = (3,8), (3,7), (4,8), (3,6), (3,5), (5,8)
------------------------
Iteración 7
-----------
Abiertos = (4,5), (6,8), (2,6), (5,9), (3,3), (2,5), (4,9), (2,7), (3,9), (2,8), (2,4)
Cerrados = (3,8), (3,7), (4,8), (3,6), (3,5), (5,8), (3,4)
------------------------
Iteración 8
-----------
Abiertos = (4,5), (2,6), (5,9), (3,3), (6,7), (6,9), (2,5), (4,9), (2,7), (2,8), (3,9), (7,8), (2,4)
Cerrados = (3,8), (3,7), (4,8), (3,6), (3,5), (5,8), (3,4), (6,8)
------------------------
Iteración 9
-----------
Abiertos = (5,5), (5,9), (2,6), (3,3), (6,7), (6,9), (2,5), (4,9), (2,7), (2,8), (3,9), (7,8), (2,4)
Cerrados = (3,8), (3,7), (4,8), (3,6), (3,5), (5,8), (3,4), (6,8), (4,5)
------------------------
Iteración 10
-----------
Abiertos = (6,5), (5,6), (2,6), (5,9), (3,3), (6,7), (6,9), (2,5), (4,9), (2,7), (2,8), (3,9), (7,8), (2,4)
Cerrados = (3,8), (3,7), (4,8), (3,6), (3,5), (5,8), (3,4), (6,8), (4,5), (5,5)
------------------------
Iteración 11
-----------
Abiertos = (6,5), (2,6), (5,9), (3,3), (6,7), (6,6), (6,9), (2,5), (4,9), (2,7), (2,8), (3,9), (7,8), (2,4)
Cerrados = (3,8), (3,7), (4,8), (3,6), (3,5), (5,8), (3,4), (6,8), (4,5), (5,5), (5,6)
------------------------
Iteración 12
-----------
Abiertos = (6,5), (5,9), (3,3), (6,7), (6,6), (2,5), (6,9), (2,5), (4,9), (2,7), (3,9), (2,8), (1,6), (7,8), (2,4), (2,7)
Cerrados = (3,8), (3,7), (4,8), (3,6), (3,5), (5,8), (3,4), (6,8), (4,5), (5,5), (5,6), (2,6)
------------------------
Iteración 13
-----------
Abiertos = (7,5), (5,9), (3,3), (6,7), (6,6), (6,6), (2,5), (6,9), (2,5), (4,9), (2,7), (2,8), (3,9), (1,6), (7,8), (2,4), (2,7)
Cerrados = (3,8), (3,7), (4,8), (3,6), (3,5), (5,8), (3,4), (6,8), (4,5), (5,5), (5,6), (2,6), (6,5)
------------------------
Iteración 14
-----------
Abiertos = (7,5), (6,9), (3,3), (6,7), (6,6), (6,6), (2,5), (6,9), (2,5), (2,7), (4,9), (3,9), (2,8), (1,6), (7,8), (2,4), (2,7), (4,9), (5,10)
Cerrados = (3,8), (3,7), (4,8), (3,6), (3,5), (5,8), (3,4), (6,8), (4,5), (5,5), (5,6), (2,6), (6,5), (5,9)
------------------------
Iteración 15
-----------
Abiertos = (7,5), (3,3), (6,7), (6,6), (6,6), (2,5), (6,9), (2,5), (2,7), (4,9), (2,8), (3,9), (1,6), (7,8), (2,4), (4,9), (2,7), (5,10), (7,9), (6,10)
Cerrados = (3,8), (3,7), (4,8), (3,6), (3,5), (5,8), (3,4), (6,8), (4,5), (5,5), (5,6), (2,6), (6,5), (5,9), (6,9)
------------------------
Iteración 16
-----------
Abiertos = (7,4), (8,5), (3,3), (6,7), (7,6), (6,6), (6,6), (2,5), (6,9), (2,5), (2,7), (4,9), (2,8), (3,9), (1,6), (7,8), (2,4), (4,9), (2,7), (5,10), (7,9), (6,10)
Cerrados = (3,8), (3,7), (4,8), (3,6), (3,5), (5,8), (3,4), (6,8), (4,5), (5,5), (5,6), (2,6), (6,5), (5,9), (6,9), (7,5)
------------------------
Iteración 17
-----------
Abiertos = (7,4), (8,4), (3,3), (6,7), (7,6), (6,6), (6,6), (2,5), (6,9), (2,5), (2,7), (4,9), (2,8), (3,9), (1,6), (7,8), (8,6), (2,4), (4,9), (5,10), (2,7), (7,9), (6,10)
Cerrados = (3,8), (3,7), (4,8), (3,6), (3,5), (5,8), (3,4), (6,8), (4,5), (5,5), (5,6), (2,6), (6,5), (5,9), (6,9), (7,5), (8,5)
------------------------
Iteración 18
-----------
Abiertos = (7,3), (8,4), (8,4), (3,3), (6,7), (7,6), (6,6), (6,6), (2,5), (6,9), (2,5), (2,7), (4,9), (2,8), (3,9), (1,6), (7,8), (8,6), (2,4), (4,9), (5,10), (2,7), (7,9), (6,10)
Cerrados = (3,8), (3,7), (4,8), (3,6), (3,5), (5,8), (3,4), (6,8), (4,5), (5,5), (5,6), (2,6), (6,5), (5,9), (6,9), (7,5), (8,5), (7,4)
------------------------
Iteración 19
-----------
Abiertos = (7,2), (8,3), (8,4), (6,3), (8,4), (3,3), (6,7), (7,6), (6,6), (6,6), (2,5), (6,9), (2,5), (2,7), (4,9), (2,8), (3,9), (1,6), (7,8), (8,6), (2,4), (4,9), (5,10), (2,7), (7,9), (6,10)
Cerrados = (3,8), (3,7), (4,8), (3,6), (3,5), (5,8), (3,4), (6,8), (4,5), (5,5), (5,6), (2,6), (6,5), (5,9), (6,9), (7,5), (8,5), (7,4), (7,3)
------------------------
Iteración 20
-----------
Abiertos = (7,2), (8,2), (8,4), (6,3), (9,3), (8,4), (3,3), (6,7), (7,6), (6,6), (6,6), (2,5), (6,9), (2,5), (2,7), (4,9), (2,8), (3,9), (1,6), (7,8), (8,4), (8,6), (2,4), (2,7), (4,9), (5,10), (7,9), (6,10)
Cerrados = (3,8), (3,7), (4,8), (3,6), (3,5), (5,8), (3,4), (6,8), (4,5), (5,5), (5,6), (2,6), (6,5), (5,9), (6,9), (7,5), (8,5), (7,4), (7,3), (8,3)
------------------------
Iteración 21
-----------
Abiertos = (7,2), (9,2), (8,4), (6,3), (9,3), (8,4), (3,3), (6,7), (7,2), (8,1), (7,6), (6,6), (6,6), (2,5), (6,9), (2,5), (2,7), (4,9), (2,8), (3,9), (1,6), (7,8), (8,4), (8,6), (2,4), (2,7), (4,9), (5,10), (7,9), (6,10)
Cerrados = (3,8), (3,7), (4,8), (3,6), (3,5), (5,8), (3,4), (6,8), (4,5), (5,5), (5,6), (2,6), (6,5), (5,9), (6,9), (7,5), (8,5), (7,4), (7,3), (8,3), (8,2)
------------------------
Camino: (3,8) -> (3,7) -> (3,6) -> (3,5) -> (4,5) -> (5,5) -> (6,5) -> (7,5) -> (7,4) -> (7,3) -> (8,3) -> (8,2) -> (9,2)
Coste: 27
Iteración 0
-----------
Abiertos = (3,8)
Cerrados = 
------------------------
Iteración 1
-----------
Abiertos = (3,7), (4,8), (3,9), (2,8)
Cerrados = (3,8)
------------------------
Iteración 2
-----------
Abiertos = (3,6), (4,8), (2,7), (2,8), (3,9)
Cerrados = (3,8), (3,7)
------------------------
Iteración 3
-----------
Abiertos = (3,6), (5,8), (2,7), (4,9), (2,8), (3,9)
Cerrados = (3,8), (3,7), (4,8)
------------------------
Iteración 4
-----------
Abiertos = (3,5), (5,8), (2,6), (2,7), (4,9), (2,8), (3,9)
Cerrados = (3,8), (3,7), (4,8), (3,6)
------------------------
Iteración 5
-----------
Abiertos = (4,5), (5,8), (3,4), (2,6), (2,5), (4,9), (2,7), (2,8), (3,9)
Cerrados = (3,8), (3,7), (4,8), (3,6), (3,5)
------------------------
Iteración 6
-----------
Abiertos = (4,5), (3,4), (6,8), (2,6), (5,9), (2,5), (2,7), (4,9), (2,8), (3,9)
Cerrados = (3,8), (3,7), (4,8), (3,6), (3,5), (5,8)
------------------------
Iteración 7
-----------
Abiertos = (4,5), (6,8), (2,6), (5,9), (3,3), (2,5), (4,9), (2,7), (3,9), (2,8), (2,4)
Cerrados = (3,8), (3,7), (4,8), (3,6), (3,5), (5,8), (3,4)
------------------------
Iteración 8
-----------
Abiertos = (4,5), (2,6), (5,9), (3,3), (6,7), (6,9), (2,5), (4,9), (2,7), (2,8), (3,9), (7,8), (2,4)
Cerrados = (3,8), (3,7), (4,8), (3,6), (3,5), (5,8), (3,4), (6,8)
------------------------
Iteración 9
-----------
Abiertos = (5,5), (5,9), (2,6), (3,3), (6,7), (6,9), (2,5), (4,9), (2,7), (2,8), (3,9), (7,8), (2,4)
Cerrados = (3,8), (3,7), (4,8), (3,6), (3,5), (5,8), (3,4), (6,8), (4,5)
------------------------
Iteración 10
-----------
Abiertos = (6,5), (5,6), (2,6), (5,9), (3,3), (6,7), (6,9), (2,5), (4,9), (2,7), (2,8), (3,9), (7,8), (2,4)
Cerrados = (3,8), (3,7), (4,8), (3,6), (3,5), (5,8), (3,4), (6,8), (4,5), (5,5)
------------------------
Iteración 11
-----------
Abiertos = (6,5), (2,6), (5,9), (3,3), (6,7), (6,6), (6,9), (2,5), (4,9), (2,7), (2,8), (3,9), (7,8), (2,4)
Cerrados = (3,8), (3,7), (4,8), (3,6), (3,5), (5,8), (3,4), (6,8), (4,5), (5,5), (5,6)
------------------------
Iteración 12
-----------
Abiertos = (6,5), (5,9), (3,3), (6,7), (6,6), (2,5), (6,9), (2,5), (4,9), (2,7), (3,9), (2,8), (1,6), (7,8), (2,4), (2,7)
Cerrados = (3,8), (3,7), (4,8), (3,6), (3,5), (5,8), (3,4), (6,8), (4,5), (5,5), (5,6), (2,6)
------------------------
Iteración 13
-----------
Abiertos = (7,5), (5,9), (3,3), (6,7), (6,6), (6,6), (2,5), (6,9), (2,5), (4,9), (2,7), (2,8), (3,9), (1,6), (7,8), (2,4), (2,7)
Cerrados = (3,8), (3,7), (4,8), (3,6), (3,5), (5,8), (3,4), (6,8), (4,5), (5,5), (5,6), (2,6), (6,5)
------------------------
Iteración 14
-----------
Abiertos = (7,5), (6,9), (3,3), (6,7), (6,6), (6,6), (2,5), (6,9), (2,5), (2,7), (4,9), (3,9), (2,8), (1,6), (7,8), (2,4), (2,7), (4,9), (5,10)
Cerrados = (3,8), (3,7), (4,8), (3,6), (3,5), (5,8), (3,4), (6,8), (4,5), (5,5), (5,6), (2,6), (6,5), (5,9)
------------------------
Iteración 15
-----------
Abiertos = (7,5), (3,3), (6,7), (6,6), (6,6), (2,5), (6,9), (2,5), (2,7), (4,9), (2,8), (3,9), (1,6), (7,8), (2,4), (4,9), (2,7), (5,10), (7,9), (6,10)
Cerrados = (3,8), (3,7), (4,8), (3,6), (3,5), (5,8), (3,4), (6,8), (4,5), (5,5), (5,6), (2,6), (6,5), (5,9), (6,9)
------------------------
Iteración 16
-----------
Abiertos = (7,4), (8,5), (3,3), (6,7), (7,6), (6,6), (6,6), (2,5), (6,9), (2,5), (2,7), (4,9), (2,8), (3,9), (1,6), (7,8), (2,4), (4,9), (2,7), (5,10), (7,9), (6,10)
Cerrados = (3,8), (3,7), (4,8), (3,6), (3,5), (5,8), (3,4), (6,8), (4,5), (5,5), (5,6), (2,6), (6,5), (5,9), (6,9), (7,5)
------------------------
Iteración 17
-----------
Abiertos = (7,4), (8,4), (3,3), (6,7), (7,6), (6,6), (6,6), (2,5), (6,9), (2,5), (2,7), (4,9), (2,8), (3,9), (1,6), (7,8), (8,6), (2,4), (4,9), (5,10), (2,7), (7,9), (6,10)
Cerrados = (3,8), (3,7), (4,8), (3,6), (3,5), (5,8), (3,4), (6,8), (4,5), (5,5), (5,6), (2,6), (6,5), (5,9), (6,9), (7,5), (8,5)
------------------------
Iteración 18
-----------
Abiertos = (7,3), (8,4), (8,4), (3,3), (6,7), (7,6), (6,6), (6,6), (2,5), (6,9), (2,5), (2,7), (4,9), (2,8), (3,9), (1,6), (7,8), (8,6), (2,4), (4,9), (5,10), (2,7), (7,9), (6,10)
Cerrados = (3,8), (3,7), (4,8), (3,6), (3,5), (5,8), (3,4), (6,8), (4,5), (5,5), (5,6), (2,6), (6,5), (5,9), (6,9), (7,5), (8,5), (7,4)
------------------------
Iteración 19
-----------
Abiertos = (7,2), (8,3), (8,4), (6,3), (8,4), (3,3), (6,7), (7,6), (6,6), (6,6), (2,5), (6,9), (2,5), (2,7), (4,9), (2,8), (3,9), (1,6), (7,8), (8,6), (2,4), (4,9), (5,10), (2,7), (7,9), (6,10)
Cerrados = (3,8), (3,7), (4,8), (3,6), (3,5), (5,8), (3,4), (6,8), (4,5), (5,5), (5,6), (2,6), (6,5), (5,9), (6,9), (7,5), (8,5), (7,4), (7,3)
------------------------
Iteración 20
-----------
Abiertos = (7,2), (8,2), (8,4), (6,3), (9,3), (8,4), (3,3), (6,7), (7,6), (6,6), (6,6), (2,5), (6,9), (2,5), (2,7), (4,9), (2,8), (3,9), (1,6), (7,8), (8,4), (8,6), (2,4), (2,7), (4,9), (5,10), (7,9), (6,10)
Cerrados = (3,8), (3,7), (4,8), (3,6), (3,5), (5,8), (3,4), (6,8), (4,5), (5,5), (5,6), (2,6), (6,5), (5,9), (6,9), (7,5), (8,5), (7,4), (7,3), (8,3)
------------------------
Iteración 21
-----------
Abiertos = (7,2), (9,2), (8,4), (6,3), (9,3), (8,4), (3,3), (6,7), (7,2), (8,1), (7,6), (6,6), (6,6), (2,5), (6,9), (2,5), (2,7), (4,9), (2,8), (3,9), (1,6), (7,8), (8,4), (8,6), (2,4), (2,7), (4,9), (5,10), (7,9), (6,10)
Cerrados = (3,8), (3,7), (4,8), (3,6), (3,5), (5,8), (3,4), (6,8), (4,5), (5,5), (5,6), (2,6), (6,5), (5,9), (6,9), (7,5), (8,5), (7,4), (7,3), (8,3), (8,2)
------------------------
Camino: (3,8) -> (3,7) -> (3,6) -> (3,5) -> (4,5) -> (5,5) -> (6,5) -> (7,5) -> (7,4) -> (7,3) -> (8,3) -> (8,2) -> (9,2)
Coste: 27
Iteración 0
-----------
Abiertos = (3,8)
Cerrados = 
------------------------
Iteración 1
-----------
Abiertos = (3,7), (4,8), (3,9), (2,8)
Cerrados = (3,8)
------------------------
Iteración 2
-----------
Abiertos = (3,6), (4,8), (2,7), (2,8), (3,9)
Cerrados = (3,8), (3,7)
------------------------
Iteración 3
-----------
Abiertos = (3,6), (5,8), (2,7), (4,9), (2,8), (3,9)
Cerrados = (3,8), (3,7), (4,8)
------------------------
Iteración 4
-----------
Abiertos = (3,5), (5,8), (2,6), (2,7), (4,9), (2,8), (3,9)
Cerrados = (3,8), (3,7), (4,8), (3,6)
------------------------
Iteración 5
-----------
Abiertos = (4,5), (5,8), (3,4), (2,6), (2,5), (4,9), (2,7), (2,8), (3,9)
Cerrados = (3,8), (3,7), (4,8), (3,6), (3,5)
------------------------
Iteración 6
-----------
Abiertos = (4,5), (3,4), (6,8), (2,6), (5,9), (2,5), (2,7), (4,9), (2,8), (3,9)
Cerrados = (3,8), (3,7), (4,8), (3,6), (3,5), (5,8)
------------------------
Iteración 7
-----------
Abiertos = (4,5), (6,8), (2,6), (5,9), (3,3), (2,5), (4,9), (2,7), (3,9), (2,8), (2,4)
Cerrados = (3,8), (3,7), (4,8), (3,6), (3,5), (5,8), (3,4)
------------------------
Iteración 8
-----------
Abiertos = (5,5), (6,8), (2,6), (5,9), (3,3), (2,5), (4,9), (2,7), (3,9), (2,8), (2,4)
Cerrados = (3,8), (3,7), (4,8), (3,6), (3,5), (5,8), (3,4), (4,5)
------------------------
Iteración 9
-----------
Abiertos = (6,5), (6,8), (5,6), (2,6), (5,9), (3,3), (2,5), (4,9), (2,7), (3,9), (2,8), (2,4)
Cerrados = (3,8), (3,7), (4,8), (3,6), (3,5), (5,8), (3,4), (4,5), (5,5)
------------------------
Iteración 10
-----------
Abiertos = (7,5), (6,8), (5,6), (2,6), (5,9), (3,3), (6,6), (2,5), (4,9), (2,7), (2,8), (3,9), (2,4)
Cerrados = (3,8), (3,7), (4,8), (3,6), (3,5), (5,8), (3,4), (4,5), (5,5), (6,5)
------------------------
Iteración 11
-----------
Abiertos = (7,4), (8,5), (6,8), (5,6), (2,6), (5,9), (3,3), (7,6), (6,6), (2,5), (4,9), (2,7), (2,8), (3,9), (2,4)
Cerrados = (3,8), (3,7), (4,8), (3,6), (3,5), (5,8), (3,4), (4,5), (5,5), (6,5), (7,5)
------------------------
Iteración 12
-----------
Abiertos = (7,4), (6,8), (5,6), (2,6), (5,9), (8,4), (3,3), (7,6), (6,6), (2,5), (4,9), (2,7), (3,9), (2,8), (8,6), (2,4)
Cerrados = (3,8), (3,7), (4,8), (3,6), (3,5), (5,8), (3,4), (4,5), (5,5), (6,5), (7,5), (8,5)
------------------------
Iteración 13
-----------
Abiertos = (7,4), (5,6), (2,6), (5,9), (8,4), (3,3), (6,7), (7,6), (6,6), (6,9), (2,5), (4,9), (2,7), (3,9), (2,8), (7,8), (8,6), (2,4)
Cerrados = (3,8), (3,7), (4,8), (3,6), (3,5), (5,8), (3,4), (4,5), (5,5), (6,5), (7,5), (8,5), (6,8)
------------------------
Iteración 14
-----------
Abiertos = (7,4), (2,6), (5,9), (8,4), (3,3), (6,7), (7,6), (6,6), (6,6), (6,9), (2,5), (2,7), (4,9), (2,8), (3,9), (7,8), (8,6), (2,4)
Cerrados = (3,8), (3,7), (4,8), (3,6), (3,5), (5,8), (3,4), (4,5), (5,5), (6,5), (7,5), (8,5), (6,8), (5,6)
------------------------
Iteración 15
-----------
Abiertos = (7,4), (5,9), (8,4), (3,3), (6,7), (7,6), (6,6), (6,6), (6,9), (2,5), (2,5), (4,9), (2,7), (3,9), (2,8), (1,6), (7,8), (8,6), (2,4), (2,7)
Cerrados = (3,8), (3,7), (4,8), (3,6), (3,5), (5,8), (3,4), (4,5), (5,5), (6,5), (7,5), (8,5), (6,8), (5,6), (2,6)
------------------------
Iteración 16
-----------
Abiertos = (7,3), (8,4), (5,9), (8,4), (3,3), (6,7), (7,6), (6,6), (6,6), (6,9), (2,5), (2,5), (4,9), (2,7), (3,9), (2,8), (1,6), (7,8), (8,6), (2,4), (2,7)
Cerrados = (3,8), (3,7), (4,8), (3,6), (3,5), (5,8), (3,4), (4,5), (5,5), (6,5), (7,5), (8,5), (6,8), (5,6), (2,6), (7,4)
------------------------
Iteración 17
-----------
Abiertos = (7,2), (8,3), (8,4), (6,3), (5,9), (8,4), (3,3), (6,7), (7,6), (6,6), (6,6), (6,9), (2,5), (2,5), (4,9), (2,7), (3,9), (2,8), (1,6), (7,8), (8,6), (2,4), (2,7)
Cerrados = (3,8), (3,7), (4,8), (3,6), (3,5), (5,8), (3,4), (4,5), (5,5), (6,5), (7,5), (8,5), (6,8), (5,6), (2,6), (7,4), (7,3)
------------------------
Iteración 18
-----------
Abiertos = (8,2), (8,3), (8,4), (6,2), (7,1), (6,3), (5,9), (8,4), (3,3), (6,7), (7,6), (6,6), (6,6), (6,9), (2,5), (2,5), (4,9), (2,7), (3,9), (2,8), (1,6), (7,8), (8,6), (2,4), (2,7)
Cerrados = (3,8), (3,7), (4,8), (3,6), (3,5), (5,8), (3,4), (4,5), (5,5), (6,5), (7,5), (8,5), (6,8), (5,6), (2,6), (7,4), (7,3), (7,2)
------------------------
Iteración 19
-----------
Abiertos = (9,2), (8,3), (8,4), (8,1), (6,2), (7,1), (6,3), (5,9), (8,4), (3,3), (6,7), (8,3), (7,6), (6,6), (6,6), (6,9), (2,5), (2,5), (2,7), (4,9), (2,8), (3,9), (1,6), (7,8), (8,6), (2,4), (2,7)
Cerrados = (3,8), (3,7), (4,8), (3,6), (3,5), (5,8), (3,4), (4,5), (5,5), (6,5), (7,5), (8,5), (6,8), (5,6), (2,6), (7,4), (7,3), (7,2), (8,2)
------------------------
Camino: (3,8) -> (3,7) -> (3,6) -> (3,5) -> (4,5) -> (5,5) -> (6,5) -> (7,5) -> (7,4) -> (7,3) -> (7,2) -> (8,2) -> (9,2)
Coste: 24
Iteración 0
-----------
Abiertos = (3,8)
Cerrados = 
------------------------
Iteración 1
-----------
Abiertos = (3,7), (4,8), (3,9), (2,8)
Cerrados = (3,8)
------------------------
Iteración 2
-----------
Abiertos = (3,6), (4,8), (2,7), (2,8), (3,9)
Cerrados = (3,8), (3,7)
------------------------
Iteración 3
-----------
Abiertos = (3,6), (5,8), (2,7), (4,9), (2,8), (3,9)
Cerrados = (3,8), (3,7), (4,8)
------------------------
Iteración 4
-----------
Abiertos = (3,5), (5,8), (2,6), (2,7), (4,9), (2,8), (3,9)
Cerrados = (3,8), (3,7), (4,8), (3,6)
------------------------
Iteración 5
-----------
Abiertos = (4,5), (5,8), (3,4), (2,6), (2,5), (4,9), (2,7), (2,8), (3,9)
Cerrados = (3,8), (3,7), (4,8), (3,6), (3,5)
------------------------
Iteración 6
-----------
Abiertos = (4,5), (3,4), (6,8), (2,6), (5,9), (2,5), (2,7), (4,9), (2,8), (3,9)
Cerrados = (3,8), (3,7), (4,8), (3,6), (3,5), (5,8)
------------------------
Iteración 7
-----------
Abiertos = (4,5), (6,8), (2,6), (5,9), (3,3), (2,5), (4,9), (2,7), (3,9), (2,8), (2,4)
Cerrados = (3,8), (3,7), (4,8), (3,6), (3,5), (5,8), (3,4)
------------------------
Iteración 8
-----------
Abiertos = (4,5), (2,6), (5,9), (3,3), (6,7), (6,9), (2,5), (4,9), (2,7), (2,8), (3,9), (7,8), (2,4)
Cerrados = (3,8), (3,7), (4,8), (3,6), (3,5), (5,8), (3,4), (6,8)
------------------------
Iteración 9
-----------
Abiertos = (5,5), (5,9), (2,6), (3,3), (6,7), (6,9), (2,5), (4,9), (2,7), (2,8), (3,9), (7,8), (2,4)
Cerrados = (3,8), (3,7), (4,8), (3,6), (3,5), (5,8), (3,4), (6,8), (4,5)
------------------------
Iteración 10
-----------
Abiertos = (6,5), (5,6), (2,6), (5,9), (3,3), (6,7), (6,9), (2,5), (4,9), (2,7), (2,8), (3,9), (7,8), (2,4)
Cerrados = (3,8), (3,7), (4,8), (3,6), (3,5), (5,8), (3,4), (6,8), (4,5), (5,5)
------------------------
Iteración 11
-----------
Abiertos = (6,5), (2,6), (5,9), (3,3), (6,7), (6,6), (6,9), (2,5), (4,9), (2,7), (2,8), (3,9), (7,8), (2,4)
Cerrados = (3,8), (3,7), (4,8), (3,6), (3,5), (5,8), (3,4), (6,8), (4,5), (5,5), (5,6)
------------------------
Iteración 12
-----------
Abiertos = (6,5), (5,9), (3,3), (6,7), (6,6), (2,5), (6,9), (2,5), (4,9), (2,7), (3,9), (2,8), (1,6), (7,8), (2,4), (2,7)
Cerrados = (3,8), (3,7), (4,8), (3,6), (3,5), (5,8), (3,4), (6,8), (4,5), (5,5), (5,6), (2,6)
------------------------
Iteración 13
-----------
Abiertos = (7,5), (5,9), (3,3), (6,7), (6,6), (6,6), (2,5), (6,9), (2,5), (4,9), (2,7), (2,8), (3,9), (1,6), (7,8), (2,4), (2,7)
Cerrados = (3,8), (3,7), (4,8), (3,6), (3,5), (5,8), (3,4), (6,8), (4,5), (5,5), (5,6), (2,6), (6,5)
------------------------
Iteración 14
-----------
Abiertos = (7,5), (6,9), (3,3), (6,7), (6,6), (6,6), (2,5), (6,9), (2,5), (2,7), (4,9), (3,9), (2,8), (1,6), (7,8), (2,4), (2,7), (4,9), (5,10)
Cerrados = (3,8), (3,7), (4,8), (3,6), (3,5), (5,8), (3,4), (6,8), (4,5), (5,5), (5,6), (2,6), (6,5), (5,9)
------------------------
Iteración 15
-----------
Abiertos = (7,5), (3,3), (6,7), (6,6), (6,6), (2,5), (6,9), (2,5), (2,7), (4,9), (2,8), (3,9), (1,6), (7,8), (2,4), (4,9), (2,7), (5,10), (7,9), (6,10)
Cerrados = (3,8), (3,7), (4,8), (3,6), (3,5), (5,8), (3,4), (6,8), (4,5), (5,5), (5,6), (2,6), (6,5), (5,9), (6,9)
------------------------
Iteración 16
-----------
Abiertos = (7,4), (8,5), (3,3), (6,7), (7,6), (6,6), (6,6), (2,5), (6,9), (2,5), (2,7), (4,9), (2,8), (3,9), (1,6), (7,8), (2,4), (4,9), (2,7), (5,10), (7,9), (6,10)
Cerrados = (3,8), (3,7), (4,8), (3,6), (3,5), (5,8), (3,4), (6,8), (4,5), (5,5), (5,6), (2,6), (6,5), (5,9), (6,9), (7,5)
------------------------
Iteración 17
-----------
Abiertos = (7,4), (8,4), (3,3), (6,7), (7,6), (6,6), (6,6), (2,5), (6,9), (2,5), (2,7), (4,9), (2,8), (3,9), (1,6), (7,8), (8,6), (2,4), (4,9), (5,10), (2,7), (7,9), (6,10)
Cerrados = (3,8), (3,7), (4,8), (3,6), (3,5), (5,8), (3,4), (6,8), (4,5), (5,5), (5,6), (2,6), (6,5), (5,9), (6,9), (7,5), (8,5)
------------------------
Iteración 18
-----------
Abiertos = (7,3), (8,4), (8,4), (3,3), (6,7), (7,6), (6,6), (6,6), (2,5), (6,9), (2,5), (2,7), (4,9), (2,8), (3,9), (1,6), (7,8), (8,6), (2,4), (4,9), (5,10), (2,7), (7,9), (6,10)
Cerrados = (3,8), (3,7), (4,8), (3,6), (3,5), (5,8), (3,4), (6,8), (4,5), (5,5), (5,6), (2,6), (6,5), (5,9), (6,9), (7,5), (8,5), (7,4)
------------------------
Iteración 19
-----------
Abiertos = (7,2), (8,3), (8,4), (6,3), (8,4), (3,3), (6,7), (7,6), (6,6), (6,6), (2,5), (6,9), (2,5), (2,7), (4,9), (2,8), (3,9), (1,6), (7,8), (8,6), (2,4), (4,9), (5,10), (2,7), (7,9), (6,10)
Cerrados = (3,8), (3,7), (4,8), (3,6), (3,5), (5,8), (3,4), (6,8), (4,5), (5,5), (5,6), (2,6), (6,5), (5,9), (6,9), (7,5), (8,5), (7,4), (7,3)
------------------------
Iteración 20
-----------
Abiertos = (7,2), (8,2), (8,4), (6,3), (9,3), (8,4), (3,3), (6,7), (7,6), (6,6), (6,6), (2,5), (6,9), (2,5), (2,7), (4,9), (2,8), (3,9), (1,6), (7,8), (8,4), (8,6), (2,4), (2,7), (4,9), (5,10), (7,9), (6,10)
Cerrados = (3,8), (3,7), (4,8), (3,6), (3,5), (5,8), (3,4), (6,8), (4,5), (5,5), (5,6), (2,6), (6,5), (5,9), (6,9), (7,5), (8,5), (7,4), (7,3), (8,3)
------------------------
Iteración 21
-----------
Abiertos = (7,2), (9,2), (8,4), (6,3), (9,3), (8,4), (3,3), (6,7), (7,2), (8,1), (7,6), (6,6), (6,6), (2,5), (6,9), (2,5), (2,7), (4,9), (2,8), (3,9), (1,6), (7,8), (8,4), (8,6), (2,4), (2,7), (4,9), (5,10), (7,9), (6,10)
Cerrados = (3,8), (3,7), (4,8), (3,6), (3,5), (5,8), (3,4), (6,8), (4,5), (5,5), (5,6), (2,6), (6,5), (5,9), (6,9), (7,5), (8,5), (7,4), (7,3), (8,3), (8,2)
------------------------
Camino: (3,8) -> (3,7) -> (3,6) -> (3,5) -> (4,5) -> (5,5) -> (6,5) -> (7,5) -> (7,4) -> (7,3) -> (8,3) -> (8,2) -> (9,2)
Coste: 27
Iteración 0
-----------
Abiertos = (3,8)
Cerrados = 
------------------------
Iteración 1
-----------
Abiertos = (3,7), (4,8), (3,9), (2,8)
Cerrados = (3,8)
------------------------
Iteración 2
-----------
Abiertos = (3,6), (4,8), (2,7), (2,8), (3,9)
Cerrados = (3,8), (3,7)
------------------------
Iteración 3
-----------
Abiertos = (3,6), (5,8), (2,7), (4,9), (2,8), (3,9)
Cerrados = (3,8), (3,7), (4,8)
------------------------
Iteración 4
-----------
Abiertos = (3,5), (5,8), (2,6), (2,7), (4,9), (2,8), (3,9)
Cerrados = (3,8), (3,7), (4,8), (3,6)
------------------------
Iteración 5
-----------
Abiertos = (4,5), (5,8), (3,4), (2,6), (2,5), (4,9), (2,7), (2,8), (3,9)
Cerrados = (3,8), (3,7), (4,8), (3,6), (3,5)
------------------------
Iteración 6
-----------
Abiertos = (4,5), (3,4), (6,8), (2,6), (5,9), (2,5), (2,7), (4,9), (2,8), (3,9)
Cerrados = (3,8), (3,7), (4,8), (3,6), (3,5), (5,8)
------------------------
Iteración 7
-----------
Abiertos = (4,5), (6,8), (2,6), (5,9), (3,3), (2,5), (4,9), (2,7), (3,9), (2,8), (2,4)
Cerrados = (3,8), (3,7), (4,8), (3,6), (3,5), (5,8), (3,4)
------------------------
Iteración 8
-----------
Abiertos = (5,5), (6,8), (2,6), (5,9), (3,3), (2,5), (4,9), (2,7), (3,9), (2,8), (2,4)
Cerrados = (3,8), (3,7), (4,8), (3,6), (3,5), (5,8), (3,4), (4,5)
------------------------
Iteración 9
-----------
Abiertos = (6,5), (6,8), (5,6), (2,6), (5,9), (3,3), (2,5), (4,9), (2,7), (3,9), (2,8), (2,4)
Cerrados = (3,8), (3,7), (4,8), (3,6), (3,5), (5,8), (3,4), (4,5), (5,5)
------------------------
Iteración 10
-----------
Abiertos = (7,5), (6,8), (5,6), (2,6), (5,9), (3,3), (6,6), (2,5), (4,9), (2,7), (2,8), (3,9), (2,4)
Cerrados = (3,8), (3,7), (4,8), (3,6), (3,5), (5,8), (3,4), (4,5), (5,5), (6,5)
------------------------
Iteración 11
-----------
Abiertos = (7,4), (8,5), (6,8), (5,6), (2,6), (5,9), (3,3), (7,6), (6,6), (2,5), (4,9), (2,7), (2,8), (3,9), (2,4)
Cerrados = (3,8), (3,7), (4,8), (3,6), (3,5), (5,8), (3,4), (4,5), (5,5), (6,5), (7,5)
------------------------
Iteración 12
-----------
Abiertos = (7,4), (6,8), (5,6), (2,6), (5,9), (8,4), (3,3), (7,6), (6,6), (2,5), (4,9), (2,7), (3,9), (2,8), (8,6), (2,4)
Cerrados = (3,8), (3,7), (4,8), (3,6), (3,5), (5,8), (3,4), (4,5), (5,5), (6,5), (7,5), (8,5)
------------------------
Iteración 13
-----------
Abiertos = (7,4), (5,6), (2,6), (5,9), (8,4), (3,3), (6,7), (7,6), (6,6), (6,9), (2,5), (4,9), (2,7), (3,9), (2,8), (7,8), (8,6), (2,4)
Cerrados = (3,8), (3,7), (4,8), (3,6), (3,5), (5,8), (3,4), (4,5), (5,5), (6,5), (7,5), (8,5), (6,8)
------------------------
Iteración 14
-----------
Abiertos = (7,4), (2,6), (5,9), (8,4), (3,3), (6,7), (7,6), (6,6), (6,6), (6,9), (2,5), (2,7), (4,9), (2,8), (3,9), (7,8), (8,6), (2,4)
Cerrados = (3,8), (3,7), (4,8), (3,6), (3,5), (5,8), (3,4), (4,5), (5,5), (6,5), (7,5), (8,5), (6,8), (5,6)
------------------------
Iteración 15
-----------
Abiertos = (7,4), (5,9), (8,4), (3,3), (6,7), (7,6), (6,6), (6,6), (6,9), (2,5), (2,5), (4,9), (2,7), (3,9), (2,8), (1,6), (7,8), (8,6), (2,4), (2,7)
Cerrados = (3,8), (3,7), (4,8), (3,6), (3,5), (5,8), (3,4), (4,5), (5,5), (6,5), (7,5), (8,5), (6,8), (5,6), (2,6)
------------------------
Iteración 16
-----------
Abiertos = (7,3), (8,4), (5,9), (8,4), (3,3), (6,7), (7,6), (6,6), (6,6), (6,9), (2,5), (2,5), (4,9), (2,7), (3,9), (2,8), (1,6), (7,8), (8,6), (2,4), (2,7)
Cerrados = (3,8), (3,7), (4,8), (3,6), (3,5), (5,8), (3,4), (4,5), (5,5), (6,5), (7,5), (8,5), (6,8), (5,6), (2,6), (7,4)
------------------------
Iteración 17
-----------
Abiertos = (7,2), (8,3), (8,4), (6,3), (5,9), (8,4), (3,3), (6,7), (7,6), (6,6), (6,6), (6,9), (2,5), (2,5), (4,9), (2,7), (3,9), (2,8), (1,6), (7,8), (8,6), (2,4), (2,7)
Cerrados = (3,8), (3,7), (4,8), (3,6), (3,5), (5,8), (3,4), (4,5), (5,5), (6,5), (7,5), (8,5), (6,8), (5,6), (2,6), (7,4), (7,3)
------------------------
Iteración 18
-----------
Abiertos = (8,2), (8,3), (8,4), (6,2), (7,1), (6,3), (5,9), (8,4), (3,3), (6,7), (7,6), (6,6), (6,6), (6,9), (2,5), (2,5), (4,9), (2,7), (3,9), (2,8), (1,6), (7,8), (8,6), (2,4), (2,7)
Cerrados = (3,8), (3,7), (4,8), (3,6), (3,5), (5,8), (3,4), (4,5), (5,5), (6,5), (7,5), (8,5), (6,8), (5,6), (2,6), (7,4), (7,3), (7,2)
------------------------
Iteración 19
-----------
Abiertos = (9,2), (8,3), (8,4), (8,1), (6,2), (7,1), (6,3), (5,9), (8,4), (3,3), (6,7), (8,3), (7,6), (6,6), (6,6), (6,9), (2,5), (2,5), (2,7), (4,9), (2,8), (3,9), (1,6), (7,8), (8,6), (2,4), (2,7)
Cerrados = (3,8), (3,7), (4,8), (3,6), (3,5), (5,8), (3,4), (4,5), (5,5), (6,5), (7,5), (8,5), (6,8), (5,6), (2,6), (7,4), (7,3), (7,2), (8,2)
------------------------
Camino: (3,8) -> (3,7) -> (3,6) -> (3,5) -> (4,5) -> (5,5) -> (6,5) -> (7,5) -> (7,4) -> (7,3) -> (7,2) -> (8,2) -> (9,2)
Coste: 24
Iteración 0
-----------
Abiertos = (3,8)
Cerrados = 
------------------------
Iteración 1
-----------
Abiertos = (3,7), (4,8), (3,9), (2,8)
Cerrados = (3,8)
------------------------
Iteración 2
-----------
Abiertos = (5,8), (3,7), (4,9), (2,8), (3,9)
Cerrados = (3,8), (4,8)
------------------------
Iteración 3
-----------
Abiertos = (5,8), (3,6), (2,7), (4,9), (2,8), (3,9)
Cerrados = (3,8), (4,8), (3,7)
------------------------
Iteración 4
-----------
Abiertos = (3,6), (6,8), (5,9), (2,7), (4,9), (2,8), (3,9)
Cerrados = (3,8), (4,8), (3,7), (5,8)
------------------------
Iteración 5
-----------
Abiertos = (3,5), (6,8), (5,9), (2,6), (4,9), (2,7), (2,8), (3,9)
Cerrados = (3,8), (4,8), (3,7), (5,8), (3,6)
------------------------
Iteración 6
-----------
Abiertos = (3,5), (5,9), (2,6), (6,7), (6,9), (4,9), (2,7), (3,9), (2,8), (7,8)
Cerrados = (3,8), (4,8), (3,7), (5,8), (3,6), (6,8)
------------------------
Iteración 7
-----------
Abiertos = (3,5), (6,9), (2,6), (6,7), (6,9), (4,9), (2,7), (3,9), (2,8), (7,8), (5,10), (4,9)
Cerrados = (3,8), (4,8), (3,7), (5,8), (3,6), (6,8), (5,9)
------------------------
Iteración 8
-----------
Abiertos = (3,5), (2,6), (6,7), (6,9), (4,9), (2,7), (3,9), (2,8), (7,8), (5,10), (4,9), (7,9), (6,10)
Cerrados = (3,8), (4,8), (3,7), (5,8), (3,6), (6,8), (5,9), (6,9)
------------------------
Iteración 9
-----------
Abiertos = (3,5), (6,7), (2,5), (6,9), (4,9), (2,7), (3,9), (2,8), (1,6), (7,8), (2,7), (5,10), (4,9), (7,9), (6,10)
Cerrados = (3,8), (4,8), (3,7), (5,8), (3,6), (6,8), (5,9), (6,9), (2,6)
------------------------
Iteración 10
-----------
Abiertos = (3,5), (2,5), (6,9), (4,9), (2,7), (3,9), (2,8), (1,6), (6,6), (7,8), (2,7), (5,10), (4,9), (7,7), (7,9), (6,10)
Cerrados = (3,8), (4,8), (3,7), (5,8), (3,6), (6,8), (5,9), (6,9), (2,6), (6,7)
------------------------
Iteración 11
-----------
Abiertos = (3,5), (3,5), (6,9), (4,9), (2,7), (3,9), (2,8), (1,6), (6,6), (7,8), (2,4), (1,5), (2,7), (4,9), (5,10), (7,7), (7,9), (6,10)
Cerrados = (3,8), (4,8), (3,7), (5,8), (3,6), (6,8), (5,9), (6,9), (2,6), (6,7), (2,5)
------------------------
Iteración 12
-----------
Abiertos = (4,5), (3,5), (3,4), (6,9), (4,9), (2,7), (3,9), (2,8), (1,6), (6,6), (7,8), (2,4), (1,5), (2,7), (4,9), (5,10), (7,7), (7,9), (6,10)
Cerrados = (3,8), (4,8), (3,7), (5,8), (3,6), (6,8), (5,9), (6,9), (2,6), (6,7), (2,5), (3,5)
------------------------
Iteración 13
-----------
Abiertos = (4,5), (3,3), (6,9), (4,9), (2,7), (3,9), (2,8), (1,6), (6,6), (7,8), (2,4), (2,4), (1,5), (2,7), (5,10), (4,9), (7,7), (7,9), (6,10)
Cerrados = (3,8), (4,8), (3,7), (5,8), (3,6), (6,8), (5,9), (6,9), (2,6), (6,7), (2,5), (3,5), (3,4)
------------------------
Iteración 14
-----------
Abiertos = (4,5), (3,2), (6,9), (4,9), (2,7), (3,9), (2,8), (1,6), (4,3), (6,6), (7,8), (2,3), (2,4), (2,4), (1,5), (4,9), (2,7), (5,10), (7,7), (7,9), (6,10)
Cerrados = (3,8), (4,8), (3,7), (5,8), (3,6), (6,8), (5,9), (6,9), (2,6), (6,7), (2,5), (3,5), (3,4), (3,3)
------------------------
Iteración 15
-----------
Abiertos = (4,5), (4,2), (6,9), (4,9), (2,7), (3,9), (2,8), (1,6), (4,3), (6,6), (7,8), (2,2), (3,1), (2,3), (2,4), (2,4), (1,5), (2,7), (4,9), (5,10), (7,7), (7,9), (6,10)
Cerrados = (3,8), (4,8), (3,7), (5,8), (3,6), (6,8), (5,9), (6,9), (2,6), (6,7), (2,5), (3,5), (3,4), (3,3), (3,2)
------------------------
Iteración 16
-----------
Abiertos = (4,5), (6,9), (4,9), (2,7), (3,9), (2,8), (1,6), (5,2), (4,3), (6,6), (7,8), (4,1), (2,2), (3,1), (2,3), (2,4), (2,4), (1,5), (4,9), (5,10), (2,7), (7,7), (4,3), (7,9), (6,10)
Cerrados = (3,8), (4,8), (3,7), (5,8), (3,6), (6,8), (5,9), (6,9), (2,6), (6,7), (2,5), (3,5), (3,4), (3,3), (3,2), (4,2)
------------------------
Iteración 17
-----------
Abiertos = (5,5), (6,9), (4,9), (2,7), (3,9), (2,8), (1,6), (5,2), (4,3), (6,6), (7,8), (4,1), (2,2), (3,1), (2,3), (2,4), (2,4), (1,5), (4,9), (5,10), (2,7), (7,7), (4,3), (7,9), (6,10)
Cerrados = (3,8), (4,8), (3,7), (5,8), (3,6), (6,8), (5,9), (6,9), (2,6), (6,7), (2,5), (3,5), (3,4), (3,3), (3,2), (4,2), (4,5)
------------------------
Iteración 18
-----------
Abiertos = (6,5), (5,6), (2,7), (4,9), (3,9), (2,8), (1,6), (5,2), (4,3), (6,6), (7,8), (4,1), (2,2), (3,1), (2,3), (2,4), (2,4), (1,5), (4,9), (5,10), (2,7), (7,7), (4,3), (7,9), (6,10)
Cerrados = (3,8), (4,8), (3,7), (5,8), (3,6), (6,8), (5,9), (6,9), (2,6), (6,7), (2,5), (3,5), (3,4), (3,3), (3,2), (4,2), (4,5), (5,5)
------------------------
Iteración 19
-----------
Abiertos = (7,5), (5,6), (6,6), (2,7), (4,9), (3,9), (2,8), (1,6), (5,2), (4,3), (6,6), (7,8), (4,1), (2,2), (3,1), (2,3), (2,4), (2,4), (1,5), (4,9), (5,10), (2,7), (7,7), (4,3), (7,9), (6,10)
Cerrados = (3,8), (4,8), (3,7), (5,8), (3,6), (6,8), (5,9), (6,9), (2,6), (6,7), (2,5), (3,5), (3,4), (3,3), (3,2), (4,2), (4,5), (5,5), (6,5)
------------------------
Iteración 20
-----------
Abiertos = (7,4), (8,5), (5,6), (7,6), (6,6), (2,7), (4,9), (3,9), (2,8), (1,6), (5,2), (4,3), (6,6), (7,8), (4,1), (2,2), (3,1), (2,3), (2,4), (2,4), (1,5), (4,9), (5,10), (2,7), (7,7), (4,3), (7,9), (6,10)
Cerrados = (3,8), (4,8), (3,7), (5,8), (3,6), (6,8), (5,9), (6,9), (2,6), (6,7), (2,5), (3,5), (3,4), (3,3), (3,2), (4,2), (4,5), (5,5), (6,5), (7,5)
------------------------
Iteración 21
-----------
Abiertos = (7,4), (5,6), (8,4), (7,6), (6,6), (2,7), (4,9), (3,9), (2,8), (1,6), (5,2), (4,3), (6,6), (7,8), (8,6), (4,1), (2,2), (3,1), (2,3), (2,4), (2,4), (1,5), (2,7), (5,10), (4,9), (7,7), (4,3), (7,9), (6,10)
Cerrados = (3,8), (4,8), (3,7), (5,8), (3,6), (6,8), (5,9), (6,9), (2,6), (6,7), (2,5), (3,5), (3,4), (3,3), (3,2), (4,2), (4,5), (5,5), (6,5), (7,5), (8,5)
------------------------
Iteración 22
-----------
Abiertos = (7,4), (8,4), (7,6), (6,6), (6,6), (2,7), (4,9), (3,9), (2,8), (1,6), (5,2), (4,3), (6,6), (7,8), (8,6), (4,1), (2,2), (3,1), (2,3), (2,4), (2,4), (1,5), (2,7), (5,10), (4,9), (7,7), (4,3), (7,9), (6,10)
Cerrados = (3,8), (4,8), (3,7), (5,8), (3,6), (6,8), (5,9), (6,9), (2,6), (6,7), (2,5), (3,5), (3,4), (3,3), (3,2), (4,2), (4,5), (5,5), (6,5), (7,5), (8,5), (5,6)
------------------------
Iteración 23
-----------
Abiertos = (7,3), (8,4), (8,4), (7,6), (6,6), (6,6), (2,7), (4,9), (3,9), (2,8), (1,6), (5,2), (4,3), (6,6), (7,8), (8,6), (4,1), (2,2), (3,1), (2,3), (2,4), (2,4), (1,5), (2,7), (5,10), (4,9), (7,7), (4,3), (7,9), (6,10)
Cerrados = (3,8), (4,8), (3,7), (5,8), (3,6), (6,8), (5,9), (6,9), (2,6), (6,7), (2,5), (3,5), (3,4), (3,3), (3,2), (4,2), (4,5), (5,5), (6,5), (7,5), (8,5), (5,6), (7,4)
------------------------
Iteración 24
-----------
Abiertos = (7,3), (9,4), (8,4), (7,6), (6,6), (6,6), (2,7), (4,9), (3,9), (2,8), (1,6), (8,3), (5,2), (4,3), (6,6), (7,8), (8,6), (4,1), (2,2), (3,1), (2,3), (2,4), (2,4), (1,5), (2,7), (5,10), (4,9), (7,7), (4,3), (7,9), (6,10)
Cerrados = (3,8), (4,8), (3,7), (5,8), (3,6), (6,8), (5,9), (6,9), (2,6), (6,7), (2,5), (3,5), (3,4), (3,3), (3,2), (4,2), (4,5), (5,5), (6,5), (7,5), (8,5), (5,6), (7,4), (8,4)
------------------------
Iteración 25
-----------
Abiertos = (7,2), (8,3), (6,3), (9,4), (8,4), (7,6), (6,6), (6,6), (2,7), (4,9), (3,9), (2,8), (1,6), (8,3), (5,2), (4,3), (6,6), (7,8), (8,6), (4,1), (2,2), (3,1), (2,3), (2,4), (2,4), (1,5), (2,7), (5,10), (4,9), (7,7), (4,3), (7,9), (6,10)
Cerrados = (3,8), (4,8), (3,7), (5,8), (3,6), (6,8), (5,9), (6,9), (2,6), (6,7), (2,5), (3,5), (3,4), (3,3), (3,2), (4,2), (4,5), (5,5), (6,5), (7,5), (8,5), (5,6), (7,4), (8,4), (7,3)
------------------------
Iteración 26
-----------
Abiertos = (8,2), (8,3), (7,1), (6,2), (6,3), (9,4), (8,4), (7,6), (6,6), (6,6), (2,7), (4,9), (3,9), (2,8), (1,6), (8,3), (5,2), (4,3), (6,6), (7,8), (8,6), (4,1), (2,2), (3,1), (2,3), (2,4), (2,4), (1,5), (2,7), (5,10), (4,9), (7,7), (4,3), (7,9), (6,10)
Cerrados = (3,8), (4,8), (3,7), (5,8), (3,6), (6,8), (5,9), (6,9), (2,6), (6,7), (2,5), (3,5), (3,4), (3,3), (3,2), (4,2), (4,5), (5,5), (6,5), (7,5), (8,5), (5,6), (7,4), (8,4), (7,3), (7,2)
------------------------
Iteración 27
-----------
Abiertos = (9,2), (8,3), (8,1), (7,1), (6,2), (6,3), (9,4), (8,4), (8,3), (7,6), (6,6), (6,6), (2,7), (4,9), (3,9), (2,8), (1,6), (8,3), (5,2), (4,3), (6,6), (7,8), (8,6), (4,1), (2,2), (3,1), (2,3), (2,4), (2,4), (1,5), (2,7), (5,10), (4,9), (7,7), (4,3), (7,9), (6,10)
Cerrados = (3,8), (4,8), (3,7), (5,8), (3,6), (6,8), (5,9), (6,9), (2,6), (6,7), (2,5), (3,5), (3,4), (3,3), (3,2), (4,2), (4,5), (5,5), (6,5), (7,5), (8,5), (5,6), (7,4), (8,4), (7,3), (7,2), (8,2)
------------------------
Iteración 28
-----------
Abiertos = (9,2), (8,1), (7,1), (6,2), (6,3), (9,4), (8,4), (8,3), (7,6), (6,6), (6,6), (2,7), (4,9), (3,9), (2,8), (1,6), (8,3), (5,2), (4,3), (6,6), (7,8), (8,6), (4,1), (2,2), (3,1), (2,3), (2,4), (2,4), (1,5), (4,9), (2,7), (5,10), (9,3), (7,7), (4,3), (7,9), (6,10)
Cerrados = (3,8), (4,8), (3,7), (5,8), (3,6), (6,8), (5,9), (6,9), (2,6), (6,7), (2,5), (3,5), (3,4), (3,3), (3,2), (4,2), (4,5), (5,5), (6,5), (7,5), (8,5), (5,6), (7,4), (8,4), (7,3), (7,2), (8,2), (8,3)
------------------------
Camino: (3,8) -> (3,7) -> (3,6) -> (3,5) -> (4,5) -> (5,5) -> (6,5) -> (7,5) -> (7,4) -> (7,3) -> (7,2) -> (8,2) -> (9,2)
Coste: 24
Iteración 0
-----------
Abiertos = (3,8)
Cerrados = 
------------------------
Iteración 1
-----------
Abiertos = (3,7), (4,8), (3,9), (2,8)
Cerrados = (3,8)
------------------------
Iteración 2
-----------
Abiertos = (3,6), (4,8), (2,7), (2,8), (3,9)
Cerrados = (3,8), (3,7)
------------------------
Iteración 3
-----------
Abiertos = (3,6), (5,8), (2,7), (4,9), (2,8), (3,9)
Cerrados = (3,8), (3,7), (4,8)
------------------------
Iteración 4
-----------
Abiertos = (3,5), (5,8), (2,6), (2,7), (4,9), (2,8), (3,9)
Cerrados = (3,8), (3,7), (4,8), (3,6)
------------------------
Iteración 5
-----------
Abiertos = (4,5), (5,8), (3,4), (2,6), (2,5), (4,9), (2,7), (2,8), (3,9)
Cerrados = (3,8), (3,7), (4,8), (3,6), (3,5)
------------------------
Iteración 6
-----------
Abiertos = (4,5), (3,4), (6,8), (2,6), (5,9), (2,5), (2,7), (4,9), (2,8), (3,9)
Cerrados = (3,8), (3,7), (4,8), (3,6), (3,5), (5,8)
------------------------
Iteración 7
-----------
Abiertos = (4,5), (6,8), (2,6), (5,9), (3,3), (2,5), (4,9), (2,7), (3,9), (2,8), (2,4)
Cerrados = (3,8), (3,7), (4,8), (3,6), (3,5), (5,8), (3,4)
------------------------
Iteración 8
-----------
Abiertos = (4,5), (2,6), (5,9), (3,3), (6,7), (6,9), (2,5), (4,9), (2,7), (2,8), (3,9), (7,8), (2,4)
Cerrados = (3,8), (3,7), (4,8), (3,6), (3,5), (5,8), (3,4), (6,8)
------------------------
Iteración 9
-----------
Abiertos = (5,5), (5,9), (2,6), (3,3), (6,7), (6,9), (2,5), (4,9), (2,7), (2,8), (3,9), (7,8), (2,4)
Cerrados = (3,8), (3,7), (4,8), (3,6), (3,5), (5,8), (3,4), (6,8), (4,5)
------------------------
Iteración 10
-----------
Abiertos = (6,5), (5,6), (2,6), (5,9), (3,3), (6,7), (6,9), (2,5), (4,9), (2,7), (2,8), (3,9), (7,8), (2,4)
Cerrados = (3,8), (3,7), (4,8), (3,6), (3,5), (5,8), (3,4), (6,8), (4,5), (5,5)
------------------------
Iteración 11
-----------
Abiertos = (6,5), (2,6), (5,9), (3,3), (6,7), (6,6), (6,9), (2,5), (4,9), (2,7), (2,8), (3,9), (7,8), (2,4)
Cerrados = (3,8), (3,7), (4,8), (3,6), (3,5), (5,8), (3,4), (6,8), (4,5), (5,5), (5,6)
------------------------
Iteración 12
-----------
Abiertos = (6,5), (5,9), (3,3), (6,7), (6,6), (2,5), (6,9), (2,5), (4,9), (2,7), (3,9), (2,8), (1,6), (7,8), (2,4), (2,7)
Cerrados = (3,8), (3,7), (4,8), (3,6), (3,5), (5,8), (3,4), (6,8), (4,5), (5,5), (5,6), (2,6)
------------------------
Iteración 13
-----------
Abiertos = (7,5), (5,9), (3,3), (6,7), (6,6), (6,6), (2,5), (6,9), (2,5), (4,9), (2,7), (2,8), (3,9), (1,6), (7,8), (2,4), (2,7)
Cerrados = (3,8), (3,7), (4,8), (3,6), (3,5), (5,8), (3,4), (6,8), (4,5), (5,5), (5,6), (2,6), (6,5)
------------------------
Iteración 14
-----------
Abiertos = (7,5), (6,9), (3,3), (6,7), (6,6), (6,6), (2,5), (6,9), (2,5), (2,7), (4,9), (3,9), (2,8), (1,6), (7,8), (2,4), (2,7), (4,9), (5,10)
Cerrados = (3,8), (3,7), (4,8), (3,6), (3,5), (5,8), (3,4), (6,8), (4,5), (5,5), (5,6), (2,6), (6,5), (5,9)
------------------------
Iteración 15
-----------
Abiertos = (7,5), (3,3), (6,7), (6,6), (6,6), (2,5), (6,9), (2,5), (2,7), (4,9), (2,8), (3,9), (1,6), (7,8), (2,4), (4,9), (2,7), (5,10), (7,9), (6,10)
Cerrados = (3,8), (3,7), (4,8), (3,6), (3,5), (5,8), (3,4), (6,8), (4,5), (5,5), (5,6), (2,6), (6,5), (5,9), (6,9)
------------------------
Iteración 16
-----------
Abiertos = (7,4), (8,5), (3,3), (6,7), (7,6), (6,6), (6,6), (2,5), (6,9), (2,5), (2,7), (4,9), (2,8), (3,9), (1,6), (7,8), (2,4), (4,9), (2,7), (5,10), (7,9), (6,10)
Cerrados = (3,8), (3,7), (4,8), (3,6), (3,5), (5,8), (3,4), (6,8), (4,5), (5,5), (5,6), (2,6), (6,5), (5,9), (6,9), (7,5)
------------------------
Iteración 17
-----------
Abiertos = (7,4), (8,4), (3,3), (6,7), (7,6), (6,6), (6,6), (2,5), (6,9), (2,5), (2,7), (4,9), (2,8), (3,9), (1,6), (7,8), (8,6), (2,4), (4,9), (5,10), (2,7), (7,9), (6,10)
Cerrados = (3,8), (3,7), (4,8), (3,6), (3,5), (5,8), (3,4), (6,8), (4,5), (5,5), (5,6), (2,6), (6,5), (5,9), (6,9), (7,5), (8,5)
------------------------
Iteración 18
-----------
Abiertos = (7,3), (8,4), (8,4), (3,3), (6,7), (7,6), (6,6), (6,6), (2,5), (6,9), (2,5), (2,7), (4,9), (2,8), (3,9), (1,6), (7,8), (8,6), (2,4), (4,9), (5,10), (2,7), (7,9), (6,10)
Cerrados = (3,8), (3,7), (4,8), (3,6), (3,5), (5,8), (3,4), (6,8), (4,5), (5,5), (5,6), (2,6), (6,5), (5,9), (6,9), (7,5), (8,5), (7,4)
------------------------
Iteración 19
-----------
Abiertos = (7,2), (8,3), (8,4), (6,3), (8,4), (3,3), (6,7), (7,6), (6,6), (6,6), (2,5), (6,9), (2,5), (2,7), (4,9), (2,8), (3,9), (1,6), (7,8), (8,6), (2,4), (4,9), (5,10), (2,7), (7,9), (6,10)
Cerrados = (3,8), (3,7), (4,8), (3,6), (3,5), (5,8), (3,4), (6,8), (4,5), (5,5), (5,6), (2,6), (6,5), (5,9), (6,9), (7,5), (8,5), (7,4), (7,3)
------------------------
Iteración 20
-----------
Abiertos = (7,2), (8,2), (8,4), (6,3), (9,3), (8,4), (3,3), (6,7), (7,6), (6,6), (6,6), (2,5), (6,9), (2,5), (2,7), (4,9), (2,8), (3,9), (1,6), (7,8), (8,4), (8,6), (2,4), (2,7), (4,9), (5,10), (7,9), (6,10)
Cerrados = (3,8), (3,7), (4,8), (3,6), (3,5), (5,8), (3,4), (6,8), (4,5), (5,5), (5,6), (2,6), (6,5), (5,9), (6,9), (7,5), (8,5), (7,4), (7,3), (8,3)
------------------------
Iteración 21
-----------
Abiertos = (7,2), (9,2), (8,4), (6,3), (9,3), (8,4), (3,3), (6,7), (7,2), (8,1), (7,6), (6,6), (6,6), (2,5), (6,9), (2,5), (2,7), (4,9), (2,8), (3,9), (1,6), (7,8), (8,4), (8,6), (2,4), (2,7), (4,9), (5,10), (7,9), (6,10)
Cerrados = (3,8), (3,7), (4,8), (3,6), (3,5), (5,8), (3,4), (6,8), (4,5), (5,5), (5,6), (2,6), (6,5), (5,9), (6,9), (7,5), (8,5), (7,4), (7,3), (8,3), (8,2)
------------------------
Camino: (3,8) -> (3,7) -> (3,6) -> (3,5) -> (4,5) -> (5,5) -> (6,5) -> (7,5) -> (7,4) -> (7,3) -> (8,3) -> (8,2) -> (9,2)
Coste: 27
Iteración 0
-----------
Abiertos = (3,8)
Cerrados = 
------------------------
Iteración 1
-----------
Abiertos = (3,7), (4,8), (3,9), (2,8)
Cerrados = (3,8)
------------------------
Iteración 2
-----------
Abiertos = (3,6), (4,8), (2,7), (2,8), (3,9)
Cerrados = (3,8), (3,7)
------------------------
Iteración 3
-----------
Abiertos = (3,6), (5,8), (2,7), (4,9), (2,8), (3,9)
Cerrados = (3,8), (3,7), (4,8)
------------------------
Iteración 4
-----------
Abiertos = (3,5), (5,8), (2,6), (2,7), (4,9), (2,8), (3,9)
Cerrados = (3,8), (3,7), (4,8), (3,6)
------------------------
Iteración 5
-----------
Abiertos = (4,5), (5,8), (3,4), (2,6), (2,5), (4,9), (2,7), (2,8), (3,9)
Cerrados = (3,8), (3,7), (4,8), (3,6), (3,5)
------------------------
Iteración 6
-----------
Abiertos = (4,5), (3,4), (6,8), (2,6), (5,9), (2,5), (2,7), (4,9), (2,8), (3,9)
Cerrados = (3,8), (3,7), (4,8), (3,6), (3,5), (5,8)
------------------------
Iteración 7
-----------
Abiertos = (4,5), (6,8), (2,6), (5,9), (3,3), (2,5), (4,9), (2,7), (3,9), (2,8), (2,4)
Cerrados = (3,8), (3,7), (4,8), (3,6), (3,5), (5,8), (3,4)
------------------------
Iteración 8
-----------
Abiertos = (5,5), (6,8), (2,6), (5,9), (3,3), (2,5), (4,9), (2,7), (3,9), (2,8), (2,4)
Cerrados = (3,8), (3,7), (4,8), (3,6), (3,5), (5,8), (3,4), (4,5)
------------------------
Iteración 9
-----------
Abiertos = (6,5), (6,8), (5,6), (2,6), (5,9), (3,3), (2,5), (4,9), (2,7), (3,9), (2,8), (2,4)
Cerrados = (3,8), (3,7), (4,8), (3,6), (3,5), (5,8), (3,4), (4,5), (5,5)
------------------------
Iteración 10
-----------
Abiertos = (7,5), (6,8), (5,6), (2,6), (5,9), (3,3), (6,6), (2,5), (4,9), (2,7), (2,8), (3,9), (2,4)
Cerrados = (3,8), (3,7), (4,8), (3,6), (3,5), (5,8), (3,4), (4,5), (5,5), (6,5)
------------------------
Iteración 11
-----------
Abiertos = (7,4), (8,5), (6,8), (5,6), (2,6), (5,9), (3,3), (7,6), (6,6), (2,5), (4,9), (2,7), (2,8), (3,9), (2,4)
Cerrados = (3,8), (3,7), (4,8), (3,6), (3,5), (5,8), (3,4), (4,5), (5,5), (6,5), (7,5)
------------------------
Iteración 12
-----------
Abiertos = (7,4), (6,8), (5,6), (2,6), (5,9), (8,4), (3,3), (7,6), (6,6), (2,5), (4,9), (2,7), (3,9), (2,8), (8,6), (2,4)
Cerrados = (3,8), (3,7), (4,8), (3,6), (3,5), (5,8), (3,4), (4,5), (5,5), (6,5), (7,5), (8,5)
------------------------
Iteración 13
-----------
Abiertos = (7,4), (5,6), (2,6), (5,9), (8,4), (3,3), (6,7), (7,6), (6,6), (6,9), (2,5), (4,9), (2,7), (3,9), (2,8), (7,8), (8,6), (2,4)
Cerrados = (3,8), (3,7), (4,8), (3,6), (3,5), (5,8), (3,4), (4,5), (5,5), (6,5), (7,5), (8,5), (6,8)
------------------------
Iteración 14
-----------
Abiertos = (7,4), (2,6), (5,9), (8,4), (3,3), (6,7), (7,6), (6,6), (6,6), (6,9), (2,5), (2,7), (4,9), (2,8), (3,9), (7,8), (8,6), (2,4)
Cerrados = (3,8), (3,7), (4,8), (3,6), (3,5), (5,8), (3,4), (4,5), (5,5), (6,5), (7,5), (8,5), (6,8), (5,6)
------------------------
Iteración 15
-----------
Abiertos = (7,4), (5,9), (8,4), (3,3), (6,7), (7,6), (6,6), (6,6), (6,9), (2,5), (2,5), (4,9), (2,7), (3,9), (2,8), (1,6), (7,8), (8,6), (2,4), (2,7)
Cerrados = (3,8), (3,7), (4,8), (3,6), (3,5), (5,8), (3,4), (4,5), (5,5), (6,5), (7,5), (8,5), (6,8), (5,6), (2,6)
------------------------
Iteración 16
-----------
Abiertos = (7,3), (8,4), (5,9), (8,4), (3,3), (6,7), (7,6), (6,6), (6,6), (6,9), (2,5), (2,5), (4,9), (2,7), (3,9), (2,8), (1,6), (7,8), (8,6), (2,4), (2,7)
Cerrados = (3,8), (3,7), (4,8), (3,6), (3,5), (5,8), (3,4), (4,5), (5,5), (6,5), (7,5), (8,5), (6,8), (5,6), (2,6), (7,4)
------------------------
Iteración 17
-----------
Abiertos = (7,2), (8,3), (8,4), (6,3), (5,9), (8,4), (3,3), (6,7), (7,6), (6,6), (6,6), (6,9), (2,5), (2,5), (4,9), (2,7), (3,9), (2,8), (1,6), (7,8), (8,6), (2,4), (2,7)
Cerrados = (3,8), (3,7), (4,8), (3,6), (3,5), (5,8), (3,4), (4,5), (5,5), (6,5), (7,5), (8,5), (6,8), (5,6), (2,6), (7,4), (7,3)
------------------------
Iteración 18
-----------
Abiertos = (8,2), (8,3), (8,4), (6,2), (7,1), (6,3), (5,9), (8,4), (3,3), (6,7), (7,6), (6,6), (6,6), (6,9), (2,5), (2,5), (4,9), (2,7), (3,9), (2,8), (1,6), (7,8), (8,6), (2,4), (2,7)
Cerrados = (3,8), (3,7), (4,8), (3,6), (3,5), (5,8), (3,4), (4,5), (5,5), (6,5), (7,5), (8,5), (6,8), (5,6), (2,6), (7,4), (7,3), (7,2)
------------------------
Iteración 19
-----------
Abiertos = (9,2), (8,3), (8,4), (8,1), (6,2), (7,1), (6,3), (5,9), (8,4), (3,3), (6,7), (8,3), (7,6), (6,6), (6,6), (6,9), (2,5), (2,5), (2,7), (4,9), (2,8), (3,9), (1,6), (7,8), (8,6), (2,4), (2,7)
Cerrados = (3,8), (3,7), (4,8), (3,6), (3,5), (5,8), (3,4), (4,5), (5,5), (6,5), (7,5), (8,5), (6,8), (5,6), (2,6), (7,4), (7,3), (7,2), (8,2)
------------------------
Camino: (3,8) -> (3,7) -> (3,6) -> (3,5) -> (4,5) -> (5,5) -> (6,5) -> (7,5) -> (7,4) -> (7,3) -> (7,2) -> (8,2) -> (9,2)
Coste: 24
Iteración 0
-----------
Abiertos = (3,8)
Cerrados = 
------------------------
Iteración 1
-----------
Abiertos = (3,7), (4,8), (3,9), (2,8)
Cerrados = (3,8)
------------------------
Iteración 2
-----------
Abiertos = (5,8), (3,7), (4,9), (2,8), (3,9)
Cerrados = (3,8), (4,8)
------------------------
Iteración 3
-----------
Abiertos = (5,8), (3,6), (2,7), (4,9), (2,8), (3,9)
Cerrados = (3,8), (4,8), (3,7)
------------------------
Iteración 4
-----------
Abiertos = (3,6), (6,8), (5,9), (2,7), (4,9), (2,8), (3,9)
Cerrados = (3,8), (4,8), (3,7), (5,8)
------------------------
Iteración 5
-----------
Abiertos = (3,5), (6,8), (5,9), (2,6), (4,9), (2,7), (2,8), (3,9)
Cerrados = (3,8), (4,8), (3,7), (5,8), (3,6)
------------------------
Iteración 6
-----------
Abiertos = (3,5), (5,9), (2,6), (6,7), (6,9), (4,9), (2,7), (3,9), (2,8), (7,8)
Cerrados = (3,8), (4,8), (3,7), (5,8), (3,6), (6,8)
------------------------
Iteración 7
-----------
Abiertos = (3,5), (6,9), (2,6), (6,7), (6,9), (4,9), (2,7), (3,9), (2,8), (7,8), (5,10), (4,9)
Cerrados = (3,8), (4,8), (3,7), (5,8), (3,6), (6,8), (5,9)
------------------------
Iteración 8
-----------
Abiertos = (3,5), (2,6), (6,7), (6,9), (4,9), (2,7), (3,9), (2,8), (7,8), (5,10), (4,9), (7,9), (6,10)
Cerrados = (3,8), (4,8), (3,7), (5,8), (3,6), (6,8), (5,9), (6,9)
------------------------
Iteración 9
-----------
Abiertos = (3,5), (6,7), (2,5), (6,9), (4,9), (2,7), (3,9), (2,8), (1,6), (7,8), (2,7), (5,10), (4,9), (7,9), (6,10)
Cerrados = (3,8), (4,8), (3,7), (5,8), (3,6), (6,8), (5,9), (6,9), (2,6)
------------------------
Iteración 10
-----------
Abiertos = (3,5), (2,5), (6,9), (4,9), (2,7), (3,9), (2,8), (1,6), (6,6), (7,8), (2,7), (5,10), (4,9), (7,7), (7,9), (6,10)
Cerrados = (3,8), (4,8), (3,7), (5,8), (3,6), (6,8), (5,9), (6,9), (2,6), (6,7)
------------------------
Iteración 11
-----------
Abiertos = (3,5), (3,5), (6,9), (4,9), (2,7), (3,9), (2,8), (1,6), (6,6), (7,8), (2,4), (1,5), (2,7), (4,9), (5,10), (7,7), (7,9), (6,10)
Cerrados = (3,8), (4,8), (3,7), (5,8), (3,6), (6,8), (5,9), (6,9), (2,6), (6,7), (2,5)
------------------------
Iteración 12
-----------
Abiertos = (4,5), (3,5), (3,4), (6,9), (4,9), (2,7), (3,9), (2,8), (1,6), (6,6), (7,8), (2,4), (1,5), (2,7), (4,9), (5,10), (7,7), (7,9), (6,10)
Cerrados = (3,8), (4,8), (3,7), (5,8), (3,6), (6,8), (5,9), (6,9), (2,6), (6,7), (2,5), (3,5)
------------------------
Iteración 13
-----------
Abiertos = (4,5), (3,3), (6,9), (4,9), (2,7), (3,9), (2,8), (1,6), (6,6), (7,8), (2,4), (2,4), (1,5), (2,7), (5,10), (4,9), (7,7), (7,9), (6,10)
Cerrados = (3,8), (4,8), (3,7), (5,8), (3,6), (6,8), (5,9), (6,9), (2,6), (6,7), (2,5), (3,5), (3,4)
------------------------
Iteración 14
-----------
Abiertos = (4,5), (3,2), (6,9), (4,9), (2,7), (3,9), (2,8), (1,6), (4,3), (6,6), (7,8), (2,3), (2,4), (2,4), (1,5), (4,9), (2,7), (5,10), (7,7), (7,9), (6,10)
Cerrados = (3,8), (4,8), (3,7), (5,8), (3,6), (6,8), (5,9), (6,9), (2,6), (6,7), (2,5), (3,5), (3,4), (3,3)
------------------------
Iteración 15
-----------
Abiertos = (4,5), (4,2), (6,9), (4,9), (2,7), (3,9), (2,8), (1,6), (4,3), (6,6), (7,8), (2,2), (3,1), (2,3), (2,4), (2,4), (1,5), (2,7), (4,9), (5,10), (7,7), (7,9), (6,10)
Cerrados = (3,8), (4,8), (3,7), (5,8), (3,6), (6,8), (5,9), (6,9), (2,6), (6,7), (2,5), (3,5), (3,4), (3,3), (3,2)
------------------------
Iteración 16
-----------
Abiertos = (4,5), (6,9), (4,9), (2,7), (3,9), (2,8), (1,6), (5,2), (4,3), (6,6), (7,8), (4,1), (2,2), (3,1), (2,3), (2,4), (2,4), (1,5), (4,9), (5,10), (2,7), (7,7), (4,3), (7,9), (6,10)
Cerrados = (3,8), (4,8), (3,7), (5,8), (3,6), (6,8), (5,9), (6,9), (2,6), (6,7), (2,5), (3,5), (3,4), (3,3), (3,2), (4,2)
------------------------
Iteración 17
-----------
Abiertos = (5,5), (6,9), (4,9), (2,7), (3,9), (2,8), (1,6), (5,2), (4,3), (6,6), (7,8), (4,1), (2,2), (3,1), (2,3), (2,4), (2,4), (1,5), (4,9), (5,10), (2,7), (7,7), (4,3), (7,9), (6,10)
Cerrados = (3,8), (4,8), (3,7), (5,8), (3,6), (6,8), (5,9), (6,9), (2,6), (6,7), (2,5), (3,5), (3,4), (3,3), (3,2), (4,2), (4,5)
------------------------
Iteración 18
-----------
Abiertos = (6,5), (5,6), (2,7), (4,9), (3,9), (2,8), (1,6), (5,2), (4,3), (6,6), (7,8), (4,1), (2,2), (3,1), (2,3), (2,4), (2,4), (1,5), (4,9), (5,10), (2,7), (7,7), (4,3), (7,9), (6,10)
Cerrados = (3,8), (4,8), (3,7), (5,8), (3,6), (6,8), (5,9), (6,9), (2,6), (6,7), (2,5), (3,5), (3,4), (3,3), (3,2), (4,2), (4,5), (5,5)
------------------------
Iteración 19
-----------
Abiertos = (7,5), (5,6), (6,6), (2,7), (4,9), (3,9), (2,8), (1,6), (5,2), (4,3), (6,6), (7,8), (4,1), (2,2), (3,1), (2,3), (2,4), (2,4), (1,5), (4,9), (5,10), (2,7), (7,7), (4,3), (7,9), (6,10)
Cerrados = (3,8), (4,8), (3,7), (5,8), (3,6), (6,8), (5,9), (6,9), (2,6), (6,7), (2,5), (3,5), (3,4), (3,3), (3,2), (4,2), (4,5), (5,5), (6,5)
------------------------
Iteración 20
-----------
Abiertos = (7,4), (8,5), (5,6), (7,6), (6,6), (2,7), (4,9), (3,9), (2,8), (1,6), (5,2), (4,3), (6,6), (7,8), (4,1), (2,2), (3,1), (2,3), (2,4), (2,4), (1,5), (4,9), (5,10), (2,7), (7,7), (4,3), (7,9), (6,10)
Cerrados = (3,8), (4,8), (3,7), (5,8), (3,6), (6,8), (5,9), (6,9), (2,6), (6,7), (2,5), (3,5), (3,4), (3,3), (3,2), (4,2), (4,5), (5,5), (6,5), (7,5)
------------------------
Iteración 21
-----------
Abiertos = (7,4), (5,6), (8,4), (7,6), (6,6), (2,7), (4,9), (3,9), (2,8), (1,6), (5,2), (4,3), (6,6), (7,8), (8,6), (4,1), (2,2), (3,1), (2,3), (2,4), (2,4), (1,5), (2,7), (5,10), (4,9), (7,7), (4,3), (7,9), (6,10)
Cerrados = (3,8), (4,8), (3,7), (5,8), (3,6), (6,8), (5,9), (6,9), (2,6), (6,7), (2,5), (3,5), (3,4), (3,3), (3,2), (4,2), (4,5), (5,5), (6,5), (7,5), (8,5)
------------------------
Iteración 22
-----------
Abiertos = (7,4), (8,4), (7,6), (6,6), (6,6), (2,7), (4,9), (3,9), (2,8), (1,6), (5,2), (4,3), (6,6), (7,8), (8,6), (4,1), (2,2), (3,1), (2,3), (2,4), (2,4), (1,5), (2,7), (5,10), (4,9), (7,7), (4,3), (7,9), (6,10)
Cerrados = (3,8), (4,8), (3,7), (5,8), (3,6), (6,8), (5,9), (6,9), (2,6), (6,7), (2,5), (3,5), (3,4), (3,3), (3,2), (4,2), (4,5), (5,5), (6,5), (7,5), (8,5), (5,6)
------------------------
Iteración 23
-----------
Abiertos = (7,3), (8,4), (8,4), (7,6), (6,6), (6,6), (2,7), (4,9), (3,9), (2,8), (1,6), (5,2), (4,3), (6,6), (7,8), (8,6), (4,1), (2,2), (3,1), (2,3), (2,4), (2,4), (1,5), (2,7), (5,10), (4,9), (7,7), (4,3), (7,9), (6,10)
Cerrados = (3,8), (4,8), (3,7), (5,8), (3,6), (6,8), (5,9), (6,9), (2,6), (6,7), (2,5), (3,5), (3,4), (3,3), (3,2), (4,2), (4,5), (5,5), (6,5), (7,5), (8,5), (5,6), (7,4)
------------------------
Iteración 24
-----------
Abiertos = (7,3), (9,4), (8,4), (7,6), (6,6), (6,6), (2,7), (4,9), (3,9), (2,8), (1,6), (8,3), (5,2), (4,3), (6,6), (7,8), (8,6), (4,1), (2,2), (3,1), (2,3), (2,4), (2,4), (1,5), (2,7), (5,10), (4,9), (7,7), (4,3), (7,9), (6,10)
Cerrados = (3,8), (4,8), (3,7), (5,8), (3,6), (6,8), (5,9), (6,9), (2,6), (6,7), (2,5), (3,5), (3,4), (3,3), (3,2), (4,2), (4,5), (5,5), (6,5), (7,5), (8,5), (5,6), (7,4), (8,4)
------------------------
Iteración 25
-----------
Abiertos = (7,2), (8,3), (6,3), (9,4), (8,4), (7,6), (6,6), (6,6), (2,7), (4,9), (3,9), (2,8), (1,6), (8,3), (5,2), (4,3), (6,6), (7,8), (8,6), (4,1), (2,2), (3,1), (2,3), (2,4), (2,4), (1,5), (2,7), (5,10), (4,9), (7,7), (4,3), (7,9), (6,10)
Cerrados = (3,8), (4,8), (3,7), (5,8), (3,6), (6,8), (5,9), (6,9), (2,6), (6,7), (2,5), (3,5), (3,4), (3,3), (3,2), (4,2), (4,5), (5,5), (6,5), (7,5), (8,5), (5,6), (7,4), (8,4), (7,3)
------------------------
Iteración 26
-----------
Abiertos = (8,2), (8,3), (7,1), (6,2), (6,3), (9,4), (8,4), (7,6), (6,6), (6,6), (2,7), (4,9), (3,9), (2,8), (1,6), (8,3), (5,2), (4,3), (6,6), (7,8), (8,6), (4,1), (2,2), (3,1), (2,3), (2,4), (2,4), (1,5), (2,7), (5,10), (4,9), (7,7), (4,3), (7,9), (6,10)
Cerrados = (3,8), (4,8), (3,7), (5,8), (3,6), (6,8), (5,9), (6,9), (2,6), (6,7), (2,5), (3,5), (3,4), (3,3), (3,2), (4,2), (4,5), (5,5), (6,5), (7,5), (8,5), (5,6), (7,4), (8,4), (7,3), (7,2)
------------------------
Iteración 27
-----------
Abiertos = (9,2), (8,3), (8,1), (7,1), (6,2), (6,3), (9,4), (8,4), (8,3), (7,6), (6,6), (6,6), (2,7), (4,9), (3,9), (2,8), (1,6), (8,3), (5,2), (4,3), (6,6), (7,8), (8,6), (4,1), (2,2), (3,1), (2,3), (2,4), (2,4), (1,5), (2,7), (5,10), (4,9), (7,7), (4,3), (7,9), (6,10)
Cerrados = (3,8), (4,8), (3,7), (5,8), (3,6), (6,8), (5,9), (6,9), (2,6), (6,7), (2,5), (3,5), (3,4), (3,3), (3,2), (4,2), (4,5), (5,5), (6,5), (7,5), (8,5), (5,6), (7,4), (8,4), (7,3), (7,2), (8,2)
------------------------
Iteración 28
-----------
Abiertos = (9,2), (8,1), (7,1), (6,2), (6,3), (9,4), (8,4), (8,3), (7,6), (6,6), (6,6), (2,7), (4,9), (3,9), (2,8), (1,6), (8,3), (5,2), (4,3), (6,6), (7,8), (8,6), (4,1), (2,2), (3,1), (2,3), (2,4), (2,4), (1,5), (4,9), (2,7), (5,10), (9,3), (7,7), (4,3), (7,9), (6,10)
Cerrados = (3,8), (4,8), (3,7), (5,8), (3,6), (6,8), (5,9), (6,9), (2,6), (6,7), (2,5), (3,5), (3,4), (3,3), (3,2), (4,2), (4,5), (5,5), (6,5), (7,5), (8,5), (5,6), (7,4), (8,4), (7,3), (7,2), (8,2), (8,3)
------------------------
Camino: (3,8) -> (3,7) -> (3,6) -> (3,5) -> (4,5) -> (5,5) -> (6,5) -> (7,5) -> (7,4) -> (7,3) -> (7,2) -> (8,2) -> (9,2)
Coste: 24
Iteración 0
-----------
Abiertos = (3,8)
Cerrados = 
------------------------
Iteración 1
-----------
Abiertos = (3,7), (4,8), (3,9), (2,8)
Cerrados = (3,8)
------------------------
Iteración 2
-----------
Abiertos = (5,8), (3,7), (4,9), (2,8), (3,9)
Cerrados = (3,8), (4,8)
------------------------
Iteración 3
-----------
Abiertos = (3,7), (6,8), (5,9), (4,9), (2,8), (3,9)
Cerrados = (3,8), (4,8), (5,8)
------------------------
Iteración 4
-----------
Abiertos = (3,7), (5,9), (6,7), (6,9), (4,9), (3,9), (2,8), (7,8)
Cerrados = (3,8), (4,8), (5,8), (6,8)
------------------------
Iteración 5
-----------
Abiertos = (3,7), (6,9), (6,7), (6,9), (4,9), (3,9), (2,8), (7,8), (4,9), (5,10)
Cerrados = (3,8), (4,8), (5,8), (6,8), (5,9)
------------------------
Iteración 6
-----------
Abiertos = (3,6), (6,9), (6,7), (6,9), (2,7), (4,9), (3,9), (2,8), (7,8), (5,10), (4,9)
Cerrados = (3,8), (4,8), (5,8), (6,8), (5,9), (3,7)
------------------------
Iteración 7
-----------
Abiertos = (3,6), (6,7), (6,9), (2,7), (4,9), (3,9), (2,8), (7,8), (4,9), (5,10), (7,9), (6,10)
Cerrados = (3,8), (4,8), (5,8), (6,8), (5,9), (3,7), (6,9)
------------------------
Iteración 8
-----------
Abiertos = (3,6), (6,9), (2,7), (4,9), (3,9), (2,8), (6,6), (7,8), (4,9), (5,10), (7,7), (7,9), (6,10)
Cerrados = (3,8), (4,8), (5,8), (6,8), (5,9), (3,7), (6,9), (6,7)
------------------------
Iteración 9
-----------
Abiertos = (3,5), (2,6), (6,9), (2,7), (4,9), (3,9), (2,8), (6,6), (7,8), (4,9), (5,10), (7,7), (7,9), (6,10)
Cerrados = (3,8), (4,8), (5,8), (6,8), (5,9), (3,7), (6,9), (6,7), (3,6)
------------------------
Iteración 10
-----------
Abiertos = (3,5), (6,9), (2,5), (2,7), (4,9), (3,9), (2,8), (1,6), (6,6), (7,8), (2,7), (4,9), (5,10), (7,7), (7,9), (6,10)
Cerrados = (3,8), (4,8), (5,8), (6,8), (5,9), (3,7), (6,9), (6,7), (3,6), (2,6)
------------------------
Iteración 11
-----------
Abiertos = (4,5), (3,4), (6,9), (2,5), (2,5), (2,7), (4,9), (2,8), (3,9), (1,6), (6,6), (7,8), (4,9), (2,7), (5,10), (7,7), (7,9), (6,10)
Cerrados = (3,8), (4,8), (5,8), (6,8), (5,9), (3,7), (6,9), (6,7), (3,6), (2,6), (3,5)
------------------------
Iteración 12
-----------
Abiertos = (4,5), (3,3), (6,9), (2,5), (2,5), (2,7), (4,9), (2,8), (3,9), (1,6), (6,6), (7,8), (2,4), (4,9), (5,10), (2,7), (7,7), (7,9), (6,10)
Cerrados = (3,8), (4,8), (5,8), (6,8), (5,9), (3,7), (6,9), (6,7), (3,6), (2,6), (3,5), (3,4)
------------------------
Iteración 13
-----------
Abiertos = (5,5), (3,3), (6,9), (2,5), (2,5), (2,7), (4,9), (2,8), (3,9), (1,6), (6,6), (7,8), (2,4), (4,9), (5,10), (2,7), (7,7), (7,9), (6,10)
Cerrados = (3,8), (4,8), (5,8), (6,8), (5,9), (3,7), (6,9), (6,7), (3,6), (2,6), (3,5), (3,4), (4,5)
------------------------
Iteración 14
-----------
Abiertos = (5,5), (3,2), (6,9), (2,5), (2,5), (2,7), (4,9), (2,8), (3,9), (1,6), (4,3), (6,6), (7,8), (2,3), (2,4), (2,7), (5,10), (4,9), (7,7), (7,9), (6,10)
Cerrados = (3,8), (4,8), (5,8), (6,8), (5,9), (3,7), (6,9), (6,7), (3,6), (2,6), (3,5), (3,4), (4,5), (3,3)
------------------------
Iteración 15
-----------
Abiertos = (5,5), (4,2), (6,9), (2,5), (2,5), (2,7), (4,9), (2,8), (3,9), (1,6), (4,3), (6,6), (7,8), (2,2), (3,1), (2,3), (2,4), (2,7), (5,10), (4,9), (7,7), (7,9), (6,10)
Cerrados = (3,8), (4,8), (5,8), (6,8), (5,9), (3,7), (6,9), (6,7), (3,6), (2,6), (3,5), (3,4), (4,5), (3,3), (3,2)
------------------------
Iteración 16
-----------
Abiertos = (6,5), (5,6), (4,2), (6,9), (2,5), (2,5), (2,7), (4,9), (2,8), (3,9), (1,6), (4,3), (6,6), (7,8), (2,2), (3,1), (2,3), (2,4), (2,7), (5,10), (4,9), (7,7), (7,9), (6,10)
Cerrados = (3,8), (4,8), (5,8), (6,8), (5,9), (3,7), (6,9), (6,7), (3,6), (2,6), (3,5), (3,4), (4,5), (3,3), (3,2), (5,5)
------------------------
Iteración 17
-----------
Abiertos = (6,5), (4,2), (6,6), (6,9), (2,5), (2,5), (2,7), (4,9), (2,8), (3,9), (1,6), (4,3), (6,6), (7,8), (2,2), (3,1), (2,3), (2,4), (2,7), (5,10), (4,9), (7,7), (7,9), (6,10)
Cerrados = (3,8), (4,8), (5,8), (6,8), (5,9), (3,7), (6,9), (6,7), (3,6), (2,6), (3,5), (3,4), (4,5), (3,3), (3,2), (5,5), (5,6)
------------------------
Iteración 18
-----------
Abiertos = (7,5), (4,2), (6,6), (6,6), (6,9), (2,5), (2,5), (2,7), (4,9), (2,8), (3,9), (1,6), (4,3), (6,6), (7,8), (2,2), (3,1), (2,3), (2,4), (2,7), (5,10), (4,9), (7,7), (7,9), (6,10)
Cerrados = (3,8), (4,8), (5,8), (6,8), (5,9), (3,7), (6,9), (6,7), (3,6), (2,6), (3,5), (3,4), (4,5), (3,3), (3,2), (5,5), (5,6), (6,5)
------------------------
Iteración 19
-----------
Abiertos = (7,4), (8,5), (4,2), (7,6), (6,6), (6,6), (6,9), (2,5), (2,5), (2,7), (4,9), (2,8), (3,9), (1,6), (4,3), (6,6), (7,8), (2,2), (3,1), (2,3), (2,4), (2,7), (5,10), (4,9), (7,7), (7,9), (6,10)
Cerrados = (3,8), (4,8), (5,8), (6,8), (5,9), (3,7), (6,9), (6,7), (3,6), (2,6), (3,5), (3,4), (4,5), (3,3), (3,2), (5,5), (5,6), (6,5), (7,5)
------------------------
Iteración 20
-----------
Abiertos = (7,4), (8,4), (4,2), (7,6), (6,6), (6,6), (6,9), (2,5), (2,5), (2,7), (4,9), (2,8), (3,9), (1,6), (4,3), (6,6), (7,8), (8,6), (2,2), (3,1), (2,3), (2,4), (4,9), (2,7), (5,10), (7,7), (7,9), (6,10)
Cerrados = (3,8), (4,8), (5,8), (6,8), (5,9), (3,7), (6,9), (6,7), (3,6), (2,6), (3,5), (3,4), (4,5), (3,3), (3,2), (5,5), (5,6), (6,5), (7,5), (8,5)
------------------------
Iteración 21
-----------
Abiertos = (7,4), (9,4), (4,2), (7,6), (6,6), (6,6), (6,9), (2,5), (2,5), (2,7), (4,9), (2,8), (3,9), (1,6), (8,3), (4,3), (6,6), (7,8), (7,4), (8,6), (2,2), (3,1), (2,3), (2,4), (5,10), (4,9), (2,7), (7,7), (7,9), (6,10)
Cerrados = (3,8), (4,8), (5,8), (6,8), (5,9), (3,7), (6,9), (6,7), (3,6), (2,6), (3,5), (3,4), (4,5), (3,3), (3,2), (5,5), (5,6), (6,5), (7,5), (8,5), (8,4)
------------------------
Iteración 22
-----------
Abiertos = (7,3), (9,4), (4,2), (7,6), (6,6), (6,6), (6,9), (2,5), (2,5), (2,7), (4,9), (2,8), (3,9), (1,6), (8,3), (4,3), (6,6), (7,8), (7,4), (8,6), (2,2), (3,1), (2,3), (2,4), (5,10), (4,9), (2,7), (7,7), (7,9), (6,10)
Cerrados = (3,8), (4,8), (5,8), (6,8), (5,9), (3,7), (6,9), (6,7), (3,6), (2,6), (3,5), (3,4), (4,5), (3,3), (3,2), (5,5), (5,6), (6,5), (7,5), (8,5), (8,4), (7,4)
------------------------
Iteración 23
-----------
Abiertos = (7,2), (8,3), (6,3), (9,4), (4,2), (7,6), (6,6), (6,6), (6,9), (2,5), (2,5), (2,7), (4,9), (2,8), (3,9), (1,6), (8,3), (4,3), (6,6), (7,8), (7,4), (8,6), (2,2), (3,1), (2,3), (2,4), (5,10), (4,9), (2,7), (7,7), (7,9), (6,10)
Cerrados = (3,8), (4,8), (5,8), (6,8), (5,9), (3,7), (6,9), (6,7), (3,6), (2,6), (3,5), (3,4), (4,5), (3,3), (3,2), (5,5), (5,6), (6,5), (7,5), (8,5), (8,4), (7,4), (7,3)
------------------------
Iteración 24
-----------
Abiertos = (8,2), (8,3), (7,1), (6,2), (6,3), (9,4), (4,2), (7,6), (6,6), (6,6), (6,9), (2,5), (2,5), (2,7), (4,9), (2,8), (3,9), (1,6), (8,3), (4,3), (6,6), (7,8), (7,4), (8,6), (2,2), (3,1), (2,3), (2,4), (5,10), (4,9), (2,7), (7,7), (7,9), (6,10)
Cerrados = (3,8), (4,8), (5,8), (6,8), (5,9), (3,7), (6,9), (6,7), (3,6), (2,6), (3,5), (3,4), (4,5), (3,3), (3,2), (5,5), (5,6), (6,5), (7,5), (8,5), (8,4), (7,4), (7,3), (7,2)
------------------------
Iteración 25
-----------
Abiertos = (9,2), (8,3), (8,1), (7,1), (6,2), (6,3), (9,4), (4,2), (8,3), (7,6), (6,6), (6,6), (6,9), (2,5), (2,5), (2,7), (4,9), (2,8), (3,9), (1,6), (8,3), (4,3), (6,6), (7,8), (7,4), (8,6), (2,2), (3,1), (2,3), (2,4), (5,10), (4,9), (2,7), (7,7), (7,9), (6,10)
Cerrados = (3,8), (4,8), (5,8), (6,8), (5,9), (3,7), (6,9), (6,7), (3,6), (2,6), (3,5), (3,4), (4,5), (3,3), (3,2), (5,5), (5,6), (6,5), (7,5), (8,5), (8,4), (7,4), (7,3), (7,2), (8,2)
------------------------
Camino: (3,8) -> (3,7) -> (3,6) -> (3,5) -> (4,5) -> (5,5) -> (6,5) -> (7,5) -> (7,4) -> (7,3) -> (7,2) -> (8,2) -> (9,2)
Coste: 24
Iteración 0
-----------
Abiertos = (3,8)
Cerrados = 
------------------------
Iteración 1
-----------
Abiertos = (3,7), (4,8), (3,9), (2,8)
Cerrados = (3,8)
------------------------
Iteración 2
-----------
Abiertos = (3,6), (4,8), (2,7), (2,8), (3,9)
Cerrados = (3,8), (3,7)
------------------------
Iteración 3
-----------
Abiertos = (3,6), (5,8), (2,7), (4,9), (2,8), (3,9)
Cerrados = (3,8), (3,7), (4,8)
------------------------
Iteración 4
-----------
Abiertos = (3,5), (5,8), (2,6), (2,7), (4,9), (2,8), (3,9)
Cerrados = (3,8), (3,7), (4,8), (3,6)
------------------------
Iteración 5
-----------
Abiertos = (4,5), (5,8), (3,4), (2,6), (2,5), (4,9), (2,7), (2,8), (3,9)
Cerrados = (3,8), (3,7), (4,8), (3,6), (3,5)
------------------------
Iteración 6
-----------
Abiertos = (4,5), (3,4), (6,8), (2,6), (5,9), (2,5), (2,7), (4,9), (2,8), (3,9)
Cerrados = (3,8), (3,7), (4,8), (3,6), (3,5), (5,8)
------------------------
Iteración 7
-----------
Abiertos = (4,5), (6,8), (2,6), (5,9), (3,3), (2,5), (4,9), (2,7), (3,9), (2,8), (2,4)
Cerrados = (3,8), (3,7), (4,8), (3,6), (3,5), (5,8), (3,4)
------------------------
Iteración 8
-----------
Abiertos = (4,5), (2,6), (5,9), (3,3), (6,7), (6,9), (2,5), (4,9), (2,7), (2,8), (3,9), (7,8), (2,4)
Cerrados = (3,8), (3,7), (4,8), (3,6), (3,5), (5,8), (3,4), (6,8)
------------------------
Iteración 9
-----------
Abiertos = (5,5), (5,9), (2,6), (3,3), (6,7), (6,9), (2,5), (4,9), (2,7), (2,8), (3,9), (7,8), (2,4)
Cerrados = (3,8), (3,7), (4,8), (3,6), (3,5), (5,8), (3,4), (6,8), (4,5)
------------------------
Iteración 10
-----------
Abiertos = (6,5), (5,6), (2,6), (5,9), (3,3), (6,7), (6,9), (2,5), (4,9), (2,7), (2,8), (3,9), (7,8), (2,4)
Cerrados = (3,8), (3,7), (4,8), (3,6), (3,5), (5,8), (3,4), (6,8), (4,5), (5,5)
------------------------
Iteración 11
-----------
Abiertos = (6,5), (2,6), (5,9), (3,3), (6,7), (6,6), (6,9), (2,5), (4,9), (2,7), (2,8), (3,9), (7,8), (2,4)
Cerrados = (3,8), (3,7), (4,8), (3,6), (3,5), (5,8), (3,4), (6,8), (4,5), (5,5), (5,6)
------------------------
Iteración 12
-----------
Abiertos = (6,5), (5,9), (3,3), (6,7), (6,6), (2,5), (6,9), (2,5), (4,9), (2,7), (3,9), (2,8), (1,6), (7,8), (2,4), (2,7)
Cerrados = (3,8), (3,7), (4,8), (3,6), (3,5), (5,8), (3,4), (6,8), (4,5), (5,5), (5,6), (2,6)
------------------------
Iteración 13
-----------
Abiertos = (7,5), (5,9), (3,3), (6,7), (6,6), (6,6), (2,5), (6,9), (2,5), (4,9), (2,7), (2,8), (3,9), (1,6), (7,8), (2,4), (2,7)
Cerrados = (3,8), (3,7), (4,8), (3,6), (3,5), (5,8), (3,4), (6,8), (4,5), (5,5), (5,6), (2,6), (6,5)
------------------------
Iteración 14
-----------
Abiertos = (7,5), (6,9), (3,3), (6,7), (6,6), (6,6), (2,5), (6,9), (2,5), (2,7), (4,9), (3,9), (2,8), (1,6), (7,8), (2,4), (2,7), (4,9), (5,10)
Cerrados = (3,8), (3,7), (4,8), (3,6), (3,5), (5,8), (3,4), (6,8), (4,5), (5,5), (5,6), (2,6), (6,5), (5,9)
------------------------
Iteración 15
-----------
Abiertos = (7,5), (3,3), (6,7), (6,6), (6,6), (2,5), (6,9), (2,5), (2,7), (4,9), (2,8), (3,9), (1,6), (7,8), (2,4), (4,9), (2,7), (5,10), (7,9), (6,10)
Cerrados = (3,8), (3,7), (4,8), (3,6), (3,5), (5,8), (3,4), (6,8), (4,5), (5,5), (5,6), (2,6), (6,5), (5,9), (6,9)
------------------------
Iteración 16
-----------
Abiertos = (7,4), (8,5), (3,3), (6,7), (7,6), (6,6), (6,6), (2,5), (6,9), (2,5), (2,7), (4,9), (2,8), (3,9), (1,6), (7,8), (2,4), (4,9), (2,7), (5,10), (7,9), (6,10)
Cerrados = (3,8), (3,7), (4,8), (3,6), (3,5), (5,8), (3,4), (6,8), (4,5), (5,5), (5,6), (2,6), (6,5), (5,9), (6,9), (7,5)
------------------------
Iteración 17
-----------
Abiertos = (7,4), (8,4), (3,3), (6,7), (7,6), (6,6), (6,6), (2,5), (6,9), (2,5), (2,7), (4,9), (2,8), (3,9), (1,6), (7,8), (8,6), (2,4), (4,9), (5,10), (2,7), (7,9), (6,10)
Cerrados = (3,8), (3,7), (4,8), (3,6), (3,5), (5,8), (3,4), (6,8), (4,5), (5,5), (5,6), (2,6), (6,5), (5,9), (6,9), (7,5), (8,5)
------------------------
Iteración 18
-----------
Abiertos = (7,3), (8,4), (8,4), (3,3), (6,7), (7,6), (6,6), (6,6), (2,5), (6,9), (2,5), (2,7), (4,9), (2,8), (3,9), (1,6), (7,8), (8,6), (2,4), (4,9), (5,10), (2,7), (7,9), (6,10)
Cerrados = (3,8), (3,7), (4,8), (3,6), (3,5), (5,8), (3,4), (6,8), (4,5), (5,5), (5,6), (2,6), (6,5), (5,9), (6,9), (7,5), (8,5), (7,4)
------------------------
Iteración 19
-----------
Abiertos = (7,2), (8,3), (8,4), (6,3), (8,4), (3,3), (6,7), (7,6), (6,6), (6,6), (2,5), (6,9), (2,5), (2,7), (4,9), (2,8), (3,9), (1,6), (7,8), (8,6), (2,4), (4,9), (5,10), (2,7), (7,9), (6,10)
Cerrados = (3,8), (3,7), (4,8), (3,6), (3,5), (5,8), (3,4), (6,8), (4,5), (5,5), (5,6), (2,6), (6,5), (5,9), (6,9), (7,5), (8,5), (7,4), (7,3)
------------------------
Iteración 20
-----------
Abiertos = (7,2), (8,2), (8,4), (6,3), (9,3), (8,4), (3,3), (6,7), (7,6), (6,6), (6,6), (2,5), (6,9), (2,5), (2,7), (4,9), (2,8), (3,9), (1,6), (7,8), (8,4), (8,6), (2,4), (2,7), (4,9), (5,10), (7,9), (6,10)
Cerrados = (3,8), (3,7), (4,8), (3,6), (3,5), (5,8), (3,4), (6,8), (4,5), (5,5), (5,6), (2,6), (6,5), (5,9), (6,9), (7,5), (8,5), (7,4), (7,3), (8,3)
------------------------
Iteración 21
-----------
Abiertos = (7,2), (9,2), (8,4), (6,3), (9,3), (8,4), (3,3), (6,7), (7,2), (8,1), (7,6), (6,6), (6,6), (2,5), (6,9), (2,5), (2,7), (4,9), (2,8), (3,9), (1,6), (7,8), (8,4), (8,6), (2,4), (2,7), (4,9), (5,10), (7,9), (6,10)
Cerrados = (3,8), (3,7), (4,8), (3,6), (3,5), (5,8), (3,4), (6,8), (4,5), (5,5), (5,6), (2,6), (6,5), (5,9), (6,9), (7,5), (8,5), (7,4), (7,3), (8,3), (8,2)
------------------------
Camino: (3,8) -> (3,7) -> (3,6) -> (3,5) -> (4,5) -> (5,5) -> (6,5) -> (7,5) -> (7,4) -> (7,3) -> (8,3) -> (8,2) -> (9,2)
Coste: 27
Iteración 0
-----------
Abiertos = (3,8)
Cerrados = 
------------------------
Iteración 1
-----------
Abiertos = (3,7), (4,8), (3,9), (2,8)
Cerrados = (3,8)
------------------------
Iteración 2
-----------
Abiertos = (3,6), (4,8), (2,7), (2,8), (3,9)
Cerrados = (3,8), (3,7)
------------------------
Iteración 3
-----------
Abiertos = (3,6), (5,8), (2,7), (4,9), (2,8), (3,9)
Cerrados = (3,8), (3,7), (4,8)
------------------------
Iteración 4
-----------
Abiertos = (3,5), (5,8), (2,6), (2,7), (4,9), (2,8), (3,9)
Cerrados = (3,8), (3,7), (4,8), (3,6)
------------------------
Iteración 5
-----------
Abiertos = (4,5), (5,8), (3,4), (2,6), (2,5), (4,9), (2,7), (2,8), (3,9)
Cerrados = (3,8), (3,7), (4,8), (3,6), (3,5)
------------------------
Iteración 6
-----------
Abiertos = (4,5), (3,4), (6,8), (2,6), (5,9), (2,5), (2,7), (4,9), (2,8), (3,9)
Cerrados = (3,8), (3,7), (4,8), (3,6), (3,5), (5,8)
------------------------
Iteración 7
-----------
Abiertos = (4,5), (6,8), (2,6), (5,9), (3,3), (2,5), (4,9), (2,7), (3,9), (2,8), (2,4)
Cerrados = (3,8), (3,7), (4,8), (3,6), (3,5), (5,8), (3,4)
------------------------
Iteración 8
-----------
Abiertos = (5,5), (6,8), (2,6), (5,9), (3,3), (2,5), (4,9), (2,7), (3,9), (2,8), (2,4)
Cerrados = (3,8), (3,7), (4,8), (3,6), (3,5), (5,8), (3,4), (4,5)
------------------------
Iteración 9
-----------
Abiertos = (6,5), (6,8), (5,6), (2,6), (5,9), (3,3), (2,5), (4,9), (2,7), (3,9), (2,8), (2,4)
Cerrados = (3,8), (3,7), (4,8), (3,6), (3,5), (5,8), (3,4), (4,5), (5,5)
------------------------
Iteración 10
-----------
Abiertos = (7,5), (6,8), (5,6), (2,6), (5,9), (3,3), (6,6), (2,5), (4,9), (2,7), (2,8), (3,9), (2,4)
Cerrados = (3,8), (3,7), (4,8), (3,6), (3,5), (5,8), (3,4), (4,5), (5,5), (6,5)
------------------------
Iteración 11
-----------
Abiertos = (7,4), (8,5), (6,8), (5,6), (2,6), (5,9), (3,3), (7,6), (6,6), (2,5), (4,9), (2,7), (2,8), (3,9), (2,4)
Cerrados = (3,8), (3,7), (4,8), (3,6), (3,5), (5,8), (3,4), (4,5), (5,5), (6,5), (7,5)
------------------------
Iteración 12
-----------
Abiertos = (7,4), (6,8), (5,6), (2,6), (5,9), (8,4), (3,3), (7,6), (6,6), (2,5), (4,9), (2,7), (3,9), (2,8), (8,6), (2,4)
Cerrados = (3,8), (3,7), (4,8), (3,6), (3,5), (5,8), (3,4), (4,5), (5,5), (6,5), (7,5), (8,5)
------------------------
Iteración 13
-----------
Abiertos = (7,4), (5,6), (2,6), (5,9), (8,4), (3,3), (6,7), (7,6), (6,6), (6,9), (2,5), (4,9), (2,7), (3,9), (2,8), (7,8), (8,6), (2,4)
Cerrados = (3,8), (3,7), (4,8), (3,6), (3,5), (5,8), (3,4), (4,5), (5,5), (6,5), (7,5), (8,5), (6,8)
------------------------
Iteración 14
-----------
Abiertos = (7,4), (2,6), (5,9), (8,4), (3,3), (6,7), (7,6), (6,6), (6,6), (6,9), (2,5), (2,7), (4,9), (2,8), (3,9), (7,8), (8,6), (2,4)
Cerrados = (3,8), (3,7), (4,8), (3,6), (3,5), (5,8), (3,4), (4,5), (5,5), (6,5), (7,5), (8,5), (6,8), (5,6)
------------------------
Iteración 15
-----------
Abiertos = (7,4), (5,9), (8,4), (3,3), (6,7), (7,6), (6,6), (6,6), (6,9), (2,5), (2,5), (4,9), (2,7), (3,9), (2,8), (1,6), (7,8), (8,6), (2,4), (2,7)
Cerrados = (3,8), (3,7), (4,8), (3,6), (3,5), (5,8), (3,4), (4,5), (5,5), (6,5), (7,5), (8,5), (6,8), (5,6), (2,6)
------------------------
Iteración 16
-----------
Abiertos = (7,3), (8,4), (5,9), (8,4), (3,3), (6,7), (7,6), (6,6), (6,6), (6,9), (2,5), (2,5), (4,9), (2,7), (3,9), (2,8), (1,6), (7,8), (8,6), (2,4), (2,7)
Cerrados = (3,8), (3,7), (4,8), (3,6), (3,5), (5,8), (3,4), (4,5), (5,5), (6,5), (7,5), (8,5), (6,8), (5,6), (2,6), (7,4)
------------------------
Iteración 17
-----------
Abiertos = (7,2), (8,3), (8,4), (6,3), (5,9), (8,4), (3,3), (6,7), (7,6), (6,6), (6,6), (6,9), (2,5), (2,5), (4,9), (2,7), (3,9), (2,8), (1,6), (7,8), (8,6), (2,4), (2,7)
Cerrados = (3,8), (3,7), (4,8), (3,6), (3,5), (5,8), (3,4), (4,5), (5,5), (6,5), (7,5), (8,5), (6,8), (5,6), (2,6), (7,4), (7,3)
------------------------
Iteración 18
-----------
Abiertos = (8,2), (8,3), (8,4), (6,2), (7,1), (6,3), (5,9), (8,4), (3,3), (6,7), (7,6), (6,6), (6,6), (6,9), (2,5), (2,5), (4,9), (2,7), (3,9), (2,8), (1,6), (7,8), (8,6), (2,4), (2,7)
Cerrados = (3,8), (3,7), (4,8), (3,6), (3,5), (5,8), (3,4), (4,5), (5,5), (6,5), (7,5), (8,5), (6,8), (5,6), (2,6), (7,4), (7,3), (7,2)
------------------------
Iteración 19
-----------
Abiertos = (9,2), (8,3), (8,4), (8,1), (6,2), (7,1), (6,3), (5,9), (8,4), (3,3), (6,7), (8,3), (7,6), (6,6), (6,6), (6,9), (2,5), (2,5), (2,7), (4,9), (2,8), (3,9), (1,6), (7,8), (8,6), (2,4), (2,7)
Cerrados = (3,8), (3,7), (4,8), (3,6), (3,5), (5,8), (3,4), (4,5), (5,5), (6,5), (7,5), (8,5), (6,8), (5,6), (2,6), (7,4), (7,3), (7,2), (8,2)
------------------------
Camino: (3,8) -> (3,7) -> (3,6) -> (3,5) -> (4,5) -> (5,5) -> (6,5) -> (7,5) -> (7,4) -> (7,3) -> (7,2) -> (8,2) -> (9,2)
Coste: 24
Iteración 0
-----------
Abiertos = (3,8)
Cerrados = 
------------------------
Iteración 1
-----------
Abiertos = (3,7), (4,8), (3,9), (2,8)
Cerrados = (3,8)
------------------------
Iteración 2
-----------
Abiertos = (5,8), (3,7), (4,9), (2,8), (3,9)
Cerrados = (3,8), (4,8)
------------------------
Iteración 3
-----------
Abiertos = (5,8), (3,6), (2,7), (4,9), (2,8), (3,9)
Cerrados = (3,8), (4,8), (3,7)
------------------------
Iteración 4
-----------
Abiertos = (3,6), (6,8), (5,9), (2,7), (4,9), (2,8), (3,9)
Cerrados = (3,8), (4,8), (3,7), (5,8)
------------------------
Iteración 5
-----------
Abiertos = (3,5), (6,8), (5,9), (2,6), (4,9), (2,7), (2,8), (3,9)
Cerrados = (3,8), (4,8), (3,7), (5,8), (3,6)
------------------------
Iteración 6
-----------
Abiertos = (3,5), (5,9), (2,6), (6,7), (6,9), (4,9), (2,7), (3,9), (2,8), (7,8)
Cerrados = (3,8), (4,8), (3,7), (5,8), (3,6), (6,8)
------------------------
Iteración 7
-----------
Abiertos = (3,5), (6,9), (2,6), (6,7), (6,9), (4,9), (2,7), (3,9), (2,8), (7,8), (5,10), (4,9)
Cerrados = (3,8), (4,8), (3,7), (5,8), (3,6), (6,8), (5,9)
------------------------
Iteración 8
-----------
Abiertos = (3,5), (2,6), (6,7), (6,9), (4,9), (2,7), (3,9), (2,8), (7,8), (5,10), (4,9), (7,9), (6,10)
Cerrados = (3,8), (4,8), (3,7), (5,8), (3,6), (6,8), (5,9), (6,9)
------------------------
Iteración 9
-----------
Abiertos = (3,5), (6,7), (2,5), (6,9), (4,9), (2,7), (3,9), (2,8), (1,6), (7,8), (2,7), (5,10), (4,9), (7,9), (6,10)
Cerrados = (3,8), (4,8), (3,7), (5,8), (3,6), (6,8), (5,9), (6,9), (2,6)
------------------------
Iteración 10
-----------
Abiertos = (3,5), (2,5), (6,9), (4,9), (2,7), (3,9), (2,8), (1,6), (6,6), (7,8), (2,7), (5,10), (4,9), (7,7), (7,9), (6,10)
Cerrados = (3,8), (4,8), (3,7), (5,8), (3,6), (6,8), (5,9), (6,9), (2,6), (6,7)
------------------------
Iteración 11
-----------
Abiertos = (3,5), (3,5), (6,9), (4,9), (2,7), (3,9), (2,8), (1,6), (6,6), (7,8), (2,4), (1,5), (2,7), (4,9), (5,10), (7,7), (7,9), (6,10)
Cerrados = (3,8), (4,8), (3,7), (5,8), (3,6), (6,8), (5,9), (6,9), (2,6), (6,7), (2,5)
------------------------
Iteración 12
-----------
Abiertos = (4,5), (3,5), (3,4), (6,9), (4,9), (2,7), (3,9), (2,8), (1,6), (6,6), (7,8), (2,4), (1,5), (2,7), (4,9), (5,10), (7,7), (7,9), (6,10)
Cerrados = (3,8), (4,8), (3,7), (5,8), (3,6), (6,8), (5,9), (6,9), (2,6), (6,7), (2,5), (3,5)
------------------------
Iteración 13
-----------
Abiertos = (4,5), (3,3), (6,9), (4,9), (2,7), (3,9), (2,8), (1,6), (6,6), (7,8), (2,4), (2,4), (1,5), (2,7), (5,10), (4,9), (7,7), (7,9), (6,10)
Cerrados = (3,8), (4,8), (3,7), (5,8), (3,6), (6,8), (5,9), (6,9), (2,6), (6,7), (2,5), (3,5), (3,4)
------------------------
Iteración 14
-----------
Abiertos = (4,5), (3,2), (6,9), (4,9), (2,7), (3,9), (2,8), (1,6), (4,3), (6,6), (7,8), (2,3), (2,4), (2,4), (1,5), (4,9), (2,7), (5,10), (7,7), (7,9), (6,10)
Cerrados = (3,8), (4,8), (3,7), (5,8), (3,6), (6,8), (5,9), (6,9), (2,6), (6,7), (2,5), (3,5), (3,4), (3,3)
------------------------
Iteración 15
-----------
Abiertos = (4,5), (4,2), (6,9), (4,9), (2,7), (3,9), (2,8), (1,6), (4,3), (6,6), (7,8), (2,2), (3,1), (2,3), (2,4), (2,4), (1,5), (2,7), (4,9), (5,10), (7,7), (7,9), (6,10)
Cerrados = (3,8), (4,8), (3,7), (5,8), (3,6), (6,8), (5,9), (6,9), (2,6), (6,7), (2,5), (3,5), (3,4), (3,3), (3,2)
------------------------
Iteración 16
-----------
Abiertos = (4,5), (6,9), (4,9), (2,7), (3,9), (2,8), (1,6), (5,2), (4,3), (6,6), (7,8), (4,1), (2,2), (3,1), (2,3), (2,4), (2,4), (1,5), (4,9), (5,10), (2,7), (7,7), (4,3), (7,9), (6,10)
Cerrados = (3,8), (4,8), (3,7), (5,8), (3,6), (6,8), (5,9), (6,9), (2,6), (6,7), (2,5), (3,5), (3,4), (3,3), (3,2), (4,2)
------------------------
Iteración 17
-----------
Abiertos = (5,5), (6,9), (4,9), (2,7), (3,9), (2,8), (1,6), (5,2), (4,3), (6,6), (7,8), (4,1), (2,2), (3,1), (2,3), (2,4), (2,4), (1,5), (4,9), (5,10), (2,7), (7,7), (4,3), (7,9), (6,10)
Cerrados = (3,8), (4,8), (3,7), (5,8), (3,6), (6,8), (5,9), (6,9), (2,6), (6,7), (2,5), (3,5), (3,4), (3,3), (3,2), (4,2), (4,5)
------------------------
Iteración 18
-----------
Abiertos = (6,5), (5,6), (2,7), (4,9), (3,9), (2,8), (1,6), (5,2), (4,3), (6,6), (7,8), (4,1), (2,2), (3,1), (2,3), (2,4), (2,4), (1,5), (4,9), (5,10), (2,7), (7,7), (4,3), (7,9), (6,10)
Cerrados = (3,8), (4,8), (3,7), (5,8), (3,6), (6,8), (5,9), (6,9), (2,6), (6,7), (2,5), (3,5), (3,4), (3,3), (3,2), (4,2), (4,5), (5,5)
------------------------
Iteración 19
-----------
Abiertos = (7,5), (5,6), (6,6), (2,7), (4,9), (3,9), (2,8), (1,6), (5,2), (4,3), (6,6), (7,8), (4,1), (2,2), (3,1), (2,3), (2,4), (2,4), (1,5), (4,9), (5,10), (2,7), (7,7), (4,3), (7,9), (6,10)
Cerrados = (3,8), (4,8), (3,7), (5,8), (3,6), (6,8), (5,9), (6,9), (2,6), (6,7), (2,5), (3,5), (3,4), (3,3), (3,2), (4,2), (4,5), (5,5), (6,5)
------------------------
Iteración 20
-----------
Abiertos = (7,4), (8,5), (5,6), (7,6), (6,6), (2,7), (4,9), (3,9), (2,8), (1,6), (5,2), (4,3), (6,6), (7,8), (4,1), (2,2), (3,1), (2,3), (2,4), (2,4), (1,5), (4,9), (5,10), (2,7), (7,7), (4,3), (7,9), (6,10)
Cerrados = (3,8), (4,8), (3,7), (5,8), (3,6), (6,8), (5,9), (6,9), (2,6), (6,7), (2,5), (3,5), (3,4), (3,3), (3,2), (4,2), (4,5), (5,5), (6,5), (7,5)
------------------------
Iteración 21
-----------
Abiertos = (7,4), (5,6), (8,4), (7,6), (6,6), (2,7), (4,9), (3,9), (2,8), (1,6), (5,2), (4,3), (6,6), (7,8), (8,6), (4,1), (2,2), (3,1), (2,3), (2,4), (2,4), (1,5), (2,7), (5,10), (4,9), (7,7), (4,3), (7,9), (6,10)
Cerrados = (3,8), (4,8), (3,7), (5,8), (3,6), (6,8), (5,9), (6,9), (2,6), (6,7), (2,5), (3,5), (3,4), (3,3), (3,2), (4,2), (4,5), (5,5), (6,5), (7,5), (8,5)
------------------------
Iteración 22
-----------
Abiertos = (7,4), (8,4), (7,6), (6,6), (6,6), (2,7), (4,9), (3,9), (2,8), (1,6), (5,2), (4,3), (6,6), (7,8), (8,6), (4,1), (2,2), (3,1), (2,3), (2,4), (2,4), (1,5), (2,7), (5,10), (4,9), (7,7), (4,3), (7,9), (6,10)
Cerrados = (3,8), (4,8), (3,7), (5,8), (3,6), (6,8), (5,9), (6,9), (2,6), (6,7), (2,5), (3,5), (3,4), (3,3), (3,2), (4,2), (4,5), (5,5), (6,5), (7,5), (8,5), (5,6)
------------------------
Iteración 23
-----------
Abiertos = (7,3), (8,4), (8,4), (7,6), (6,6), (6,6), (2,7), (4,9), (3,9), (2,8), (1,6), (5,2), (4,3), (6,6), (7,8), (8,6), (4,1), (2,2), (3,1), (2,3), (2,4), (2,4), (1,5), (2,7), (5,10), (4,9), (7,7), (4,3), (7,9), (6,10)
Cerrados = (3,8), (4,8), (3,7), (5,8), (3,6), (6,8), (5,9), (6,9), (2,6), (6,7), (2,5), (3,5), (3,4), (3,3), (3,2), (4,2), (4,5), (5,5), (6,5), (7,5), (8,5), (5,6), (7,4)
------------------------
Iteración 24
-----------
Abiertos = (7,3), (9,4), (8,4), (7,6), (6,6), (6,6), (2,7), (4,9), (3,9), (2,8), (1,6), (8,3), (5,2), (4,3), (6,6), (7,8), (8,6), (4,1), (2,2), (3,1), (2,3), (2,4), (2,4), (1,5), (2,7), (5,10), (4,9), (7,7), (4,3), (7,9), (6,10)
Cerrados = (3,8), (4,8), (3,7), (5,8), (3,6), (6,8), (5,9), (6,9), (2,6), (6,7), (2,5), (3,5), (3,4), (3,3), (3,2), (4,2), (4,5), (5,5), (6,5), (7,5), (8,5), (5,6), (7,4), (8,4)
------------------------
Iteración 25
-----------
Abiertos = (7,2), (8,3), (6,3), (9,4), (8,4), (7,6), (6,6), (6,6), (2,7), (4,9), (3,9), (2,8), (1,6), (8,3), (5,2), (4,3), (6,6), (7,8), (8,6), (4,1), (2,2), (3,1), (2,3), (2,4), (2,4), (1,5), (2,7), (5,10), (4,9), (7,7), (4,3), (7,9), (6,10)
Cerrados = (3,8), (4,8), (3,7), (5,8), (3,6), (6,8), (5,9), (6,9), (2,6), (6,7), (2,5), (3,5), (3,4), (3,3), (3,2), (4,2), (4,5), (5,5), (6,5), (7,5), (8,5), (5,6), (7,4), (8,4), (7,3)
------------------------
Iteración 26
-----------
Abiertos = (8,2), (8,3), (7,1), (6,2), (6,3), (9,4), (8,4), (7,6), (6,6), (6,6), (2,7), (4,9), (3,9), (2,8), (1,6), (8,3), (5,2), (4,3), (6,6), (7,8), (8,6), (4,1), (2,2), (3,1), (2,3), (2,4), (2,4), (1,5), (2,7), (5,10), (4,9), (7,7), (4,3), (7,9), (6,10)
Cerrados = (3,8), (4,8), (3,7), (5,8), (3,6), (6,8), (5,9), (6,9), (2,6), (6,7), (2,5), (3,5), (3,4), (3,3), (3,2), (4,2), (4,5), (5,5), (6,5), (7,5), (8,5), (5,6), (7,4), (8,4), (7,3), (7,2)
------------------------
Iteración 27
-----------
Abiertos = (9,2), (8,3), (8,1), (7,1), (6,2), (6,3), (9,4), (8,4), (8,3), (7,6), (6,6), (6,6), (2,7), (4,9), (3,9), (2,8), (1,6), (8,3), (5,2), (4,3), (6,6), (7,8), (8,6), (4,1), (2,2), (3,1), (2,3), (2,4), (2,4), (1,5), (2,7), (5,10), (4,9), (7,7), (4,3), (7,9), (6,10)
Cerrados = (3,8), (4,8), (3,7), (5,8), (3,6), (6,8), (5,9), (6,9), (2,6), (6,7), (2,5), (3,5), (3,4), (3,3), (3,2), (4,2), (4,5), (5,5), (6,5), (7,5), (8,5), (5,6), (7,4), (8,4), (7,3), (7,2), (8,2)
------------------------
Iteración 28
-----------
Abiertos = (9,2), (8,1), (7,1), (6,2), (6,3), (9,4), (8,4), (8,3), (7,6), (6,6), (6,6), (2,7), (4,9), (3,9), (2,8), (1,6), (8,3), (5,2), (4,3), (6,6), (7,8), (8,6), (4,1), (2,2), (3,1), (2,3), (2,4), (2,4), (1,5), (4,9), (2,7), (5,10), (9,3), (7,7), (4,3), (7,9), (6,10)
Cerrados = (3,8), (4,8), (3,7), (5,8), (3,6), (6,8), (5,9), (6,9), (2,6), (6,7), (2,5), (3,5), (3,4), (3,3), (3,2), (4,2), (4,5), (5,5), (6,5), (7,5), (8,5), (5,6), (7,4), (8,4), (7,3), (7,2), (8,2), (8,3)
------------------------
Camino: (3,8) -> (3,7) -> (3,6) -> (3,5) -> (4,5) -> (5,5) -> (6,5) -> (7,5) -> (7,4) -> (7,3) -> (7,2) -> (8,2) -> (9,2)
Coste: 24
Iteración 0
-----------
Abiertos = (3,8)
Cerrados = 
------------------------
Iteración 1
-----------
Abiertos = (3,7), (4,8), (3,9), (2,8)
Cerrados = (3,8)
------------------------
Iteración 2
-----------
Abiertos = (5,8), (3,7), (4,9), (2,8), (3,9)
Cerrados = (3,8), (4,8)
------------------------
Iteración 3
-----------
Abiertos = (3,7), (6,8), (5,9), (4,9), (2,8), (3,9)
Cerrados = (3,8), (4,8), (5,8)
------------------------
Iteración 4
-----------
Abiertos = (3,7), (5,9), (6,7), (6,9), (4,9), (3,9), (2,8), (7,8)
Cerrados = (3,8), (4,8), (5,8), (6,8)
------------------------
Iteración 5
-----------
Abiertos = (3,7), (6,9), (6,7), (6,9), (4,9), (3,9), (2,8), (7,8), (4,9), (5,10)
Cerrados = (3,8), (4,8), (5,8), (6,8), (5,9)
------------------------
Iteración 6
-----------
Abiertos = (3,6), (6,9), (6,7), (6,9), (2,7), (4,9), (3,9), (2,8), (7,8), (5,10), (4,9)
Cerrados = (3,8), (4,8), (5,8), (6,8), (5,9), (3,7)
------------------------
Iteración 7
-----------
Abiertos = (3,6), (6,7), (6,9), (2,7), (4,9), (3,9), (2,8), (7,8), (4,9), (5,10), (7,9), (6,10)
Cerrados = (3,8), (4,8), (5,8), (6,8), (5,9), (3,7), (6,9)
------------------------
Iteración 8
-----------
Abiertos = (3,6), (6,9), (2,7), (4,9), (3,9), (2,8), (6,6), (7,8), (4,9), (5,10), (7,7), (7,9), (6,10)
Cerrados = (3,8), (4,8), (5,8), (6,8), (5,9), (3,7), (6,9), (6,7)
------------------------
Iteración 9
-----------
Abiertos = (3,5), (2,6), (6,9), (2,7), (4,9), (3,9), (2,8), (6,6), (7,8), (4,9), (5,10), (7,7), (7,9), (6,10)
Cerrados = (3,8), (4,8), (5,8), (6,8), (5,9), (3,7), (6,9), (6,7), (3,6)
------------------------
Iteración 10
-----------
Abiertos = (3,5), (6,9), (2,5), (2,7), (4,9), (3,9), (2,8), (1,6), (6,6), (7,8), (2,7), (4,9), (5,10), (7,7), (7,9), (6,10)
Cerrados = (3,8), (4,8), (5,8), (6,8), (5,9), (3,7), (6,9), (6,7), (3,6), (2,6)
------------------------
Iteración 11
-----------
Abiertos = (4,5), (3,4), (6,9), (2,5), (2,5), (2,7), (4,9), (2,8), (3,9), (1,6), (6,6), (7,8), (4,9), (2,7), (5,10), (7,7), (7,9), (6,10)
Cerrados = (3,8), (4,8), (5,8), (6,8), (5,9), (3,7), (6,9), (6,7), (3,6), (2,6), (3,5)
------------------------
Iteración 12
-----------
Abiertos = (4,5), (3,3), (6,9), (2,5), (2,5), (2,7), (4,9), (2,8), (3,9), (1,6), (6,6), (7,8), (2,4), (4,9), (5,10), (2,7), (7,7), (7,9), (6,10)
Cerrados = (3,8), (4,8), (5,8), (6,8), (5,9), (3,7), (6,9), (6,7), (3,6), (2,6), (3,5), (3,4)
------------------------
Iteración 13
-----------
Abiertos = (5,5), (3,3), (6,9), (2,5), (2,5), (2,7), (4,9), (2,8), (3,9), (1,6), (6,6), (7,8), (2,4), (4,9), (5,10), (2,7), (7,7), (7,9), (6,10)
Cerrados = (3,8), (4,8), (5,8), (6,8), (5,9), (3,7), (6,9), (6,7), (3,6), (2,6), (3,5), (3,4), (4,5)
------------------------
Iteración 14
-----------
Abiertos = (5,5), (3,2), (6,9), (2,5), (2,5), (2,7), (4,9), (2,8), (3,9), (1,6), (4,3), (6,6), (7,8), (2,3), (2,4), (2,7), (5,10), (4,9), (7,7), (7,9), (6,10)
Cerrados = (3,8), (4,8), (5,8), (6,8), (5,9), (3,7), (6,9), (6,7), (3,6), (2,6), (3,5), (3,4), (4,5), (3,3)
------------------------
Iteración 15
-----------
Abiertos = (5,5), (4,2), (6,9), (2,5), (2,5), (2,7), (4,9), (2,8), (3,9), (1,6), (4,3), (6,6), (7,8), (2,2), (3,1), (2,3), (2,4), (2,7), (5,10), (4,9), (7,7), (7,9), (6,10)
Cerrados = (3,8), (4,8), (5,8), (6,8), (5,9), (3,7), (6,9), (6,7), (3,6), (2,6), (3,5), (3,4), (4,5), (3,3), (3,2)
------------------------
Iteración 16
-----------
Abiertos = (6,5), (5,6), (4,2), (6,9), (2,5), (2,5), (2,7), (4,9), (2,8), (3,9), (1,6), (4,3), (6,6), (7,8), (2,2), (3,1), (2,3), (2,4), (2,7), (5,10), (4,9), (7,7), (7,9), (6,10)
Cerrados = (3,8), (4,8), (5,8), (6,8), (5,9), (3,7), (6,9), (6,7), (3,6), (2,6), (3,5), (3,4), (4,5), (3,3), (3,2), (5,5)
------------------------
Iteración 17
-----------
Abiertos = (6,5), (4,2), (6,6), (6,9), (2,5), (2,5), (2,7), (4,9), (2,8), (3,9), (1,6), (4,3), (6,6), (7,8), (2,2), (3,1), (2,3), (2,4), (2,7), (5,10), (4,9), (7,7), (7,9), (6,10)
Cerrados = (3,8), (4,8), (5,8), (6,8), (5,9), (3,7), (6,9), (6,7), (3,6), (2,6), (3,5), (3,4), (4,5), (3,3), (3,2), (5,5), (5,6)
------------------------
Iteración 18
-----------
Abiertos = (7,5), (4,2), (6,6), (6,6), (6,9), (2,5), (2,5), (2,7), (4,9), (2,8), (3,9), (1,6), (4,3), (6,6), (7,8), (2,2), (3,1), (2,3), (2,4), (2,7), (5,10), (4,9), (7,7), (7,9), (6,10)
Cerrados = (3,8), (4,8), (5,8), (6,8), (5,9), (3,7), (6,9), (6,7), (3,6), (2,6), (3,5), (3,4), (4,5), (3,3), (3,2), (5,5), (5,6), (6,5)
------------------------
Iteración 19
-----------
Abiertos = (7,4), (8,5), (4,2), (7,6), (6,6), (6,6), (6,9), (2,5), (2,5), (2,7), (4,9), (2,8), (3,9), (1,6), (4,3), (6,6), (7,8), (2,2), (3,1), (2,3), (2,4), (2,7), (5,10), (4,9), (7,7), (7,9), (6,10)
Cerrados = (3,8), (4,8), (5,8), (6,8), (5,9), (3,7), (6,9), (6,7), (3,6), (2,6), (3,5), (3,4), (4,5), (3,3), (3,2), (5,5), (5,6), (6,5), (7,5)
------------------------
Iteración 20
-----------
Abiertos = (7,4), (8,4), (4,2), (7,6), (6,6), (6,6), (6,9), (2,5), (2,5), (2,7), (4,9), (2,8), (3,9), (1,6), (4,3), (6,6), (7,8), (8,6), (2,2), (3,1), (2,3), (2,4), (4,9), (2,7), (5,10), (7,7), (7,9), (6,10)
Cerrados = (3,8), (4,8), (5,8), (6,8), (5,9), (3,7), (6,9), (6,7), (3,6), (2,6), (3,5), (3,4), (4,5), (3,3), (3,2), (5,5), (5,6), (6,5), (7,5), (8,5)
------------------------
Iteración 21
-----------
Abiertos = (7,4), (9,4), (4,2), (7,6), (6,6), (6,6), (6,9), (2,5), (2,5), (2,7), (4,9), (2,8), (3,9), (1,6), (8,3), (4,3), (6,6), (7,8), (7,4), (8,6), (2,2), (3,1), (2,3), (2,4), (5,10), (4,9), (2,7), (7,7), (7,9), (6,10)
Cerrados = (3,8), (4,8), (5,8), (6,8), (5,9), (3,7), (6,9), (6,7), (3,6), (2,6), (3,5), (3,4), (4,5), (3,3), (3,2), (5,5), (5,6), (6,5), (7,5), (8,5), (8,4)
------------------------
Iteración 22
-----------
Abiertos = (7,3), (9,4), (4,2), (7,6), (6,6), (6,6), (6,9), (2,5), (2,5), (2,7), (4,9), (2,8), (3,9), (1,6), (8,3), (4,3), (6,6), (7,8), (7,4), (8,6), (2,2), (3,1), (2,3), (2,4), (5,10), (4,9), (2,7), (7,7), (7,9), (6,10)
Cerrados = (3,8), (4,8), (5,8), (6,8), (5,9), (3,7), (6,9), (6,7), (3,6), (2,6), (3,5), (3,4), (4,5), (3,3), (3,2), (5,5), (5,6), (6,5), (7,5), (8,5), (8,4), (7,4)
------------------------
Iteración 23
-----------
Abiertos = (7,2), (8,3), (6,3), (9,4), (4,2), (7,6), (6,6), (6,6), (6,9), (2,5), (2,5), (2,7), (4,9), (2,8), (3,9), (1,6), (8,3), (4,3), (6,6), (7,8), (7,4), (8,6), (2,2), (3,1), (2,3), (2,4), (5,10), (4,9), (2,7), (7,7), (7,9), (6,10)
Cerrados = (3,8), (4,8), (5,8), (6,8), (5,9), (3,7), (6,9), (6,7), (3,6), (2,6), (3,5), (3,4), (4,5), (3,3), (3,2), (5,5), (5,6), (6,5), (7,5), (8,5), (8,4), (7,4), (7,3)
------------------------
Iteración 24
-----------
Abiertos = (8,2), (8,3), (7,1), (6,2), (6,3), (9,4), (4,2), (7,6), (6,6), (6,6), (6,9), (2,5), (2,5), (2,7), (4,9), (2,8), (3,9), (1,6), (8,3), (4,3), (6,6), (7,8), (7,4), (8,6), (2,2), (3,1), (2,3), (2,4), (5,10), (4,9), (2,7), (7,7), (7,9), (6,10)
Cerrados = (3,8), (4,8), (5,8), (6,8), (5,9), (3,7), (6,9), (6,7), (3,6), (2,6), (3,5), (3,4), (4,5), (3,3), (3,2), (5,5), (5,6), (6,5), (7,5), (8,5), (8,4), (7,4), (7,3), (7,2)
------------------------
Iteración 25
-----------
Abiertos = (9,2), (8,3), (8,1), (7,1), (6,2), (6,3), (9,4), (4,2), (8,3), (7,6), (6,6), (6,6), (6,9), (2,5), (2,5), (2,7), (4,9), (2,8), (3,9), (1,6), (8,3), (4,3), (6,6), (7,8), (7,4), (8,6), (2,2), (3,1), (2,3), (2,4), (5,10), (4,9), (2,7), (7,7), (7,9), (6,10)
Cerrados = (3,8), (4,8), (5,8), (6,8), (5,9), (3,7), (6,9), (6,7), (3,6), (2,6), (3,5), (3,4), (4,5), (3,3), (3,2), (5,5), (5,6), (6,5), (7,5), (8,5), (8,4), (7,4), (7,3), (7,2), (8,2)
------------------------
Camino: (3,8) -> (3,7) -> (3,6) -> (3,5) -> (4,5) -> (5,5) -> (6,5) -> (7,5) -> (7,4) -> (7,3) -> (7,2) -> (8,2) -> (9,2)
Coste: 24
Iteración 0
-----------
Abiertos = (3,8)
Cerrados = 
------------------------
Iteración 1
-----------
Abiertos = (3,7), (4,8), (3,9), (2,8)
Cerrados = (3,8)
------------------------
Iteración 2
-----------
Abiertos = (3,6), (4,8), (2,7), (2,8), (3,9)
Cerrados = (3,8), (3,7)
------------------------
Iteración 3
-----------
Abiertos = (3,5), (4,8), (2,6), (2,7), (2,8), (3,9)
Cerrados = (3,8), (3,7), (3,6)
------------------------
Iteración 4
-----------
Abiertos = (4,5), (4,8), (3,4), (2,6), (2,5), (2,7), (2,8), (3,9)
Cerrados = (3,8), (3,7), (3,6), (3,5)
------------------------
Iteración 5
-----------
Abiertos = (5,5), (4,8), (3,4), (2,6), (2,5), (2,7), (3,9), (2,8)
Cerrados = (3,8), (3,7), (3,6), (3,5), (4,5)
------------------------
Iteración 6
-----------
Abiertos = (6,5), (4,8), (3,4), (5,6), (2,6), (2,5), (2,7), (2,8), (3,9)
Cerrados = (3,8), (3,7), (3,6), (3,5), (4,5), (5,5)
------------------------
Iteración 7
-----------
Abiertos = (7,5), (4,8), (3,4), (5,6), (2,6), (6,6), (2,5), (2,7), (2,8), (3,9)
Cerrados = (3,8), (3,7), (3,6), (3,5), (4,5), (5,5), (6,5)
------------------------
Iteración 8
-----------
Abiertos = (7,4), (4,8), (8,5), (3,4), (5,6), (2,6), (7,6), (6,6), (2,5), (2,7), (2,8), (3,9)
Cerrados = (3,8), (3,7), (3,6), (3,5), (4,5), (5,5), (6,5), (7,5)
------------------------
Iteración 9
-----------
Abiertos = (7,3), (4,8), (8,4), (8,5), (3,4), (5,6), (2,6), (7,6), (6,6), (2,5), (2,7), (2,8), (3,9)
Cerrados = (3,8), (3,7), (3,6), (3,5), (4,5), (5,5), (6,5), (7,5), (7,4)
------------------------
Iteración 10
-----------
Abiertos = (7,3), (5,8), (8,4), (8,5), (3,4), (5,6), (2,6), (7,6), (6,6), (2,5), (4,9), (2,7), (2,8), (3,9)
Cerrados = (3,8), (3,7), (3,6), (3,5), (4,5), (5,5), (6,5), (7,5), (7,4), (4,8)
------------------------
Iteración 11
-----------
Abiertos = (7,3), (8,4), (8,5), (3,4), (6,8), (5,6), (5,9), (2,6), (7,6), (6,6), (2,5), (2,7), (4,9), (2,8), (3,9)
Cerrados = (3,8), (3,7), (3,6), (3,5), (4,5), (5,5), (6,5), (7,5), (7,4), (4,8), (5,8)
------------------------
Iteración 12
-----------
Abiertos = (7,3), (9,4), (8,5), (3,4), (6,8), (5,6), (5,9), (2,6), (8,3), (7,6), (6,6), (2,5), (2,7), (4,9), (3,9), (2,8), (8,5)
Cerrados = (3,8), (3,7), (3,6), (3,5), (4,5), (5,5), (6,5), (7,5), (7,4), (4,8), (5,8), (8,4)
------------------------
Iteración 13
-----------
Abiertos = (7,3), (8,5), (3,4), (6,8), (5,6), (5,9), (2,6), (9,3), (8,3), (10,4), (7,6), (6,6), (2,5), (2,7), (4,9), (2,8), (3,9), (8,5)
Cerrados = (3,8), (3,7), (3,6), (3,5), (4,5), (5,5), (6,5), (7,5), (7,4), (4,8), (5,8), (8,4), (9,4)
------------------------
Iteración 14
-----------
Abiertos = (7,3), (3,4), (6,8), (5,6), (5,9), (2,6), (9,3), (8,3), (10,4), (7,6), (6,6), (2,5), (2,7), (4,9), (3,9), (2,8), (8,5), (8,6)
Cerrados = (3,8), (3,7), (3,6), (3,5), (4,5), (5,5), (6,5), (7,5), (7,4), (4,8), (5,8), (8,4), (9,4), (8,5)
------------------------
Iteración 15
-----------
Abiertos = (7,3), (6,8), (5,6), (5,9), (2,6), (9,3), (8,3), (3,3), (10,4), (7,6), (6,6), (2,5), (4,9), (2,7), (3,9), (2,8), (8,5), (8,6), (2,4)
Cerrados = (3,8), (3,7), (3,6), (3,5), (4,5), (5,5), (6,5), (7,5), (7,4), (4,8), (5,8), (8,4), (9,4), (8,5), (3,4)
------------------------
Iteración 16
-----------
Abiertos = (7,3), (5,6), (5,9), (2,6), (9,3), (8,3), (3,3), (6,7), (10,4), (7,6), (6,6), (2,5), (6,9), (2,7), (4,9), (3,9), (2,8), (7,8), (8,5), (8,6), (2,4)
Cerrados = (3,8), (3,7), (3,6), (3,5), (4,5), (5,5), (6,5), (7,5), (7,4), (4,8), (5,8), (8,4), (9,4), (8,5), (3,4), (6,8)
------------------------
Iteración 17
-----------
Abiertos = (7,2), (8,3), (6,3), (5,6), (5,9), (2,6), (9,3), (8,3), (3,3), (6,7), (10,4), (7,6), (6,6), (2,5), (6,9), (2,7), (4,9), (3,9), (2,8), (7,8), (8,5), (8,6), (2,4)
Cerrados = (3,8), (3,7), (3,6), (3,5), (4,5), (5,5), (6,5), (7,5), (7,4), (4,8), (5,8), (8,4), (9,4), (8,5), (3,4), (6,8), (7,3)
------------------------
Iteración 18
-----------
Abiertos = (7,2), (6,3), (5,6), (5,9), (2,6), (8,2), (9,3), (8,3), (3,3), (6,7), (10,4), (7,6), (6,6), (2,5), (6,9), (2,7), (4,9), (3,9), (2,8), (9,3), (7,8), (8,5), (8,6), (2,4)
Cerrados = (3,8), (3,7), (3,6), (3,5), (4,5), (5,5), (6,5), (7,5), (7,4), (4,8), (5,8), (8,4), (9,4), (8,5), (3,4), (6,8), (7,3), (8,3)
------------------------
Iteración 19
-----------
Abiertos = (7,2), (6,2), (5,6), (5,9), (2,6), (8,2), (9,3), (8,3), (3,3), (6,7), (10,4), (7,6), (6,6), (2,5), (6,9), (2,7), (4,9), (2,8), (3,9), (9,3), (7,8), (8,5), (8,6), (2,4), (5,3)
Cerrados = (3,8), (3,7), (3,6), (3,5), (4,5), (5,5), (6,5), (7,5), (7,4), (4,8), (5,8), (8,4), (9,4), (8,5), (3,4), (6,8), (7,3), (8,3), (6,3)
------------------------
Iteración 20
-----------
Abiertos = (7,2), (7,2), (5,6), (5,9), (2,6), (8,2), (9,3), (8,3), (3,3), (6,7), (10,4), (7,6), (6,6), (2,5), (6,9), (2,7), (4,9), (3,9), (2,8), (6,1), (9,3), (7,8), (8,5), (8,6), (2,4), (5,2), (5,3)
Cerrados = (3,8), (3,7), (3,6), (3,5), (4,5), (5,5), (6,5), (7,5), (7,4), (4,8), (5,8), (8,4), (9,4), (8,5), (3,4), (6,8), (7,3), (8,3), (6,3), (6,2)
------------------------
Iteración 21
-----------
Abiertos = (8,2), (7,2), (7,1), (5,6), (5,9), (2,6), (8,2), (9,3), (8,3), (3,3), (6,7), (10,4), (7,6), (6,6), (2,5), (6,9), (2,7), (4,9), (3,9), (2,8), (6,1), (9,3), (7,8), (8,5), (8,6), (2,4), (5,2), (5,3)
Cerrados = (3,8), (3,7), (3,6), (3,5), (4,5), (5,5), (6,5), (7,5), (7,4), (4,8), (5,8), (8,4), (9,4), (8,5), (3,4), (6,8), (7,3), (8,3), (6,3), (6,2), (7,2)
------------------------
Iteración 22
-----------
Abiertos = (8,2), (8,1), (5,6), (5,9), (2,6), (8,2), (9,3), (8,3), (3,3), (6,7), (10,4), (7,6), (6,6), (2,5), (6,9), (2,7), (4,9), (3,9), (2,8), (6,1), (6,1), (9,3), (7,8), (8,5), (8,6), (2,4), (5,2), (5,3)
Cerrados = (3,8), (3,7), (3,6), (3,5), (4,5), (5,5), (6,5), (7,5), (7,4), (4,8), (5,8), (8,4), (9,4), (8,5), (3,4), (6,8), (7,3), (8,3), (6,3), (6,2), (7,2), (7,1)
------------------------
Iteración 23
-----------
Abiertos = (8,1), (5,6), (5,9), (2,6), (9,2), (8,2), (9,3), (8,3), (3,3), (6,7), (10,4), (7,6), (6,6), (2,5), (6,9), (2,7), (4,9), (3,9), (2,8), (6,1), (6,1), (9,3), (7,8), (8,1), (8,5), (8,6), (2,4), (5,2), (5,3)
Cerrados = (3,8), (3,7), (3,6), (3,5), (4,5), (5,5), (6,5), (7,5), (7,4), (4,8), (5,8), (8,4), (9,4), (8,5), (3,4), (6,8), (7,3), (8,3), (6,3), (6,2), (7,2), (7,1), (8,2)
------------------------
Iteración 24
-----------
Abiertos = (9,1), (5,6), (5,9), (2,6), (9,2), (8,2), (9,3), (8,3), (3,3), (6,7), (10,4), (7,6), (6,6), (2,5), (6,9), (2,7), (4,9), (3,9), (2,8), (6,1), (6,1), (9,3), (7,8), (8,1), (8,5), (8,6), (2,4), (5,2), (5,3)
Cerrados = (3,8), (3,7), (3,6), (3,5), (4,5), (5,5), (6,5), (7,5), (7,4), (4,8), (5,8), (8,4), (9,4), (8,5), (3,4), (6,8), (7,3), (8,3), (6,3), (6,2), (7,2), (7,1), (8,2), (8,1)
------------------------
Iteración 25
-----------
Abiertos = (9,2), (5,6), (5,9), (2,6), (9,2), (8,2), (9,3), (8,3), (3,3), (6,7), (10,4), (7,6), (6,6), (2,5), (6,9), (2,7), (4,9), (3,9), (2,8), (10,1), (6,1), (6,1), (9,3), (7,8), (8,1), (8,5), (8,6), (2,4), (5,2), (5,3)
Cerrados = (3,8), (3,7), (3,6), (3,5), (4,5), (5,5), (6,5), (7,5), (7,4), (4,8), (5,8), (8,4), (9,4), (8,5), (3,4), (6,8), (7,3), (8,3), (6,3), (6,2), (7,2), (7,1), (8,2), (8,1), (9,1)
------------------------
Camino: (3,8) -> (3,7) -> (3,6) -> (3,5) -> (4,5) -> (5,5) -> (6,5) -> (7,5) -> (7,4) -> (8,4) -> (8,3) -> (8,2) -> (9,2)
Coste: 30
Iteración 0
-----------
Abiertos = (3,8)
Cerrados = 
------------------------
Iteración 1
-----------
Abiertos = (3,7), (4,8), (3,9), (2,8)
Cerrados = (3,8)
------------------------
Iteración 2
-----------
Abiertos = (3,6), (4,8), (2,7), (2,8), (3,9)
Cerrados = (3,8), (3,7)
------------------------
Iteración 3
-----------
Abiertos = (3,6), (5,8), (2,7), (4,9), (2,8), (3,9)
Cerrados = (3,8), (3,7), (4,8)
------------------------
Iteración 4
-----------
Abiertos = (3,5), (5,8), (2,6), (2,7), (4,9), (2,8), (3,9)
Cerrados = (3,8), (3,7), (4,8), (3,6)
------------------------
Iteración 5
-----------
Abiertos = (4,5), (5,8), (3,4), (2,6), (2,5), (4,9), (2,7), (2,8), (3,9)
Cerrados = (3,8), (3,7), (4,8), (3,6), (3,5)
------------------------
Iteración 6
-----------
Abiertos = (4,5), (3,4), (6,8), (2,6), (5,9), (2,5), (2,7), (4,9), (2,8), (3,9)
Cerrados = (3,8), (3,7), (4,8), (3,6), (3,5), (5,8)
------------------------
Iteración 7
-----------
Abiertos = (4,5), (6,8), (2,6), (5,9), (3,3), (2,5), (4,9), (2,7), (3,9), (2,8), (2,4)
Cerrados = (3,8), (3,7), (4,8), (3,6), (3,5), (5,8), (3,4)
------------------------
Iteración 8
-----------
Abiertos = (4,5), (2,6), (5,9), (3,3), (6,7), (6,9), (2,5), (4,9), (2,7), (2,8), (3,9), (7,8), (2,4)
Cerrados = (3,8), (3,7), (4,8), (3,6), (3,5), (5,8), (3,4), (6,8)
------------------------
Iteración 9
-----------
Abiertos = (5,5), (5,9), (2,6), (3,3), (6,7), (6,9), (2,5), (4,9), (2,7), (2,8), (3,9), (7,8), (2,4)
Cerrados = (3,8), (3,7), (4,8), (3,6), (3,5), (5,8), (3,4), (6,8), (4,5)
------------------------
Iteración 10
-----------
Abiertos = (6,5), (5,6), (2,6), (5,9), (3,3), (6,7), (6,9), (2,5), (4,9), (2,7), (2,8), (3,9), (7,8), (2,4)
Cerrados = (3,8), (3,7), (4,8), (3,6), (3,5), (5,8), (3,4), (6,8), (4,5), (5,5)
------------------------
Iteración 11
-----------
Abiertos = (6,5), (2,6), (5,9), (3,3), (6,7), (6,6), (6,9), (2,5), (4,9), (2,7), (2,8), (3,9), (7,8), (2,4)
Cerrados = (3,8), (3,7), (4,8), (3,6), (3,5), (5,8), (3,4), (6,8), (4,5), (5,5), (5,6)
------------------------
Iteración 12
-----------
Abiertos = (6,5), (5,9), (3,3), (6,7), (6,6), (2,5), (6,9), (2,5), (4,9), (2,7), (3,9), (2,8), (1,6), (7,8), (2,4), (2,7)
Cerrados = (3,8), (3,7), (4,8), (3,6), (3,5), (5,8), (3,4), (6,8), (4,5), (5,5), (5,6), (2,6)
------------------------
Iteración 13
-----------
Abiertos = (7,5), (5,9), (3,3), (6,7), (6,6), (6,6), (2,5), (6,9), (2,5), (4,9), (2,7), (2,8), (3,9), (1,6), (7,8), (2,4), (2,7)
Cerrados = (3,8), (3,7), (4,8), (3,6), (3,5), (5,8), (3,4), (6,8), (4,5), (5,5), (5,6), (2,6), (6,5)
------------------------
Iteración 14
-----------
Abiertos = (7,5), (6,9), (3,3), (6,7), (6,6), (6,6), (2,5), (6,9), (2,5), (2,7), (4,9), (3,9), (2,8), (1,6), (7,8), (2,4), (2,7), (4,9), (5,10)
Cerrados = (3,8), (3,7), (4,8), (3,6), (3,5), (5,8), (3,4), (6,8), (4,5), (5,5), (5,6), (2,6), (6,5), (5,9)
------------------------
Iteración 15
-----------
Abiertos = (7,5), (3,3), (6,7), (6,6), (6,6), (2,5), (6,9), (2,5), (2,7), (4,9), (2,8), (3,9), (1,6), (7,8), (2,4), (4,9), (2,7), (5,10), (7,9), (6,10)
Cerrados = (3,8), (3,7), (4,8), (3,6), (3,5), (5,8), (3,4), (6,8), (4,5), (5,5), (5,6), (2,6), (6,5), (5,9), (6,9)
------------------------
Iteración 16
-----------
Abiertos = (7,4), (8,5), (3,3), (6,7), (7,6), (6,6), (6,6), (2,5), (6,9), (2,5), (2,7), (4,9), (2,8), (3,9), (1,6), (7,8), (2,4), (4,9), (2,7), (5,10), (7,9), (6,10)
Cerrados = (3,8), (3,7), (4,8), (3,6), (3,5), (5,8), (3,4), (6,8), (4,5), (5,5), (5,6), (2,6), (6,5), (5,9), (6,9), (7,5)
------------------------
Iteración 17
-----------
Abiertos = (7,4), (8,4), (3,3), (6,7), (7,6), (6,6), (6,6), (2,5), (6,9), (2,5), (2,7), (4,9), (2,8), (3,9), (1,6), (7,8), (8,6), (2,4), (4,9), (5,10), (2,7), (7,9), (6,10)
Cerrados = (3,8), (3,7), (4,8), (3,6), (3,5), (5,8), (3,4), (6,8), (4,5), (5,5), (5,6), (2,6), (6,5), (5,9), (6,9), (7,5), (8,5)
------------------------
Iteración 18
-----------
Abiertos = (7,3), (8,4), (8,4), (3,3), (6,7), (7,6), (6,6), (6,6), (2,5), (6,9), (2,5), (2,7), (4,9), (2,8), (3,9), (1,6), (7,8), (8,6), (2,4), (4,9), (5,10), (2,7), (7,9), (6,10)
Cerrados = (3,8), (3,7), (4,8), (3,6), (3,5), (5,8), (3,4), (6,8), (4,5), (5,5), (5,6), (2,6), (6,5), (5,9), (6,9), (7,5), (8,5), (7,4)
------------------------
Iteración 19
-----------
Abiertos = (7,2), (8,3), (8,4), (6,3), (8,4), (3,3), (6,7), (7,6), (6,6), (6,6), (2,5), (6,9), (2,5), (2,7), (4,9), (2,8), (3,9), (1,6), (7,8), (8,6), (2,4), (4,9), (5,10), (2,7), (7,9), (6,10)
Cerrados = (3,8), (3,7), (4,8), (3,6), (3,5), (5,8), (3,4), (6,8), (4,5), (5,5), (5,6), (2,6), (6,5), (5,9), (6,9), (7,5), (8,5), (7,4), (7,3)
------------------------
Iteración 20
-----------
Abiertos = (7,2), (8,2), (8,4), (6,3), (9,3), (8,4), (3,3), (6,7), (7,6), (6,6), (6,6), (2,5), (6,9), (2,5), (2,7), (4,9), (2,8), (3,9), (1,6), (7,8), (8,4), (8,6), (2,4), (2,7), (4,9), (5,10), (7,9), (6,10)
Cerrados = (3,8), (3,7), (4,8), (3,6), (3,5), (5,8), (3,4), (6,8), (4,5), (5,5), (5,6), (2,6), (6,5), (5,9), (6,9), (7,5), (8,5), (7,4), (7,3), (8,3)
------------------------
Iteración 21
-----------
Abiertos = (7,2), (9,2), (8,4), (6,3), (9,3), (8,4), (3,3), (6,7), (7,2), (8,1), (7,6), (6,6), (6,6), (2,5), (6,9), (2,5), (2,7), (4,9), (2,8), (3,9), (1,6), (7,8), (8,4), (8,6), (2,4), (2,7), (4,9), (5,10), (7,9), (6,10)
Cerrados = (3,8), (3,7), (4,8), (3,6), (3,5), (5,8), (3,4), (6,8), (4,5), (5,5), (5,6), (2,6), (6,5), (5,9), (6,9), (7,5), (8,5), (7,4), (7,3), (8,3), (8,2)
------------------------
Camino: (3,8) -> (3,7) -> (3,6) -> (3,5) -> (4,5) -> (5,5) -> (6,5) -> (7,5) -> (7,4) -> (7,3) -> (8,3) -> (8,2) -> (9,2)
Coste: 27
Iteración 0
-----------
Abiertos = (3,8)
Cerrados = 
------------------------
Iteración 1
-----------
Abiertos = (3,7), (4,8), (3,9), (2,8)
Cerrados = (3,8)
------------------------
Iteración 2
-----------
Abiertos = (3,6), (4,8), (2,7), (2,8), (3,9)
Cerrados = (3,8), (3,7)
------------------------
Iteración 3
-----------
Abiertos = (3,6), (5,8), (2,7), (4,9), (2,8), (3,9)
Cerrados = (3,8), (3,7), (4,8)
------------------------
Iteración 4
-----------
Abiertos = (3,5), (5,8), (2,6), (2,7), (4,9), (2,8), (3,9)
Cerrados = (3,8), (3,7), (4,8), (3,6)
------------------------
Iteración 5
-----------
Abiertos = (4,5), (5,8), (3,4), (2,6), (2,5), (4,9), (2,7), (2,8), (3,9)
Cerrados = (3,8), (3,7), (4,8), (3,6), (3,5)
------------------------
Iteración 6
-----------
Abiertos = (4,5), (3,4), (6,8), (2,6), (5,9), (2,5), (2,7), (4,9), (2,8), (3,9)
Cerrados = (3,8), (3,7), (4,8), (3,6), (3,5), (5,8)
------------------------
Iteración 7
-----------
Abiertos = (4,5), (6,8), (2,6), (5,9), (3,3), (2,5), (4,9), (2,7), (3,9), (2,8), (2,4)
Cerrados = (3,8), (3,7), (4,8), (3,6), (3,5), (5,8), (3,4)
------------------------
Iteración 8
-----------
Abiertos = (5,5), (6,8), (2,6), (5,9), (3,3), (2,5), (4,9), (2,7), (3,9), (2,8), (2,4)
Cerrados = (3,8), (3,7), (4,8), (3,6), (3,5), (5,8), (3,4), (4,5)
------------------------
Iteración 9
-----------
Abiertos = (6,5), (6,8), (5,6), (2,6), (5,9), (3,3), (2,5), (4,9), (2,7), (3,9), (2,8), (2,4)
Cerrados = (3,8), (3,7), (4,8), (3,6), (3,5), (5,8), (3,4), (4,5), (5,5)
------------------------
Iteración 10
-----------
Abiertos = (7,5), (6,8), (5,6), (2,6), (5,9), (3,3), (6,6), (2,5), (4,9), (2,7), (2,8), (3,9), (2,4)
Cerrados = (3,8), (3,7), (4,8), (3,6), (3,5), (5,8), (3,4), (4,5), (5,5), (6,5)
------------------------
Iteración 11
-----------
Abiertos = (7,4), (8,5), (6,8), (5,6), (2,6), (5,9), (3,3), (7,6), (6,6), (2,5), (4,9), (2,7), (2,8), (3,9), (2,4)
Cerrados = (3,8), (3,7), (4,8), (3,6), (3,5), (5,8), (3,4), (4,5), (5,5), (6,5), (7,5)
------------------------
Iteración 12
-----------
Abiertos = (7,4), (6,8), (5,6), (2,6), (5,9), (8,4), (3,3), (7,6), (6,6), (2,5), (4,9), (2,7), (3,9), (2,8), (8,6), (2,4)
Cerrados = (3,8), (3,7), (4,8), (3,6), (3,5), (5,8), (3,4), (4,5), (5,5), (6,5), (7,5), (8,5)
------------------------
Iteración 13
-----------
Abiertos = (7,4), (5,6), (2,6), (5,9), (8,4), (3,3), (6,7), (7,6), (6,6), (6,9), (2,5), (4,9), (2,7), (3,9), (2,8), (7,8), (8,6), (2,4)
Cerrados = (3,8), (3,7), (4,8), (3,6), (3,5), (5,8), (3,4), (4,5), (5,5), (6,5), (7,5), (8,5), (6,8)
------------------------
Iteración 14
-----------
Abiertos = (7,4), (2,6), (5,9), (8,4), (3,3), (6,7), (7,6), (6,6), (6,6), (6,9), (2,5), (2,7), (4,9), (2,8), (3,9), (7,8), (8,6), (2,4)
Cerrados = (3,8), (3,7), (4,8), (3,6), (3,5), (5,8), (3,4), (4,5), (5,5), (6,5), (7,5), (8,5), (6,8), (5,6)
------------------------
Iteración 15
-----------
Abiertos = (7,4), (5,9), (8,4), (3,3), (6,7), (7,6), (6,6), (6,6), (6,9), (2,5), (2,5), (4,9), (2,7), (3,9), (2,8), (1,6), (7,8), (8,6), (2,4), (2,7)
Cerrados = (3,8), (3,7), (4,8), (3,6), (3,5), (5,8), (3,4), (4,5), (5,5), (6,5), (7,5), (8,5), (6,8), (5,6), (2,6)
------------------------
Iteración 16
-----------
Abiertos = (7,3), (8,4), (5,9), (8,4), (3,3), (6,7), (7,6), (6,6), (6,6), (6,9), (2,5), (2,5), (4,9), (2,7), (3,9), (2,8), (1,6), (7,8), (8,6), (2,4), (2,7)
Cerrados = (3,8), (3,7), (4,8), (3,6), (3,5), (5,8), (3,4), (4,5), (5,5), (6,5), (7,5), (8,5), (6,8), (5,6), (2,6), (7,4)
------------------------
Iteración 17
-----------
Abiertos = (7,2), (8,3), (8,4), (6,3), (5,9), (8,4), (3,3), (6,7), (7,6), (6,6), (6,6), (6,9), (2,5), (2,5), (4,9), (2,7), (3,9), (2,8), (1,6), (7,8), (8,6), (2,4), (2,7)
Cerrados = (3,8), (3,7), (4,8), (3,6), (3,5), (5,8), (3,4), (4,5), (5,5), (6,5), (7,5), (8,5), (6,8), (5,6), (2,6), (7,4), (7,3)
------------------------
Iteración 18
-----------
Abiertos = (8,2), (8,3), (8,4), (6,2), (7,1), (6,3), (5,9), (8,4), (3,3), (6,7), (7,6), (6,6), (6,6), (6,9), (2,5), (2,5), (4,9), (2,7), (3,9), (2,8), (1,6), (7,8), (8,6), (2,4), (2,7)
Cerrados = (3,8), (3,7), (4,8), (3,6), (3,5), (5,8), (3,4), (4,5), (5,5), (6,5), (7,5), (8,5), (6,8), (5,6), (2,6), (7,4), (7,3), (7,2)
------------------------
Iteración 19
-----------
Abiertos = (9,2), (8,3), (8,4), (8,1), (6,2), (7,1), (6,3), (5,9), (8,4), (3,3), (6,7), (8,3), (7,6), (6,6), (6,6), (6,9), (2,5), (2,5), (2,7), (4,9), (2,8), (3,9), (1,6), (7,8), (8,6), (2,4), (2,7)
Cerrados = (3,8), (3,7), (4,8), (3,6), (3,5), (5,8), (3,4), (4,5), (5,5), (6,5), (7,5), (8,5), (6,8), (5,6), (2,6), (7,4), (7,3), (7,2), (8,2)
------------------------
Camino: (3,8) -> (3,7) -> (3,6) -> (3,5) -> (4,5) -> (5,5) -> (6,5) -> (7,5) -> (7,4) -> (7,3) -> (7,2) -> (8,2) -> (9,2)
Coste: 24
Iteración 0
-----------
Abiertos = (3,8)
Cerrados = 
------------------------
Iteración 1
-----------
Abiertos = (3,7), (4,8), (3,9), (2,8)
Cerrados = (3,8)
------------------------
Iteración 2
-----------
Abiertos = (5,8), (3,7), (4,9), (2,8), (3,9)
Cerrados = (3,8), (4,8)
------------------------
Iteración 3
-----------
Abiertos = (5,8), (3,6), (2,7), (4,9), (2,8), (3,9)
Cerrados = (3,8), (4,8), (3,7)
------------------------
Iteración 4
-----------
Abiertos = (3,6), (6,8), (5,9), (2,7), (4,9), (2,8), (3,9)
Cerrados = (3,8), (4,8), (3,7), (5,8)
------------------------
Iteración 5
-----------
Abiertos = (3,5), (6,8), (5,9), (2,6), (4,9), (2,7), (2,8), (3,9)
Cerrados = (3,8), (4,8), (3,7), (5,8), (3,6)
------------------------
Iteración 6
-----------
Abiertos = (3,5), (5,9), (2,6), (6,7), (6,9), (4,9), (2,7), (3,9), (2,8), (7,8)
Cerrados = (3,8), (4,8), (3,7), (5,8), (3,6), (6,8)
------------------------
Iteración 7
-----------
Abiertos = (3,5), (6,9), (2,6), (6,7), (6,9), (4,9), (2,7), (3,9), (2,8), (7,8), (5,10), (4,9)
Cerrados = (3,8), (4,8), (3,7), (5,8), (3,6), (6,8), (5,9)
------------------------
Iteración 8
-----------
Abiertos = (3,5), (2,6), (6,7), (6,9), (4,9), (2,7), (3,9), (2,8), (7,8), (5,10), (4,9), (7,9), (6,10)
Cerrados = (3,8), (4,8), (3,7), (5,8), (3,6), (6,8), (5,9), (6,9)
------------------------
Iteración 9
-----------
Abiertos = (3,5), (6,7), (2,5), (6,9), (4,9), (2,7), (3,9), (2,8), (1,6), (7,8), (2,7), (5,10), (4,9), (7,9), (6,10)
Cerrados = (3,8), (4,8), (3,7), (5,8), (3,6), (6,8), (5,9), (6,9), (2,6)
------------------------
Iteración 10
-----------
Abiertos = (3,5), (2,5), (6,9), (4,9), (2,7), (3,9), (2,8), (1,6), (6,6), (7,8), (2,7), (5,10), (4,9), (7,7), (7,9), (6,10)
Cerrados = (3,8), (4,8), (3,7), (5,8), (3,6), (6,8), (5,9), (6,9), (2,6), (6,7)
------------------------
Iteración 11
-----------
Abiertos = (3,5), (3,5), (6,9), (4,9), (2,7), (3,9), (2,8), (1,6), (6,6), (7,8), (2,4), (1,5), (2,7), (4,9), (5,10), (7,7), (7,9), (6,10)
Cerrados = (3,8), (4,8), (3,7), (5,8), (3,6), (6,8), (5,9), (6,9), (2,6), (6,7), (2,5)
------------------------
Iteración 12
-----------
Abiertos = (4,5), (3,5), (3,4), (6,9), (4,9), (2,7), (3,9), (2,8), (1,6), (6,6), (7,8), (2,4), (1,5), (2,7), (4,9), (5,10), (7,7), (7,9), (6,10)
Cerrados = (3,8), (4,8), (3,7), (5,8), (3,6), (6,8), (5,9), (6,9), (2,6), (6,7), (2,5), (3,5)
------------------------
Iteración 13
-----------
Abiertos = (4,5), (3,3), (6,9), (4,9), (2,7), (3,9), (2,8), (1,6), (6,6), (7,8), (2,4), (2,4), (1,5), (2,7), (5,10), (4,9), (7,7), (7,9), (6,10)
Cerrados = (3,8), (4,8), (3,7), (5,8), (3,6), (6,8), (5,9), (6,9), (2,6), (6,7), (2,5), (3,5), (3,4)
------------------------
Iteración 14
-----------
Abiertos = (4,5), (3,2), (6,9), (4,9), (2,7), (3,9), (2,8), (1,6), (4,3), (6,6), (7,8), (2,3), (2,4), (2,4), (1,5), (4,9), (2,7), (5,10), (7,7), (7,9), (6,10)
Cerrados = (3,8), (4,8), (3,7), (5,8), (3,6), (6,8), (5,9), (6,9), (2,6), (6,7), (2,5), (3,5), (3,4), (3,3)
------------------------
Iteración 15
-----------
Abiertos = (4,5), (4,2), (6,9), (4,9), (2,7), (3,9), (2,8), (1,6), (4,3), (6,6), (7,8), (2,2), (3,1), (2,3), (2,4), (2,4), (1,5), (2,7), (4,9), (5,10), (7,7), (7,9), (6,10)
Cerrados = (3,8), (4,8), (3,7), (5,8), (3,6), (6,8), (5,9), (6,9), (2,6), (6,7), (2,5), (3,5), (3,4), (3,3), (3,2)
------------------------
Iteración 16
-----------
Abiertos = (4,5), (6,9), (4,9), (2,7), (3,9), (2,8), (1,6), (5,2), (4,3), (6,6), (7,8), (4,1), (2,2), (3,1), (2,3), (2,4), (2,4), (1,5), (4,9), (5,10), (2,7), (7,7), (4,3), (7,9), (6,10)
Cerrados = (3,8), (4,8), (3,7), (5,8), (3,6), (6,8), (5,9), (6,9), (2,6), (6,7), (2,5), (3,5), (3,4), (3,3), (3,2), (4,2)
------------------------
Iteración 17
-----------
Abiertos = (5,5), (6,9), (4,9), (2,7), (3,9), (2,8), (1,6), (5,2), (4,3), (6,6), (7,8), (4,1), (2,2), (3,1), (2,3), (2,4), (2,4), (1,5), (4,9), (5,10), (2,7), (7,7), (4,3), (7,9), (6,10)
Cerrados = (3,8), (4,8), (3,7), (5,8), (3,6), (6,8), (5,9), (6,9), (2,6), (6,7), (2,5), (3,5), (3,4), (3,3), (3,2), (4,2), (4,5)
------------------------
Iteración 18
-----------
Abiertos = (6,5), (5,6), (2,7), (4,9), (3,9), (2,8), (1,6), (5,2), (4,3), (6,6), (7,8), (4,1), (2,2), (3,1), (2,3), (2,4), (2,4), (1,5), (4,9), (5,10), (2,7), (7,7), (4,3), (7,9), (6,10)
Cerrados = (3,8), (4,8), (3,7), (5,8), (3,6), (6,8), (5,9), (6,9), (2,6), (6,7), (2,5), (3,5), (3,4), (3,3), (3,2), (4,2), (4,5), (5,5)
------------------------
Iteración 19
-----------
Abiertos = (7,5), (5,6), (6,6), (2,7), (4,9), (3,9), (2,8), (1,6), (5,2), (4,3), (6,6), (7,8), (4,1), (2,2), (3,1), (2,3), (2,4), (2,4), (1,5), (4,9), (5,10), (2,7), (7,7), (4,3), (7,9), (6,10)
Cerrados = (3,8), (4,8), (3,7), (5,8), (3,6), (6,8), (5,9), (6,9), (2,6), (6,7), (2,5), (3,5), (3,4), (3,3), (3,2), (4,2), (4,5), (5,5), (6,5)
------------------------
Iteración 20
-----------
Abiertos = (7,4), (8,5), (5,6), (7,6), (6,6), (2,7), (4,9), (3,9), (2,8), (1,6), (5,2), (4,3), (6,6), (7,8), (4,1), (2,2), (3,1), (2,3), (2,4), (2,4), (1,5), (4,9), (5,10), (2,7), (7,7), (4,3), (7,9), (6,10)
Cerrados = (3,8), (4,8), (3,7), (5,8), (3,6), (6,8), (5,9), (6,9), (2,6), (6,7), (2,5), (3,5), (3,4), (3,3), (3,2), (4,2), (4,5), (5,5), (6,5), (7,5)
------------------------
Iteración 21
-----------
Abiertos = (7,4), (5,6), (8,4), (7,6), (6,6), (2,7), (4,9), (3,9), (2,8), (1,6), (5,2), (4,3), (6,6), (7,8), (8,6), (4,1), (2,2), (3,1), (2,3), (2,4), (2,4), (1,5), (2,7), (5,10), (4,9), (7,7), (4,3), (7,9), (6,10)
Cerrados = (3,8), (4,8), (3,7), (5,8), (3,6), (6,8), (5,9), (6,9), (2,6), (6,7), (2,5), (3,5), (3,4), (3,3), (3,2), (4,2), (4,5), (5,5), (6,5), (7,5), (8,5)
------------------------
Iteración 22
-----------
Abiertos = (7,4), (8,4), (7,6), (6,6), (6,6), (2,7), (4,9), (3,9), (2,8), (1,6), (5,2), (4,3), (6,6), (7,8), (8,6), (4,1), (2,2), (3,1), (2,3), (2,4), (2,4), (1,5), (2,7), (5,10), (4,9), (7,7), (4,3), (7,9), (6,10)
Cerrados = (3,8), (4,8), (3,7), (5,8), (3,6), (6,8), (5,9), (6,9), (2,6), (6,7), (2,5), (3,5), (3,4), (3,3), (3,2), (4,2), (4,5), (5,5), (6,5), (7,5), (8,5), (5,6)
------------------------
Iteración 23
-----------
Abiertos = (7,3), (8,4), (8,4), (7,6), (6,6), (6,6), (2,7), (4,9), (3,9), (2,8), (1,6), (5,2), (4,3), (6,6), (7,8), (8,6), (4,1), (2,2), (3,1), (2,3), (2,4), (2,4), (1,5), (2,7), (5,10), (4,9), (7,7), (4,3), (7,9), (6,10)
Cerrados = (3,8), (4,8), (3,7), (5,8), (3,6), (6,8), (5,9), (6,9), (2,6), (6,7), (2,5), (3,5), (3,4), (3,3), (3,2), (4,2), (4,5), (5,5), (6,5), (7,5), (8,5), (5,6), (7,4)
------------------------
Iteración 24
-----------
Abiertos = (7,3), (9,4), (8,4), (7,6), (6,6), (6,6), (2,7), (4,9), (3,9), (2,8), (1,6), (8,3), (5,2), (4,3), (6,6), (7,8), (8,6), (4,1), (2,2), (3,1), (2,3), (2,4), (2,4), (1,5), (2,7), (5,10), (4,9), (7,7), (4,3), (7,9), (6,10)
Cerrados = (3,8), (4,8), (3,7), (5,8), (3,6), (6,8), (5,9), (6,9), (2,6), (6,7), (2,5), (3,5), (3,4), (3,3), (3,2), (4,2), (4,5), (5,5), (6,5), (7,5), (8,5), (5,6), (7,4), (8,4)
------------------------
Iteración 25
-----------
Abiertos = (7,2), (8,3), (6,3), (9,4), (8,4), (7,6), (6,6), (6,6), (2,7), (4,9), (3,9), (2,8), (1,6), (8,3), (5,2), (4,3), (6,6), (7,8), (8,6), (4,1), (2,2), (3,1), (2,3), (2,4), (2,4), (1,5), (2,7), (5,10), (4,9), (7,7), (4,3), (7,9), (6,10)
Cerrados = (3,8), (4,8), (3,7), (5,8), (3,6), (6,8), (5,9), (6,9), (2,6), (6,7), (2,5), (3,5), (3,4), (3,3), (3,2), (4,2), (4,5), (5,5), (6,5), (7,5), (8,5), (5,6), (7,4), (8,4), (7,3)
------------------------
Iteración 26
-----------
Abiertos = (8,2), (8,3), (7,1), (6,2), (6,3), (9,4), (8,4), (7,6), (6,6), (6,6), (2,7), (4,9), (3,9), (2,8), (1,6), (8,3), (5,2), (4,3), (6,6), (7,8), (8,6), (4,1), (2,2), (3,1), (2,3), (2,4), (2,4), (1,5), (2,7), (5,10), (4,9), (7,7), (4,3), (7,9), (6,10)
Cerrados = (3,8), (4,8), (3,7), (5,8), (3,6), (6,8), (5,9), (6,9), (2,6), (6,7), (2,5), (3,5), (3,4), (3,3), (3,2), (4,2), (4,5), (5,5), (6,5), (7,5), (8,5), (5,6), (7,4), (8,4), (7,3), (7,2)
------------------------
Iteración 27
-----------
Abiertos = (9,2), (8,3), (8,1), (7,1), (6,2), (6,3), (9,4), (8,4), (8,3), (7,6), (6,6), (6,6), (2,7), (4,9), (3,9), (2,8), (1,6), (8,3), (5,2), (4,3), (6,6), (7,8), (8,6), (4,1), (2,2), (3,1), (2,3), (2,4), (2,4), (1,5), (2,7), (5,10), (4,9), (7,7), (4,3), (7,9), (6,10)
Cerrados = (3,8), (4,8), (3,7), (5,8), (3,6), (6,8), (5,9), (6,9), (2,6), (6,7), (2,5), (3,5), (3,4), (3,3), (3,2), (4,2), (4,5), (5,5), (6,5), (7,5), (8,5), (5,6), (7,4), (8,4), (7,3), (7,2), (8,2)
------------------------
Iteración 28
-----------
Abiertos = (9,2), (8,1), (7,1), (6,2), (6,3), (9,4), (8,4), (8,3), (7,6), (6,6), (6,6), (2,7), (4,9), (3,9), (2,8), (1,6), (8,3), (5,2), (4,3), (6,6), (7,8), (8,6), (4,1), (2,2), (3,1), (2,3), (2,4), (2,4), (1,5), (4,9), (2,7), (5,10), (9,3), (7,7), (4,3), (7,9), (6,10)
Cerrados = (3,8), (4,8), (3,7), (5,8), (3,6), (6,8), (5,9), (6,9), (2,6), (6,7), (2,5), (3,5), (3,4), (3,3), (3,2), (4,2), (4,5), (5,5), (6,5), (7,5), (8,5), (5,6), (7,4), (8,4), (7,3), (7,2), (8,2), (8,3)
------------------------
Camino: (3,8) -> (3,7) -> (3,6) -> (3,5) -> (4,5) -> (5,5) -> (6,5) -> (7,5) -> (7,4) -> (7,3) -> (7,2) -> (8,2) -> (9,2)
Coste: 24
Iteración 0
-----------
Abiertos = (3,8)
Cerrados = 
------------------------
Iteración 1
-----------
Abiertos = (3,7), (4,8), (3,9), (2,8)
Cerrados = (3,8)
------------------------
Iteración 2
-----------
Abiertos = (5,8), (3,7), (4,9), (2,8), (3,9)
Cerrados = (3,8), (4,8)
------------------------
Iteración 3
-----------
Abiertos = (3,7), (6,8), (5,9), (4,9), (2,8), (3,9)
Cerrados = (3,8), (4,8), (5,8)
------------------------
Iteración 4
-----------
Abiertos = (3,7), (5,9), (6,7), (6,9), (4,9), (3,9), (2,8), (7,8)
Cerrados = (3,8), (4,8), (5,8), (6,8)
------------------------
Iteración 5
-----------
Abiertos = (3,7), (6,9), (6,7), (6,9), (4,9), (3,9), (2,8), (7,8), (4,9), (5,10)
Cerrados = (3,8), (4,8), (5,8), (6,8), (5,9)
------------------------
Iteración 6
-----------
Abiertos = (3,6), (6,9), (6,7), (6,9), (2,7), (4,9), (3,9), (2,8), (7,8), (5,10), (4,9)
Cerrados = (3,8), (4,8), (5,8), (6,8), (5,9), (3,7)
------------------------
Iteración 7
-----------
Abiertos = (3,6), (6,7), (6,9), (2,7), (4,9), (3,9), (2,8), (7,8), (4,9), (5,10), (7,9), (6,10)
Cerrados = (3,8), (4,8), (5,8), (6,8), (5,9), (3,7), (6,9)
------------------------
Iteración 8
-----------
Abiertos = (3,6), (6,9), (2,7), (4,9), (3,9), (2,8), (6,6), (7,8), (4,9), (5,10), (7,7), (7,9), (6,10)
Cerrados = (3,8), (4,8), (5,8), (6,8), (5,9), (3,7), (6,9), (6,7)
------------------------
Iteración 9
-----------
Abiertos = (3,5), (2,6), (6,9), (2,7), (4,9), (3,9), (2,8), (6,6), (7,8), (4,9), (5,10), (7,7), (7,9), (6,10)
Cerrados = (3,8), (4,8), (5,8), (6,8), (5,9), (3,7), (6,9), (6,7), (3,6)
------------------------
Iteración 10
-----------
Abiertos = (3,5), (6,9), (2,5), (2,7), (4,9), (3,9), (2,8), (1,6), (6,6), (7,8), (2,7), (4,9), (5,10), (7,7), (7,9), (6,10)
Cerrados = (3,8), (4,8), (5,8), (6,8), (5,9), (3,7), (6,9), (6,7), (3,6), (2,6)
------------------------
Iteración 11
-----------
Abiertos = (4,5), (3,4), (6,9), (2,5), (2,5), (2,7), (4,9), (2,8), (3,9), (1,6), (6,6), (7,8), (4,9), (2,7), (5,10), (7,7), (7,9), (6,10)
Cerrados = (3,8), (4,8), (5,8), (6,8), (5,9), (3,7), (6,9), (6,7), (3,6), (2,6), (3,5)
------------------------
Iteración 12
-----------
Abiertos = (4,5), (3,3), (6,9), (2,5), (2,5), (2,7), (4,9), (2,8), (3,9), (1,6), (6,6), (7,8), (2,4), (4,9), (5,10), (2,7), (7,7), (7,9), (6,10)
Cerrados = (3,8), (4,8), (5,8), (6,8), (5,9), (3,7), (6,9), (6,7), (3,6), (2,6), (3,5), (3,4)
------------------------
Iteración 13
-----------
Abiertos = (5,5), (3,3), (6,9), (2,5), (2,5), (2,7), (4,9), (2,8), (3,9), (1,6), (6,6), (7,8), (2,4), (4,9), (5,10), (2,7), (7,7), (7,9), (6,10)
Cerrados = (3,8), (4,8), (5,8), (6,8), (5,9), (3,7), (6,9), (6,7), (3,6), (2,6), (3,5), (3,4), (4,5)
------------------------
Iteración 14
-----------
Abiertos = (5,5), (3,2), (6,9), (2,5), (2,5), (2,7), (4,9), (2,8), (3,9), (1,6), (4,3), (6,6), (7,8), (2,3), (2,4), (2,7), (5,10), (4,9), (7,7), (7,9), (6,10)
Cerrados = (3,8), (4,8), (5,8), (6,8), (5,9), (3,7), (6,9), (6,7), (3,6), (2,6), (3,5), (3,4), (4,5), (3,3)
------------------------
Iteración 15
-----------
Abiertos = (5,5), (4,2), (6,9), (2,5), (2,5), (2,7), (4,9), (2,8), (3,9), (1,6), (4,3), (6,6), (7,8), (2,2), (3,1), (2,3), (2,4), (2,7), (5,10), (4,9), (7,7), (7,9), (6,10)
Cerrados = (3,8), (4,8), (5,8), (6,8), (5,9), (3,7), (6,9), (6,7), (3,6), (2,6), (3,5), (3,4), (4,5), (3,3), (3,2)
------------------------
Iteración 16
-----------
Abiertos = (6,5), (5,6), (4,2), (6,9), (2,5), (2,5), (2,7), (4,9), (2,8), (3,9), (1,6), (4,3), (6,6), (7,8), (2,2), (3,1), (2,3), (2,4), (2,7), (5,10), (4,9), (7,7), (7,9), (6,10)
Cerrados = (3,8), (4,8), (5,8), (6,8), (5,9), (3,7), (6,9), (6,7), (3,6), (2,6), (3,5), (3,4), (4,5), (3,3), (3,2), (5,5)
------------------------
Iteración 17
-----------
Abiertos = (6,5), (4,2), (6,6), (6,9), (2,5), (2,5), (2,7), (4,9), (2,8), (3,9), (1,6), (4,3), (6,6), (7,8), (2,2), (3,1), (2,3), (2,4), (2,7), (5,10), (4,9), (7,7), (7,9), (6,10)
Cerrados = (3,8), (4,8), (5,8), (6,8), (5,9), (3,7), (6,9), (6,7), (3,6), (2,6), (3,5), (3,4), (4,5), (3,3), (3,2), (5,5), (5,6)
------------------------
Iteración 18
-----------
Abiertos = (7,5), (4,2), (6,6), (6,6), (6,9), (2,5), (2,5), (2,7), (4,9), (2,8), (3,9), (1,6), (4,3), (6,6), (7,8), (2,2), (3,1), (2,3), (2,4), (2,7), (5,10), (4,9), (7,7), (7,9), (6,10)
Cerrados = (3,8), (4,8), (5,8), (6,8), (5,9), (3,7), (6,9), (6,7), (3,6), (2,6), (3,5), (3,4), (4,5), (3,3), (3,2), (5,5), (5,6), (6,5)
------------------------
Iteración 19
-----------
Abiertos = (7,4), (8,5), (4,2), (7,6), (6,6), (6,6), (6,9), (2,5), (2,5), (2,7), (4,9), (2,8), (3,9), (1,6), (4,3), (6,6), (7,8), (2,2), (3,1), (2,3), (2,4), (2,7), (5,10), (4,9), (7,7), (7,9), (6,10)
Cerrados = (3,8), (4,8), (5,8), (6,8), (5,9), (3,7), (6,9), (6,7), (3,6), (2,6), (3,5), (3,4), (4,5), (3,3), (3,2), (5,5), (5,6), (6,5), (7,5)
------------------------
Iteración 20
-----------
Abiertos = (7,4), (8,4), (4,2), (7,6), (6,6), (6,6), (6,9), (2,5), (2,5), (2,7), (4,9), (2,8), (3,9), (1,6), (4,3), (6,6), (7,8), (8,6), (2,2), (3,1), (2,3), (2,4), (4,9), (2,7), (5,10), (7,7), (7,9), (6,10)
Cerrados = (3,8), (4,8), (5,8), (6,8), (5,9), (3,7), (6,9), (6,7), (3,6), (2,6), (3,5), (3,4), (4,5), (3,3), (3,2), (5,5), (5,6), (6,5), (7,5), (8,5)
------------------------
Iteración 21
-----------
Abiertos = (7,4), (9,4), (4,2), (7,6), (6,6), (6,6), (6,9), (2,5), (2,5), (2,7), (4,9), (2,8), (3,9), (1,6), (8,3), (4,3), (6,6), (7,8), (7,4), (8,6), (2,2), (3,1), (2,3), (2,4), (5,10), (4,9), (2,7), (7,7), (7,9), (6,10)
Cerrados = (3,8), (4,8), (5,8), (6,8), (5,9), (3,7), (6,9), (6,7), (3,6), (2,6), (3,5), (3,4), (4,5), (3,3), (3,2), (5,5), (5,6), (6,5), (7,5), (8,5), (8,4)
------------------------
Iteración 22
-----------
Abiertos = (7,3), (9,4), (4,2), (7,6), (6,6), (6,6), (6,9), (2,5), (2,5), (2,7), (4,9), (2,8), (3,9), (1,6), (8,3), (4,3), (6,6), (7,8), (7,4), (8,6), (2,2), (3,1), (2,3), (2,4), (5,10), (4,9), (2,7), (7,7), (7,9), (6,10)
Cerrados = (3,8), (4,8), (5,8), (6,8), (5,9), (3,7), (6,9), (6,7), (3,6), (2,6), (3,5), (3,4), (4,5), (3,3), (3,2), (5,5), (5,6), (6,5), (7,5), (8,5), (8,4), (7,4)
------------------------
Iteración 23
-----------
Abiertos = (7,2), (8,3), (6,3), (9,4), (4,2), (7,6), (6,6), (6,6), (6,9), (2,5), (2,5), (2,7), (4,9), (2,8), (3,9), (1,6), (8,3), (4,3), (6,6), (7,8), (7,4), (8,6), (2,2), (3,1), (2,3), (2,4), (5,10), (4,9), (2,7), (7,7), (7,9), (6,10)
Cerrados = (3,8), (4,8), (5,8), (6,8), (5,9), (3,7), (6,9), (6,7), (3,6), (2,6), (3,5), (3,4), (4,5), (3,3), (3,2), (5,5), (5,6), (6,5), (7,5), (8,5), (8,4), (7,4), (7,3)
------------------------
Iteración 24
-----------
Abiertos = (8,2), (8,3), (7,1), (6,2), (6,3), (9,4), (4,2), (7,6), (6,6), (6,6), (6,9), (2,5), (2,5), (2,7), (4,9), (2,8), (3,9), (1,6), (8,3), (4,3), (6,6), (7,8), (7,4), (8,6), (2,2), (3,1), (2,3), (2,4), (5,10), (4,9), (2,7), (7,7), (7,9), (6,10)
Cerrados = (3,8), (4,8), (5,8), (6,8), (5,9), (3,7), (6,9), (6,7), (3,6), (2,6), (3,5), (3,4), (4,5), (3,3), (3,2), (5,5), (5,6), (6,5), (7,5), (8,5), (8,4), (7,4), (7,3), (7,2)
------------------------
Iteración 25
-----------
Abiertos = (9,2), (8,3), (8,1), (7,1), (6,2), (6,3), (9,4), (4,2), (8,3), (7,6), (6,6), (6,6), (6,9), (2,5), (2,5), (2,7), (4,9), (2,8), (3,9), (1,6), (8,3), (4,3), (6,6), (7,8), (7,4), (8,6), (2,2), (3,1), (2,3), (2,4), (5,10), (4,9), (2,7), (7,7), (7,9), (6,10)
Cerrados = (3,8), (4,8), (5,8), (6,8), (5,9), (3,7), (6,9), (6,7), (3,6), (2,6), (3,5), (3,4), (4,5), (3,3), (3,2), (5,5), (5,6), (6,5), (7,5), (8,5), (8,4), (7,4), (7,3), (7,2), (8,2)
------------------------
Camino: (3,8) -> (3,7) -> (3,6) -> (3,5) -> (4,5) -> (5,5) -> (6,5) -> (7,5) -> (7,4) -> (7,3) -> (7,2) -> (8,2) -> (9,2)
Coste: 24
Iteración 0
-----------
Abiertos = (3,8)
Cerrados = 
------------------------
Iteración 1
-----------
Abiertos = (3,7), (4,8), (3,9), (2,8)
Cerrados = (3,8)
------------------------
Iteración 2
-----------
Abiertos = (3,6), (4,8), (2,7), (2,8), (3,9)
Cerrados = (3,8), (3,7)
------------------------
Iteración 3
-----------
Abiertos = (3,5), (4,8), (2,6), (2,7), (2,8), (3,9)
Cerrados = (3,8), (3,7), (3,6)
------------------------
Iteración 4
-----------
Abiertos = (4,5), (4,8), (3,4), (2,6), (2,5), (2,7), (2,8), (3,9)
Cerrados = (3,8), (3,7), (3,6), (3,5)
------------------------
Iteración 5
-----------
Abiertos = (5,5), (4,8), (3,4), (2,6), (2,5), (2,7), (3,9), (2,8)
Cerrados = (3,8), (3,7), (3,6), (3,5), (4,5)
------------------------
Iteración 6
-----------
Abiertos = (6,5), (4,8), (3,4), (5,6), (2,6), (2,5), (2,7), (2,8), (3,9)
Cerrados = (3,8), (3,7), (3,6), (3,5), (4,5), (5,5)
------------------------
Iteración 7
-----------
Abiertos = (7,5), (4,8), (3,4), (5,6), (2,6), (6,6), (2,5), (2,7), (2,8), (3,9)
Cerrados = (3,8), (3,7), (3,6), (3,5), (4,5), (5,5), (6,5)
------------------------
Iteración 8
-----------
Abiertos = (7,4), (4,8), (8,5), (3,4), (5,6), (2,6), (7,6), (6,6), (2,5), (2,7), (2,8), (3,9)
Cerrados = (3,8), (3,7), (3,6), (3,5), (4,5), (5,5), (6,5), (7,5)
------------------------
Iteración 9
-----------
Abiertos = (7,3), (4,8), (8,4), (8,5), (3,4), (5,6), (2,6), (7,6), (6,6), (2,5), (2,7), (2,8), (3,9)
Cerrados = (3,8), (3,7), (3,6), (3,5), (4,5), (5,5), (6,5), (7,5), (7,4)
------------------------
Iteración 10
-----------
Abiertos = (7,3), (5,8), (8,4), (8,5), (3,4), (5,6), (2,6), (7,6), (6,6), (2,5), (4,9), (2,7), (2,8), (3,9)
Cerrados = (3,8), (3,7), (3,6), (3,5), (4,5), (5,5), (6,5), (7,5), (7,4), (4,8)
------------------------
Iteración 11
-----------
Abiertos = (7,3), (8,4), (8,5), (3,4), (6,8), (5,6), (5,9), (2,6), (7,6), (6,6), (2,5), (2,7), (4,9), (2,8), (3,9)
Cerrados = (3,8), (3,7), (3,6), (3,5), (4,5), (5,5), (6,5), (7,5), (7,4), (4,8), (5,8)
------------------------
Iteración 12
-----------
Abiertos = (7,3), (9,4), (8,5), (3,4), (6,8), (5,6), (5,9), (2,6), (8,3), (7,6), (6,6), (2,5), (2,7), (4,9), (3,9), (2,8), (8,5)
Cerrados = (3,8), (3,7), (3,6), (3,5), (4,5), (5,5), (6,5), (7,5), (7,4), (4,8), (5,8), (8,4)
------------------------
Iteración 13
-----------
Abiertos = (7,3), (8,5), (3,4), (6,8), (5,6), (5,9), (2,6), (9,3), (8,3), (10,4), (7,6), (6,6), (2,5), (2,7), (4,9), (2,8), (3,9), (8,5)
Cerrados = (3,8), (3,7), (3,6), (3,5), (4,5), (5,5), (6,5), (7,5), (7,4), (4,8), (5,8), (8,4), (9,4)
------------------------
Iteración 14
-----------
Abiertos = (7,3), (3,4), (6,8), (5,6), (5,9), (2,6), (9,3), (8,3), (10,4), (7,6), (6,6), (2,5), (2,7), (4,9), (3,9), (2,8), (8,5), (8,6)
Cerrados = (3,8), (3,7), (3,6), (3,5), (4,5), (5,5), (6,5), (7,5), (7,4), (4,8), (5,8), (8,4), (9,4), (8,5)
------------------------
Iteración 15
-----------
Abiertos = (7,3), (6,8), (5,6), (5,9), (2,6), (9,3), (8,3), (3,3), (10,4), (7,6), (6,6), (2,5), (4,9), (2,7), (3,9), (2,8), (8,5), (8,6), (2,4)
Cerrados = (3,8), (3,7), (3,6), (3,5), (4,5), (5,5), (6,5), (7,5), (7,4), (4,8), (5,8), (8,4), (9,4), (8,5), (3,4)
------------------------
Iteración 16
-----------
Abiertos = (7,3), (5,6), (5,9), (2,6), (9,3), (8,3), (3,3), (6,7), (10,4), (7,6), (6,6), (2,5), (6,9), (2,7), (4,9), (3,9), (2,8), (7,8), (8,5), (8,6), (2,4)
Cerrados = (3,8), (3,7), (3,6), (3,5), (4,5), (5,5), (6,5), (7,5), (7,4), (4,8), (5,8), (8,4), (9,4), (8,5), (3,4), (6,8)
------------------------
Iteración 17
-----------
Abiertos = (7,2), (8,3), (6,3), (5,6), (5,9), (2,6), (9,3), (8,3), (3,3), (6,7), (10,4), (7,6), (6,6), (2,5), (6,9), (2,7), (4,9), (3,9), (2,8), (7,8), (8,5), (8,6), (2,4)
Cerrados = (3,8), (3,7), (3,6), (3,5), (4,5), (5,5), (6,5), (7,5), (7,4), (4,8), (5,8), (8,4), (9,4), (8,5), (3,4), (6,8), (7,3)
------------------------
Iteración 18
-----------
Abiertos = (7,2), (6,3), (5,6), (5,9), (2,6), (8,2), (9,3), (8,3), (3,3), (6,7), (10,4), (7,6), (6,6), (2,5), (6,9), (2,7), (4,9), (3,9), (2,8), (9,3), (7,8), (8,5), (8,6), (2,4)
Cerrados = (3,8), (3,7), (3,6), (3,5), (4,5), (5,5), (6,5), (7,5), (7,4), (4,8), (5,8), (8,4), (9,4), (8,5), (3,4), (6,8), (7,3), (8,3)
------------------------
Iteración 19
-----------
Abiertos = (7,2), (6,2), (5,6), (5,9), (2,6), (8,2), (9,3), (8,3), (3,3), (6,7), (10,4), (7,6), (6,6), (2,5), (6,9), (2,7), (4,9), (2,8), (3,9), (9,3), (7,8), (8,5), (8,6), (2,4), (5,3)
Cerrados = (3,8), (3,7), (3,6), (3,5), (4,5), (5,5), (6,5), (7,5), (7,4), (4,8), (5,8), (8,4), (9,4), (8,5), (3,4), (6,8), (7,3), (8,3), (6,3)
------------------------
Iteración 20
-----------
Abiertos = (7,2), (7,2), (5,6), (5,9), (2,6), (8,2), (9,3), (8,3), (3,3), (6,7), (10,4), (7,6), (6,6), (2,5), (6,9), (2,7), (4,9), (3,9), (2,8), (6,1), (9,3), (7,8), (8,5), (8,6), (2,4), (5,2), (5,3)
Cerrados = (3,8), (3,7), (3,6), (3,5), (4,5), (5,5), (6,5), (7,5), (7,4), (4,8), (5,8), (8,4), (9,4), (8,5), (3,4), (6,8), (7,3), (8,3), (6,3), (6,2)
------------------------
Iteración 21
-----------
Abiertos = (8,2), (7,2), (7,1), (5,6), (5,9), (2,6), (8,2), (9,3), (8,3), (3,3), (6,7), (10,4), (7,6), (6,6), (2,5), (6,9), (2,7), (4,9), (3,9), (2,8), (6,1), (9,3), (7,8), (8,5), (8,6), (2,4), (5,2), (5,3)
Cerrados = (3,8), (3,7), (3,6), (3,5), (4,5), (5,5), (6,5), (7,5), (7,4), (4,8), (5,8), (8,4), (9,4), (8,5), (3,4), (6,8), (7,3), (8,3), (6,3), (6,2), (7,2)
------------------------
Iteración 22
-----------
Abiertos = (8,2), (8,1), (5,6), (5,9), (2,6), (8,2), (9,3), (8,3), (3,3), (6,7), (10,4), (7,6), (6,6), (2,5), (6,9), (2,7), (4,9), (3,9), (2,8), (6,1), (6,1), (9,3), (7,8), (8,5), (8,6), (2,4), (5,2), (5,3)
Cerrados = (3,8), (3,7), (3,6), (3,5), (4,5), (5,5), (6,5), (7,5), (7,4), (4,8), (5,8), (8,4), (9,4), (8,5), (3,4), (6,8), (7,3), (8,3), (6,3), (6,2), (7,2), (7,1)
------------------------
Iteración 23
-----------
Abiertos = (8,1), (5,6), (5,9), (2,6), (9,2), (8,2), (9,3), (8,3), (3,3), (6,7), (10,4), (7,6), (6,6), (2,5), (6,9), (2,7), (4,9), (3,9), (2,8), (6,1), (6,1), (9,3), (7,8), (8,1), (8,5), (8,6), (2,4), (5,2), (5,3)
Cerrados = (3,8), (3,7), (3,6), (3,5), (4,5), (5,5), (6,5), (7,5), (7,4), (4,8), (5,8), (8,4), (9,4), (8,5), (3,4), (6,8), (7,3), (8,3), (6,3), (6,2), (7,2), (7,1), (8,2)
------------------------
Iteración 24
-----------
Abiertos = (9,1), (5,6), (5,9), (2,6), (9,2), (8,2), (9,3), (8,3), (3,3), (6,7), (10,4), (7,6), (6,6), (2,5), (6,9), (2,7), (4,9), (3,9), (2,8), (6,1), (6,1), (9,3), (7,8), (8,1), (8,5), (8,6), (2,4), (5,2), (5,3)
Cerrados = (3,8), (3,7), (3,6), (3,5), (4,5), (5,5), (6,5), (7,5), (7,4), (4,8), (5,8), (8,4), (9,4), (8,5), (3,4), (6,8), (7,3), (8,3), (6,3), (6,2), (7,2), (7,1), (8,2), (8,1)
------------------------
Iteración 25
-----------
Abiertos = (9,2), (5,6), (5,9), (2,6), (9,2), (8,2), (9,3), (8,3), (3,3), (6,7), (10,4), (7,6), (6,6), (2,5), (6,9), (2,7), (4,9), (3,9), (2,8), (10,1), (6,1), (6,1), (9,3), (7,8), (8,1), (8,5), (8,6), (2,4), (5,2), (5,3)
Cerrados = (3,8), (3,7), (3,6), (3,5), (4,5), (5,5), (6,5), (7,5), (7,4), (4,8), (5,8), (8,4), (9,4), (8,5), (3,4), (6,8), (7,3), (8,3), (6,3), (6,2), (7,2), (7,1), (8,2), (8,1), (9,1)
------------------------
Camino: (3,8) -> (3,7) -> (3,6) -> (3,5) -> (4,5) -> (5,5) -> (6,5) -> (7,5) -> (7,4) -> (8,4) -> (8,3) -> (8,2) -> (9,2)
Coste: 30
Iteración 0
-----------
Abiertos = (3,8)
Cerrados = 
------------------------
Iteración 1
-----------
Abiertos = (3,7), (4,8), (3,9), (2,8)
Cerrados = (3,8)
------------------------
Iteración 2
-----------
Abiertos = (3,6), (4,8), (2,7), (2,8), (3,9)
Cerrados = (3,8), (3,7)
------------------------
Iteración 3
-----------
Abiertos = (3,5), (4,8), (2,6), (2,7), (2,8), (3,9)
Cerrados = (3,8), (3,7), (3,6)
------------------------
Iteración 4
-----------
Abiertos = (3,5), (5,8), (2,6), (4,9), (2,7), (2,8), (3,9)
Cerrados = (3,8), (3,7), (3,6), (4,8)
------------------------
Iteración 5
-----------
Abiertos = (4,5), (5,8), (3,4), (2,6), (2,5), (4,9), (2,7), (2,8), (3,9)
Cerrados = (3,8), (3,7), (3,6), (4,8), (3,5)
------------------------
Iteración 6
-----------
Abiertos = (4,5), (3,4), (6,8), (2,6), (5,9), (2,5), (4,9), (2,7), (2,8), (3,9)
Cerrados = (3,8), (3,7), (3,6), (4,8), (3,5), (5,8)
------------------------
Iteración 7
-----------
Abiertos = (5,5), (3,4), (6,8), (2,6), (5,9), (2,5), (4,9), (2,7), (2,8), (3,9)
Cerrados = (3,8), (3,7), (3,6), (4,8), (3,5), (5,8), (4,5)
------------------------
Iteración 8
-----------
Abiertos = (6,5), (3,4), (6,8), (5,6), (2,6), (5,9), (2,5), (4,9), (2,7), (2,8), (3,9)
Cerrados = (3,8), (3,7), (3,6), (4,8), (3,5), (5,8), (4,5), (5,5)
------------------------
Iteración 9
-----------
Abiertos = (7,5), (3,4), (6,8), (5,6), (2,6), (5,9), (6,6), (2,5), (4,9), (2,7), (2,8), (3,9)
Cerrados = (3,8), (3,7), (3,6), (4,8), (3,5), (5,8), (4,5), (5,5), (6,5)
------------------------
Iteración 10
-----------
Abiertos = (7,4), (8,5), (3,4), (6,8), (5,6), (2,6), (5,9), (7,6), (6,6), (2,5), (2,7), (4,9), (2,8), (3,9)
Cerrados = (3,8), (3,7), (3,6), (4,8), (3,5), (5,8), (4,5), (5,5), (6,5), (7,5)
------------------------
Iteración 11
-----------
Abiertos = (7,3), (8,4), (8,5), (3,4), (6,8), (5,6), (2,6), (5,9), (7,6), (6,6), (2,5), (2,7), (4,9), (2,8), (3,9)
Cerrados = (3,8), (3,7), (3,6), (4,8), (3,5), (5,8), (4,5), (5,5), (6,5), (7,5), (7,4)
------------------------
Iteración 12
-----------
Abiertos = (7,3), (9,4), (8,5), (3,4), (6,8), (5,6), (2,6), (5,9), (8,3), (7,6), (6,6), (2,5), (4,9), (2,7), (2,8), (3,9), (8,5)
Cerrados = (3,8), (3,7), (3,6), (4,8), (3,5), (5,8), (4,5), (5,5), (6,5), (7,5), (7,4), (8,4)
------------------------
Iteración 13
-----------
Abiertos = (7,2), (9,4), (8,3), (8,5), (3,4), (6,8), (6,3), (5,6), (2,6), (5,9), (8,3), (7,6), (6,6), (2,5), (4,9), (2,7), (2,8), (3,9), (8,5)
Cerrados = (3,8), (3,7), (3,6), (4,8), (3,5), (5,8), (4,5), (5,5), (6,5), (7,5), (7,4), (8,4), (7,3)
------------------------
Iteración 14
-----------
Abiertos = (8,2), (8,3), (9,4), (8,5), (3,4), (6,8), (6,2), (7,1), (6,3), (5,6), (2,6), (5,9), (8,3), (7,6), (6,6), (2,5), (4,9), (2,7), (2,8), (3,9), (8,5)
Cerrados = (3,8), (3,7), (3,6), (4,8), (3,5), (5,8), (4,5), (5,5), (6,5), (7,5), (7,4), (8,4), (7,3), (7,2)
------------------------
Iteración 15
-----------
Abiertos = (8,2), (9,4), (8,5), (3,4), (6,8), (6,2), (7,1), (6,3), (5,6), (2,6), (5,9), (8,2), (8,3), (7,6), (6,6), (2,5), (4,9), (2,7), (3,9), (2,8), (9,3), (8,5)
Cerrados = (3,8), (3,7), (3,6), (4,8), (3,5), (5,8), (4,5), (5,5), (6,5), (7,5), (7,4), (8,4), (7,3), (7,2), (8,3)
------------------------
Iteración 16
-----------
Abiertos = (8,2), (8,5), (3,4), (6,8), (6,2), (7,1), (6,3), (5,6), (2,6), (5,9), (9,3), (8,2), (8,3), (10,4), (7,6), (6,6), (2,5), (2,7), (4,9), (2,8), (3,9), (9,3), (8,5)
Cerrados = (3,8), (3,7), (3,6), (4,8), (3,5), (5,8), (4,5), (5,5), (6,5), (7,5), (7,4), (8,4), (7,3), (7,2), (8,3), (9,4)
------------------------
Iteración 17
-----------
Abiertos = (8,2), (3,4), (6,8), (6,2), (7,1), (6,3), (5,6), (2,6), (5,9), (9,3), (8,2), (8,3), (10,4), (7,6), (6,6), (2,5), (2,7), (4,9), (2,8), (3,9), (9,3), (8,5), (8,6)
Cerrados = (3,8), (3,7), (3,6), (4,8), (3,5), (5,8), (4,5), (5,5), (6,5), (7,5), (7,4), (8,4), (7,3), (7,2), (8,3), (9,4), (8,5)
------------------------
Iteración 18
-----------
Abiertos = (9,2), (3,4), (6,8), (8,1), (6,2), (7,1), (6,3), (5,6), (2,6), (5,9), (9,3), (8,2), (8,3), (10,4), (7,6), (6,6), (2,5), (2,7), (4,9), (2,8), (3,9), (9,3), (8,5), (8,6)
Cerrados = (3,8), (3,7), (3,6), (4,8), (3,5), (5,8), (4,5), (5,5), (6,5), (7,5), (7,4), (8,4), (7,3), (7,2), (8,3), (9,4), (8,5), (8,2)
------------------------
Iteración 19
-----------
Abiertos = (9,2), (6,8), (8,1), (6,2), (7,1), (6,3), (5,6), (2,6), (5,9), (9,3), (8,2), (8,3), (3,3), (10,4), (7,6), (6,6), (2,5), (4,9), (2,7), (2,8), (3,9), (9,3), (8,5), (8,6), (2,4)
Cerrados = (3,8), (3,7), (3,6), (4,8), (3,5), (5,8), (4,5), (5,5), (6,5), (7,5), (7,4), (8,4), (7,3), (7,2), (8,3), (9,4), (8,5), (8,2), (3,4)
------------------------
Iteración 20
-----------
Abiertos = (9,2), (8,1), (6,2), (7,1), (6,3), (5,6), (2,6), (5,9), (9,3), (8,2), (8,3), (3,3), (6,7), (10,4), (7,6), (6,6), (6,9), (2,5), (4,9), (2,7), (3,9), (2,8), (9,3), (7,8), (8,5), (8,6), (2,4)
Cerrados = (3,8), (3,7), (3,6), (4,8), (3,5), (5,8), (4,5), (5,5), (6,5), (7,5), (7,4), (8,4), (7,3), (7,2), (8,3), (9,4), (8,5), (8,2), (3,4), (6,8)
------------------------
Iteración 21
-----------
Abiertos = (9,2), (9,1), (6,2), (7,1), (6,3), (5,6), (2,6), (5,9), (9,3), (8,2), (8,3), (3,3), (6,7), (10,4), (7,6), (6,6), (6,9), (2,5), (4,9), (2,7), (2,8), (3,9), (7,1), (9,3), (7,8), (8,5), (8,6), (2,4)
Cerrados = (3,8), (3,7), (3,6), (4,8), (3,5), (5,8), (4,5), (5,5), (6,5), (7,5), (7,4), (8,4), (7,3), (7,2), (8,3), (9,4), (8,5), (8,2), (3,4), (6,8), (8,1)
------------------------
Camino: (3,8) -> (3,7) -> (3,6) -> (3,5) -> (4,5) -> (5,5) -> (6,5) -> (7,5) -> (7,4) -> (7,3) -> (7,2) -> (8,2) -> (9,2)
Coste: 24
Iteración 0
-----------
Abiertos = (3,8)
Cerrados = 
------------------------
Iteración 1
-----------
Abiertos = (3,7), (4,8), (3,9), (2,8)
Cerrados = (3,8)
------------------------
Iteración 2
-----------
Abiertos = (3,6), (4,8), (2,7), (2,8), (3,9)
Cerrados = (3,8), (3,7)
------------------------
Iteración 3
-----------
Abiertos = (3,6), (5,8), (2,7), (4,9), (2,8), (3,9)
Cerrados = (3,8), (3,7), (4,8)
------------------------
Iteración 4
-----------
Abiertos = (3,5), (5,8), (2,6), (2,7), (4,9), (2,8), (3,9)
Cerrados = (3,8), (3,7), (4,8), (3,6)
------------------------
Iteración 5
-----------
Abiertos = (4,5), (5,8), (3,4), (2,6), (2,5), (4,9), (2,7), (2,8), (3,9)
Cerrados = (3,8), (3,7), (4,8), (3,6), (3,5)
------------------------
Iteración 6
-----------
Abiertos = (4,5), (3,4), (6,8), (2,6), (5,9), (2,5), (2,7), (4,9), (2,8), (3,9)
Cerrados = (3,8), (3,7), (4,8), (3,6), (3,5), (5,8)
------------------------
Iteración 7
-----------
Abiertos = (4,5), (6,8), (2,6), (5,9), (3,3), (2,5), (4,9), (2,7), (3,9), (2,8), (2,4)
Cerrados = (3,8), (3,7), (4,8), (3,6), (3,5), (5,8), (3,4)
------------------------
Iteración 8
-----------
Abiertos = (4,5), (2,6), (5,9), (3,3), (6,7), (6,9), (2,5), (4,9), (2,7), (2,8), (3,9), (7,8), (2,4)
Cerrados = (3,8), (3,7), (4,8), (3,6), (3,5), (5,8), (3,4), (6,8)
------------------------
Iteración 9
-----------
Abiertos = (5,5), (5,9), (2,6), (3,3), (6,7), (6,9), (2,5), (4,9), (2,7), (2,8), (3,9), (7,8), (2,4)
Cerrados = (3,8), (3,7), (4,8), (3,6), (3,5), (5,8), (3,4), (6,8), (4,5)
------------------------
Iteración 10
-----------
Abiertos = (6,5), (5,6), (2,6), (5,9), (3,3), (6,7), (6,9), (2,5), (4,9), (2,7), (2,8), (3,9), (7,8), (2,4)
Cerrados = (3,8), (3,7), (4,8), (3,6), (3,5), (5,8), (3,4), (6,8), (4,5), (5,5)
------------------------
Iteración 11
-----------
Abiertos = (6,5), (2,6), (5,9), (3,3), (6,7), (6,6), (6,9), (2,5), (4,9), (2,7), (2,8), (3,9), (7,8), (2,4)
Cerrados = (3,8), (3,7), (4,8), (3,6), (3,5), (5,8), (3,4), (6,8), (4,5), (5,5), (5,6)
------------------------
Iteración 12
-----------
Abiertos = (6,5), (5,9), (3,3), (6,7), (6,6), (2,5), (6,9), (2,5), (4,9), (2,7), (3,9), (2,8), (1,6), (7,8), (2,4), (2,7)
Cerrados = (3,8), (3,7), (4,8), (3,6), (3,5), (5,8), (3,4), (6,8), (4,5), (5,5), (5,6), (2,6)
------------------------
Iteración 13
-----------
Abiertos = (7,5), (5,9), (3,3), (6,7), (6,6), (6,6), (2,5), (6,9), (2,5), (4,9), (2,7), (2,8), (3,9), (1,6), (7,8), (2,4), (2,7)
Cerrados = (3,8), (3,7), (4,8), (3,6), (3,5), (5,8), (3,4), (6,8), (4,5), (5,5), (5,6), (2,6), (6,5)
------------------------
Iteración 14
-----------
Abiertos = (7,5), (6,9), (3,3), (6,7), (6,6), (6,6), (2,5), (6,9), (2,5), (2,7), (4,9), (3,9), (2,8), (1,6), (7,8), (2,4), (2,7), (4,9), (5,10)
Cerrados = (3,8), (3,7), (4,8), (3,6), (3,5), (5,8), (3,4), (6,8), (4,5), (5,5), (5,6), (2,6), (6,5), (5,9)
------------------------
Iteración 15
-----------
Abiertos = (7,5), (3,3), (6,7), (6,6), (6,6), (2,5), (6,9), (2,5), (2,7), (4,9), (2,8), (3,9), (1,6), (7,8), (2,4), (4,9), (2,7), (5,10), (7,9), (6,10)
Cerrados = (3,8), (3,7), (4,8), (3,6), (3,5), (5,8), (3,4), (6,8), (4,5), (5,5), (5,6), (2,6), (6,5), (5,9), (6,9)
------------------------
Iteración 16
-----------
Abiertos = (7,4), (8,5), (3,3), (6,7), (7,6), (6,6), (6,6), (2,5), (6,9), (2,5), (2,7), (4,9), (2,8), (3,9), (1,6), (7,8), (2,4), (4,9), (2,7), (5,10), (7,9), (6,10)
Cerrados = (3,8), (3,7), (4,8), (3,6), (3,5), (5,8), (3,4), (6,8), (4,5), (5,5), (5,6), (2,6), (6,5), (5,9), (6,9), (7,5)
------------------------
Iteración 17
-----------
Abiertos = (7,4), (8,4), (3,3), (6,7), (7,6), (6,6), (6,6), (2,5), (6,9), (2,5), (2,7), (4,9), (2,8), (3,9), (1,6), (7,8), (8,6), (2,4), (4,9), (5,10), (2,7), (7,9), (6,10)
Cerrados = (3,8), (3,7), (4,8), (3,6), (3,5), (5,8), (3,4), (6,8), (4,5), (5,5), (5,6), (2,6), (6,5), (5,9), (6,9), (7,5), (8,5)
------------------------
Iteración 18
-----------
Abiertos = (7,3), (8,4), (8,4), (3,3), (6,7), (7,6), (6,6), (6,6), (2,5), (6,9), (2,5), (2,7), (4,9), (2,8), (3,9), (1,6), (7,8), (8,6), (2,4), (4,9), (5,10), (2,7), (7,9), (6,10)
Cerrados = (3,8), (3,7), (4,8), (3,6), (3,5), (5,8), (3,4), (6,8), (4,5), (5,5), (5,6), (2,6), (6,5), (5,9), (6,9), (7,5), (8,5), (7,4)
------------------------
Iteración 19
-----------
Abiertos = (7,2), (8,3), (8,4), (6,3), (8,4), (3,3), (6,7), (7,6), (6,6), (6,6), (2,5), (6,9), (2,5), (2,7), (4,9), (2,8), (3,9), (1,6), (7,8), (8,6), (2,4), (4,9), (5,10), (2,7), (7,9), (6,10)
Cerrados = (3,8), (3,7), (4,8), (3,6), (3,5), (5,8), (3,4), (6,8), (4,5), (5,5), (5,6), (2,6), (6,5), (5,9), (6,9), (7,5), (8,5), (7,4), (7,3)
------------------------
Iteración 20
-----------
Abiertos = (7,2), (8,2), (8,4), (6,3), (9,3), (8,4), (3,3), (6,7), (7,6), (6,6), (6,6), (2,5), (6,9), (2,5), (2,7), (4,9), (2,8), (3,9), (1,6), (7,8), (8,4), (8,6), (2,4), (2,7), (4,9), (5,10), (7,9), (6,10)
Cerrados = (3,8), (3,7), (4,8), (3,6), (3,5), (5,8), (3,4), (6,8), (4,5), (5,5), (5,6), (2,6), (6,5), (5,9), (6,9), (7,5), (8,5), (7,4), (7,3), (8,3)
------------------------
Iteración 21
-----------
Abiertos = (7,2), (9,2), (8,4), (6,3), (9,3), (8,4), (3,3), (6,7), (7,2), (8,1), (7,6), (6,6), (6,6), (2,5), (6,9), (2,5), (2,7), (4,9), (2,8), (3,9), (1,6), (7,8), (8,4), (8,6), (2,4), (2,7), (4,9), (5,10), (7,9), (6,10)
Cerrados = (3,8), (3,7), (4,8), (3,6), (3,5), (5,8), (3,4), (6,8), (4,5), (5,5), (5,6), (2,6), (6,5), (5,9), (6,9), (7,5), (8,5), (7,4), (7,3), (8,3), (8,2)
------------------------
Camino: (3,8) -> (3,7) -> (3,6) -> (3,5) -> (4,5) -> (5,5) -> (6,5) -> (7,5) -> (7,4) -> (7,3) -> (8,3) -> (8,2) -> (9,2)
Coste: 27
Iteración 0
-----------
Abiertos = (3,8)
Cerrados = 
------------------------
Iteración 1
-----------
Abiertos = (3,7), (4,8), (3,9), (2,8)
Cerrados = (3,8)
------------------------
Iteración 2
-----------
Abiertos = (3,6), (4,8), (2,7), (2,8), (3,9)
Cerrados = (3,8), (3,7)
------------------------
Iteración 3
-----------
Abiertos = (3,6), (5,8), (2,7), (4,9), (2,8), (3,9)
Cerrados = (3,8), (3,7), (4,8)
------------------------
Iteración 4
-----------
Abiertos = (3,5), (5,8), (2,6), (2,7), (4,9), (2,8), (3,9)
Cerrados = (3,8), (3,7), (4,8), (3,6)
------------------------
Iteración 5
-----------
Abiertos = (4,5), (5,8), (3,4), (2,6), (2,5), (4,9), (2,7), (2,8), (3,9)
Cerrados = (3,8), (3,7), (4,8), (3,6), (3,5)
------------------------
Iteración 6
-----------
Abiertos = (4,5), (3,4), (6,8), (2,6), (5,9), (2,5), (2,7), (4,9), (2,8), (3,9)
Cerrados = (3,8), (3,7), (4,8), (3,6), (3,5), (5,8)
------------------------
Iteración 7
-----------
Abiertos = (4,5), (6,8), (2,6), (5,9), (3,3), (2,5), (4,9), (2,7), (3,9), (2,8), (2,4)
Cerrados = (3,8), (3,7), (4,8), (3,6), (3,5), (5,8), (3,4)
------------------------
Iteración 8
-----------
Abiertos = (5,5), (6,8), (2,6), (5,9), (3,3), (2,5), (4,9), (2,7), (3,9), (2,8), (2,4)
Cerrados = (3,8), (3,7), (4,8), (3,6), (3,5), (5,8), (3,4), (4,5)
------------------------
Iteración 9
-----------
Abiertos = (6,5), (6,8), (5,6), (2,6), (5,9), (3,3), (2,5), (4,9), (2,7), (3,9), (2,8), (2,4)
Cerrados = (3,8), (3,7), (4,8), (3,6), (3,5), (5,8), (3,4), (4,5), (5,5)
------------------------
Iteración 10
-----------
Abiertos = (7,5), (6,8), (5,6), (2,6), (5,9), (3,3), (6,6), (2,5), (4,9), (2,7), (2,8), (3,9), (2,4)
Cerrados = (3,8), (3,7), (4,8), (3,6), (3,5), (5,8), (3,4), (4,5), (5,5), (6,5)
------------------------
Iteración 11
-----------
Abiertos = (7,4), (8,5), (6,8), (5,6), (2,6), (5,9), (3,3), (7,6), (6,6), (2,5), (4,9), (2,7), (2,8), (3,9), (2,4)
Cerrados = (3,8), (3,7), (4,8), (3,6), (3,5), (5,8), (3,4), (4,5), (5,5), (6,5), (7,5)
------------------------
Iteración 12
-----------
Abiertos = (7,4), (6,8), (5,6), (2,6), (5,9), (8,4), (3,3), (7,6), (6,6), (2,5), (4,9), (2,7), (3,9), (2,8), (8,6), (2,4)
Cerrados = (3,8), (3,7), (4,8), (3,6), (3,5), (5,8), (3,4), (4,5), (5,5), (6,5), (7,5), (8,5)
------------------------
Iteración 13
-----------
Abiertos = (7,4), (5,6), (2,6), (5,9), (8,4), (3,3), (6,7), (7,6), (6,6), (6,9), (2,5), (4,9), (2,7), (3,9), (2,8), (7,8), (8,6), (2,4)
Cerrados = (3,8), (3,7), (4,8), (3,6), (3,5), (5,8), (3,4), (4,5), (5,5), (6,5), (7,5), (8,5), (6,8)
------------------------
Iteración 14
-----------
Abiertos = (7,4), (2,6), (5,9), (8,4), (3,3), (6,7), (7,6), (6,6), (6,6), (6,9), (2,5), (2,7), (4,9), (2,8), (3,9), (7,8), (8,6), (2,4)
Cerrados = (3,8), (3,7), (4,8), (3,6), (3,5), (5,8), (3,4), (4,5), (5,5), (6,5), (7,5), (8,5), (6,8), (5,6)
------------------------
Iteración 15
-----------
Abiertos = (7,4), (5,9), (8,4), (3,3), (6,7), (7,6), (6,6), (6,6), (6,9), (2,5), (2,5), (4,9), (2,7), (3,9), (2,8), (1,6), (7,8), (8,6), (2,4), (2,7)
Cerrados = (3,8), (3,7), (4,8), (3,6), (3,5), (5,8), (3,4), (4,5), (5,5), (6,5), (7,5), (8,5), (6,8), (5,6), (2,6)
------------------------
Iteración 16
-----------
Abiertos = (7,3), (8,4), (5,9), (8,4), (3,3), (6,7), (7,6), (6,6), (6,6), (6,9), (2,5), (2,5), (4,9), (2,7), (3,9), (2,8), (1,6), (7,8), (8,6), (2,4), (2,7)
Cerrados = (3,8), (3,7), (4,8), (3,6), (3,5), (5,8), (3,4), (4,5), (5,5), (6,5), (7,5), (8,5), (6,8), (5,6), (2,6), (7,4)
------------------------
Iteración 17
-----------
Abiertos = (7,2), (8,3), (8,4), (6,3), (5,9), (8,4), (3,3), (6,7), (7,6), (6,6), (6,6), (6,9), (2,5), (2,5), (4,9), (2,7), (3,9), (2,8), (1,6), (7,8), (8,6), (2,4), (2,7)
Cerrados = (3,8), (3,7), (4,8), (3,6), (3,5), (5,8), (3,4), (4,5), (5,5), (6,5), (7,5), (8,5), (6,8), (5,6), (2,6), (7,4), (7,3)
------------------------
Iteración 18
-----------
Abiertos = (8,2), (8,3), (8,4), (6,2), (7,1), (6,3), (5,9), (8,4), (3,3), (6,7), (7,6), (6,6), (6,6), (6,9), (2,5), (2,5), (4,9), (2,7), (3,9), (2,8), (1,6), (7,8), (8,6), (2,4), (2,7)
Cerrados = (3,8), (3,7), (4,8), (3,6), (3,5), (5,8), (3,4), (4,5), (5,5), (6,5), (7,5), (8,5), (6,8), (5,6), (2,6), (7,4), (7,3), (7,2)
------------------------
Iteración 19
-----------
Abiertos = (9,2), (8,3), (8,4), (8,1), (6,2), (7,1), (6,3), (5,9), (8,4), (3,3), (6,7), (8,3), (7,6), (6,6), (6,6), (6,9), (2,5), (2,5), (2,7), (4,9), (2,8), (3,9), (1,6), (7,8), (8,6), (2,4), (2,7)
Cerrados = (3,8), (3,7), (4,8), (3,6), (3,5), (5,8), (3,4), (4,5), (5,5), (6,5), (7,5), (8,5), (6,8), (5,6), (2,6), (7,4), (7,3), (7,2), (8,2)
------------------------
Camino: (3,8) -> (3,7) -> (3,6) -> (3,5) -> (4,5) -> (5,5) -> (6,5) -> (7,5) -> (7,4) -> (7,3) -> (7,2) -> (8,2) -> (9,2)
Coste: 24
Iteración 0
-----------
Abiertos = (3,8)
Cerrados = 
------------------------
Iteración 1
-----------
Abiertos = (3,7), (4,8), (3,9), (2,8)
Cerrados = (3,8)
------------------------
Iteración 2
-----------
Abiertos = (5,8), (3,7), (4,9), (2,8), (3,9)
Cerrados = (3,8), (4,8)
------------------------
Iteración 3
-----------
Abiertos = (5,8), (3,6), (2,7), (4,9), (2,8), (3,9)
Cerrados = (3,8), (4,8), (3,7)
------------------------
Iteración 4
-----------
Abiertos = (3,6), (6,8), (5,9), (2,7), (4,9), (2,8), (3,9)
Cerrados = (3,8), (4,8), (3,7), (5,8)
------------------------
Iteración 5
-----------
Abiertos = (3,5), (6,8), (5,9), (2,6), (4,9), (2,7), (2,8), (3,9)
Cerrados = (3,8), (4,8), (3,7), (5,8), (3,6)
------------------------
Iteración 6
-----------
Abiertos = (3,5), (5,9), (2,6), (6,7), (6,9), (4,9), (2,7), (3,9), (2,8), (7,8)
Cerrados = (3,8), (4,8), (3,7), (5,8), (3,6), (6,8)
------------------------
Iteración 7
-----------
Abiertos = (3,5), (6,9), (2,6), (6,7), (6,9), (4,9), (2,7), (3,9), (2,8), (7,8), (5,10), (4,9)
Cerrados = (3,8), (4,8), (3,7), (5,8), (3,6), (6,8), (5,9)
------------------------
Iteración 8
-----------
Abiertos = (3,5), (2,6), (6,7), (6,9), (4,9), (2,7), (3,9), (2,8), (7,8), (5,10), (4,9), (7,9), (6,10)
Cerrados = (3,8), (4,8), (3,7), (5,8), (3,6), (6,8), (5,9), (6,9)
------------------------
Iteración 9
-----------
Abiertos = (3,5), (6,7), (2,5), (6,9), (4,9), (2,7), (3,9), (2,8), (1,6), (7,8), (2,7), (5,10), (4,9), (7,9), (6,10)
Cerrados = (3,8), (4,8), (3,7), (5,8), (3,6), (6,8), (5,9), (6,9), (2,6)
------------------------
Iteración 10
-----------
Abiertos = (3,5), (2,5), (6,9), (4,9), (2,7), (3,9), (2,8), (1,6), (6,6), (7,8), (2,7), (5,10), (4,9), (7,7), (7,9), (6,10)
Cerrados = (3,8), (4,8), (3,7), (5,8), (3,6), (6,8), (5,9), (6,9), (2,6), (6,7)
------------------------
Iteración 11
-----------
Abiertos = (3,5), (3,5), (6,9), (4,9), (2,7), (3,9), (2,8), (1,6), (6,6), (7,8), (2,4), (1,5), (2,7), (4,9), (5,10), (7,7), (7,9), (6,10)
Cerrados = (3,8), (4,8), (3,7), (5,8), (3,6), (6,8), (5,9), (6,9), (2,6), (6,7), (2,5)
------------------------
Iteración 12
-----------
Abiertos = (4,5), (3,5), (3,4), (6,9), (4,9), (2,7), (3,9), (2,8), (1,6), (6,6), (7,8), (2,4), (1,5), (2,7), (4,9), (5,10), (7,7), (7,9), (6,10)
Cerrados = (3,8), (4,8), (3,7), (5,8), (3,6), (6,8), (5,9), (6,9), (2,6), (6,7), (2,5), (3,5)
------------------------
Iteración 13
-----------
Abiertos = (4,5), (3,3), (6,9), (4,9), (2,7), (3,9), (2,8), (1,6), (6,6), (7,8), (2,4), (2,4), (1,5), (2,7), (5,10), (4,9), (7,7), (7,9), (6,10)
Cerrados = (3,8), (4,8), (3,7), (5,8), (3,6), (6,8), (5,9), (6,9), (2,6), (6,7), (2,5), (3,5), (3,4)
------------------------
Iteración 14
-----------
Abiertos = (4,5), (3,2), (6,9), (4,9), (2,7), (3,9), (2,8), (1,6), (4,3), (6,6), (7,8), (2,3), (2,4), (2,4), (1,5), (4,9), (2,7), (5,10), (7,7), (7,9), (6,10)
Cerrados = (3,8), (4,8), (3,7), (5,8), (3,6), (6,8), (5,9), (6,9), (2,6), (6,7), (2,5), (3,5), (3,4), (3,3)
------------------------
Iteración 15
-----------
Abiertos = (4,5), (4,2), (6,9), (4,9), (2,7), (3,9), (2,8), (1,6), (4,3), (6,6), (7,8), (2,2), (3,1), (2,3), (2,4), (2,4), (1,5), (2,7), (4,9), (5,10), (7,7), (7,9), (6,10)
Cerrados = (3,8), (4,8), (3,7), (5,8), (3,6), (6,8), (5,9), (6,9), (2,6), (6,7), (2,5), (3,5), (3,4), (3,3), (3,2)
------------------------
Iteración 16
-----------
Abiertos = (4,5), (6,9), (4,9), (2,7), (3,9), (2,8), (1,6), (5,2), (4,3), (6,6), (7,8), (4,1), (2,2), (3,1), (2,3), (2,4), (2,4), (1,5), (4,9), (5,10), (2,7), (7,7), (4,3), (7,9), (6,10)
Cerrados = (3,8), (4,8), (3,7), (5,8), (3,6), (6,8), (5,9), (6,9), (2,6), (6,7), (2,5), (3,5), (3,4), (3,3), (3,2), (4,2)
------------------------
Iteración 17
-----------
Abiertos = (5,5), (6,9), (4,9), (2,7), (3,9), (2,8), (1,6), (5,2), (4,3), (6,6), (7,8), (4,1), (2,2), (3,1), (2,3), (2,4), (2,4), (1,5), (4,9), (5,10), (2,7), (7,7), (4,3), (7,9), (6,10)
Cerrados = (3,8), (4,8), (3,7), (5,8), (3,6), (6,8), (5,9), (6,9), (2,6), (6,7), (2,5), (3,5), (3,4), (3,3), (3,2), (4,2), (4,5)
------------------------
Iteración 18
-----------
Abiertos = (6,5), (5,6), (2,7), (4,9), (3,9), (2,8), (1,6), (5,2), (4,3), (6,6), (7,8), (4,1), (2,2), (3,1), (2,3), (2,4), (2,4), (1,5), (4,9), (5,10), (2,7), (7,7), (4,3), (7,9), (6,10)
Cerrados = (3,8), (4,8), (3,7), (5,8), (3,6), (6,8), (5,9), (6,9), (2,6), (6,7), (2,5), (3,5), (3,4), (3,3), (3,2), (4,2), (4,5), (5,5)
------------------------
Iteración 19
-----------
Abiertos = (7,5), (5,6), (6,6), (2,7), (4,9), (3,9), (2,8), (1,6), (5,2), (4,3), (6,6), (7,8), (4,1), (2,2), (3,1), (2,3), (2,4), (2,4), (1,5), (4,9), (5,10), (2,7), (7,7), (4,3), (7,9), (6,10)
Cerrados = (3,8), (4,8), (3,7), (5,8), (3,6), (6,8), (5,9), (6,9), (2,6), (6,7), (2,5), (3,5), (3,4), (3,3), (3,2), (4,2), (4,5), (5,5), (6,5)
------------------------
Iteración 20
-----------
Abiertos = (7,4), (8,5), (5,6), (7,6), (6,6), (2,7), (4,9), (3,9), (2,8), (1,6), (5,2), (4,3), (6,6), (7,8), (4,1), (2,2), (3,1), (2,3), (2,4), (2,4), (1,5), (4,9), (5,10), (2,7), (7,7), (4,3), (7,9), (6,10)
Cerrados = (3,8), (4,8), (3,7), (5,8), (3,6), (6,8), (5,9), (6,9), (2,6), (6,7), (2,5), (3,5), (3,4), (3,3), (3,2), (4,2), (4,5), (5,5), (6,5), (7,5)
------------------------
Iteración 21
-----------
Abiertos = (7,4), (5,6), (8,4), (7,6), (6,6), (2,7), (4,9), (3,9), (2,8), (1,6), (5,2), (4,3), (6,6), (7,8), (8,6), (4,1), (2,2), (3,1), (2,3), (2,4), (2,4), (1,5), (2,7), (5,10), (4,9), (7,7), (4,3), (7,9), (6,10)
Cerrados = (3,8), (4,8), (3,7), (5,8), (3,6), (6,8), (5,9), (6,9), (2,6), (6,7), (2,5), (3,5), (3,4), (3,3), (3,2), (4,2), (4,5), (5,5), (6,5), (7,5), (8,5)
------------------------
Iteración 22
-----------
Abiertos = (7,4), (8,4), (7,6), (6,6), (6,6), (2,7), (4,9), (3,9), (2,8), (1,6), (5,2), (4,3), (6,6), (7,8), (8,6), (4,1), (2,2), (3,1), (2,3), (2,4), (2,4), (1,5), (2,7), (5,10), (4,9), (7,7), (4,3), (7,9), (6,10)
Cerrados = (3,8), (4,8), (3,7), (5,8), (3,6), (6,8), (5,9), (6,9), (2,6), (6,7), (2,5), (3,5), (3,4), (3,3), (3,2), (4,2), (4,5), (5,5), (6,5), (7,5), (8,5), (5,6)
------------------------
Iteración 23
-----------
Abiertos = (7,3), (8,4), (8,4), (7,6), (6,6), (6,6), (2,7), (4,9), (3,9), (2,8), (1,6), (5,2), (4,3), (6,6), (7,8), (8,6), (4,1), (2,2), (3,1), (2,3), (2,4), (2,4), (1,5), (2,7), (5,10), (4,9), (7,7), (4,3), (7,9), (6,10)
Cerrados = (3,8), (4,8), (3,7), (5,8), (3,6), (6,8), (5,9), (6,9), (2,6), (6,7), (2,5), (3,5), (3,4), (3,3), (3,2), (4,2), (4,5), (5,5), (6,5), (7,5), (8,5), (5,6), (7,4)
------------------------
Iteración 24
-----------
Abiertos = (7,3), (9,4), (8,4), (7,6), (6,6), (6,6), (2,7), (4,9), (3,9), (2,8), (1,6), (8,3), (5,2), (4,3), (6,6), (7,8), (8,6), (4,1), (2,2), (3,1), (2,3), (2,4), (2,4), (1,5), (2,7), (5,10), (4,9), (7,7), (4,3), (7,9), (6,10)
Cerrados = (3,8), (4,8), (3,7), (5,8), (3,6), (6,8), (5,9), (6,9), (2,6), (6,7), (2,5), (3,5), (3,4), (3,3), (3,2), (4,2), (4,5), (5,5), (6,5), (7,5), (8,5), (5,6), (7,4), (8,4)
------------------------
Iteración 25
-----------
Abiertos = (7,2), (8,3), (6,3), (9,4), (8,4), (7,6), (6,6), (6,6), (2,7), (4,9), (3,9), (2,8), (1,6), (8,3), (5,2), (4,3), (6,6), (7,8), (8,6), (4,1), (2,2), (3,1), (2,3), (2,4), (2,4), (1,5), (2,7), (5,10), (4,9), (7,7), (4,3), (7,9), (6,10)
Cerrados = (3,8), (4,8), (3,7), (5,8), (3,6), (6,8), (5,9), (6,9), (2,6), (6,7), (2,5), (3,5), (3,4), (3,3), (3,2), (4,2), (4,5), (5,5), (6,5), (7,5), (8,5), (5,6), (7,4), (8,4), (7,3)
------------------------
Iteración 26
-----------
Abiertos = (8,2), (8,3), (7,1), (6,2), (6,3), (9,4), (8,4), (7,6), (6,6), (6,6), (2,7), (4,9), (3,9), (2,8), (1,6), (8,3), (5,2), (4,3), (6,6), (7,8), (8,6), (4,1), (2,2), (3,1), (2,3), (2,4), (2,4), (1,5), (2,7), (5,10), (4,9), (7,7), (4,3), (7,9), (6,10)
Cerrados = (3,8), (4,8), (3,7), (5,8), (3,6), (6,8), (5,9), (6,9), (2,6), (6,7), (2,5), (3,5), (3,4), (3,3), (3,2), (4,2), (4,5), (5,5), (6,5), (7,5), (8,5), (5,6), (7,4), (8,4), (7,3), (7,2)
------------------------
Iteración 27
-----------
Abiertos = (9,2), (8,3), (8,1), (7,1), (6,2), (6,3), (9,4), (8,4), (8,3), (7,6), (6,6), (6,6), (2,7), (4,9), (3,9), (2,8), (1,6), (8,3), (5,2), (4,3), (6,6), (7,8), (8,6), (4,1), (2,2), (3,1), (2,3), (2,4), (2,4), (1,5), (2,7), (5,10), (4,9), (7,7), (4,3), (7,9), (6,10)
Cerrados = (3,8), (4,8), (3,7), (5,8), (3,6), (6,8), (5,9), (6,9), (2,6), (6,7), (2,5), (3,5), (3,4), (3,3), (3,2), (4,2), (4,5), (5,5), (6,5), (7,5), (8,5), (5,6), (7,4), (8,4), (7,3), (7,2), (8,2)
------------------------
Iteración 28
-----------
Abiertos = (9,2), (8,1), (7,1), (6,2), (6,3), (9,4), (8,4), (8,3), (7,6), (6,6), (6,6), (2,7), (4,9), (3,9), (2,8), (1,6), (8,3), (5,2), (4,3), (6,6), (7,8), (8,6), (4,1), (2,2), (3,1), (2,3), (2,4), (2,4), (1,5), (4,9), (2,7), (5,10), (9,3), (7,7), (4,3), (7,9), (6,10)
Cerrados = (3,8), (4,8), (3,7), (5,8), (3,6), (6,8), (5,9), (6,9), (2,6), (6,7), (2,5), (3,5), (3,4), (3,3), (3,2), (4,2), (4,5), (5,5), (6,5), (7,5), (8,5), (5,6), (7,4), (8,4), (7,3), (7,2), (8,2), (8,3)
------------------------
Camino: (3,8) -> (3,7) -> (3,6) -> (3,5) -> (4,5) -> (5,5) -> (6,5) -> (7,5) -> (7,4) -> (7,3) -> (7,2) -> (8,2) -> (9,2)
Coste: 24
Iteración 0
-----------
Abiertos = (3,8)
Cerrados = 
------------------------
Iteración 1
-----------
Abiertos = (3,7), (4,8), (3,9), (2,8)
Cerrados = (3,8)
------------------------
Iteración 2
-----------
Abiertos = (5,8), (3,7), (4,9), (2,8), (3,9)
Cerrados = (3,8), (4,8)
------------------------
Iteración 3
-----------
Abiertos = (3,7), (6,8), (5,9), (4,9), (2,8), (3,9)
Cerrados = (3,8), (4,8), (5,8)
------------------------
Iteración 4
-----------
Abiertos = (3,7), (5,9), (6,7), (6,9), (4,9), (3,9), (2,8), (7,8)
Cerrados = (3,8), (4,8), (5,8), (6,8)
------------------------
Iteración 5
-----------
Abiertos = (3,7), (6,9), (6,7), (6,9), (4,9), (3,9), (2,8), (7,8), (4,9), (5,10)
Cerrados = (3,8), (4,8), (5,8), (6,8), (5,9)
------------------------
Iteración 6
-----------
Abiertos = (3,6), (6,9), (6,7), (6,9), (2,7), (4,9), (3,9), (2,8), (7,8), (5,10), (4,9)
Cerrados = (3,8), (4,8), (5,8), (6,8), (5,9), (3,7)
------------------------
Iteración 7
-----------
Abiertos = (3,6), (6,7), (6,9), (2,7), (4,9), (3,9), (2,8), (7,8), (4,9), (5,10), (7,9), (6,10)
Cerrados = (3,8), (4,8), (5,8), (6,8), (5,9), (3,7), (6,9)
------------------------
Iteración 8
-----------
Abiertos = (3,6), (6,9), (2,7), (4,9), (3,9), (2,8), (6,6), (7,8), (4,9), (5,10), (7,7), (7,9), (6,10)
Cerrados = (3,8), (4,8), (5,8), (6,8), (5,9), (3,7), (6,9), (6,7)
------------------------
Iteración 9
-----------
Abiertos = (3,5), (2,6), (6,9), (2,7), (4,9), (3,9), (2,8), (6,6), (7,8), (4,9), (5,10), (7,7), (7,9), (6,10)
Cerrados = (3,8), (4,8), (5,8), (6,8), (5,9), (3,7), (6,9), (6,7), (3,6)
------------------------
Iteración 10
-----------
Abiertos = (3,5), (6,9), (2,5), (2,7), (4,9), (3,9), (2,8), (1,6), (6,6), (7,8), (2,7), (4,9), (5,10), (7,7), (7,9), (6,10)
Cerrados = (3,8), (4,8), (5,8), (6,8), (5,9), (3,7), (6,9), (6,7), (3,6), (2,6)
------------------------
Iteración 11
-----------
Abiertos = (4,5), (3,4), (6,9), (2,5), (2,5), (2,7), (4,9), (2,8), (3,9), (1,6), (6,6), (7,8), (4,9), (2,7), (5,10), (7,7), (7,9), (6,10)
Cerrados = (3,8), (4,8), (5,8), (6,8), (5,9), (3,7), (6,9), (6,7), (3,6), (2,6), (3,5)
------------------------
Iteración 12
-----------
Abiertos = (4,5), (3,3), (6,9), (2,5), (2,5), (2,7), (4,9), (2,8), (3,9), (1,6), (6,6), (7,8), (2,4), (4,9), (5,10), (2,7), (7,7), (7,9), (6,10)
Cerrados = (3,8), (4,8), (5,8), (6,8), (5,9), (3,7), (6,9), (6,7), (3,6), (2,6), (3,5), (3,4)
------------------------
Iteración 13
-----------
Abiertos = (5,5), (3,3), (6,9), (2,5), (2,5), (2,7), (4,9), (2,8), (3,9), (1,6), (6,6), (7,8), (2,4), (4,9), (5,10), (2,7), (7,7), (7,9), (6,10)
Cerrados = (3,8), (4,8), (5,8), (6,8), (5,9), (3,7), (6,9), (6,7), (3,6), (2,6), (3,5), (3,4), (4,5)
------------------------
Iteración 14
-----------
Abiertos = (5,5), (3,2), (6,9), (2,5), (2,5), (2,7), (4,9), (2,8), (3,9), (1,6), (4,3), (6,6), (7,8), (2,3), (2,4), (2,7), (5,10), (4,9), (7,7), (7,9), (6,10)
Cerrados = (3,8), (4,8), (5,8), (6,8), (5,9), (3,7), (6,9), (6,7), (3,6), (2,6), (3,5), (3,4), (4,5), (3,3)
------------------------
Iteración 15
-----------
Abiertos = (5,5), (4,2), (6,9), (2,5), (2,5), (2,7), (4,9), (2,8), (3,9), (1,6), (4,3), (6,6), (7,8), (2,2), (3,1), (2,3), (2,4), (2,7), (5,10), (4,9), (7,7), (7,9), (6,10)
Cerrados = (3,8), (4,8), (5,8), (6,8), (5,9), (3,7), (6,9), (6,7), (3,6), (2,6), (3,5), (3,4), (4,5), (3,3), (3,2)
------------------------
Iteración 16
-----------
Abiertos = (6,5), (5,6), (4,2), (6,9), (2,5), (2,5), (2,7), (4,9), (2,8), (3,9), (1,6), (4,3), (6,6), (7,8), (2,2), (3,1), (2,3), (2,4), (2,7), (5,10), (4,9), (7,7), (7,9), (6,10)
Cerrados = (3,8), (4,8), (5,8), (6,8), (5,9), (3,7), (6,9), (6,7), (3,6), (2,6), (3,5), (3,4), (4,5), (3,3), (3,2), (5,5)
------------------------
Iteración 17
-----------
Abiertos = (6,5), (4,2), (6,6), (6,9), (2,5), (2,5), (2,7), (4,9), (2,8), (3,9), (1,6), (4,3), (6,6), (7,8), (2,2), (3,1), (2,3), (2,4), (2,7), (5,10), (4,9), (7,7), (7,9), (6,10)
Cerrados = (3,8), (4,8), (5,8), (6,8), (5,9), (3,7), (6,9), (6,7), (3,6), (2,6), (3,5), (3,4), (4,5), (3,3), (3,2), (5,5), (5,6)
------------------------
Iteración 18
-----------
Abiertos = (7,5), (4,2), (6,6), (6,6), (6,9), (2,5), (2,5), (2,7), (4,9), (2,8), (3,9), (1,6), (4,3), (6,6), (7,8), (2,2), (3,1), (2,3), (2,4), (2,7), (5,10), (4,9), (7,7), (7,9), (6,10)
Cerrados = (3,8), (4,8), (5,8), (6,8), (5,9), (3,7), (6,9), (6,7), (3,6), (2,6), (3,5), (3,4), (4,5), (3,3), (3,2), (5,5), (5,6), (6,5)
------------------------
Iteración 19
-----------
Abiertos = (7,4), (8,5), (4,2), (7,6), (6,6), (6,6), (6,9), (2,5), (2,5), (2,7), (4,9), (2,8), (3,9), (1,6), (4,3), (6,6), (7,8), (2,2), (3,1), (2,3), (2,4), (2,7), (5,10), (4,9), (7,7), (7,9), (6,10)
Cerrados = (3,8), (4,8), (5,8), (6,8), (5,9), (3,7), (6,9), (6,7), (3,6), (2,6), (3,5), (3,4), (4,5), (3,3), (3,2), (5,5), (5,6), (6,5), (7,5)
------------------------
Iteración 20
-----------
Abiertos = (7,4), (8,4), (4,2), (7,6), (6,6), (6,6), (6,9), (2,5), (2,5), (2,7), (4,9), (2,8), (3,9), (1,6), (4,3), (6,6), (7,8), (8,6), (2,2), (3,1), (2,3), (2,4), (4,9), (2,7), (5,10), (7,7), (7,9), (6,10)
Cerrados = (3,8), (4,8), (5,8), (6,8), (5,9), (3,7), (6,9), (6,7), (3,6), (2,6), (3,5), (3,4), (4,5), (3,3), (3,2), (5,5), (5,6), (6,5), (7,5), (8,5)
------------------------
Iteración 21
-----------
Abiertos = (7,4), (9,4), (4,2), (7,6), (6,6), (6,6), (6,9), (2,5), (2,5), (2,7), (4,9), (2,8), (3,9), (1,6), (8,3), (4,3), (6,6), (7,8), (7,4), (8,6), (2,2), (3,1), (2,3), (2,4), (5,10), (4,9), (2,7), (7,7), (7,9), (6,10)
Cerrados = (3,8), (4,8), (5,8), (6,8), (5,9), (3,7), (6,9), (6,7), (3,6), (2,6), (3,5), (3,4), (4,5), (3,3), (3,2), (5,5), (5,6), (6,5), (7,5), (8,5), (8,4)
------------------------
Iteración 22
-----------
Abiertos = (7,3), (9,4), (4,2), (7,6), (6,6), (6,6), (6,9), (2,5), (2,5), (2,7), (4,9), (2,8), (3,9), (1,6), (8,3), (4,3), (6,6), (7,8), (7,4), (8,6), (2,2), (3,1), (2,3), (2,4), (5,10), (4,9), (2,7), (7,7), (7,9), (6,10)
Cerrados = (3,8), (4,8), (5,8), (6,8), (5,9), (3,7), (6,9), (6,7), (3,6), (2,6), (3,5), (3,4), (4,5), (3,3), (3,2), (5,5), (5,6), (6,5), (7,5), (8,5), (8,4), (7,4)
------------------------
Iteración 23
-----------
Abiertos = (7,2), (8,3), (6,3), (9,4), (4,2), (7,6), (6,6), (6,6), (6,9), (2,5), (2,5), (2,7), (4,9), (2,8), (3,9), (1,6), (8,3), (4,3), (6,6), (7,8), (7,4), (8,6), (2,2), (3,1), (2,3), (2,4), (5,10), (4,9), (2,7), (7,7), (7,9), (6,10)
Cerrados = (3,8), (4,8), (5,8), (6,8), (5,9), (3,7), (6,9), (6,7), (3,6), (2,6), (3,5), (3,4), (4,5), (3,3), (3,2), (5,5), (5,6), (6,5), (7,5), (8,5), (8,4), (7,4), (7,3)
------------------------
Iteración 24
-----------
Abiertos = (8,2), (8,3), (7,1), (6,2), (6,3), (9,4), (4,2), (7,6), (6,6), (6,6), (6,9), (2,5), (2,5), (2,7), (4,9), (2,8), (3,9), (1,6), (8,3), (4,3), (6,6), (7,8), (7,4), (8,6), (2,2), (3,1), (2,3), (2,4), (5,10), (4,9), (2,7), (7,7), (7,9), (6,10)
Cerrados = (3,8), (4,8), (5,8), (6,8), (5,9), (3,7), (6,9), (6,7), (3,6), (2,6), (3,5), (3,4), (4,5), (3,3), (3,2), (5,5), (5,6), (6,5), (7,5), (8,5), (8,4), (7,4), (7,3), (7,2)
------------------------
Iteración 25
-----------
Abiertos = (9,2), (8,3), (8,1), (7,1), (6,2), (6,3), (9,4), (4,2), (8,3), (7,6), (6,6), (6,6), (6,9), (2,5), (2,5), (2,7), (4,9), (2,8), (3,9), (1,6), (8,3), (4,3), (6,6), (7,8), (7,4), (8,6), (2,2), (3,1), (2,3), (2,4), (5,10), (4,9), (2,7), (7,7), (7,9), (6,10)
Cerrados = (3,8), (4,8), (5,8), (6,8), (5,9), (3,7), (6,9), (6,7), (3,6), (2,6), (3,5), (3,4), (4,5), (3,3), (3,2), (5,5), (5,6), (6,5), (7,5), (8,5), (8,4), (7,4), (7,3), (7,2), (8,2)
------------------------
Camino: (3,8) -> (3,7) -> (3,6) -> (3,5) -> (4,5) -> (5,5) -> (6,5) -> (7,5) -> (7,4) -> (7,3) -> (7,2) -> (8,2) -> (9,2)
Coste: 24
Iteración 0
-----------
Abiertos = (3,8)
Cerrados = 
------------------------
Iteración 1
-----------
Abiertos = (3,7), (4,8), (3,9), (2,8)
Cerrados = (3,8)
------------------------
Iteración 2
-----------
Abiertos = (3,6), (4,8), (2,7), (2,8), (3,9)
Cerrados = (3,8), (3,7)
------------------------
Iteración 3
-----------
Abiertos = (3,5), (4,8), (2,6), (2,7), (2,8), (3,9)
Cerrados = (3,8), (3,7), (3,6)
------------------------
Iteración 4
-----------
Abiertos = (4,5), (4,8), (3,4), (2,6), (2,5), (2,7), (2,8), (3,9)
Cerrados = (3,8), (3,7), (3,6), (3,5)
------------------------
Iteración 5
-----------
Abiertos = (5,5), (4,8), (3,4), (2,6), (2,5), (2,7), (3,9), (2,8)
Cerrados = (3,8), (3,7), (3,6), (3,5), (4,5)
------------------------
Iteración 6
-----------
Abiertos = (6,5), (4,8), (3,4), (5,6), (2,6), (2,5), (2,7), (2,8), (3,9)
Cerrados = (3,8), (3,7), (3,6), (3,5), (4,5), (5,5)
------------------------
Iteración 7
-----------
Abiertos = (7,5), (4,8), (3,4), (5,6), (2,6), (6,6), (2,5), (2,7), (2,8), (3,9)
Cerrados = (3,8), (3,7), (3,6), (3,5), (4,5), (5,5), (6,5)
------------------------
Iteración 8
-----------
Abiertos = (7,4), (4,8), (8,5), (3,4), (5,6), (2,6), (7,6), (6,6), (2,5), (2,7), (2,8), (3,9)
Cerrados = (3,8), (3,7), (3,6), (3,5), (4,5), (5,5), (6,5), (7,5)
------------------------
Iteración 9
-----------
Abiertos = (7,3), (4,8), (8,4), (8,5), (3,4), (5,6), (2,6), (7,6), (6,6), (2,5), (2,7), (2,8), (3,9)
Cerrados = (3,8), (3,7), (3,6), (3,5), (4,5), (5,5), (6,5), (7,5), (7,4)
------------------------
Iteración 10
-----------
Abiertos = (7,3), (5,8), (8,4), (8,5), (3,4), (5,6), (2,6), (7,6), (6,6), (2,5), (4,9), (2,7), (2,8), (3,9)
Cerrados = (3,8), (3,7), (3,6), (3,5), (4,5), (5,5), (6,5), (7,5), (7,4), (4,8)
------------------------
Iteración 11
-----------
Abiertos = (7,3), (8,4), (8,5), (3,4), (6,8), (5,6), (5,9), (2,6), (7,6), (6,6), (2,5), (2,7), (4,9), (2,8), (3,9)
Cerrados = (3,8), (3,7), (3,6), (3,5), (4,5), (5,5), (6,5), (7,5), (7,4), (4,8), (5,8)
------------------------
Iteración 12
-----------
Abiertos = (7,3), (9,4), (8,5), (3,4), (6,8), (5,6), (5,9), (2,6), (8,3), (7,6), (6,6), (2,5), (2,7), (4,9), (3,9), (2,8), (8,5)
Cerrados = (3,8), (3,7), (3,6), (3,5), (4,5), (5,5), (6,5), (7,5), (7,4), (4,8), (5,8), (8,4)
------------------------
Iteración 13
-----------
Abiertos = (7,3), (8,5), (3,4), (6,8), (5,6), (5,9), (2,6), (9,3), (8,3), (10,4), (7,6), (6,6), (2,5), (2,7), (4,9), (2,8), (3,9), (8,5)
Cerrados = (3,8), (3,7), (3,6), (3,5), (4,5), (5,5), (6,5), (7,5), (7,4), (4,8), (5,8), (8,4), (9,4)
------------------------
Iteración 14
-----------
Abiertos = (7,3), (3,4), (6,8), (5,6), (5,9), (2,6), (9,3), (8,3), (10,4), (7,6), (6,6), (2,5), (2,7), (4,9), (3,9), (2,8), (8,5), (8,6)
Cerrados = (3,8), (3,7), (3,6), (3,5), (4,5), (5,5), (6,5), (7,5), (7,4), (4,8), (5,8), (8,4), (9,4), (8,5)
------------------------
Iteración 15
-----------
Abiertos = (7,3), (6,8), (5,6), (5,9), (2,6), (9,3), (8,3), (3,3), (10,4), (7,6), (6,6), (2,5), (4,9), (2,7), (3,9), (2,8), (8,5), (8,6), (2,4)
Cerrados = (3,8), (3,7), (3,6), (3,5), (4,5), (5,5), (6,5), (7,5), (7,4), (4,8), (5,8), (8,4), (9,4), (8,5), (3,4)
------------------------
Iteración 16
-----------
Abiertos = (7,3), (5,6), (5,9), (2,6), (9,3), (8,3), (3,3), (6,7), (10,4), (7,6), (6,6), (2,5), (6,9), (2,7), (4,9), (3,9), (2,8), (7,8), (8,5), (8,6), (2,4)
Cerrados = (3,8), (3,7), (3,6), (3,5), (4,5), (5,5), (6,5), (7,5), (7,4), (4,8), (5,8), (8,4), (9,4), (8,5), (3,4), (6,8)
------------------------
Iteración 17
-----------
Abiertos = (7,2), (8,3), (6,3), (5,6), (5,9), (2,6), (9,3), (8,3), (3,3), (6,7), (10,4), (7,6), (6,6), (2,5), (6,9), (2,7), (4,9), (3,9), (2,8), (7,8), (8,5), (8,6), (2,4)
Cerrados = (3,8), (3,7), (3,6), (3,5), (4,5), (5,5), (6,5), (7,5), (7,4), (4,8), (5,8), (8,4), (9,4), (8,5), (3,4), (6,8), (7,3)
------------------------
Iteración 18
-----------
Abiertos = (7,2), (6,3), (5,6), (5,9), (2,6), (8,2), (9,3), (8,3), (3,3), (6,7), (10,4), (7,6), (6,6), (2,5), (6,9), (2,7), (4,9), (3,9), (2,8), (9,3), (7,8), (8,5), (8,6), (2,4)
Cerrados = (3,8), (3,7), (3,6), (3,5), (4,5), (5,5), (6,5), (7,5), (7,4), (4,8), (5,8), (8,4), (9,4), (8,5), (3,4), (6,8), (7,3), (8,3)
------------------------
Iteración 19
-----------
Abiertos = (7,2), (6,2), (5,6), (5,9), (2,6), (8,2), (9,3), (8,3), (3,3), (6,7), (10,4), (7,6), (6,6), (2,5), (6,9), (2,7), (4,9), (2,8), (3,9), (9,3), (7,8), (8,5), (8,6), (2,4), (5,3)
Cerrados = (3,8), (3,7), (3,6), (3,5), (4,5), (5,5), (6,5), (7,5), (7,4), (4,8), (5,8), (8,4), (9,4), (8,5), (3,4), (6,8), (7,3), (8,3), (6,3)
------------------------
Iteración 20
-----------
Abiertos = (7,2), (7,2), (5,6), (5,9), (2,6), (8,2), (9,3), (8,3), (3,3), (6,7), (10,4), (7,6), (6,6), (2,5), (6,9), (2,7), (4,9), (3,9), (2,8), (6,1), (9,3), (7,8), (8,5), (8,6), (2,4), (5,2), (5,3)
Cerrados = (3,8), (3,7), (3,6), (3,5), (4,5), (5,5), (6,5), (7,5), (7,4), (4,8), (5,8), (8,4), (9,4), (8,5), (3,4), (6,8), (7,3), (8,3), (6,3), (6,2)
------------------------
Iteración 21
-----------
Abiertos = (8,2), (7,2), (7,1), (5,6), (5,9), (2,6), (8,2), (9,3), (8,3), (3,3), (6,7), (10,4), (7,6), (6,6), (2,5), (6,9), (2,7), (4,9), (3,9), (2,8), (6,1), (9,3), (7,8), (8,5), (8,6), (2,4), (5,2), (5,3)
Cerrados = (3,8), (3,7), (3,6), (3,5), (4,5), (5,5), (6,5), (7,5), (7,4), (4,8), (5,8), (8,4), (9,4), (8,5), (3,4), (6,8), (7,3), (8,3), (6,3), (6,2), (7,2)
------------------------
Iteración 22
-----------
Abiertos = (8,2), (8,1), (5,6), (5,9), (2,6), (8,2), (9,3), (8,3), (3,3), (6,7), (10,4), (7,6), (6,6), (2,5), (6,9), (2,7), (4,9), (3,9), (2,8), (6,1), (6,1), (9,3), (7,8), (8,5), (8,6), (2,4), (5,2), (5,3)
Cerrados = (3,8), (3,7), (3,6), (3,5), (4,5), (5,5), (6,5), (7,5), (7,4), (4,8), (5,8), (8,4), (9,4), (8,5), (3,4), (6,8), (7,3), (8,3), (6,3), (6,2), (7,2), (7,1)
------------------------
Iteración 23
-----------
Abiertos = (8,1), (5,6), (5,9), (2,6), (9,2), (8,2), (9,3), (8,3), (3,3), (6,7), (10,4), (7,6), (6,6), (2,5), (6,9), (2,7), (4,9), (3,9), (2,8), (6,1), (6,1), (9,3), (7,8), (8,1), (8,5), (8,6), (2,4), (5,2), (5,3)
Cerrados = (3,8), (3,7), (3,6), (3,5), (4,5), (5,5), (6,5), (7,5), (7,4), (4,8), (5,8), (8,4), (9,4), (8,5), (3,4), (6,8), (7,3), (8,3), (6,3), (6,2), (7,2), (7,1), (8,2)
------------------------
Iteración 24
-----------
Abiertos = (9,1), (5,6), (5,9), (2,6), (9,2), (8,2), (9,3), (8,3), (3,3), (6,7), (10,4), (7,6), (6,6), (2,5), (6,9), (2,7), (4,9), (3,9), (2,8), (6,1), (6,1), (9,3), (7,8), (8,1), (8,5), (8,6), (2,4), (5,2), (5,3)
Cerrados = (3,8), (3,7), (3,6), (3,5), (4,5), (5,5), (6,5), (7,5), (7,4), (4,8), (5,8), (8,4), (9,4), (8,5), (3,4), (6,8), (7,3), (8,3), (6,3), (6,2), (7,2), (7,1), (8,2), (8,1)
------------------------
Iteración 25
-----------
Abiertos = (9,2), (5,6), (5,9), (2,6), (9,2), (8,2), (9,3), (8,3), (3,3), (6,7), (10,4), (7,6), (6,6), (2,5), (6,9), (2,7), (4,9), (3,9), (2,8), (10,1), (6,1), (6,1), (9,3), (7,8), (8,1), (8,5), (8,6), (2,4), (5,2), (5,3)
Cerrados = (3,8), (3,7), (3,6), (3,5), (4,5), (5,5), (6,5), (7,5), (7,4), (4,8), (5,8), (8,4), (9,4), (8,5), (3,4), (6,8), (7,3), (8,3), (6,3), (6,2), (7,2), (7,1), (8,2), (8,1), (9,1)
------------------------
Camino: (3,8) -> (3,7) -> (3,6) -> (3,5) -> (4,5) -> (5,5) -> (6,5) -> (7,5) -> (7,4) -> (8,4) -> (8,3) -> (8,2) -> (9,2)
Coste: 30
Iteración 0
-----------
Abiertos = (3,8)
Cerrados = 
------------------------
Iteración 1
-----------
Abiertos = (3,7), (4,8), (3,9), (2,8)
Cerrados = (3,8)
------------------------
Iteración 2
-----------
Abiertos = (3,6), (4,8), (2,7), (2,8), (3,9)
Cerrados = (3,8), (3,7)
------------------------
Iteración 3
-----------
Abiertos = (3,5), (4,8), (2,6), (2,7), (2,8), (3,9)
Cerrados = (3,8), (3,7), (3,6)
------------------------
Iteración 4
-----------
Abiertos = (3,5), (5,8), (2,6), (4,9), (2,7), (2,8), (3,9)
Cerrados = (3,8), (3,7), (3,6), (4,8)
------------------------
Iteración 5
-----------
Abiertos = (4,5), (5,8), (3,4), (2,6), (2,5), (4,9), (2,7), (2,8), (3,9)
Cerrados = (3,8), (3,7), (3,6), (4,8), (3,5)
------------------------
Iteración 6
-----------
Abiertos = (4,5), (3,4), (6,8), (2,6), (5,9), (2,5), (4,9), (2,7), (2,8), (3,9)
Cerrados = (3,8), (3,7), (3,6), (4,8), (3,5), (5,8)
------------------------
Iteración 7
-----------
Abiertos = (5,5), (3,4), (6,8), (2,6), (5,9), (2,5), (4,9), (2,7), (2,8), (3,9)
Cerrados = (3,8), (3,7), (3,6), (4,8), (3,5), (5,8), (4,5)
------------------------
Iteración 8
-----------
Abiertos = (6,5), (3,4), (6,8), (5,6), (2,6), (5,9), (2,5), (4,9), (2,7), (2,8), (3,9)
Cerrados = (3,8), (3,7), (3,6), (4,8), (3,5), (5,8), (4,5), (5,5)
------------------------
Iteración 9
-----------
Abiertos = (7,5), (3,4), (6,8), (5,6), (2,6), (5,9), (6,6), (2,5), (4,9), (2,7), (2,8), (3,9)
Cerrados = (3,8), (3,7), (3,6), (4,8), (3,5), (5,8), (4,5), (5,5), (6,5)
------------------------
Iteración 10
-----------
Abiertos = (7,4), (8,5), (3,4), (6,8), (5,6), (2,6), (5,9), (7,6), (6,6), (2,5), (2,7), (4,9), (2,8), (3,9)
Cerrados = (3,8), (3,7), (3,6), (4,8), (3,5), (5,8), (4,5), (5,5), (6,5), (7,5)
------------------------
Iteración 11
-----------
Abiertos = (7,3), (8,4), (8,5), (3,4), (6,8), (5,6), (2,6), (5,9), (7,6), (6,6), (2,5), (2,7), (4,9), (2,8), (3,9)
Cerrados = (3,8), (3,7), (3,6), (4,8), (3,5), (5,8), (4,5), (5,5), (6,5), (7,5), (7,4)
------------------------
Iteración 12
-----------
Abiertos = (7,3), (9,4), (8,5), (3,4), (6,8), (5,6), (2,6), (5,9), (8,3), (7,6), (6,6), (2,5), (4,9), (2,7), (2,8), (3,9), (8,5)
Cerrados = (3,8), (3,7), (3,6), (4,8), (3,5), (5,8), (4,5), (5,5), (6,5), (7,5), (7,4), (8,4)
------------------------
Iteración 13
-----------
Abiertos = (7,2), (9,4), (8,3), (8,5), (3,4), (6,8), (6,3), (5,6), (2,6), (5,9), (8,3), (7,6), (6,6), (2,5), (4,9), (2,7), (2,8), (3,9), (8,5)
Cerrados = (3,8), (3,7), (3,6), (4,8), (3,5), (5,8), (4,5), (5,5), (6,5), (7,5), (7,4), (8,4), (7,3)
------------------------
Iteración 14
-----------
Abiertos = (8,2), (8,3), (9,4), (8,5), (3,4), (6,8), (6,2), (7,1), (6,3), (5,6), (2,6), (5,9), (8,3), (7,6), (6,6), (2,5), (4,9), (2,7), (2,8), (3,9), (8,5)
Cerrados = (3,8), (3,7), (3,6), (4,8), (3,5), (5,8), (4,5), (5,5), (6,5), (7,5), (7,4), (8,4), (7,3), (7,2)
------------------------
Iteración 15
-----------
Abiertos = (8,2), (9,4), (8,5), (3,4), (6,8), (6,2), (7,1), (6,3), (5,6), (2,6), (5,9), (8,2), (8,3), (7,6), (6,6), (2,5), (4,9), (2,7), (3,9), (2,8), (9,3), (8,5)
Cerrados = (3,8), (3,7), (3,6), (4,8), (3,5), (5,8), (4,5), (5,5), (6,5), (7,5), (7,4), (8,4), (7,3), (7,2), (8,3)
------------------------
Iteración 16
-----------
Abiertos = (8,2), (8,5), (3,4), (6,8), (6,2), (7,1), (6,3), (5,6), (2,6), (5,9), (9,3), (8,2), (8,3), (10,4), (7,6), (6,6), (2,5), (2,7), (4,9), (2,8), (3,9), (9,3), (8,5)
Cerrados = (3,8), (3,7), (3,6), (4,8), (3,5), (5,8), (4,5), (5,5), (6,5), (7,5), (7,4), (8,4), (7,3), (7,2), (8,3), (9,4)
------------------------
Iteración 17
-----------
Abiertos = (8,2), (3,4), (6,8), (6,2), (7,1), (6,3), (5,6), (2,6), (5,9), (9,3), (8,2), (8,3), (10,4), (7,6), (6,6), (2,5), (2,7), (4,9), (2,8), (3,9), (9,3), (8,5), (8,6)
Cerrados = (3,8), (3,7), (3,6), (4,8), (3,5), (5,8), (4,5), (5,5), (6,5), (7,5), (7,4), (8,4), (7,3), (7,2), (8,3), (9,4), (8,5)
------------------------
Iteración 18
-----------
Abiertos = (9,2), (3,4), (6,8), (8,1), (6,2), (7,1), (6,3), (5,6), (2,6), (5,9), (9,3), (8,2), (8,3), (10,4), (7,6), (6,6), (2,5), (2,7), (4,9), (2,8), (3,9), (9,3), (8,5), (8,6)
Cerrados = (3,8), (3,7), (3,6), (4,8), (3,5), (5,8), (4,5), (5,5), (6,5), (7,5), (7,4), (8,4), (7,3), (7,2), (8,3), (9,4), (8,5), (8,2)
------------------------
Iteración 19
-----------
Abiertos = (9,2), (6,8), (8,1), (6,2), (7,1), (6,3), (5,6), (2,6), (5,9), (9,3), (8,2), (8,3), (3,3), (10,4), (7,6), (6,6), (2,5), (4,9), (2,7), (2,8), (3,9), (9,3), (8,5), (8,6), (2,4)
Cerrados = (3,8), (3,7), (3,6), (4,8), (3,5), (5,8), (4,5), (5,5), (6,5), (7,5), (7,4), (8,4), (7,3), (7,2), (8,3), (9,4), (8,5), (8,2), (3,4)
------------------------
Iteración 20
-----------
Abiertos = (9,2), (8,1), (6,2), (7,1), (6,3), (5,6), (2,6), (5,9), (9,3), (8,2), (8,3), (3,3), (6,7), (10,4), (7,6), (6,6), (6,9), (2,5), (4,9), (2,7), (3,9), (2,8), (9,3), (7,8), (8,5), (8,6), (2,4)
Cerrados = (3,8), (3,7), (3,6), (4,8), (3,5), (5,8), (4,5), (5,5), (6,5), (7,5), (7,4), (8,4), (7,3), (7,2), (8,3), (9,4), (8,5), (8,2), (3,4), (6,8)
------------------------
Iteración 21
-----------
Abiertos = (9,2), (9,1), (6,2), (7,1), (6,3), (5,6), (2,6), (5,9), (9,3), (8,2), (8,3), (3,3), (6,7), (10,4), (7,6), (6,6), (6,9), (2,5), (4,9), (2,7), (2,8), (3,9), (7,1), (9,3), (7,8), (8,5), (8,6), (2,4)
Cerrados = (3,8), (3,7), (3,6), (4,8), (3,5), (5,8), (4,5), (5,5), (6,5), (7,5), (7,4), (8,4), (7,3), (7,2), (8,3), (9,4), (8,5), (8,2), (3,4), (6,8), (8,1)
------------------------
Camino: (3,8) -> (3,7) -> (3,6) -> (3,5) -> (4,5) -> (5,5) -> (6,5) -> (7,5) -> (7,4) -> (7,3) -> (7,2) -> (8,2) -> (9,2)
Coste: 24
Iteración 0
-----------
Abiertos = (3,8)
Cerrados = 
------------------------
Iteración 1
-----------
Abiertos = (3,7), (4,8), (3,9), (2,8)
Cerrados = (3,8)
------------------------
Iteración 2
-----------
Abiertos = (5,8), (3,7), (4,9), (2,8), (3,9)
Cerrados = (3,8), (4,8)
------------------------
Iteración 3
-----------
Abiertos = (5,8), (3,6), (2,7), (4,9), (2,8), (3,9)
Cerrados = (3,8), (4,8), (3,7)
------------------------
Iteración 4
-----------
Abiertos = (3,5), (5,8), (2,6), (2,7), (4,9), (2,8), (3,9)
Cerrados = (3,8), (4,8), (3,7), (3,6)
------------------------
Iteración 5
-----------
Abiertos = (4,5), (5,8), (3,4), (2,6), (2,5), (4,9), (2,7), (2,8), (3,9)
Cerrados = (3,8), (4,8), (3,7), (3,6), (3,5)
------------------------
Iteración 6
-----------
Abiertos = (4,5), (3,4), (6,8), (2,6), (5,9), (2,5), (2,7), (4,9), (2,8), (3,9)
Cerrados = (3,8), (4,8), (3,7), (3,6), (3,5), (5,8)
------------------------
Iteración 7
-----------
Abiertos = (5,5), (3,4), (6,8), (2,6), (5,9), (2,5), (2,7), (4,9), (2,8), (3,9)
Cerrados = (3,8), (4,8), (3,7), (3,6), (3,5), (5,8), (4,5)
------------------------
Iteración 8
-----------
Abiertos = (6,5), (3,4), (6,8), (5,6), (2,6), (5,9), (2,5), (2,7), (4,9), (2,8), (3,9)
Cerrados = (3,8), (4,8), (3,7), (3,6), (3,5), (5,8), (4,5), (5,5)
------------------------
Iteración 9
-----------
Abiertos = (6,5), (6,8), (5,6), (2,6), (5,9), (3,3), (2,5), (4,9), (2,7), (3,9), (2,8), (2,4)
Cerrados = (3,8), (4,8), (3,7), (3,6), (3,5), (5,8), (4,5), (5,5), (3,4)
------------------------
Iteración 10
-----------
Abiertos = (6,5), (5,6), (2,6), (5,9), (3,3), (6,7), (6,9), (2,5), (4,9), (2,7), (2,8), (3,9), (7,8), (2,4)
Cerrados = (3,8), (4,8), (3,7), (3,6), (3,5), (5,8), (4,5), (5,5), (3,4), (6,8)
------------------------
Iteración 11
-----------
Abiertos = (6,5), (2,6), (5,9), (3,3), (6,7), (6,6), (6,9), (2,5), (4,9), (2,7), (2,8), (3,9), (7,8), (2,4)
Cerrados = (3,8), (4,8), (3,7), (3,6), (3,5), (5,8), (4,5), (5,5), (3,4), (6,8), (5,6)
------------------------
Iteración 12
-----------
Abiertos = (7,5), (5,9), (2,6), (3,3), (6,7), (6,6), (6,6), (2,5), (6,9), (4,9), (2,7), (3,9), (2,8), (7,8), (2,4)
Cerrados = (3,8), (4,8), (3,7), (3,6), (3,5), (5,8), (4,5), (5,5), (3,4), (6,8), (5,6), (6,5)
------------------------
Iteración 13
-----------
Abiertos = (7,5), (6,9), (2,6), (3,3), (6,7), (6,6), (6,6), (6,9), (2,5), (4,9), (2,7), (3,9), (2,8), (7,8), (2,4), (4,9), (5,10)
Cerrados = (3,8), (4,8), (3,7), (3,6), (3,5), (5,8), (4,5), (5,5), (3,4), (6,8), (5,6), (6,5), (5,9)
------------------------
Iteración 14
-----------
Abiertos = (7,4), (8,5), (6,9), (2,6), (3,3), (6,7), (7,6), (6,6), (6,6), (6,9), (2,5), (4,9), (2,7), (3,9), (2,8), (7,8), (2,4), (4,9), (5,10)
Cerrados = (3,8), (4,8), (3,7), (3,6), (3,5), (5,8), (4,5), (5,5), (3,4), (6,8), (5,6), (6,5), (5,9), (7,5)
------------------------
Iteración 15
-----------
Abiertos = (7,3), (8,4), (8,5), (6,9), (2,6), (3,3), (6,7), (7,6), (6,6), (6,6), (6,9), (2,5), (4,9), (2,7), (3,9), (2,8), (7,8), (2,4), (4,9), (5,10)
Cerrados = (3,8), (4,8), (3,7), (3,6), (3,5), (5,8), (4,5), (5,5), (3,4), (6,8), (5,6), (6,5), (5,9), (7,5), (7,4)
------------------------
Iteración 16
-----------
Abiertos = (7,3), (9,4), (8,5), (6,9), (2,6), (8,3), (3,3), (6,7), (7,6), (6,6), (6,6), (6,9), (2,5), (4,9), (2,7), (3,9), (2,8), (7,8), (8,5), (2,4), (4,9), (5,10)
Cerrados = (3,8), (4,8), (3,7), (3,6), (3,5), (5,8), (4,5), (5,5), (3,4), (6,8), (5,6), (6,5), (5,9), (7,5), (7,4), (8,4)
------------------------
Iteración 17
-----------
Abiertos = (7,3), (8,5), (6,9), (2,6), (9,3), (8,3), (3,3), (6,7), (10,4), (7,6), (6,6), (6,6), (6,9), (2,5), (4,9), (2,7), (3,9), (2,8), (7,8), (8,5), (2,4), (5,10), (4,9)
Cerrados = (3,8), (4,8), (3,7), (3,6), (3,5), (5,8), (4,5), (5,5), (3,4), (6,8), (5,6), (6,5), (5,9), (7,5), (7,4), (8,4), (9,4)
------------------------
Iteración 18
-----------
Abiertos = (7,2), (8,3), (8,5), (6,3), (6,9), (2,6), (9,3), (8,3), (3,3), (6,7), (10,4), (7,6), (6,6), (6,6), (6,9), (2,5), (4,9), (2,7), (3,9), (2,8), (7,8), (8,5), (2,4), (5,10), (4,9)
Cerrados = (3,8), (4,8), (3,7), (3,6), (3,5), (5,8), (4,5), (5,5), (3,4), (6,8), (5,6), (6,5), (5,9), (7,5), (7,4), (8,4), (9,4), (7,3)
------------------------
Iteración 19
-----------
Abiertos = (8,2), (8,3), (8,5), (7,1), (6,2), (6,3), (6,9), (2,6), (9,3), (8,3), (3,3), (6,7), (10,4), (7,6), (6,6), (6,6), (6,9), (2,5), (4,9), (2,7), (3,9), (2,8), (7,8), (8,5), (2,4), (5,10), (4,9)
Cerrados = (3,8), (4,8), (3,7), (3,6), (3,5), (5,8), (4,5), (5,5), (3,4), (6,8), (5,6), (6,5), (5,9), (7,5), (7,4), (8,4), (9,4), (7,3), (7,2)
------------------------
Iteración 20
-----------
Abiertos = (8,2), (8,5), (7,1), (6,2), (6,3), (6,9), (2,6), (8,2), (9,3), (8,3), (3,3), (6,7), (10,4), (7,6), (6,6), (6,6), (6,9), (2,5), (4,9), (2,7), (3,9), (2,8), (9,3), (7,8), (8,5), (2,4), (4,9), (5,10)
Cerrados = (3,8), (4,8), (3,7), (3,6), (3,5), (5,8), (4,5), (5,5), (3,4), (6,8), (5,6), (6,5), (5,9), (7,5), (7,4), (8,4), (9,4), (7,3), (7,2), (8,3)
------------------------
Iteración 21
-----------
Abiertos = (9,2), (8,5), (8,1), (7,1), (6,2), (6,3), (6,9), (2,6), (8,2), (9,3), (8,3), (3,3), (6,7), (10,4), (7,6), (6,6), (6,6), (6,9), (2,5), (4,9), (2,7), (3,9), (2,8), (9,3), (7,8), (8,5), (2,4), (4,9), (5,10)
Cerrados = (3,8), (4,8), (3,7), (3,6), (3,5), (5,8), (4,5), (5,5), (3,4), (6,8), (5,6), (6,5), (5,9), (7,5), (7,4), (8,4), (9,4), (7,3), (7,2), (8,3), (8,2)
------------------------
Camino: (3,8) -> (3,7) -> (3,6) -> (3,5) -> (4,5) -> (5,5) -> (6,5) -> (7,5) -> (7,4) -> (7,3) -> (7,2) -> (8,2) -> (9,2)
Coste: 24
Iteración 0
-----------
Abiertos = (3,8)
Cerrados = 
------------------------
Iteración 1
-----------
Abiertos = (3,7), (4,8), (3,9), (2,8)
Cerrados = (3,8)
------------------------
Iteración 2
-----------
Abiertos = (3,6), (4,8), (2,7), (2,8), (3,9)
Cerrados = (3,8), (3,7)
------------------------
Iteración 3
-----------
Abiertos = (3,6), (5,8), (2,7), (4,9), (2,8), (3,9)
Cerrados = (3,8), (3,7), (4,8)
------------------------
Iteración 4
-----------
Abiertos = (3,5), (5,8), (2,6), (2,7), (4,9), (2,8), (3,9)
Cerrados = (3,8), (3,7), (4,8), (3,6)
------------------------
Iteración 5
-----------
Abiertos = (4,5), (5,8), (3,4), (2,6), (2,5), (4,9), (2,7), (2,8), (3,9)
Cerrados = (3,8), (3,7), (4,8), (3,6), (3,5)
------------------------
Iteración 6
-----------
Abiertos = (4,5), (3,4), (6,8), (2,6), (5,9), (2,5), (2,7), (4,9), (2,8), (3,9)
Cerrados = (3,8), (3,7), (4,8), (3,6), (3,5), (5,8)
------------------------
Iteración 7
-----------
Abiertos = (4,5), (6,8), (2,6), (5,9), (3,3), (2,5), (4,9), (2,7), (3,9), (2,8), (2,4)
Cerrados = (3,8), (3,7), (4,8), (3,6), (3,5), (5,8), (3,4)
------------------------
Iteración 8
-----------
Abiertos = (4,5), (2,6), (5,9), (3,3), (6,7), (6,9), (2,5), (4,9), (2,7), (2,8), (3,9), (7,8), (2,4)
Cerrados = (3,8), (3,7), (4,8), (3,6), (3,5), (5,8), (3,4), (6,8)
------------------------
Iteración 9
-----------
Abiertos = (5,5), (5,9), (2,6), (3,3), (6,7), (6,9), (2,5), (4,9), (2,7), (2,8), (3,9), (7,8), (2,4)
Cerrados = (3,8), (3,7), (4,8), (3,6), (3,5), (5,8), (3,4), (6,8), (4,5)
------------------------
Iteración 10
-----------
Abiertos = (6,5), (5,6), (2,6), (5,9), (3,3), (6,7), (6,9), (2,5), (4,9), (2,7), (2,8), (3,9), (7,8), (2,4)
Cerrados = (3,8), (3,7), (4,8), (3,6), (3,5), (5,8), (3,4), (6,8), (4,5), (5,5)
------------------------
Iteración 11
-----------
Abiertos = (6,5), (2,6), (5,9), (3,3), (6,7), (6,6), (6,9), (2,5), (4,9), (2,7), (2,8), (3,9), (7,8), (2,4)
Cerrados = (3,8), (3,7), (4,8), (3,6), (3,5), (5,8), (3,4), (6,8), (4,5), (5,5), (5,6)
------------------------
Iteración 12
-----------
Abiertos = (6,5), (5,9), (3,3), (6,7), (6,6), (2,5), (6,9), (2,5), (4,9), (2,7), (3,9), (2,8), (1,6), (7,8), (2,4), (2,7)
Cerrados = (3,8), (3,7), (4,8), (3,6), (3,5), (5,8), (3,4), (6,8), (4,5), (5,5), (5,6), (2,6)
------------------------
Iteración 13
-----------
Abiertos = (7,5), (5,9), (3,3), (6,7), (6,6), (6,6), (2,5), (6,9), (2,5), (4,9), (2,7), (2,8), (3,9), (1,6), (7,8), (2,4), (2,7)
Cerrados = (3,8), (3,7), (4,8), (3,6), (3,5), (5,8), (3,4), (6,8), (4,5), (5,5), (5,6), (2,6), (6,5)
------------------------
Iteración 14
-----------
Abiertos = (7,5), (6,9), (3,3), (6,7), (6,6), (6,6), (2,5), (6,9), (2,5), (2,7), (4,9), (3,9), (2,8), (1,6), (7,8), (2,4), (2,7), (4,9), (5,10)
Cerrados = (3,8), (3,7), (4,8), (3,6), (3,5), (5,8), (3,4), (6,8), (4,5), (5,5), (5,6), (2,6), (6,5), (5,9)
------------------------
Iteración 15
-----------
Abiertos = (7,5), (3,3), (6,7), (6,6), (6,6), (2,5), (6,9), (2,5), (2,7), (4,9), (2,8), (3,9), (1,6), (7,8), (2,4), (4,9), (2,7), (5,10), (7,9), (6,10)
Cerrados = (3,8), (3,7), (4,8), (3,6), (3,5), (5,8), (3,4), (6,8), (4,5), (5,5), (5,6), (2,6), (6,5), (5,9), (6,9)
------------------------
Iteración 16
-----------
Abiertos = (7,4), (8,5), (3,3), (6,7), (7,6), (6,6), (6,6), (2,5), (6,9), (2,5), (2,7), (4,9), (2,8), (3,9), (1,6), (7,8), (2,4), (4,9), (2,7), (5,10), (7,9), (6,10)
Cerrados = (3,8), (3,7), (4,8), (3,6), (3,5), (5,8), (3,4), (6,8), (4,5), (5,5), (5,6), (2,6), (6,5), (5,9), (6,9), (7,5)
------------------------
Iteración 17
-----------
Abiertos = (7,4), (8,4), (3,3), (6,7), (7,6), (6,6), (6,6), (2,5), (6,9), (2,5), (2,7), (4,9), (2,8), (3,9), (1,6), (7,8), (8,6), (2,4), (4,9), (5,10), (2,7), (7,9), (6,10)
Cerrados = (3,8), (3,7), (4,8), (3,6), (3,5), (5,8), (3,4), (6,8), (4,5), (5,5), (5,6), (2,6), (6,5), (5,9), (6,9), (7,5), (8,5)
------------------------
Iteración 18
-----------
Abiertos = (7,3), (8,4), (8,4), (3,3), (6,7), (7,6), (6,6), (6,6), (2,5), (6,9), (2,5), (2,7), (4,9), (2,8), (3,9), (1,6), (7,8), (8,6), (2,4), (4,9), (5,10), (2,7), (7,9), (6,10)
Cerrados = (3,8), (3,7), (4,8), (3,6), (3,5), (5,8), (3,4), (6,8), (4,5), (5,5), (5,6), (2,6), (6,5), (5,9), (6,9), (7,5), (8,5), (7,4)
------------------------
Iteración 19
-----------
Abiertos = (7,2), (8,3), (8,4), (6,3), (8,4), (3,3), (6,7), (7,6), (6,6), (6,6), (2,5), (6,9), (2,5), (2,7), (4,9), (2,8), (3,9), (1,6), (7,8), (8,6), (2,4), (4,9), (5,10), (2,7), (7,9), (6,10)
Cerrados = (3,8), (3,7), (4,8), (3,6), (3,5), (5,8), (3,4), (6,8), (4,5), (5,5), (5,6), (2,6), (6,5), (5,9), (6,9), (7,5), (8,5), (7,4), (7,3)
------------------------
Iteración 20
-----------
Abiertos = (7,2), (8,2), (8,4), (6,3), (9,3), (8,4), (3,3), (6,7), (7,6), (6,6), (6,6), (2,5), (6,9), (2,5), (2,7), (4,9), (2,8), (3,9), (1,6), (7,8), (8,4), (8,6), (2,4), (2,7), (4,9), (5,10), (7,9), (6,10)
Cerrados = (3,8), (3,7), (4,8), (3,6), (3,5), (5,8), (3,4), (6,8), (4,5), (5,5), (5,6), (2,6), (6,5), (5,9), (6,9), (7,5), (8,5), (7,4), (7,3), (8,3)
------------------------
Iteración 21
-----------
Abiertos = (7,2), (9,2), (8,4), (6,3), (9,3), (8,4), (3,3), (6,7), (7,2), (8,1), (7,6), (6,6), (6,6), (2,5), (6,9), (2,5), (2,7), (4,9), (2,8), (3,9), (1,6), (7,8), (8,4), (8,6), (2,4), (2,7), (4,9), (5,10), (7,9), (6,10)
Cerrados = (3,8), (3,7), (4,8), (3,6), (3,5), (5,8), (3,4), (6,8), (4,5), (5,5), (5,6), (2,6), (6,5), (5,9), (6,9), (7,5), (8,5), (7,4), (7,3), (8,3), (8,2)
------------------------
Camino: (3,8) -> (3,7) -> (3,6) -> (3,5) -> (4,5) -> (5,5) -> (6,5) -> (7,5) -> (7,4) -> (7,3) -> (8,3) -> (8,2) -> (9,2)
Coste: 27
Iteración 0
-----------
Abiertos = (3,8)
Cerrados = 
------------------------
Iteración 1
-----------
Abiertos = (3,7), (4,8), (3,9), (2,8)
Cerrados = (3,8)
------------------------
Iteración 2
-----------
Abiertos = (3,6), (4,8), (2,7), (2,8), (3,9)
Cerrados = (3,8), (3,7)
------------------------
Iteración 3
-----------
Abiertos = (3,6), (5,8), (2,7), (4,9), (2,8), (3,9)
Cerrados = (3,8), (3,7), (4,8)
------------------------
Iteración 4
-----------
Abiertos = (3,5), (5,8), (2,6), (2,7), (4,9), (2,8), (3,9)
Cerrados = (3,8), (3,7), (4,8), (3,6)
------------------------
Iteración 5
-----------
Abiertos = (4,5), (5,8), (3,4), (2,6), (2,5), (4,9), (2,7), (2,8), (3,9)
Cerrados = (3,8), (3,7), (4,8), (3,6), (3,5)
------------------------
Iteración 6
-----------
Abiertos = (4,5), (3,4), (6,8), (2,6), (5,9), (2,5), (2,7), (4,9), (2,8), (3,9)
Cerrados = (3,8), (3,7), (4,8), (3,6), (3,5), (5,8)
------------------------
Iteración 7
-----------
Abiertos = (4,5), (6,8), (2,6), (5,9), (3,3), (2,5), (4,9), (2,7), (3,9), (2,8), (2,4)
Cerrados = (3,8), (3,7), (4,8), (3,6), (3,5), (5,8), (3,4)
------------------------
Iteración 8
-----------
Abiertos = (5,5), (6,8), (2,6), (5,9), (3,3), (2,5), (4,9), (2,7), (3,9), (2,8), (2,4)
Cerrados = (3,8), (3,7), (4,8), (3,6), (3,5), (5,8), (3,4), (4,5)
------------------------
Iteración 9
-----------
Abiertos = (6,5), (6,8), (5,6), (2,6), (5,9), (3,3), (2,5), (4,9), (2,7), (3,9), (2,8), (2,4)
Cerrados = (3,8), (3,7), (4,8), (3,6), (3,5), (5,8), (3,4), (4,5), (5,5)
------------------------
Iteración 10
-----------
Abiertos = (7,5), (6,8), (5,6), (2,6), (5,9), (3,3), (6,6), (2,5), (4,9), (2,7), (2,8), (3,9), (2,4)
Cerrados = (3,8), (3,7), (4,8), (3,6), (3,5), (5,8), (3,4), (4,5), (5,5), (6,5)
------------------------
Iteración 11
-----------
Abiertos = (7,4), (8,5), (6,8), (5,6), (2,6), (5,9), (3,3), (7,6), (6,6), (2,5), (4,9), (2,7), (2,8), (3,9), (2,4)
Cerrados = (3,8), (3,7), (4,8), (3,6), (3,5), (5,8), (3,4), (4,5), (5,5), (6,5), (7,5)
------------------------
Iteración 12
-----------
Abiertos = (7,4), (6,8), (5,6), (2,6), (5,9), (8,4), (3,3), (7,6), (6,6), (2,5), (4,9), (2,7), (3,9), (2,8), (8,6), (2,4)
Cerrados = (3,8), (3,7), (4,8), (3,6), (3,5), (5,8), (3,4), (4,5), (5,5), (6,5), (7,5), (8,5)
------------------------
Iteración 13
-----------
Abiertos = (7,4), (5,6), (2,6), (5,9), (8,4), (3,3), (6,7), (7,6), (6,6), (6,9), (2,5), (4,9), (2,7), (3,9), (2,8), (7,8), (8,6), (2,4)
Cerrados = (3,8), (3,7), (4,8), (3,6), (3,5), (5,8), (3,4), (4,5), (5,5), (6,5), (7,5), (8,5), (6,8)
------------------------
Iteración 14
-----------
Abiertos = (7,4), (2,6), (5,9), (8,4), (3,3), (6,7), (7,6), (6,6), (6,6), (6,9), (2,5), (2,7), (4,9), (2,8), (3,9), (7,8), (8,6), (2,4)
Cerrados = (3,8), (3,7), (4,8), (3,6), (3,5), (5,8), (3,4), (4,5), (5,5), (6,5), (7,5), (8,5), (6,8), (5,6)
------------------------
Iteración 15
-----------
Abiertos = (7,4), (5,9), (8,4), (3,3), (6,7), (7,6), (6,6), (6,6), (6,9), (2,5), (2,5), (4,9), (2,7), (3,9), (2,8), (1,6), (7,8), (8,6), (2,4), (2,7)
Cerrados = (3,8), (3,7), (4,8), (3,6), (3,5), (5,8), (3,4), (4,5), (5,5), (6,5), (7,5), (8,5), (6,8), (5,6), (2,6)
------------------------
Iteración 16
-----------
Abiertos = (7,3), (8,4), (5,9), (8,4), (3,3), (6,7), (7,6), (6,6), (6,6), (6,9), (2,5), (2,5), (4,9), (2,7), (3,9), (2,8), (1,6), (7,8), (8,6), (2,4), (2,7)
Cerrados = (3,8), (3,7), (4,8), (3,6), (3,5), (5,8), (3,4), (4,5), (5,5), (6,5), (7,5), (8,5), (6,8), (5,6), (2,6), (7,4)
------------------------
Iteración 17
-----------
Abiertos = (7,2), (8,3), (8,4), (6,3), (5,9), (8,4), (3,3), (6,7), (7,6), (6,6), (6,6), (6,9), (2,5), (2,5), (4,9), (2,7), (3,9), (2,8), (1,6), (7,8), (8,6), (2,4), (2,7)
Cerrados = (3,8), (3,7), (4,8), (3,6), (3,5), (5,8), (3,4), (4,5), (5,5), (6,5), (7,5), (8,5), (6,8), (5,6), (2,6), (7,4), (7,3)
------------------------
Iteración 18
-----------
Abiertos = (8,2), (8,3), (8,4), (6,2), (7,1), (6,3), (5,9), (8,4), (3,3), (6,7), (7,6), (6,6), (6,6), (6,9), (2,5), (2,5), (4,9), (2,7), (3,9), (2,8), (1,6), (7,8), (8,6), (2,4), (2,7)
Cerrados = (3,8), (3,7), (4,8), (3,6), (3,5), (5,8), (3,4), (4,5), (5,5), (6,5), (7,5), (8,5), (6,8), (5,6), (2,6), (7,4), (7,3), (7,2)
------------------------
Iteración 19
-----------
Abiertos = (9,2), (8,3), (8,4), (8,1), (6,2), (7,1), (6,3), (5,9), (8,4), (3,3), (6,7), (8,3), (7,6), (6,6), (6,6), (6,9), (2,5), (2,5), (2,7), (4,9), (2,8), (3,9), (1,6), (7,8), (8,6), (2,4), (2,7)
Cerrados = (3,8), (3,7), (4,8), (3,6), (3,5), (5,8), (3,4), (4,5), (5,5), (6,5), (7,5), (8,5), (6,8), (5,6), (2,6), (7,4), (7,3), (7,2), (8,2)
------------------------
Camino: (3,8) -> (3,7) -> (3,6) -> (3,5) -> (4,5) -> (5,5) -> (6,5) -> (7,5) -> (7,4) -> (7,3) -> (7,2) -> (8,2) -> (9,2)
Coste: 24
Iteración 0
-----------
Abiertos = (3,8)
Cerrados = 
------------------------
Iteración 1
-----------
Abiertos = (3,7), (4,8), (3,9), (2,8)
Cerrados = (3,8)
------------------------
Iteración 2
-----------
Abiertos = (5,8), (3,7), (4,9), (2,8), (3,9)
Cerrados = (3,8), (4,8)
------------------------
Iteración 3
-----------
Abiertos = (5,8), (3,6), (2,7), (4,9), (2,8), (3,9)
Cerrados = (3,8), (4,8), (3,7)
------------------------
Iteración 4
-----------
Abiertos = (3,6), (6,8), (5,9), (2,7), (4,9), (2,8), (3,9)
Cerrados = (3,8), (4,8), (3,7), (5,8)
------------------------
Iteración 5
-----------
Abiertos = (3,5), (6,8), (5,9), (2,6), (4,9), (2,7), (2,8), (3,9)
Cerrados = (3,8), (4,8), (3,7), (5,8), (3,6)
------------------------
Iteración 6
-----------
Abiertos = (3,5), (5,9), (2,6), (6,7), (6,9), (4,9), (2,7), (3,9), (2,8), (7,8)
Cerrados = (3,8), (4,8), (3,7), (5,8), (3,6), (6,8)
------------------------
Iteración 7
-----------
Abiertos = (3,5), (6,9), (2,6), (6,7), (6,9), (4,9), (2,7), (3,9), (2,8), (7,8), (5,10), (4,9)
Cerrados = (3,8), (4,8), (3,7), (5,8), (3,6), (6,8), (5,9)
------------------------
Iteración 8
-----------
Abiertos = (3,5), (2,6), (6,7), (6,9), (4,9), (2,7), (3,9), (2,8), (7,8), (5,10), (4,9), (7,9), (6,10)
Cerrados = (3,8), (4,8), (3,7), (5,8), (3,6), (6,8), (5,9), (6,9)
------------------------
Iteración 9
-----------
Abiertos = (3,5), (6,7), (2,5), (6,9), (4,9), (2,7), (3,9), (2,8), (1,6), (7,8), (2,7), (5,10), (4,9), (7,9), (6,10)
Cerrados = (3,8), (4,8), (3,7), (5,8), (3,6), (6,8), (5,9), (6,9), (2,6)
------------------------
Iteración 10
-----------
Abiertos = (3,5), (2,5), (6,9), (4,9), (2,7), (3,9), (2,8), (1,6), (6,6), (7,8), (2,7), (5,10), (4,9), (7,7), (7,9), (6,10)
Cerrados = (3,8), (4,8), (3,7), (5,8), (3,6), (6,8), (5,9), (6,9), (2,6), (6,7)
------------------------
Iteración 11
-----------
Abiertos = (3,5), (3,5), (6,9), (4,9), (2,7), (3,9), (2,8), (1,6), (6,6), (7,8), (2,4), (1,5), (2,7), (4,9), (5,10), (7,7), (7,9), (6,10)
Cerrados = (3,8), (4,8), (3,7), (5,8), (3,6), (6,8), (5,9), (6,9), (2,6), (6,7), (2,5)
------------------------
Iteración 12
-----------
Abiertos = (4,5), (3,5), (3,4), (6,9), (4,9), (2,7), (3,9), (2,8), (1,6), (6,6), (7,8), (2,4), (1,5), (2,7), (4,9), (5,10), (7,7), (7,9), (6,10)
Cerrados = (3,8), (4,8), (3,7), (5,8), (3,6), (6,8), (5,9), (6,9), (2,6), (6,7), (2,5), (3,5)
------------------------
Iteración 13
-----------
Abiertos = (4,5), (3,3), (6,9), (4,9), (2,7), (3,9), (2,8), (1,6), (6,6), (7,8), (2,4), (2,4), (1,5), (2,7), (5,10), (4,9), (7,7), (7,9), (6,10)
Cerrados = (3,8), (4,8), (3,7), (5,8), (3,6), (6,8), (5,9), (6,9), (2,6), (6,7), (2,5), (3,5), (3,4)
------------------------
Iteración 14
-----------
Abiertos = (4,5), (3,2), (6,9), (4,9), (2,7), (3,9), (2,8), (1,6), (4,3), (6,6), (7,8), (2,3), (2,4), (2,4), (1,5), (4,9), (2,7), (5,10), (7,7), (7,9), (6,10)
Cerrados = (3,8), (4,8), (3,7), (5,8), (3,6), (6,8), (5,9), (6,9), (2,6), (6,7), (2,5), (3,5), (3,4), (3,3)
------------------------
Iteración 15
-----------
Abiertos = (4,5), (4,2), (6,9), (4,9), (2,7), (3,9), (2,8), (1,6), (4,3), (6,6), (7,8), (2,2), (3,1), (2,3), (2,4), (2,4), (1,5), (2,7), (4,9), (5,10), (7,7), (7,9), (6,10)
Cerrados = (3,8), (4,8), (3,7), (5,8), (3,6), (6,8), (5,9), (6,9), (2,6), (6,7), (2,5), (3,5), (3,4), (3,3), (3,2)
------------------------
Iteración 16
-----------
Abiertos = (4,5), (6,9), (4,9), (2,7), (3,9), (2,8), (1,6), (5,2), (4,3), (6,6), (7,8), (4,1), (2,2), (3,1), (2,3), (2,4), (2,4), (1,5), (4,9), (5,10), (2,7), (7,7), (4,3), (7,9), (6,10)
Cerrados = (3,8), (4,8), (3,7), (5,8), (3,6), (6,8), (5,9), (6,9), (2,6), (6,7), (2,5), (3,5), (3,4), (3,3), (3,2), (4,2)
------------------------
Iteración 17
-----------
Abiertos = (5,5), (6,9), (4,9), (2,7), (3,9), (2,8), (1,6), (5,2), (4,3), (6,6), (7,8), (4,1), (2,2), (3,1), (2,3), (2,4), (2,4), (1,5), (4,9), (5,10), (2,7), (7,7), (4,3), (7,9), (6,10)
Cerrados = (3,8), (4,8), (3,7), (5,8), (3,6), (6,8), (5,9), (6,9), (2,6), (6,7), (2,5), (3,5), (3,4), (3,3), (3,2), (4,2), (4,5)
------------------------
Iteración 18
-----------
Abiertos = (6,5), (5,6), (2,7), (4,9), (3,9), (2,8), (1,6), (5,2), (4,3), (6,6), (7,8), (4,1), (2,2), (3,1), (2,3), (2,4), (2,4), (1,5), (4,9), (5,10), (2,7), (7,7), (4,3), (7,9), (6,10)
Cerrados = (3,8), (4,8), (3,7), (5,8), (3,6), (6,8), (5,9), (6,9), (2,6), (6,7), (2,5), (3,5), (3,4), (3,3), (3,2), (4,2), (4,5), (5,5)
------------------------
Iteración 19
-----------
Abiertos = (7,5), (5,6), (6,6), (2,7), (4,9), (3,9), (2,8), (1,6), (5,2), (4,3), (6,6), (7,8), (4,1), (2,2), (3,1), (2,3), (2,4), (2,4), (1,5), (4,9), (5,10), (2,7), (7,7), (4,3), (7,9), (6,10)
Cerrados = (3,8), (4,8), (3,7), (5,8), (3,6), (6,8), (5,9), (6,9), (2,6), (6,7), (2,5), (3,5), (3,4), (3,3), (3,2), (4,2), (4,5), (5,5), (6,5)
------------------------
Iteración 20
-----------
Abiertos = (7,4), (8,5), (5,6), (7,6), (6,6), (2,7), (4,9), (3,9), (2,8), (1,6), (5,2), (4,3), (6,6), (7,8), (4,1), (2,2), (3,1), (2,3), (2,4), (2,4), (1,5), (4,9), (5,10), (2,7), (7,7), (4,3), (7,9), (6,10)
Cerrados = (3,8), (4,8), (3,7), (5,8), (3,6), (6,8), (5,9), (6,9), (2,6), (6,7), (2,5), (3,5), (3,4), (3,3), (3,2), (4,2), (4,5), (5,5), (6,5), (7,5)
------------------------
Iteración 21
-----------
Abiertos = (7,4), (5,6), (8,4), (7,6), (6,6), (2,7), (4,9), (3,9), (2,8), (1,6), (5,2), (4,3), (6,6), (7,8), (8,6), (4,1), (2,2), (3,1), (2,3), (2,4), (2,4), (1,5), (2,7), (5,10), (4,9), (7,7), (4,3), (7,9), (6,10)
Cerrados = (3,8), (4,8), (3,7), (5,8), (3,6), (6,8), (5,9), (6,9), (2,6), (6,7), (2,5), (3,5), (3,4), (3,3), (3,2), (4,2), (4,5), (5,5), (6,5), (7,5), (8,5)
------------------------
Iteración 22
-----------
Abiertos = (7,4), (8,4), (7,6), (6,6), (6,6), (2,7), (4,9), (3,9), (2,8), (1,6), (5,2), (4,3), (6,6), (7,8), (8,6), (4,1), (2,2), (3,1), (2,3), (2,4), (2,4), (1,5), (2,7), (5,10), (4,9), (7,7), (4,3), (7,9), (6,10)
Cerrados = (3,8), (4,8), (3,7), (5,8), (3,6), (6,8), (5,9), (6,9), (2,6), (6,7), (2,5), (3,5), (3,4), (3,3), (3,2), (4,2), (4,5), (5,5), (6,5), (7,5), (8,5), (5,6)
------------------------
Iteración 23
-----------
Abiertos = (7,3), (8,4), (8,4), (7,6), (6,6), (6,6), (2,7), (4,9), (3,9), (2,8), (1,6), (5,2), (4,3), (6,6), (7,8), (8,6), (4,1), (2,2), (3,1), (2,3), (2,4), (2,4), (1,5), (2,7), (5,10), (4,9), (7,7), (4,3), (7,9), (6,10)
Cerrados = (3,8), (4,8), (3,7), (5,8), (3,6), (6,8), (5,9), (6,9), (2,6), (6,7), (2,5), (3,5), (3,4), (3,3), (3,2), (4,2), (4,5), (5,5), (6,5), (7,5), (8,5), (5,6), (7,4)
------------------------
Iteración 24
-----------
Abiertos = (7,3), (9,4), (8,4), (7,6), (6,6), (6,6), (2,7), (4,9), (3,9), (2,8), (1,6), (8,3), (5,2), (4,3), (6,6), (7,8), (8,6), (4,1), (2,2), (3,1), (2,3), (2,4), (2,4), (1,5), (2,7), (5,10), (4,9), (7,7), (4,3), (7,9), (6,10)
Cerrados = (3,8), (4,8), (3,7), (5,8), (3,6), (6,8), (5,9), (6,9), (2,6), (6,7), (2,5), (3,5), (3,4), (3,3), (3,2), (4,2), (4,5), (5,5), (6,5), (7,5), (8,5), (5,6), (7,4), (8,4)
------------------------
Iteración 25
-----------
Abiertos = (7,2), (8,3), (6,3), (9,4), (8,4), (7,6), (6,6), (6,6), (2,7), (4,9), (3,9), (2,8), (1,6), (8,3), (5,2), (4,3), (6,6), (7,8), (8,6), (4,1), (2,2), (3,1), (2,3), (2,4), (2,4), (1,5), (2,7), (5,10), (4,9), (7,7), (4,3), (7,9), (6,10)
Cerrados = (3,8), (4,8), (3,7), (5,8), (3,6), (6,8), (5,9), (6,9), (2,6), (6,7), (2,5), (3,5), (3,4), (3,3), (3,2), (4,2), (4,5), (5,5), (6,5), (7,5), (8,5), (5,6), (7,4), (8,4), (7,3)
------------------------
Iteración 26
-----------
Abiertos = (8,2), (8,3), (7,1), (6,2), (6,3), (9,4), (8,4), (7,6), (6,6), (6,6), (2,7), (4,9), (3,9), (2,8), (1,6), (8,3), (5,2), (4,3), (6,6), (7,8), (8,6), (4,1), (2,2), (3,1), (2,3), (2,4), (2,4), (1,5), (2,7), (5,10), (4,9), (7,7), (4,3), (7,9), (6,10)
Cerrados = (3,8), (4,8), (3,7), (5,8), (3,6), (6,8), (5,9), (6,9), (2,6), (6,7), (2,5), (3,5), (3,4), (3,3), (3,2), (4,2), (4,5), (5,5), (6,5), (7,5), (8,5), (5,6), (7,4), (8,4), (7,3), (7,2)
------------------------
Iteración 27
-----------
Abiertos = (9,2), (8,3), (8,1), (7,1), (6,2), (6,3), (9,4), (8,4), (8,3), (7,6), (6,6), (6,6), (2,7), (4,9), (3,9), (2,8), (1,6), (8,3), (5,2), (4,3), (6,6), (7,8), (8,6), (4,1), (2,2), (3,1), (2,3), (2,4), (2,4), (1,5), (2,7), (5,10), (4,9), (7,7), (4,3), (7,9), (6,10)
Cerrados = (3,8), (4,8), (3,7), (5,8), (3,6), (6,8), (5,9), (6,9), (2,6), (6,7), (2,5), (3,5), (3,4), (3,3), (3,2), (4,2), (4,5), (5,5), (6,5), (7,5), (8,5), (5,6), (7,4), (8,4), (7,3), (7,2), (8,2)
------------------------
Iteración 28
-----------
Abiertos = (9,2), (8,1), (7,1), (6,2), (6,3), (9,4), (8,4), (8,3), (7,6), (6,6), (6,6), (2,7), (4,9), (3,9), (2,8), (1,6), (8,3), (5,2), (4,3), (6,6), (7,8), (8,6), (4,1), (2,2), (3,1), (2,3), (2,4), (2,4), (1,5), (4,9), (2,7), (5,10), (9,3), (7,7), (4,3), (7,9), (6,10)
Cerrados = (3,8), (4,8), (3,7), (5,8), (3,6), (6,8), (5,9), (6,9), (2,6), (6,7), (2,5), (3,5), (3,4), (3,3), (3,2), (4,2), (4,5), (5,5), (6,5), (7,5), (8,5), (5,6), (7,4), (8,4), (7,3), (7,2), (8,2), (8,3)
------------------------
Camino: (3,8) -> (3,7) -> (3,6) -> (3,5) -> (4,5) -> (5,5) -> (6,5) -> (7,5) -> (7,4) -> (7,3) -> (7,2) -> (8,2) -> (9,2)
Coste: 24
Iteración 0
-----------
Abiertos = (3,8)
Cerrados = 
------------------------
Iteración 1
-----------
Abiertos = (3,7), (4,8), (3,9), (2,8)
Cerrados = (3,8)
------------------------
Iteración 2
-----------
Abiertos = (5,8), (3,7), (4,9), (2,8), (3,9)
Cerrados = (3,8), (4,8)
------------------------
Iteración 3
-----------
Abiertos = (3,7), (6,8), (5,9), (4,9), (2,8), (3,9)
Cerrados = (3,8), (4,8), (5,8)
------------------------
Iteración 4
-----------
Abiertos = (3,7), (5,9), (6,7), (6,9), (4,9), (3,9), (2,8), (7,8)
Cerrados = (3,8), (4,8), (5,8), (6,8)
------------------------
Iteración 5
-----------
Abiertos = (3,7), (6,9), (6,7), (6,9), (4,9), (3,9), (2,8), (7,8), (4,9), (5,10)
Cerrados = (3,8), (4,8), (5,8), (6,8), (5,9)
------------------------
Iteración 6
-----------
Abiertos = (3,6), (6,9), (6,7), (6,9), (2,7), (4,9), (3,9), (2,8), (7,8), (5,10), (4,9)
Cerrados = (3,8), (4,8), (5,8), (6,8), (5,9), (3,7)
------------------------
Iteración 7
-----------
Abiertos = (3,6), (6,7), (6,9), (2,7), (4,9), (3,9), (2,8), (7,8), (4,9), (5,10), (7,9), (6,10)
Cerrados = (3,8), (4,8), (5,8), (6,8), (5,9), (3,7), (6,9)
------------------------
Iteración 8
-----------
Abiertos = (3,6), (6,9), (2,7), (4,9), (3,9), (2,8), (6,6), (7,8), (4,9), (5,10), (7,7), (7,9), (6,10)
Cerrados = (3,8), (4,8), (5,8), (6,8), (5,9), (3,7), (6,9), (6,7)
------------------------
Iteración 9
-----------
Abiertos = (3,5), (2,6), (6,9), (2,7), (4,9), (3,9), (2,8), (6,6), (7,8), (4,9), (5,10), (7,7), (7,9), (6,10)
Cerrados = (3,8), (4,8), (5,8), (6,8), (5,9), (3,7), (6,9), (6,7), (3,6)
------------------------
Iteración 10
-----------
Abiertos = (3,5), (6,9), (2,5), (2,7), (4,9), (3,9), (2,8), (1,6), (6,6), (7,8), (2,7), (4,9), (5,10), (7,7), (7,9), (6,10)
Cerrados = (3,8), (4,8), (5,8), (6,8), (5,9), (3,7), (6,9), (6,7), (3,6), (2,6)
------------------------
Iteración 11
-----------
Abiertos = (4,5), (3,4), (6,9), (2,5), (2,5), (2,7), (4,9), (2,8), (3,9), (1,6), (6,6), (7,8), (4,9), (2,7), (5,10), (7,7), (7,9), (6,10)
Cerrados = (3,8), (4,8), (5,8), (6,8), (5,9), (3,7), (6,9), (6,7), (3,6), (2,6), (3,5)
------------------------
Iteración 12
-----------
Abiertos = (4,5), (3,3), (6,9), (2,5), (2,5), (2,7), (4,9), (2,8), (3,9), (1,6), (6,6), (7,8), (2,4), (4,9), (5,10), (2,7), (7,7), (7,9), (6,10)
Cerrados = (3,8), (4,8), (5,8), (6,8), (5,9), (3,7), (6,9), (6,7), (3,6), (2,6), (3,5), (3,4)
------------------------
Iteración 13
-----------
Abiertos = (5,5), (3,3), (6,9), (2,5), (2,5), (2,7), (4,9), (2,8), (3,9), (1,6), (6,6), (7,8), (2,4), (4,9), (5,10), (2,7), (7,7), (7,9), (6,10)
Cerrados = (3,8), (4,8), (5,8), (6,8), (5,9), (3,7), (6,9), (6,7), (3,6), (2,6), (3,5), (3,4), (4,5)
------------------------
Iteración 14
-----------
Abiertos = (5,5), (3,2), (6,9), (2,5), (2,5), (2,7), (4,9), (2,8), (3,9), (1,6), (4,3), (6,6), (7,8), (2,3), (2,4), (2,7), (5,10), (4,9), (7,7), (7,9), (6,10)
Cerrados = (3,8), (4,8), (5,8), (6,8), (5,9), (3,7), (6,9), (6,7), (3,6), (2,6), (3,5), (3,4), (4,5), (3,3)
------------------------
Iteración 15
-----------
Abiertos = (5,5), (4,2), (6,9), (2,5), (2,5), (2,7), (4,9), (2,8), (3,9), (1,6), (4,3), (6,6), (7,8), (2,2), (3,1), (2,3), (2,4), (2,7), (5,10), (4,9), (7,7), (7,9), (6,10)
Cerrados = (3,8), (4,8), (5,8), (6,8), (5,9), (3,7), (6,9), (6,7), (3,6), (2,6), (3,5), (3,4), (4,5), (3,3), (3,2)
------------------------
Iteración 16
-----------
Abiertos = (6,5), (5,6), (4,2), (6,9), (2,5), (2,5), (2,7), (4,9), (2,8), (3,9), (1,6), (4,3), (6,6), (7,8), (2,2), (3,1), (2,3), (2,4), (2,7), (5,10), (4,9), (7,7), (7,9), (6,10)
Cerrados = (3,8), (4,8), (5,8), (6,8), (5,9), (3,7), (6,9), (6,7), (3,6), (2,6), (3,5), (3,4), (4,5), (3,3), (3,2), (5,5)
------------------------
Iteración 17
-----------
Abiertos = (6,5), (4,2), (6,6), (6,9), (2,5), (2,5), (2,7), (4,9), (2,8), (3,9), (1,6), (4,3), (6,6), (7,8), (2,2), (3,1), (2,3), (2,4), (2,7), (5,10), (4,9), (7,7), (7,9), (6,10)
Cerrados = (3,8), (4,8), (5,8), (6,8), (5,9), (3,7), (6,9), (6,7), (3,6), (2,6), (3,5), (3,4), (4,5), (3,3), (3,2), (5,5), (5,6)
------------------------
Iteración 18
-----------
Abiertos = (7,5), (4,2), (6,6), (6,6), (6,9), (2,5), (2,5), (2,7), (4,9), (2,8), (3,9), (1,6), (4,3), (6,6), (7,8), (2,2), (3,1), (2,3), (2,4), (2,7), (5,10), (4,9), (7,7), (7,9), (6,10)
Cerrados = (3,8), (4,8), (5,8), (6,8), (5,9), (3,7), (6,9), (6,7), (3,6), (2,6), (3,5), (3,4), (4,5), (3,3), (3,2), (5,5), (5,6), (6,5)
------------------------
Iteración 19
-----------
Abiertos = (7,4), (8,5), (4,2), (7,6), (6,6), (6,6), (6,9), (2,5), (2,5), (2,7), (4,9), (2,8), (3,9), (1,6), (4,3), (6,6), (7,8), (2,2), (3,1), (2,3), (2,4), (2,7), (5,10), (4,9), (7,7), (7,9), (6,10)
Cerrados = (3,8), (4,8), (5,8), (6,8), (5,9), (3,7), (6,9), (6,7), (3,6), (2,6), (3,5), (3,4), (4,5), (3,3), (3,2), (5,5), (5,6), (6,5), (7,5)
------------------------
Iteración 20
-----------
Abiertos = (7,4), (8,4), (4,2), (7,6), (6,6), (6,6), (6,9), (2,5), (2,5), (2,7), (4,9), (2,8), (3,9), (1,6), (4,3), (6,6), (7,8), (8,6), (2,2), (3,1), (2,3), (2,4), (4,9), (2,7), (5,10), (7,7), (7,9), (6,10)
Cerrados = (3,8), (4,8), (5,8), (6,8), (5,9), (3,7), (6,9), (6,7), (3,6), (2,6), (3,5), (3,4), (4,5), (3,3), (3,2), (5,5), (5,6), (6,5), (7,5), (8,5)
------------------------
Iteración 21
-----------
Abiertos = (7,4), (9,4), (4,2), (7,6), (6,6), (6,6), (6,9), (2,5), (2,5), (2,7), (4,9), (2,8), (3,9), (1,6), (8,3), (4,3), (6,6), (7,8), (7,4), (8,6), (2,2), (3,1), (2,3), (2,4), (5,10), (4,9), (2,7), (7,7), (7,9), (6,10)
Cerrados = (3,8), (4,8), (5,8), (6,8), (5,9), (3,7), (6,9), (6,7), (3,6), (2,6), (3,5), (3,4), (4,5), (3,3), (3,2), (5,5), (5,6), (6,5), (7,5), (8,5), (8,4)
------------------------
Iteración 22
-----------
Abiertos = (7,3), (9,4), (4,2), (7,6), (6,6), (6,6), (6,9), (2,5), (2,5), (2,7), (4,9), (2,8), (3,9), (1,6), (8,3), (4,3), (6,6), (7,8), (7,4), (8,6), (2,2), (3,1), (2,3), (2,4), (5,10), (4,9), (2,7), (7,7), (7,9), (6,10)
Cerrados = (3,8), (4,8), (5,8), (6,8), (5,9), (3,7), (6,9), (6,7), (3,6), (2,6), (3,5), (3,4), (4,5), (3,3), (3,2), (5,5), (5,6), (6,5), (7,5), (8,5), (8,4), (7,4)
------------------------
Iteración 23
-----------
Abiertos = (7,2), (8,3), (6,3), (9,4), (4,2), (7,6), (6,6), (6,6), (6,9), (2,5), (2,5), (2,7), (4,9), (2,8), (3,9), (1,6), (8,3), (4,3), (6,6), (7,8), (7,4), (8,6), (2,2), (3,1), (2,3), (2,4), (5,10), (4,9), (2,7), (7,7), (7,9), (6,10)
Cerrados = (3,8), (4,8), (5,8), (6,8), (5,9), (3,7), (6,9), (6,7), (3,6), (2,6), (3,5), (3,4), (4,5), (3,3), (3,2), (5,5), (5,6), (6,5), (7,5), (8,5), (8,4), (7,4), (7,3)
------------------------
Iteración 24
-----------
Abiertos = (8,2), (8,3), (7,1), (6,2), (6,3), (9,4), (4,2), (7,6), (6,6), (6,6), (6,9), (2,5), (2,5), (2,7), (4,9), (2,8), (3,9), (1,6), (8,3), (4,3), (6,6), (7,8), (7,4), (8,6), (2,2), (3,1), (2,3), (2,4), (5,10), (4,9), (2,7), (7,7), (7,9), (6,10)
Cerrados = (3,8), (4,8), (5,8), (6,8), (5,9), (3,7), (6,9), (6,7), (3,6), (2,6), (3,5), (3,4), (4,5), (3,3), (3,2), (5,5), (5,6), (6,5), (7,5), (8,5), (8,4), (7,4), (7,3), (7,2)
------------------------
Iteración 25
-----------
Abiertos = (9,2), (8,3), (8,1), (7,1), (6,2), (6,3), (9,4), (4,2), (8,3), (7,6), (6,6), (6,6), (6,9), (2,5), (2,5), (2,7), (4,9), (2,8), (3,9), (1,6), (8,3), (4,3), (6,6), (7,8), (7,4), (8,6), (2,2), (3,1), (2,3), (2,4), (5,10), (4,9), (2,7), (7,7), (7,9), (6,10)
Cerrados = (3,8), (4,8), (5,8), (6,8), (5,9), (3,7), (6,9), (6,7), (3,6), (2,6), (3,5), (3,4), (4,5), (3,3), (3,2), (5,5), (5,6), (6,5), (7,5), (8,5), (8,4), (7,4), (7,3), (7,2), (8,2)
------------------------
Camino: (3,8) -> (3,7) -> (3,6) -> (3,5) -> (4,5) -> (5,5) -> (6,5) -> (7,5) -> (7,4) -> (7,3) -> (7,2) -> (8,2) -> (9,2)
Coste: 24
Iteración 0
-----------
Abiertos = (3,8)
Cerrados = 
------------------------
Iteración 1
-----------
Abiertos = (3,7), (4,8), (3,9), (2,8)
Cerrados = (3,8)
------------------------
Iteración 2
-----------
Abiertos = (3,6), (4,8), (2,7), (2,8), (3,9)
Cerrados = (3,8), (3,7)
------------------------
Iteración 3
-----------
Abiertos = (3,5), (4,8), (2,6), (2,7), (2,8), (3,9)
Cerrados = (3,8), (3,7), (3,6)
------------------------
Iteración 4
-----------
Abiertos = (4,5), (4,8), (3,4), (2,6), (2,5), (2,7), (2,8), (3,9)
Cerrados = (3,8), (3,7), (3,6), (3,5)
------------------------
Iteración 5
-----------
Abiertos = (5,5), (4,8), (3,4), (2,6), (2,5), (2,7), (3,9), (2,8)
Cerrados = (3,8), (3,7), (3,6), (3,5), (4,5)
------------------------
Iteración 6
-----------
Abiertos = (6,5), (4,8), (3,4), (5,6), (2,6), (2,5), (2,7), (2,8), (3,9)
Cerrados = (3,8), (3,7), (3,6), (3,5), (4,5), (5,5)
------------------------
Iteración 7
-----------
Abiertos = (7,5), (4,8), (3,4), (5,6), (2,6), (6,6), (2,5), (2,7), (2,8), (3,9)
Cerrados = (3,8), (3,7), (3,6), (3,5), (4,5), (5,5), (6,5)
------------------------
Iteración 8
-----------
Abiertos = (7,4), (4,8), (8,5), (3,4), (5,6), (2,6), (7,6), (6,6), (2,5), (2,7), (2,8), (3,9)
Cerrados = (3,8), (3,7), (3,6), (3,5), (4,5), (5,5), (6,5), (7,5)
------------------------
Iteración 9
-----------
Abiertos = (7,3), (4,8), (8,4), (8,5), (3,4), (5,6), (2,6), (7,6), (6,6), (2,5), (2,7), (2,8), (3,9)
Cerrados = (3,8), (3,7), (3,6), (3,5), (4,5), (5,5), (6,5), (7,5), (7,4)
------------------------
Iteración 10
-----------
Abiertos = (7,3), (5,8), (8,4), (8,5), (3,4), (5,6), (2,6), (7,6), (6,6), (2,5), (4,9), (2,7), (2,8), (3,9)
Cerrados = (3,8), (3,7), (3,6), (3,5), (4,5), (5,5), (6,5), (7,5), (7,4), (4,8)
------------------------
Iteración 11
-----------
Abiertos = (7,3), (8,4), (8,5), (3,4), (6,8), (5,6), (5,9), (2,6), (7,6), (6,6), (2,5), (2,7), (4,9), (2,8), (3,9)
Cerrados = (3,8), (3,7), (3,6), (3,5), (4,5), (5,5), (6,5), (7,5), (7,4), (4,8), (5,8)
------------------------
Iteración 12
-----------
Abiertos = (7,3), (9,4), (8,5), (3,4), (6,8), (5,6), (5,9), (2,6), (8,3), (7,6), (6,6), (2,5), (2,7), (4,9), (3,9), (2,8), (8,5)
Cerrados = (3,8), (3,7), (3,6), (3,5), (4,5), (5,5), (6,5), (7,5), (7,4), (4,8), (5,8), (8,4)
------------------------
Iteración 13
-----------
Abiertos = (7,3), (8,5), (3,4), (6,8), (5,6), (5,9), (2,6), (9,3), (8,3), (10,4), (7,6), (6,6), (2,5), (2,7), (4,9), (2,8), (3,9), (8,5)
Cerrados = (3,8), (3,7), (3,6), (3,5), (4,5), (5,5), (6,5), (7,5), (7,4), (4,8), (5,8), (8,4), (9,4)
------------------------
Iteración 14
-----------
Abiertos = (7,3), (3,4), (6,8), (5,6), (5,9), (2,6), (9,3), (8,3), (10,4), (7,6), (6,6), (2,5), (2,7), (4,9), (3,9), (2,8), (8,5), (8,6)
Cerrados = (3,8), (3,7), (3,6), (3,5), (4,5), (5,5), (6,5), (7,5), (7,4), (4,8), (5,8), (8,4), (9,4), (8,5)
------------------------
Iteración 15
-----------
Abiertos = (7,3), (6,8), (5,6), (5,9), (2,6), (9,3), (8,3), (3,3), (10,4), (7,6), (6,6), (2,5), (4,9), (2,7), (3,9), (2,8), (8,5), (8,6), (2,4)
Cerrados = (3,8), (3,7), (3,6), (3,5), (4,5), (5,5), (6,5), (7,5), (7,4), (4,8), (5,8), (8,4), (9,4), (8,5), (3,4)
------------------------
Iteración 16
-----------
Abiertos = (7,3), (5,6), (5,9), (2,6), (9,3), (8,3), (3,3), (6,7), (10,4), (7,6), (6,6), (2,5), (6,9), (2,7), (4,9), (3,9), (2,8), (7,8), (8,5), (8,6), (2,4)
Cerrados = (3,8), (3,7), (3,6), (3,5), (4,5), (5,5), (6,5), (7,5), (7,4), (4,8), (5,8), (8,4), (9,4), (8,5), (3,4), (6,8)
------------------------
Iteración 17
-----------
Abiertos = (7,2), (8,3), (6,3), (5,6), (5,9), (2,6), (9,3), (8,3), (3,3), (6,7), (10,4), (7,6), (6,6), (2,5), (6,9), (2,7), (4,9), (3,9), (2,8), (7,8), (8,5), (8,6), (2,4)
Cerrados = (3,8), (3,7), (3,6), (3,5), (4,5), (5,5), (6,5), (7,5), (7,4), (4,8), (5,8), (8,4), (9,4), (8,5), (3,4), (6,8), (7,3)
------------------------
Iteración 18
-----------
Abiertos = (7,2), (6,3), (5,6), (5,9), (2,6), (8,2), (9,3), (8,3), (3,3), (6,7), (10,4), (7,6), (6,6), (2,5), (6,9), (2,7), (4,9), (3,9), (2,8), (9,3), (7,8), (8,5), (8,6), (2,4)
Cerrados = (3,8), (3,7), (3,6), (3,5), (4,5), (5,5), (6,5), (7,5), (7,4), (4,8), (5,8), (8,4), (9,4), (8,5), (3,4), (6,8), (7,3), (8,3)
------------------------
Iteración 19
-----------
Abiertos = (7,2), (6,2), (5,6), (5,9), (2,6), (8,2), (9,3), (8,3), (3,3), (6,7), (10,4), (7,6), (6,6), (2,5), (6,9), (2,7), (4,9), (2,8), (3,9), (9,3), (7,8), (8,5), (8,6), (2,4), (5,3)
Cerrados = (3,8), (3,7), (3,6), (3,5), (4,5), (5,5), (6,5), (7,5), (7,4), (4,8), (5,8), (8,4), (9,4), (8,5), (3,4), (6,8), (7,3), (8,3), (6,3)
------------------------
Iteración 20
-----------
Abiertos = (7,2), (7,2), (5,6), (5,9), (2,6), (8,2), (9,3), (8,3), (3,3), (6,7), (10,4), (7,6), (6,6), (2,5), (6,9), (2,7), (4,9), (3,9), (2,8), (6,1), (9,3), (7,8), (8,5), (8,6), (2,4), (5,2), (5,3)
Cerrados = (3,8), (3,7), (3,6), (3,5), (4,5), (5,5), (6,5), (7,5), (7,4), (4,8), (5,8), (8,4), (9,4), (8,5), (3,4), (6,8), (7,3), (8,3), (6,3), (6,2)
------------------------
Iteración 21
-----------
Abiertos = (8,2), (7,2), (7,1), (5,6), (5,9), (2,6), (8,2), (9,3), (8,3), (3,3), (6,7), (10,4), (7,6), (6,6), (2,5), (6,9), (2,7), (4,9), (3,9), (2,8), (6,1), (9,3), (7,8), (8,5), (8,6), (2,4), (5,2), (5,3)
Cerrados = (3,8), (3,7), (3,6), (3,5), (4,5), (5,5), (6,5), (7,5), (7,4), (4,8), (5,8), (8,4), (9,4), (8,5), (3,4), (6,8), (7,3), (8,3), (6,3), (6,2), (7,2)
------------------------
Iteración 22
-----------
Abiertos = (8,2), (8,1), (5,6), (5,9), (2,6), (8,2), (9,3), (8,3), (3,3), (6,7), (10,4), (7,6), (6,6), (2,5), (6,9), (2,7), (4,9), (3,9), (2,8), (6,1), (6,1), (9,3), (7,8), (8,5), (8,6), (2,4), (5,2), (5,3)
Cerrados = (3,8), (3,7), (3,6), (3,5), (4,5), (5,5), (6,5), (7,5), (7,4), (4,8), (5,8), (8,4), (9,4), (8,5), (3,4), (6,8), (7,3), (8,3), (6,3), (6,2), (7,2), (7,1)
------------------------
Iteración 23
-----------
Abiertos = (8,1), (5,6), (5,9), (2,6), (9,2), (8,2), (9,3), (8,3), (3,3), (6,7), (10,4), (7,6), (6,6), (2,5), (6,9), (2,7), (4,9), (3,9), (2,8), (6,1), (6,1), (9,3), (7,8), (8,1), (8,5), (8,6), (2,4), (5,2), (5,3)
Cerrados = (3,8), (3,7), (3,6), (3,5), (4,5), (5,5), (6,5), (7,5), (7,4), (4,8), (5,8), (8,4), (9,4), (8,5), (3,4), (6,8), (7,3), (8,3), (6,3), (6,2), (7,2), (7,1), (8,2)
------------------------
Iteración 24
-----------
Abiertos = (9,1), (5,6), (5,9), (2,6), (9,2), (8,2), (9,3), (8,3), (3,3), (6,7), (10,4), (7,6), (6,6), (2,5), (6,9), (2,7), (4,9), (3,9), (2,8), (6,1), (6,1), (9,3), (7,8), (8,1), (8,5), (8,6), (2,4), (5,2), (5,3)
Cerrados = (3,8), (3,7), (3,6), (3,5), (4,5), (5,5), (6,5), (7,5), (7,4), (4,8), (5,8), (8,4), (9,4), (8,5), (3,4), (6,8), (7,3), (8,3), (6,3), (6,2), (7,2), (7,1), (8,2), (8,1)
------------------------
Iteración 25
-----------
Abiertos = (9,2), (5,6), (5,9), (2,6), (9,2), (8,2), (9,3), (8,3), (3,3), (6,7), (10,4), (7,6), (6,6), (2,5), (6,9), (2,7), (4,9), (3,9), (2,8), (10,1), (6,1), (6,1), (9,3), (7,8), (8,1), (8,5), (8,6), (2,4), (5,2), (5,3)
Cerrados = (3,8), (3,7), (3,6), (3,5), (4,5), (5,5), (6,5), (7,5), (7,4), (4,8), (5,8), (8,4), (9,4), (8,5), (3,4), (6,8), (7,3), (8,3), (6,3), (6,2), (7,2), (7,1), (8,2), (8,1), (9,1)
------------------------
Camino: (3,8) -> (3,7) -> (3,6) -> (3,5) -> (4,5) -> (5,5) -> (6,5) -> (7,5) -> (7,4) -> (8,4) -> (8,3) -> (8,2) -> (9,2)
Coste: 30
Iteración 0
-----------
Abiertos = (3,8)
Cerrados = 
------------------------
Iteración 1
-----------
Abiertos = (3,7), (4,8), (3,9), (2,8)
Cerrados = (3,8)
------------------------
Iteración 2
-----------
Abiertos = (3,6), (4,8), (2,7), (2,8), (3,9)
Cerrados = (3,8), (3,7)
------------------------
Iteración 3
-----------
Abiertos = (3,5), (4,8), (2,6), (2,7), (2,8), (3,9)
Cerrados = (3,8), (3,7), (3,6)
------------------------
Iteración 4
-----------
Abiertos = (3,5), (5,8), (2,6), (4,9), (2,7), (2,8), (3,9)
Cerrados = (3,8), (3,7), (3,6), (4,8)
------------------------
Iteración 5
-----------
Abiertos = (4,5), (5,8), (3,4), (2,6), (2,5), (4,9), (2,7), (2,8), (3,9)
Cerrados = (3,8), (3,7), (3,6), (4,8), (3,5)
------------------------
Iteración 6
-----------
Abiertos = (4,5), (3,4), (6,8), (2,6), (5,9), (2,5), (4,9), (2,7), (2,8), (3,9)
Cerrados = (3,8), (3,7), (3,6), (4,8), (3,5), (5,8)
------------------------
Iteración 7
-----------
Abiertos = (5,5), (3,4), (6,8), (2,6), (5,9), (2,5), (4,9), (2,7), (2,8), (3,9)
Cerrados = (3,8), (3,7), (3,6), (4,8), (3,5), (5,8), (4,5)
------------------------
Iteración 8
-----------
Abiertos = (6,5), (3,4), (6,8), (5,6), (2,6), (5,9), (2,5), (4,9), (2,7), (2,8), (3,9)
Cerrados = (3,8), (3,7), (3,6), (4,8), (3,5), (5,8), (4,5), (5,5)
------------------------
Iteración 9
-----------
Abiertos = (7,5), (3,4), (6,8), (5,6), (2,6), (5,9), (6,6), (2,5), (4,9), (2,7), (2,8), (3,9)
Cerrados = (3,8), (3,7), (3,6), (4,8), (3,5), (5,8), (4,5), (5,5), (6,5)
------------------------
Iteración 10
-----------
Abiertos = (7,4), (8,5), (3,4), (6,8), (5,6), (2,6), (5,9), (7,6), (6,6), (2,5), (2,7), (4,9), (2,8), (3,9)
Cerrados = (3,8), (3,7), (3,6), (4,8), (3,5), (5,8), (4,5), (5,5), (6,5), (7,5)
------------------------
Iteración 11
-----------
Abiertos = (7,3), (8,4), (8,5), (3,4), (6,8), (5,6), (2,6), (5,9), (7,6), (6,6), (2,5), (2,7), (4,9), (2,8), (3,9)
Cerrados = (3,8), (3,7), (3,6), (4,8), (3,5), (5,8), (4,5), (5,5), (6,5), (7,5), (7,4)
------------------------
Iteración 12
-----------
Abiertos = (7,3), (9,4), (8,5), (3,4), (6,8), (5,6), (2,6), (5,9), (8,3), (7,6), (6,6), (2,5), (4,9), (2,7), (2,8), (3,9), (8,5)
Cerrados = (3,8), (3,7), (3,6), (4,8), (3,5), (5,8), (4,5), (5,5), (6,5), (7,5), (7,4), (8,4)
------------------------
Iteración 13
-----------
Abiertos = (7,2), (9,4), (8,3), (8,5), (3,4), (6,8), (6,3), (5,6), (2,6), (5,9), (8,3), (7,6), (6,6), (2,5), (4,9), (2,7), (2,8), (3,9), (8,5)
Cerrados = (3,8), (3,7), (3,6), (4,8), (3,5), (5,8), (4,5), (5,5), (6,5), (7,5), (7,4), (8,4), (7,3)
------------------------
Iteración 14
-----------
Abiertos = (8,2), (8,3), (9,4), (8,5), (3,4), (6,8), (6,2), (7,1), (6,3), (5,6), (2,6), (5,9), (8,3), (7,6), (6,6), (2,5), (4,9), (2,7), (2,8), (3,9), (8,5)
Cerrados = (3,8), (3,7), (3,6), (4,8), (3,5), (5,8), (4,5), (5,5), (6,5), (7,5), (7,4), (8,4), (7,3), (7,2)
------------------------
Iteración 15
-----------
Abiertos = (8,2), (9,4), (8,5), (3,4), (6,8), (6,2), (7,1), (6,3), (5,6), (2,6), (5,9), (8,2), (8,3), (7,6), (6,6), (2,5), (4,9), (2,7), (3,9), (2,8), (9,3), (8,5)
Cerrados = (3,8), (3,7), (3,6), (4,8), (3,5), (5,8), (4,5), (5,5), (6,5), (7,5), (7,4), (8,4), (7,3), (7,2), (8,3)
------------------------
Iteración 16
-----------
Abiertos = (8,2), (8,5), (3,4), (6,8), (6,2), (7,1), (6,3), (5,6), (2,6), (5,9), (9,3), (8,2), (8,3), (10,4), (7,6), (6,6), (2,5), (2,7), (4,9), (2,8), (3,9), (9,3), (8,5)
Cerrados = (3,8), (3,7), (3,6), (4,8), (3,5), (5,8), (4,5), (5,5), (6,5), (7,5), (7,4), (8,4), (7,3), (7,2), (8,3), (9,4)
------------------------
Iteración 17
-----------
Abiertos = (8,2), (3,4), (6,8), (6,2), (7,1), (6,3), (5,6), (2,6), (5,9), (9,3), (8,2), (8,3), (10,4), (7,6), (6,6), (2,5), (2,7), (4,9), (2,8), (3,9), (9,3), (8,5), (8,6)
Cerrados = (3,8), (3,7), (3,6), (4,8), (3,5), (5,8), (4,5), (5,5), (6,5), (7,5), (7,4), (8,4), (7,3), (7,2), (8,3), (9,4), (8,5)
------------------------
Iteración 18
-----------
Abiertos = (9,2), (3,4), (6,8), (8,1), (6,2), (7,1), (6,3), (5,6), (2,6), (5,9), (9,3), (8,2), (8,3), (10,4), (7,6), (6,6), (2,5), (2,7), (4,9), (2,8), (3,9), (9,3), (8,5), (8,6)
Cerrados = (3,8), (3,7), (3,6), (4,8), (3,5), (5,8), (4,5), (5,5), (6,5), (7,5), (7,4), (8,4), (7,3), (7,2), (8,3), (9,4), (8,5), (8,2)
------------------------
Iteración 19
-----------
Abiertos = (9,2), (6,8), (8,1), (6,2), (7,1), (6,3), (5,6), (2,6), (5,9), (9,3), (8,2), (8,3), (3,3), (10,4), (7,6), (6,6), (2,5), (4,9), (2,7), (2,8), (3,9), (9,3), (8,5), (8,6), (2,4)
Cerrados = (3,8), (3,7), (3,6), (4,8), (3,5), (5,8), (4,5), (5,5), (6,5), (7,5), (7,4), (8,4), (7,3), (7,2), (8,3), (9,4), (8,5), (8,2), (3,4)
------------------------
Iteración 20
-----------
Abiertos = (9,2), (8,1), (6,2), (7,1), (6,3), (5,6), (2,6), (5,9), (9,3), (8,2), (8,3), (3,3), (6,7), (10,4), (7,6), (6,6), (6,9), (2,5), (4,9), (2,7), (3,9), (2,8), (9,3), (7,8), (8,5), (8,6), (2,4)
Cerrados = (3,8), (3,7), (3,6), (4,8), (3,5), (5,8), (4,5), (5,5), (6,5), (7,5), (7,4), (8,4), (7,3), (7,2), (8,3), (9,4), (8,5), (8,2), (3,4), (6,8)
------------------------
Iteración 21
-----------
Abiertos = (9,2), (9,1), (6,2), (7,1), (6,3), (5,6), (2,6), (5,9), (9,3), (8,2), (8,3), (3,3), (6,7), (10,4), (7,6), (6,6), (6,9), (2,5), (4,9), (2,7), (2,8), (3,9), (7,1), (9,3), (7,8), (8,5), (8,6), (2,4)
Cerrados = (3,8), (3,7), (3,6), (4,8), (3,5), (5,8), (4,5), (5,5), (6,5), (7,5), (7,4), (8,4), (7,3), (7,2), (8,3), (9,4), (8,5), (8,2), (3,4), (6,8), (8,1)
------------------------
Camino: (3,8) -> (3,7) -> (3,6) -> (3,5) -> (4,5) -> (5,5) -> (6,5) -> (7,5) -> (7,4) -> (7,3) -> (7,2) -> (8,2) -> (9,2)
Coste: 24
Iteración 0
-----------
Abiertos = (3,8)
Cerrados = 
------------------------
Iteración 1
-----------
Abiertos = (3,7), (4,8), (3,9), (2,8)
Cerrados = (3,8)
------------------------
Iteración 2
-----------
Abiertos = (5,8), (3,7), (4,9), (2,8), (3,9)
Cerrados = (3,8), (4,8)
------------------------
Iteración 3
-----------
Abiertos = (5,8), (3,6), (2,7), (4,9), (2,8), (3,9)
Cerrados = (3,8), (4,8), (3,7)
------------------------
Iteración 4
-----------
Abiertos = (3,5), (5,8), (2,6), (2,7), (4,9), (2,8), (3,9)
Cerrados = (3,8), (4,8), (3,7), (3,6)
------------------------
Iteración 5
-----------
Abiertos = (4,5), (5,8), (3,4), (2,6), (2,5), (4,9), (2,7), (2,8), (3,9)
Cerrados = (3,8), (4,8), (3,7), (3,6), (3,5)
------------------------
Iteración 6
-----------
Abiertos = (4,5), (3,4), (6,8), (2,6), (5,9), (2,5), (2,7), (4,9), (2,8), (3,9)
Cerrados = (3,8), (4,8), (3,7), (3,6), (3,5), (5,8)
------------------------
Iteración 7
-----------
Abiertos = (5,5), (3,4), (6,8), (2,6), (5,9), (2,5), (2,7), (4,9), (2,8), (3,9)
Cerrados = (3,8), (4,8), (3,7), (3,6), (3,5), (5,8), (4,5)
------------------------
Iteración 8
-----------
Abiertos = (6,5), (3,4), (6,8), (5,6), (2,6), (5,9), (2,5), (2,7), (4,9), (2,8), (3,9)
Cerrados = (3,8), (4,8), (3,7), (3,6), (3,5), (5,8), (4,5), (5,5)
------------------------
Iteración 9
-----------
Abiertos = (6,5), (6,8), (5,6), (2,6), (5,9), (3,3), (2,5), (4,9), (2,7), (3,9), (2,8), (2,4)
Cerrados = (3,8), (4,8), (3,7), (3,6), (3,5), (5,8), (4,5), (5,5), (3,4)
------------------------
Iteración 10
-----------
Abiertos = (6,5), (5,6), (2,6), (5,9), (3,3), (6,7), (6,9), (2,5), (4,9), (2,7), (2,8), (3,9), (7,8), (2,4)
Cerrados = (3,8), (4,8), (3,7), (3,6), (3,5), (5,8), (4,5), (5,5), (3,4), (6,8)
------------------------
Iteración 11
-----------
Abiertos = (6,5), (2,6), (5,9), (3,3), (6,7), (6,6), (6,9), (2,5), (4,9), (2,7), (2,8), (3,9), (7,8), (2,4)
Cerrados = (3,8), (4,8), (3,7), (3,6), (3,5), (5,8), (4,5), (5,5), (3,4), (6,8), (5,6)
------------------------
Iteración 12
-----------
Abiertos = (7,5), (5,9), (2,6), (3,3), (6,7), (6,6), (6,6), (2,5), (6,9), (4,9), (2,7), (3,9), (2,8), (7,8), (2,4)
Cerrados = (3,8), (4,8), (3,7), (3,6), (3,5), (5,8), (4,5), (5,5), (3,4), (6,8), (5,6), (6,5)
------------------------
Iteración 13
-----------
Abiertos = (7,5), (6,9), (2,6), (3,3), (6,7), (6,6), (6,6), (6,9), (2,5), (4,9), (2,7), (3,9), (2,8), (7,8), (2,4), (4,9), (5,10)
Cerrados = (3,8), (4,8), (3,7), (3,6), (3,5), (5,8), (4,5), (5,5), (3,4), (6,8), (5,6), (6,5), (5,9)
------------------------
Iteración 14
-----------
Abiertos = (7,4), (8,5), (6,9), (2,6), (3,3), (6,7), (7,6), (6,6), (6,6), (6,9), (2,5), (4,9), (2,7), (3,9), (2,8), (7,8), (2,4), (4,9), (5,10)
Cerrados = (3,8), (4,8), (3,7), (3,6), (3,5), (5,8), (4,5), (5,5), (3,4), (6,8), (5,6), (6,5), (5,9), (7,5)
------------------------
Iteración 15
-----------
Abiertos = (7,3), (8,4), (8,5), (6,9), (2,6), (3,3), (6,7), (7,6), (6,6), (6,6), (6,9), (2,5), (4,9), (2,7), (3,9), (2,8), (7,8), (2,4), (4,9), (5,10)
Cerrados = (3,8), (4,8), (3,7), (3,6), (3,5), (5,8), (4,5), (5,5), (3,4), (6,8), (5,6), (6,5), (5,9), (7,5), (7,4)
------------------------
Iteración 16
-----------
Abiertos = (7,3), (9,4), (8,5), (6,9), (2,6), (8,3), (3,3), (6,7), (7,6), (6,6), (6,6), (6,9), (2,5), (4,9), (2,7), (3,9), (2,8), (7,8), (8,5), (2,4), (4,9), (5,10)
Cerrados = (3,8), (4,8), (3,7), (3,6), (3,5), (5,8), (4,5), (5,5), (3,4), (6,8), (5,6), (6,5), (5,9), (7,5), (7,4), (8,4)
------------------------
Iteración 17
-----------
Abiertos = (7,3), (8,5), (6,9), (2,6), (9,3), (8,3), (3,3), (6,7), (10,4), (7,6), (6,6), (6,6), (6,9), (2,5), (4,9), (2,7), (3,9), (2,8), (7,8), (8,5), (2,4), (5,10), (4,9)
Cerrados = (3,8), (4,8), (3,7), (3,6), (3,5), (5,8), (4,5), (5,5), (3,4), (6,8), (5,6), (6,5), (5,9), (7,5), (7,4), (8,4), (9,4)
------------------------
Iteración 18
-----------
Abiertos = (7,2), (8,3), (8,5), (6,3), (6,9), (2,6), (9,3), (8,3), (3,3), (6,7), (10,4), (7,6), (6,6), (6,6), (6,9), (2,5), (4,9), (2,7), (3,9), (2,8), (7,8), (8,5), (2,4), (5,10), (4,9)
Cerrados = (3,8), (4,8), (3,7), (3,6), (3,5), (5,8), (4,5), (5,5), (3,4), (6,8), (5,6), (6,5), (5,9), (7,5), (7,4), (8,4), (9,4), (7,3)
------------------------
Iteración 19
-----------
Abiertos = (8,2), (8,3), (8,5), (7,1), (6,2), (6,3), (6,9), (2,6), (9,3), (8,3), (3,3), (6,7), (10,4), (7,6), (6,6), (6,6), (6,9), (2,5), (4,9), (2,7), (3,9), (2,8), (7,8), (8,5), (2,4), (5,10), (4,9)
Cerrados = (3,8), (4,8), (3,7), (3,6), (3,5), (5,8), (4,5), (5,5), (3,4), (6,8), (5,6), (6,5), (5,9), (7,5), (7,4), (8,4), (9,4), (7,3), (7,2)
------------------------
Iteración 20
-----------
Abiertos = (8,2), (8,5), (7,1), (6,2), (6,3), (6,9), (2,6), (8,2), (9,3), (8,3), (3,3), (6,7), (10,4), (7,6), (6,6), (6,6), (6,9), (2,5), (4,9), (2,7), (3,9), (2,8), (9,3), (7,8), (8,5), (2,4), (4,9), (5,10)
Cerrados = (3,8), (4,8), (3,7), (3,6), (3,5), (5,8), (4,5), (5,5), (3,4), (6,8), (5,6), (6,5), (5,9), (7,5), (7,4), (8,4), (9,4), (7,3), (7,2), (8,3)
------------------------
Iteración 21
-----------
Abiertos = (9,2), (8,5), (8,1), (7,1), (6,2), (6,3), (6,9), (2,6), (8,2), (9,3), (8,3), (3,3), (6,7), (10,4), (7,6), (6,6), (6,6), (6,9), (2,5), (4,9), (2,7), (3,9), (2,8), (9,3), (7,8), (8,5), (2,4), (4,9), (5,10)
Cerrados = (3,8), (4,8), (3,7), (3,6), (3,5), (5,8), (4,5), (5,5), (3,4), (6,8), (5,6), (6,5), (5,9), (7,5), (7,4), (8,4), (9,4), (7,3), (7,2), (8,3), (8,2)
------------------------
Camino: (3,8) -> (3,7) -> (3,6) -> (3,5) -> (4,5) -> (5,5) -> (6,5) -> (7,5) -> (7,4) -> (7,3) -> (7,2) -> (8,2) -> (9,2)
Coste: 24
Iteración 0
-----------
Abiertos = (3,8)
Cerrados = 
------------------------
Iteración 1
-----------
Abiertos = (3,7), (4,8), (3,9), (2,8)
Cerrados = (3,8)
------------------------
Iteración 2
-----------
Abiertos = (5,8), (3,7), (4,9), (2,8), (3,9)
Cerrados = (3,8), (4,8)
------------------------
Iteración 3
-----------
Abiertos = (5,8), (3,6), (2,7), (4,9), (2,8), (3,9)
Cerrados = (3,8), (4,8), (3,7)
------------------------
Iteración 4
-----------
Abiertos = (3,6), (6,8), (5,9), (2,7), (4,9), (2,8), (3,9)
Cerrados = (3,8), (4,8), (3,7), (5,8)
------------------------
Iteración 5
-----------
Abiertos = (3,5), (6,8), (5,9), (2,6), (4,9), (2,7), (2,8), (3,9)
Cerrados = (3,8), (4,8), (3,7), (5,8), (3,6)
------------------------
Iteración 6
-----------
Abiertos = (3,5), (5,9), (2,6), (6,7), (6,9), (4,9), (2,7), (3,9), (2,8), (7,8)
Cerrados = (3,8), (4,8), (3,7), (5,8), (3,6), (6,8)
------------------------
Iteración 7
-----------
Abiertos = (3,5), (6,9), (2,6), (6,7), (6,9), (4,9), (2,7), (3,9), (2,8), (7,8), (5,10), (4,9)
Cerrados = (3,8), (4,8), (3,7), (5,8), (3,6), (6,8), (5,9)
------------------------
Iteración 8
-----------
Abiertos = (4,5), (3,4), (6,9), (2,6), (6,7), (2,5), (6,9), (4,9), (2,7), (3,9), (2,8), (7,8), (4,9), (5,10)
Cerrados = (3,8), (4,8), (3,7), (5,8), (3,6), (6,8), (5,9), (3,5)
------------------------
Iteración 9
-----------
Abiertos = (4,5), (6,9), (2,6), (3,3), (6,7), (2,5), (6,9), (4,9), (2,7), (2,8), (3,9), (7,8), (2,4), (4,9), (5,10)
Cerrados = (3,8), (4,8), (3,7), (5,8), (3,6), (6,8), (5,9), (3,5), (3,4)
------------------------
Iteración 10
-----------
Abiertos = (5,5), (6,9), (2,6), (3,3), (6,7), (2,5), (6,9), (4,9), (2,7), (2,8), (3,9), (7,8), (2,4), (4,9), (5,10)
Cerrados = (3,8), (4,8), (3,7), (5,8), (3,6), (6,8), (5,9), (3,5), (3,4), (4,5)
------------------------
Iteración 11
-----------
Abiertos = (5,5), (2,6), (3,3), (6,7), (2,5), (6,9), (4,9), (2,7), (3,9), (2,8), (7,8), (2,4), (5,10), (4,9), (7,9), (6,10)
Cerrados = (3,8), (4,8), (3,7), (5,8), (3,6), (6,8), (5,9), (3,5), (3,4), (4,5), (6,9)
------------------------
Iteración 12
-----------
Abiertos = (6,5), (5,6), (2,6), (3,3), (6,7), (2,5), (6,9), (4,9), (2,7), (3,9), (2,8), (7,8), (2,4), (5,10), (4,9), (7,9), (6,10)
Cerrados = (3,8), (4,8), (3,7), (5,8), (3,6), (6,8), (5,9), (3,5), (3,4), (4,5), (6,9), (5,5)
------------------------
Iteración 13
-----------
Abiertos = (7,5), (5,6), (2,6), (3,3), (6,7), (6,6), (2,5), (6,9), (2,7), (4,9), (3,9), (2,8), (7,8), (2,4), (4,9), (5,10), (7,9), (6,10)
Cerrados = (3,8), (4,8), (3,7), (5,8), (3,6), (6,8), (5,9), (3,5), (3,4), (4,5), (6,9), (5,5), (6,5)
------------------------
Iteración 14
-----------
Abiertos = (7,4), (8,5), (5,6), (2,6), (3,3), (6,7), (7,6), (6,6), (2,5), (6,9), (4,9), (2,7), (3,9), (2,8), (7,8), (2,4), (5,10), (4,9), (7,9), (6,10)
Cerrados = (3,8), (4,8), (3,7), (5,8), (3,6), (6,8), (5,9), (3,5), (3,4), (4,5), (6,9), (5,5), (6,5), (7,5)
------------------------
Iteración 15
-----------
Abiertos = (7,3), (8,4), (8,5), (5,6), (2,6), (3,3), (6,7), (7,6), (6,6), (2,5), (6,9), (4,9), (2,7), (3,9), (2,8), (7,8), (2,4), (5,10), (4,9), (7,9), (6,10)
Cerrados = (3,8), (4,8), (3,7), (5,8), (3,6), (6,8), (5,9), (3,5), (3,4), (4,5), (6,9), (5,5), (6,5), (7,5), (7,4)
------------------------
Iteración 16
-----------
Abiertos = (7,2), (8,3), (8,4), (8,5), (6,3), (5,6), (2,6), (3,3), (6,7), (7,6), (6,6), (2,5), (6,9), (4,9), (2,7), (3,9), (2,8), (7,8), (2,4), (5,10), (4,9), (7,9), (6,10)
Cerrados = (3,8), (4,8), (3,7), (5,8), (3,6), (6,8), (5,9), (3,5), (3,4), (4,5), (6,9), (5,5), (6,5), (7,5), (7,4), (7,3)
------------------------
Iteración 17
-----------
Abiertos = (8,2), (8,3), (8,4), (8,5), (6,2), (7,1), (6,3), (5,6), (2,6), (3,3), (6,7), (7,6), (6,6), (2,5), (6,9), (4,9), (2,7), (2,8), (3,9), (7,8), (2,4), (4,9), (5,10), (7,9), (6,10)
Cerrados = (3,8), (4,8), (3,7), (5,8), (3,6), (6,8), (5,9), (3,5), (3,4), (4,5), (6,9), (5,5), (6,5), (7,5), (7,4), (7,3), (7,2)
------------------------
Iteración 18
-----------
Abiertos = (9,2), (8,3), (8,4), (8,5), (8,1), (6,2), (7,1), (6,3), (5,6), (2,6), (3,3), (6,7), (8,3), (7,6), (6,6), (2,5), (6,9), (2,7), (4,9), (2,8), (3,9), (7,8), (2,4), (5,10), (4,9), (7,9), (6,10)
Cerrados = (3,8), (4,8), (3,7), (5,8), (3,6), (6,8), (5,9), (3,5), (3,4), (4,5), (6,9), (5,5), (6,5), (7,5), (7,4), (7,3), (7,2), (8,2)
------------------------
Camino: (3,8) -> (3,7) -> (3,6) -> (3,5) -> (4,5) -> (5,5) -> (6,5) -> (7,5) -> (7,4) -> (7,3) -> (7,2) -> (8,2) -> (9,2)
Coste: 24
Iteración 0
-----------
Abiertos = (3,8)
Cerrados = 
------------------------
Iteración 1
-----------
Abiertos = (3,7), (4,8), (3,9), (2,8)
Cerrados = (3,8)
------------------------
Iteración 2
-----------
Abiertos = (3,6), (4,8), (2,7), (2,8), (3,9)
Cerrados = (3,8), (3,7)
------------------------
Iteración 3
-----------
Abiertos = (3,6), (5,8), (2,7), (4,9), (2,8), (3,9)
Cerrados = (3,8), (3,7), (4,8)
------------------------
Iteración 4
-----------
Abiertos = (3,5), (5,8), (2,6), (2,7), (4,9), (2,8), (3,9)
Cerrados = (3,8), (3,7), (4,8), (3,6)
------------------------
Iteración 5
-----------
Abiertos = (4,5), (5,8), (3,4), (2,6), (2,5), (4,9), (2,7), (2,8), (3,9)
Cerrados = (3,8), (3,7), (4,8), (3,6), (3,5)
------------------------
Iteración 6
-----------
Abiertos = (4,5), (3,4), (6,8), (2,6), (5,9), (2,5), (2,7), (4,9), (2,8), (3,9)
Cerrados = (3,8), (3,7), (4,8), (3,6), (3,5), (5,8)
------------------------
Iteración 7
-----------
Abiertos = (4,5), (6,8), (2,6), (5,9), (3,3), (2,5), (4,9), (2,7), (3,9), (2,8), (2,4)
Cerrados = (3,8), (3,7), (4,8), (3,6), (3,5), (5,8), (3,4)
------------------------
Iteración 8
-----------
Abiertos = (4,5), (2,6), (5,9), (3,3), (6,7), (6,9), (2,5), (4,9), (2,7), (2,8), (3,9), (7,8), (2,4)
Cerrados = (3,8), (3,7), (4,8), (3,6), (3,5), (5,8), (3,4), (6,8)
------------------------
Iteración 9
-----------
Abiertos = (5,5), (5,9), (2,6), (3,3), (6,7), (6,9), (2,5), (4,9), (2,7), (2,8), (3,9), (7,8), (2,4)
Cerrados = (3,8), (3,7), (4,8), (3,6), (3,5), (5,8), (3,4), (6,8), (4,5)
------------------------
Iteración 10
-----------
Abiertos = (6,5), (5,6), (2,6), (5,9), (3,3), (6,7), (6,9), (2,5), (4,9), (2,7), (2,8), (3,9), (7,8), (2,4)
Cerrados = (3,8), (3,7), (4,8), (3,6), (3,5), (5,8), (3,4), (6,8), (4,5), (5,5)
------------------------
Iteración 11
-----------
Abiertos = (6,5), (2,6), (5,9), (3,3), (6,7), (6,6), (6,9), (2,5), (4,9), (2,7), (2,8), (3,9), (7,8), (2,4)
Cerrados = (3,8), (3,7), (4,8), (3,6), (3,5), (5,8), (3,4), (6,8), (4,5), (5,5), (5,6)
------------------------
Iteración 12
-----------
Abiertos = (6,5), (5,9), (3,3), (6,7), (6,6), (2,5), (6,9), (2,5), (4,9), (2,7), (3,9), (2,8), (1,6), (7,8), (2,4), (2,7)
Cerrados = (3,8), (3,7), (4,8), (3,6), (3,5), (5,8), (3,4), (6,8), (4,5), (5,5), (5,6), (2,6)
------------------------
Iteración 13
-----------
Abiertos = (7,5), (5,9), (3,3), (6,7), (6,6), (6,6), (2,5), (6,9), (2,5), (4,9), (2,7), (2,8), (3,9), (1,6), (7,8), (2,4), (2,7)
Cerrados = (3,8), (3,7), (4,8), (3,6), (3,5), (5,8), (3,4), (6,8), (4,5), (5,5), (5,6), (2,6), (6,5)
------------------------
Iteración 14
-----------
Abiertos = (7,5), (6,9), (3,3), (6,7), (6,6), (6,6), (2,5), (6,9), (2,5), (2,7), (4,9), (3,9), (2,8), (1,6), (7,8), (2,4), (2,7), (4,9), (5,10)
Cerrados = (3,8), (3,7), (4,8), (3,6), (3,5), (5,8), (3,4), (6,8), (4,5), (5,5), (5,6), (2,6), (6,5), (5,9)
------------------------
Iteración 15
-----------
Abiertos = (7,5), (3,3), (6,7), (6,6), (6,6), (2,5), (6,9), (2,5), (2,7), (4,9), (2,8), (3,9), (1,6), (7,8), (2,4), (4,9), (2,7), (5,10), (7,9), (6,10)
Cerrados = (3,8), (3,7), (4,8), (3,6), (3,5), (5,8), (3,4), (6,8), (4,5), (5,5), (5,6), (2,6), (6,5), (5,9), (6,9)
------------------------
Iteración 16
-----------
Abiertos = (7,4), (8,5), (3,3), (6,7), (7,6), (6,6), (6,6), (2,5), (6,9), (2,5), (2,7), (4,9), (2,8), (3,9), (1,6), (7,8), (2,4), (4,9), (2,7), (5,10), (7,9), (6,10)
Cerrados = (3,8), (3,7), (4,8), (3,6), (3,5), (5,8), (3,4), (6,8), (4,5), (5,5), (5,6), (2,6), (6,5), (5,9), (6,9), (7,5)
------------------------
Iteración 17
-----------
Abiertos = (7,4), (8,4), (3,3), (6,7), (7,6), (6,6), (6,6), (2,5), (6,9), (2,5), (2,7), (4,9), (2,8), (3,9), (1,6), (7,8), (8,6), (2,4), (4,9), (5,10), (2,7), (7,9), (6,10)
Cerrados = (3,8), (3,7), (4,8), (3,6), (3,5), (5,8), (3,4), (6,8), (4,5), (5,5), (5,6), (2,6), (6,5), (5,9), (6,9), (7,5), (8,5)
------------------------
Iteración 18
-----------
Abiertos = (7,3), (8,4), (8,4), (3,3), (6,7), (7,6), (6,6), (6,6), (2,5), (6,9), (2,5), (2,7), (4,9), (2,8), (3,9), (1,6), (7,8), (8,6), (2,4), (4,9), (5,10), (2,7), (7,9), (6,10)
Cerrados = (3,8), (3,7), (4,8), (3,6), (3,5), (5,8), (3,4), (6,8), (4,5), (5,5), (5,6), (2,6), (6,5), (5,9), (6,9), (7,5), (8,5), (7,4)
------------------------
Iteración 19
-----------
Abiertos = (7,2), (8,3), (8,4), (6,3), (8,4), (3,3), (6,7), (7,6), (6,6), (6,6), (2,5), (6,9), (2,5), (2,7), (4,9), (2,8), (3,9), (1,6), (7,8), (8,6), (2,4), (4,9), (5,10), (2,7), (7,9), (6,10)
Cerrados = (3,8), (3,7), (4,8), (3,6), (3,5), (5,8), (3,4), (6,8), (4,5), (5,5), (5,6), (2,6), (6,5), (5,9), (6,9), (7,5), (8,5), (7,4), (7,3)
------------------------
Iteración 20
-----------
Abiertos = (7,2), (8,2), (8,4), (6,3), (9,3), (8,4), (3,3), (6,7), (7,6), (6,6), (6,6), (2,5), (6,9), (2,5), (2,7), (4,9), (2,8), (3,9), (1,6), (7,8), (8,4), (8,6), (2,4), (2,7), (4,9), (5,10), (7,9), (6,10)
Cerrados = (3,8), (3,7), (4,8), (3,6), (3,5), (5,8), (3,4), (6,8), (4,5), (5,5), (5,6), (2,6), (6,5), (5,9), (6,9), (7,5), (8,5), (7,4), (7,3), (8,3)
------------------------
Iteración 21
-----------
Abiertos = (7,2), (9,2), (8,4), (6,3), (9,3), (8,4), (3,3), (6,7), (7,2), (8,1), (7,6), (6,6), (6,6), (2,5), (6,9), (2,5), (2,7), (4,9), (2,8), (3,9), (1,6), (7,8), (8,4), (8,6), (2,4), (2,7), (4,9), (5,10), (7,9), (6,10)
Cerrados = (3,8), (3,7), (4,8), (3,6), (3,5), (5,8), (3,4), (6,8), (4,5), (5,5), (5,6), (2,6), (6,5), (5,9), (6,9), (7,5), (8,5), (7,4), (7,3), (8,3), (8,2)
------------------------
Camino: (3,8) -> (3,7) -> (3,6) -> (3,5) -> (4,5) -> (5,5) -> (6,5) -> (7,5) -> (7,4) -> (7,3) -> (8,3) -> (8,2) -> (9,2)
Coste: 27
Iteración 0
-----------
Abiertos = (3,8)
Cerrados = 
------------------------
Iteración 1
-----------
Abiertos = (3,7), (4,8), (3,9), (2,8)
Cerrados = (3,8)
------------------------
Iteración 2
-----------
Abiertos = (3,6), (4,8), (2,7), (2,8), (3,9)
Cerrados = (3,8), (3,7)
------------------------
Iteración 3
-----------
Abiertos = (3,6), (5,8), (2,7), (4,9), (2,8), (3,9)
Cerrados = (3,8), (3,7), (4,8)
------------------------
Iteración 4
-----------
Abiertos = (3,5), (5,8), (2,6), (2,7), (4,9), (2,8), (3,9)
Cerrados = (3,8), (3,7), (4,8), (3,6)
------------------------
Iteración 5
-----------
Abiertos = (4,5), (5,8), (3,4), (2,6), (2,5), (4,9), (2,7), (2,8), (3,9)
Cerrados = (3,8), (3,7), (4,8), (3,6), (3,5)
------------------------
Iteración 6
-----------
Abiertos = (4,5), (3,4), (6,8), (2,6), (5,9), (2,5), (2,7), (4,9), (2,8), (3,9)
Cerrados = (3,8), (3,7), (4,8), (3,6), (3,5), (5,8)
------------------------
Iteración 7
-----------
Abiertos = (4,5), (6,8), (2,6), (5,9), (3,3), (2,5), (4,9), (2,7), (3,9), (2,8), (2,4)
Cerrados = (3,8), (3,7), (4,8), (3,6), (3,5), (5,8), (3,4)
------------------------
Iteración 8
-----------
Abiertos = (5,5), (6,8), (2,6), (5,9), (3,3), (2,5), (4,9), (2,7), (3,9), (2,8), (2,4)
Cerrados = (3,8), (3,7), (4,8), (3,6), (3,5), (5,8), (3,4), (4,5)
------------------------
Iteración 9
-----------
Abiertos = (6,5), (6,8), (5,6), (2,6), (5,9), (3,3), (2,5), (4,9), (2,7), (3,9), (2,8), (2,4)
Cerrados = (3,8), (3,7), (4,8), (3,6), (3,5), (5,8), (3,4), (4,5), (5,5)
------------------------
Iteración 10
-----------
Abiertos = (7,5), (6,8), (5,6), (2,6), (5,9), (3,3), (6,6), (2,5), (4,9), (2,7), (2,8), (3,9), (2,4)
Cerrados = (3,8), (3,7), (4,8), (3,6), (3,5), (5,8), (3,4), (4,5), (5,5), (6,5)
------------------------
Iteración 11
-----------
Abiertos = (7,4), (8,5), (6,8), (5,6), (2,6), (5,9), (3,3), (7,6), (6,6), (2,5), (4,9), (2,7), (2,8), (3,9), (2,4)
Cerrados = (3,8), (3,7), (4,8), (3,6), (3,5), (5,8), (3,4), (4,5), (5,5), (6,5), (7,5)
------------------------
Iteración 12
-----------
Abiertos = (7,4), (6,8), (5,6), (2,6), (5,9), (8,4), (3,3), (7,6), (6,6), (2,5), (4,9), (2,7), (3,9), (2,8), (8,6), (2,4)
Cerrados = (3,8), (3,7), (4,8), (3,6), (3,5), (5,8), (3,4), (4,5), (5,5), (6,5), (7,5), (8,5)
------------------------
Iteración 13
-----------
Abiertos = (7,4), (5,6), (2,6), (5,9), (8,4), (3,3), (6,7), (7,6), (6,6), (6,9), (2,5), (4,9), (2,7), (3,9), (2,8), (7,8), (8,6), (2,4)
Cerrados = (3,8), (3,7), (4,8), (3,6), (3,5), (5,8), (3,4), (4,5), (5,5), (6,5), (7,5), (8,5), (6,8)
------------------------
Iteración 14
-----------
Abiertos = (7,4), (2,6), (5,9), (8,4), (3,3), (6,7), (7,6), (6,6), (6,6), (6,9), (2,5), (2,7), (4,9), (2,8), (3,9), (7,8), (8,6), (2,4)
Cerrados = (3,8), (3,7), (4,8), (3,6), (3,5), (5,8), (3,4), (4,5), (5,5), (6,5), (7,5), (8,5), (6,8), (5,6)
------------------------
Iteración 15
-----------
Abiertos = (7,4), (5,9), (8,4), (3,3), (6,7), (7,6), (6,6), (6,6), (6,9), (2,5), (2,5), (4,9), (2,7), (3,9), (2,8), (1,6), (7,8), (8,6), (2,4), (2,7)
Cerrados = (3,8), (3,7), (4,8), (3,6), (3,5), (5,8), (3,4), (4,5), (5,5), (6,5), (7,5), (8,5), (6,8), (5,6), (2,6)
------------------------
Iteración 16
-----------
Abiertos = (7,3), (8,4), (5,9), (8,4), (3,3), (6,7), (7,6), (6,6), (6,6), (6,9), (2,5), (2,5), (4,9), (2,7), (3,9), (2,8), (1,6), (7,8), (8,6), (2,4), (2,7)
Cerrados = (3,8), (3,7), (4,8), (3,6), (3,5), (5,8), (3,4), (4,5), (5,5), (6,5), (7,5), (8,5), (6,8), (5,6), (2,6), (7,4)
------------------------
Iteración 17
-----------
Abiertos = (7,2), (8,3), (8,4), (6,3), (5,9), (8,4), (3,3), (6,7), (7,6), (6,6), (6,6), (6,9), (2,5), (2,5), (4,9), (2,7), (3,9), (2,8), (1,6), (7,8), (8,6), (2,4), (2,7)
Cerrados = (3,8), (3,7), (4,8), (3,6), (3,5), (5,8), (3,4), (4,5), (5,5), (6,5), (7,5), (8,5), (6,8), (5,6), (2,6), (7,4), (7,3)
------------------------
Iteración 18
-----------
Abiertos = (8,2), (8,3), (8,4), (6,2), (7,1), (6,3), (5,9), (8,4), (3,3), (6,7), (7,6), (6,6), (6,6), (6,9), (2,5), (2,5), (4,9), (2,7), (3,9), (2,8), (1,6), (7,8), (8,6), (2,4), (2,7)
Cerrados = (3,8), (3,7), (4,8), (3,6), (3,5), (5,8), (3,4), (4,5), (5,5), (6,5), (7,5), (8,5), (6,8), (5,6), (2,6), (7,4), (7,3), (7,2)
------------------------
Iteración 19
-----------
Abiertos = (9,2), (8,3), (8,4), (8,1), (6,2), (7,1), (6,3), (5,9), (8,4), (3,3), (6,7), (8,3), (7,6), (6,6), (6,6), (6,9), (2,5), (2,5), (2,7), (4,9), (2,8), (3,9), (1,6), (7,8), (8,6), (2,4), (2,7)
Cerrados = (3,8), (3,7), (4,8), (3,6), (3,5), (5,8), (3,4), (4,5), (5,5), (6,5), (7,5), (8,5), (6,8), (5,6), (2,6), (7,4), (7,3), (7,2), (8,2)
------------------------
Camino: (3,8) -> (3,7) -> (3,6) -> (3,5) -> (4,5) -> (5,5) -> (6,5) -> (7,5) -> (7,4) -> (7,3) -> (7,2) -> (8,2) -> (9,2)
Coste: 24
Iteración 0
-----------
Abiertos = (3,8)
Cerrados = 
------------------------
Iteración 1
-----------
Abiertos = (3,7), (4,8), (3,9), (2,8)
Cerrados = (3,8)
------------------------
Iteración 2
-----------
Abiertos = (5,8), (3,7), (4,9), (2,8), (3,9)
Cerrados = (3,8), (4,8)
------------------------
Iteración 3
-----------
Abiertos = (5,8), (3,6), (2,7), (4,9), (2,8), (3,9)
Cerrados = (3,8), (4,8), (3,7)
------------------------
Iteración 4
-----------
Abiertos = (3,6), (6,8), (5,9), (2,7), (4,9), (2,8), (3,9)
Cerrados = (3,8), (4,8), (3,7), (5,8)
------------------------
Iteración 5
-----------
Abiertos = (3,5), (6,8), (5,9), (2,6), (4,9), (2,7), (2,8), (3,9)
Cerrados = (3,8), (4,8), (3,7), (5,8), (3,6)
------------------------
Iteración 6
-----------
Abiertos = (3,5), (5,9), (2,6), (6,7), (6,9), (4,9), (2,7), (3,9), (2,8), (7,8)
Cerrados = (3,8), (4,8), (3,7), (5,8), (3,6), (6,8)
------------------------
Iteración 7
-----------
Abiertos = (3,5), (6,9), (2,6), (6,7), (6,9), (4,9), (2,7), (3,9), (2,8), (7,8), (5,10), (4,9)
Cerrados = (3,8), (4,8), (3,7), (5,8), (3,6), (6,8), (5,9)
------------------------
Iteración 8
-----------
Abiertos = (3,5), (2,6), (6,7), (6,9), (4,9), (2,7), (3,9), (2,8), (7,8), (5,10), (4,9), (7,9), (6,10)
Cerrados = (3,8), (4,8), (3,7), (5,8), (3,6), (6,8), (5,9), (6,9)
------------------------
Iteración 9
-----------
Abiertos = (3,5), (6,7), (2,5), (6,9), (4,9), (2,7), (3,9), (2,8), (1,6), (7,8), (2,7), (5,10), (4,9), (7,9), (6,10)
Cerrados = (3,8), (4,8), (3,7), (5,8), (3,6), (6,8), (5,9), (6,9), (2,6)
------------------------
Iteración 10
-----------
Abiertos = (3,5), (2,5), (6,9), (4,9), (2,7), (3,9), (2,8), (1,6), (6,6), (7,8), (2,7), (5,10), (4,9), (7,7), (7,9), (6,10)
Cerrados = (3,8), (4,8), (3,7), (5,8), (3,6), (6,8), (5,9), (6,9), (2,6), (6,7)
------------------------
Iteración 11
-----------
Abiertos = (3,5), (3,5), (6,9), (4,9), (2,7), (3,9), (2,8), (1,6), (6,6), (7,8), (2,4), (1,5), (2,7), (4,9), (5,10), (7,7), (7,9), (6,10)
Cerrados = (3,8), (4,8), (3,7), (5,8), (3,6), (6,8), (5,9), (6,9), (2,6), (6,7), (2,5)
------------------------
Iteración 12
-----------
Abiertos = (4,5), (3,5), (3,4), (6,9), (4,9), (2,7), (3,9), (2,8), (1,6), (6,6), (7,8), (2,4), (1,5), (2,7), (4,9), (5,10), (7,7), (7,9), (6,10)
Cerrados = (3,8), (4,8), (3,7), (5,8), (3,6), (6,8), (5,9), (6,9), (2,6), (6,7), (2,5), (3,5)
------------------------
Iteración 13
-----------
Abiertos = (4,5), (3,3), (6,9), (4,9), (2,7), (3,9), (2,8), (1,6), (6,6), (7,8), (2,4), (2,4), (1,5), (2,7), (5,10), (4,9), (7,7), (7,9), (6,10)
Cerrados = (3,8), (4,8), (3,7), (5,8), (3,6), (6,8), (5,9), (6,9), (2,6), (6,7), (2,5), (3,5), (3,4)
------------------------
Iteración 14
-----------
Abiertos = (4,5), (3,2), (6,9), (4,9), (2,7), (3,9), (2,8), (1,6), (4,3), (6,6), (7,8), (2,3), (2,4), (2,4), (1,5), (4,9), (2,7), (5,10), (7,7), (7,9), (6,10)
Cerrados = (3,8), (4,8), (3,7), (5,8), (3,6), (6,8), (5,9), (6,9), (2,6), (6,7), (2,5), (3,5), (3,4), (3,3)
------------------------
Iteración 15
-----------
Abiertos = (4,5), (4,2), (6,9), (4,9), (2,7), (3,9), (2,8), (1,6), (4,3), (6,6), (7,8), (2,2), (3,1), (2,3), (2,4), (2,4), (1,5), (2,7), (4,9), (5,10), (7,7), (7,9), (6,10)
Cerrados = (3,8), (4,8), (3,7), (5,8), (3,6), (6,8), (5,9), (6,9), (2,6), (6,7), (2,5), (3,5), (3,4), (3,3), (3,2)
------------------------
Iteración 16
-----------
Abiertos = (4,5), (6,9), (4,9), (2,7), (3,9), (2,8), (1,6), (5,2), (4,3), (6,6), (7,8), (4,1), (2,2), (3,1), (2,3), (2,4), (2,4), (1,5), (4,9), (5,10), (2,7), (7,7), (4,3), (7,9), (6,10)
Cerrados = (3,8), (4,8), (3,7), (5,8), (3,6), (6,8), (5,9), (6,9), (2,6), (6,7), (2,5), (3,5), (3,4), (3,3), (3,2), (4,2)
------------------------
Iteración 17
-----------
Abiertos = (5,5), (6,9), (4,9), (2,7), (3,9), (2,8), (1,6), (5,2), (4,3), (6,6), (7,8), (4,1), (2,2), (3,1), (2,3), (2,4), (2,4), (1,5), (4,9), (5,10), (2,7), (7,7), (4,3), (7,9), (6,10)
Cerrados = (3,8), (4,8), (3,7), (5,8), (3,6), (6,8), (5,9), (6,9), (2,6), (6,7), (2,5), (3,5), (3,4), (3,3), (3,2), (4,2), (4,5)
------------------------
Iteración 18
-----------
Abiertos = (6,5), (5,6), (2,7), (4,9), (3,9), (2,8), (1,6), (5,2), (4,3), (6,6), (7,8), (4,1), (2,2), (3,1), (2,3), (2,4), (2,4), (1,5), (4,9), (5,10), (2,7), (7,7), (4,3), (7,9), (6,10)
Cerrados = (3,8), (4,8), (3,7), (5,8), (3,6), (6,8), (5,9), (6,9), (2,6), (6,7), (2,5), (3,5), (3,4), (3,3), (3,2), (4,2), (4,5), (5,5)
------------------------
Iteración 19
-----------
Abiertos = (7,5), (5,6), (6,6), (2,7), (4,9), (3,9), (2,8), (1,6), (5,2), (4,3), (6,6), (7,8), (4,1), (2,2), (3,1), (2,3), (2,4), (2,4), (1,5), (4,9), (5,10), (2,7), (7,7), (4,3), (7,9), (6,10)
Cerrados = (3,8), (4,8), (3,7), (5,8), (3,6), (6,8), (5,9), (6,9), (2,6), (6,7), (2,5), (3,5), (3,4), (3,3), (3,2), (4,2), (4,5), (5,5), (6,5)
------------------------
Iteración 20
-----------
Abiertos = (7,4), (8,5), (5,6), (7,6), (6,6), (2,7), (4,9), (3,9), (2,8), (1,6), (5,2), (4,3), (6,6), (7,8), (4,1), (2,2), (3,1), (2,3), (2,4), (2,4), (1,5), (4,9), (5,10), (2,7), (7,7), (4,3), (7,9), (6,10)
Cerrados = (3,8), (4,8), (3,7), (5,8), (3,6), (6,8), (5,9), (6,9), (2,6), (6,7), (2,5), (3,5), (3,4), (3,3), (3,2), (4,2), (4,5), (5,5), (6,5), (7,5)
------------------------
Iteración 21
-----------
Abiertos = (7,4), (5,6), (8,4), (7,6), (6,6), (2,7), (4,9), (3,9), (2,8), (1,6), (5,2), (4,3), (6,6), (7,8), (8,6), (4,1), (2,2), (3,1), (2,3), (2,4), (2,4), (1,5), (2,7), (5,10), (4,9), (7,7), (4,3), (7,9), (6,10)
Cerrados = (3,8), (4,8), (3,7), (5,8), (3,6), (6,8), (5,9), (6,9), (2,6), (6,7), (2,5), (3,5), (3,4), (3,3), (3,2), (4,2), (4,5), (5,5), (6,5), (7,5), (8,5)
------------------------
Iteración 22
-----------
Abiertos = (7,4), (8,4), (7,6), (6,6), (6,6), (2,7), (4,9), (3,9), (2,8), (1,6), (5,2), (4,3), (6,6), (7,8), (8,6), (4,1), (2,2), (3,1), (2,3), (2,4), (2,4), (1,5), (2,7), (5,10), (4,9), (7,7), (4,3), (7,9), (6,10)
Cerrados = (3,8), (4,8), (3,7), (5,8), (3,6), (6,8), (5,9), (6,9), (2,6), (6,7), (2,5), (3,5), (3,4), (3,3), (3,2), (4,2), (4,5), (5,5), (6,5), (7,5), (8,5), (5,6)
------------------------
Iteración 23
-----------
Abiertos = (7,3), (8,4), (8,4), (7,6), (6,6), (6,6), (2,7), (4,9), (3,9), (2,8), (1,6), (5,2), (4,3), (6,6), (7,8), (8,6), (4,1), (2,2), (3,1), (2,3), (2,4), (2,4), (1,5), (2,7), (5,10), (4,9), (7,7), (4,3), (7,9), (6,10)
Cerrados = (3,8), (4,8), (3,7), (5,8), (3,6), (6,8), (5,9), (6,9), (2,6), (6,7), (2,5), (3,5), (3,4), (3,3), (3,2), (4,2), (4,5), (5,5), (6,5), (7,5), (8,5), (5,6), (7,4)
------------------------
Iteración 24
-----------
Abiertos = (7,3), (9,4), (8,4), (7,6), (6,6), (6,6), (2,7), (4,9), (3,9), (2,8), (1,6), (8,3), (5,2), (4,3), (6,6), (7,8), (8,6), (4,1), (2,2), (3,1), (2,3), (2,4), (2,4), (1,5), (2,7), (5,10), (4,9), (7,7), (4,3), (7,9), (6,10)
Cerrados = (3,8), (4,8), (3,7), (5,8), (3,6), (6,8), (5,9), (6,9), (2,6), (6,7), (2,5), (3,5), (3,4), (3,3), (3,2), (4,2), (4,5), (5,5), (6,5), (7,5), (8,5), (5,6), (7,4), (8,4)
------------------------
Iteración 25
-----------
Abiertos = (7,2), (8,3), (6,3), (9,4), (8,4), (7,6), (6,6), (6,6), (2,7), (4,9), (3,9), (2,8), (1,6), (8,3), (5,2), (4,3), (6,6), (7,8), (8,6), (4,1), (2,2), (3,1), (2,3), (2,4), (2,4), (1,5), (2,7), (5,10), (4,9), (7,7), (4,3), (7,9), (6,10)
Cerrados = (3,8), (4,8), (3,7), (5,8), (3,6), (6,8), (5,9), (6,9), (2,6), (6,7), (2,5), (3,5), (3,4), (3,3), (3,2), (4,2), (4,5), (5,5), (6,5), (7,5), (8,5), (5,6), (7,4), (8,4), (7,3)
------------------------
Iteración 26
-----------
Abiertos = (8,2), (8,3), (7,1), (6,2), (6,3), (9,4), (8,4), (7,6), (6,6), (6,6), (2,7), (4,9), (3,9), (2,8), (1,6), (8,3), (5,2), (4,3), (6,6), (7,8), (8,6), (4,1), (2,2), (3,1), (2,3), (2,4), (2,4), (1,5), (2,7), (5,10), (4,9), (7,7), (4,3), (7,9), (6,10)
Cerrados = (3,8), (4,8), (3,7), (5,8), (3,6), (6,8), (5,9), (6,9), (2,6), (6,7), (2,5), (3,5), (3,4), (3,3), (3,2), (4,2), (4,5), (5,5), (6,5), (7,5), (8,5), (5,6), (7,4), (8,4), (7,3), (7,2)
------------------------
Iteración 27
-----------
Abiertos = (9,2), (8,3), (8,1), (7,1), (6,2), (6,3), (9,4), (8,4), (8,3), (7,6), (6,6), (6,6), (2,7), (4,9), (3,9), (2,8), (1,6), (8,3), (5,2), (4,3), (6,6), (7,8), (8,6), (4,1), (2,2), (3,1), (2,3), (2,4), (2,4), (1,5), (2,7), (5,10), (4,9), (7,7), (4,3), (7,9), (6,10)
Cerrados = (3,8), (4,8), (3,7), (5,8), (3,6), (6,8), (5,9), (6,9), (2,6), (6,7), (2,5), (3,5), (3,4), (3,3), (3,2), (4,2), (4,5), (5,5), (6,5), (7,5), (8,5), (5,6), (7,4), (8,4), (7,3), (7,2), (8,2)
------------------------
Iteración 28
-----------
Abiertos = (9,2), (8,1), (7,1), (6,2), (6,3), (9,4), (8,4), (8,3), (7,6), (6,6), (6,6), (2,7), (4,9), (3,9), (2,8), (1,6), (8,3), (5,2), (4,3), (6,6), (7,8), (8,6), (4,1), (2,2), (3,1), (2,3), (2,4), (2,4), (1,5), (4,9), (2,7), (5,10), (9,3), (7,7), (4,3), (7,9), (6,10)
Cerrados = (3,8), (4,8), (3,7), (5,8), (3,6), (6,8), (5,9), (6,9), (2,6), (6,7), (2,5), (3,5), (3,4), (3,3), (3,2), (4,2), (4,5), (5,5), (6,5), (7,5), (8,5), (5,6), (7,4), (8,4), (7,3), (7,2), (8,2), (8,3)
------------------------
Camino: (3,8) -> (3,7) -> (3,6) -> (3,5) -> (4,5) -> (5,5) -> (6,5) -> (7,5) -> (7,4) -> (7,3) -> (7,2) -> (8,2) -> (9,2)
Coste: 24
Iteración 0
-----------
Abiertos = (3,8)
Cerrados = 
------------------------
Iteración 1
-----------
Abiertos = (3,7), (4,8), (3,9), (2,8)
Cerrados = (3,8)
------------------------
Iteración 2
-----------
Abiertos = (5,8), (3,7), (4,9), (2,8), (3,9)
Cerrados = (3,8), (4,8)
------------------------
Iteración 3
-----------
Abiertos = (3,7), (6,8), (5,9), (4,9), (2,8), (3,9)
Cerrados = (3,8), (4,8), (5,8)
------------------------
Iteración 4
-----------
Abiertos = (3,7), (5,9), (6,7), (6,9), (4,9), (3,9), (2,8), (7,8)
Cerrados = (3,8), (4,8), (5,8), (6,8)
------------------------
Iteración 5
-----------
Abiertos = (3,7), (6,9), (6,7), (6,9), (4,9), (3,9), (2,8), (7,8), (4,9), (5,10)
Cerrados = (3,8), (4,8), (5,8), (6,8), (5,9)
------------------------
Iteración 6
-----------
Abiertos = (3,6), (6,9), (6,7), (6,9), (2,7), (4,9), (3,9), (2,8), (7,8), (5,10), (4,9)
Cerrados = (3,8), (4,8), (5,8), (6,8), (5,9), (3,7)
------------------------
Iteración 7
-----------
Abiertos = (3,6), (6,7), (6,9), (2,7), (4,9), (3,9), (2,8), (7,8), (4,9), (5,10), (7,9), (6,10)
Cerrados = (3,8), (4,8), (5,8), (6,8), (5,9), (3,7), (6,9)
------------------------
Iteración 8
-----------
Abiertos = (3,6), (6,9), (2,7), (4,9), (3,9), (2,8), (6,6), (7,8), (4,9), (5,10), (7,7), (7,9), (6,10)
Cerrados = (3,8), (4,8), (5,8), (6,8), (5,9), (3,7), (6,9), (6,7)
------------------------
Iteración 9
-----------
Abiertos = (3,5), (2,6), (6,9), (2,7), (4,9), (3,9), (2,8), (6,6), (7,8), (4,9), (5,10), (7,7), (7,9), (6,10)
Cerrados = (3,8), (4,8), (5,8), (6,8), (5,9), (3,7), (6,9), (6,7), (3,6)
------------------------
Iteración 10
-----------
Abiertos = (3,5), (6,9), (2,5), (2,7), (4,9), (3,9), (2,8), (1,6), (6,6), (7,8), (2,7), (4,9), (5,10), (7,7), (7,9), (6,10)
Cerrados = (3,8), (4,8), (5,8), (6,8), (5,9), (3,7), (6,9), (6,7), (3,6), (2,6)
------------------------
Iteración 11
-----------
Abiertos = (4,5), (3,4), (6,9), (2,5), (2,5), (2,7), (4,9), (2,8), (3,9), (1,6), (6,6), (7,8), (4,9), (2,7), (5,10), (7,7), (7,9), (6,10)
Cerrados = (3,8), (4,8), (5,8), (6,8), (5,9), (3,7), (6,9), (6,7), (3,6), (2,6), (3,5)
------------------------
Iteración 12
-----------
Abiertos = (4,5), (3,3), (6,9), (2,5), (2,5), (2,7), (4,9), (2,8), (3,9), (1,6), (6,6), (7,8), (2,4), (4,9), (5,10), (2,7), (7,7), (7,9), (6,10)
Cerrados = (3,8), (4,8), (5,8), (6,8), (5,9), (3,7), (6,9), (6,7), (3,6), (2,6), (3,5), (3,4)
------------------------
Iteración 13
-----------
Abiertos = (5,5), (3,3), (6,9), (2,5), (2,5), (2,7), (4,9), (2,8), (3,9), (1,6), (6,6), (7,8), (2,4), (4,9), (5,10), (2,7), (7,7), (7,9), (6,10)
Cerrados = (3,8), (4,8), (5,8), (6,8), (5,9), (3,7), (6,9), (6,7), (3,6), (2,6), (3,5), (3,4), (4,5)
------------------------
Iteración 14
-----------
Abiertos = (5,5), (3,2), (6,9), (2,5), (2,5), (2,7), (4,9), (2,8), (3,9), (1,6), (4,3), (6,6), (7,8), (2,3), (2,4), (2,7), (5,10), (4,9), (7,7), (7,9), (6,10)
Cerrados = (3,8), (4,8), (5,8), (6,8), (5,9), (3,7), (6,9), (6,7), (3,6), (2,6), (3,5), (3,4), (4,5), (3,3)
------------------------
Iteración 15
-----------
Abiertos = (5,5), (4,2), (6,9), (2,5), (2,5), (2,7), (4,9), (2,8), (3,9), (1,6), (4,3), (6,6), (7,8), (2,2), (3,1), (2,3), (2,4), (2,7), (5,10), (4,9), (7,7), (7,9), (6,10)
Cerrados = (3,8), (4,8), (5,8), (6,8), (5,9), (3,7), (6,9), (6,7), (3,6), (2,6), (3,5), (3,4), (4,5), (3,3), (3,2)
------------------------
Iteración 16
-----------
Abiertos = (6,5), (5,6), (4,2), (6,9), (2,5), (2,5), (2,7), (4,9), (2,8), (3,9), (1,6), (4,3), (6,6), (7,8), (2,2), (3,1), (2,3), (2,4), (2,7), (5,10), (4,9), (7,7), (7,9), (6,10)
Cerrados = (3,8), (4,8), (5,8), (6,8), (5,9), (3,7), (6,9), (6,7), (3,6), (2,6), (3,5), (3,4), (4,5), (3,3), (3,2), (5,5)
------------------------
Iteración 17
-----------
Abiertos = (6,5), (4,2), (6,6), (6,9), (2,5), (2,5), (2,7), (4,9), (2,8), (3,9), (1,6), (4,3), (6,6), (7,8), (2,2), (3,1), (2,3), (2,4), (2,7), (5,10), (4,9), (7,7), (7,9), (6,10)
Cerrados = (3,8), (4,8), (5,8), (6,8), (5,9), (3,7), (6,9), (6,7), (3,6), (2,6), (3,5), (3,4), (4,5), (3,3), (3,2), (5,5), (5,6)
------------------------
Iteración 18
-----------
Abiertos = (7,5), (4,2), (6,6), (6,6), (6,9), (2,5), (2,5), (2,7), (4,9), (2,8), (3,9), (1,6), (4,3), (6,6), (7,8), (2,2), (3,1), (2,3), (2,4), (2,7), (5,10), (4,9), (7,7), (7,9), (6,10)
Cerrados = (3,8), (4,8), (5,8), (6,8), (5,9), (3,7), (6,9), (6,7), (3,6), (2,6), (3,5), (3,4), (4,5), (3,3), (3,2), (5,5), (5,6), (6,5)
------------------------
Iteración 19
-----------
Abiertos = (7,4), (8,5), (4,2), (7,6), (6,6), (6,6), (6,9), (2,5), (2,5), (2,7), (4,9), (2,8), (3,9), (1,6), (4,3), (6,6), (7,8), (2,2), (3,1), (2,3), (2,4), (2,7), (5,10), (4,9), (7,7), (7,9), (6,10)
Cerrados = (3,8), (4,8), (5,8), (6,8), (5,9), (3,7), (6,9), (6,7), (3,6), (2,6), (3,5), (3,4), (4,5), (3,3), (3,2), (5,5), (5,6), (6,5), (7,5)
------------------------
Iteración 20
-----------
Abiertos = (7,4), (8,4), (4,2), (7,6), (6,6), (6,6), (6,9), (2,5), (2,5), (2,7), (4,9), (2,8), (3,9), (1,6), (4,3), (6,6), (7,8), (8,6), (2,2), (3,1), (2,3), (2,4), (4,9), (2,7), (5,10), (7,7), (7,9), (6,10)
Cerrados = (3,8), (4,8), (5,8), (6,8), (5,9), (3,7), (6,9), (6,7), (3,6), (2,6), (3,5), (3,4), (4,5), (3,3), (3,2), (5,5), (5,6), (6,5), (7,5), (8,5)
------------------------
Iteración 21
-----------
Abiertos = (7,4), (9,4), (4,2), (7,6), (6,6), (6,6), (6,9), (2,5), (2,5), (2,7), (4,9), (2,8), (3,9), (1,6), (8,3), (4,3), (6,6), (7,8), (7,4), (8,6), (2,2), (3,1), (2,3), (2,4), (5,10), (4,9), (2,7), (7,7), (7,9), (6,10)
Cerrados = (3,8), (4,8), (5,8), (6,8), (5,9), (3,7), (6,9), (6,7), (3,6), (2,6), (3,5), (3,4), (4,5), (3,3), (3,2), (5,5), (5,6), (6,5), (7,5), (8,5), (8,4)
------------------------
Iteración 22
-----------
Abiertos = (7,3), (9,4), (4,2), (7,6), (6,6), (6,6), (6,9), (2,5), (2,5), (2,7), (4,9), (2,8), (3,9), (1,6), (8,3), (4,3), (6,6), (7,8), (7,4), (8,6), (2,2), (3,1), (2,3), (2,4), (5,10), (4,9), (2,7), (7,7), (7,9), (6,10)
Cerrados = (3,8), (4,8), (5,8), (6,8), (5,9), (3,7), (6,9), (6,7), (3,6), (2,6), (3,5), (3,4), (4,5), (3,3), (3,2), (5,5), (5,6), (6,5), (7,5), (8,5), (8,4), (7,4)
------------------------
Iteración 23
-----------
Abiertos = (7,2), (8,3), (6,3), (9,4), (4,2), (7,6), (6,6), (6,6), (6,9), (2,5), (2,5), (2,7), (4,9), (2,8), (3,9), (1,6), (8,3), (4,3), (6,6), (7,8), (7,4), (8,6), (2,2), (3,1), (2,3), (2,4), (5,10), (4,9), (2,7), (7,7), (7,9), (6,10)
Cerrados = (3,8), (4,8), (5,8), (6,8), (5,9), (3,7), (6,9), (6,7), (3,6), (2,6), (3,5), (3,4), (4,5), (3,3), (3,2), (5,5), (5,6), (6,5), (7,5), (8,5), (8,4), (7,4), (7,3)
------------------------
Iteración 24
-----------
Abiertos = (8,2), (8,3), (7,1), (6,2), (6,3), (9,4), (4,2), (7,6), (6,6), (6,6), (6,9), (2,5), (2,5), (2,7), (4,9), (2,8), (3,9), (1,6), (8,3), (4,3), (6,6), (7,8), (7,4), (8,6), (2,2), (3,1), (2,3), (2,4), (5,10), (4,9), (2,7), (7,7), (7,9), (6,10)
Cerrados = (3,8), (4,8), (5,8), (6,8), (5,9), (3,7), (6,9), (6,7), (3,6), (2,6), (3,5), (3,4), (4,5), (3,3), (3,2), (5,5), (5,6), (6,5), (7,5), (8,5), (8,4), (7,4), (7,3), (7,2)
------------------------
Iteración 25
-----------
Abiertos = (9,2), (8,3), (8,1), (7,1), (6,2), (6,3), (9,4), (4,2), (8,3), (7,6), (6,6), (6,6), (6,9), (2,5), (2,5), (2,7), (4,9), (2,8), (3,9), (1,6), (8,3), (4,3), (6,6), (7,8), (7,4), (8,6), (2,2), (3,1), (2,3), (2,4), (5,10), (4,9), (2,7), (7,7), (7,9), (6,10)
Cerrados = (3,8), (4,8), (5,8), (6,8), (5,9), (3,7), (6,9), (6,7), (3,6), (2,6), (3,5), (3,4), (4,5), (3,3), (3,2), (5,5), (5,6), (6,5), (7,5), (8,5), (8,4), (7,4), (7,3), (7,2), (8,2)
------------------------
Camino: (3,8) -> (3,7) -> (3,6) -> (3,5) -> (4,5) -> (5,5) -> (6,5) -> (7,5) -> (7,4) -> (7,3) -> (7,2) -> (8,2) -> (9,2)
Coste: 24
Iteración 0
-----------
Abiertos = (3,8)
Cerrados = 
------------------------
Iteración 1
-----------
Abiertos = (3,7), (4,8), (3,9), (2,8)
Cerrados = (3,8)
------------------------
Iteración 2
-----------
Abiertos = (3,6), (4,8), (2,7), (2,8), (3,9)
Cerrados = (3,8), (3,7)
------------------------
Iteración 3
-----------
Abiertos = (3,5), (4,8), (2,6), (2,7), (2,8), (3,9)
Cerrados = (3,8), (3,7), (3,6)
------------------------
Iteración 4
-----------
Abiertos = (4,5), (4,8), (3,4), (2,6), (2,5), (2,7), (2,8), (3,9)
Cerrados = (3,8), (3,7), (3,6), (3,5)
------------------------
Iteración 5
-----------
Abiertos = (5,5), (4,8), (3,4), (2,6), (2,5), (2,7), (3,9), (2,8)
Cerrados = (3,8), (3,7), (3,6), (3,5), (4,5)
------------------------
Iteración 6
-----------
Abiertos = (6,5), (4,8), (3,4), (5,6), (2,6), (2,5), (2,7), (2,8), (3,9)
Cerrados = (3,8), (3,7), (3,6), (3,5), (4,5), (5,5)
------------------------
Iteración 7
-----------
Abiertos = (7,5), (4,8), (3,4), (5,6), (2,6), (6,6), (2,5), (2,7), (2,8), (3,9)
Cerrados = (3,8), (3,7), (3,6), (3,5), (4,5), (5,5), (6,5)
------------------------
Iteración 8
-----------
Abiertos = (7,4), (4,8), (8,5), (3,4), (5,6), (2,6), (7,6), (6,6), (2,5), (2,7), (2,8), (3,9)
Cerrados = (3,8), (3,7), (3,6), (3,5), (4,5), (5,5), (6,5), (7,5)
------------------------
Iteración 9
-----------
Abiertos = (7,3), (4,8), (8,4), (8,5), (3,4), (5,6), (2,6), (7,6), (6,6), (2,5), (2,7), (2,8), (3,9)
Cerrados = (3,8), (3,7), (3,6), (3,5), (4,5), (5,5), (6,5), (7,5), (7,4)
------------------------
Iteración 10
-----------
Abiertos = (7,3), (5,8), (8,4), (8,5), (3,4), (5,6), (2,6), (7,6), (6,6), (2,5), (4,9), (2,7), (2,8), (3,9)
Cerrados = (3,8), (3,7), (3,6), (3,5), (4,5), (5,5), (6,5), (7,5), (7,4), (4,8)
------------------------
Iteración 11
-----------
Abiertos = (7,3), (8,4), (8,5), (3,4), (6,8), (5,6), (5,9), (2,6), (7,6), (6,6), (2,5), (2,7), (4,9), (2,8), (3,9)
Cerrados = (3,8), (3,7), (3,6), (3,5), (4,5), (5,5), (6,5), (7,5), (7,4), (4,8), (5,8)
------------------------
Iteración 12
-----------
Abiertos = (7,3), (9,4), (8,5), (3,4), (6,8), (5,6), (5,9), (2,6), (8,3), (7,6), (6,6), (2,5), (2,7), (4,9), (3,9), (2,8), (8,5)
Cerrados = (3,8), (3,7), (3,6), (3,5), (4,5), (5,5), (6,5), (7,5), (7,4), (4,8), (5,8), (8,4)
------------------------
Iteración 13
-----------
Abiertos = (7,3), (8,5), (3,4), (6,8), (5,6), (5,9), (2,6), (9,3), (8,3), (10,4), (7,6), (6,6), (2,5), (2,7), (4,9), (2,8), (3,9), (8,5)
Cerrados = (3,8), (3,7), (3,6), (3,5), (4,5), (5,5), (6,5), (7,5), (7,4), (4,8), (5,8), (8,4), (9,4)
------------------------
Iteración 14
-----------
Abiertos = (7,3), (3,4), (6,8), (5,6), (5,9), (2,6), (9,3), (8,3), (10,4), (7,6), (6,6), (2,5), (2,7), (4,9), (3,9), (2,8), (8,5), (8,6)
Cerrados = (3,8), (3,7), (3,6), (3,5), (4,5), (5,5), (6,5), (7,5), (7,4), (4,8), (5,8), (8,4), (9,4), (8,5)
------------------------
Iteración 15
-----------
Abiertos = (7,3), (6,8), (5,6), (5,9), (2,6), (9,3), (8,3), (3,3), (10,4), (7,6), (6,6), (2,5), (4,9), (2,7), (3,9), (2,8), (8,5), (8,6), (2,4)
Cerrados = (3,8), (3,7), (3,6), (3,5), (4,5), (5,5), (6,5), (7,5), (7,4), (4,8), (5,8), (8,4), (9,4), (8,5), (3,4)
------------------------
Iteración 16
-----------
Abiertos = (7,3), (5,6), (5,9), (2,6), (9,3), (8,3), (3,3), (6,7), (10,4), (7,6), (6,6), (2,5), (6,9), (2,7), (4,9), (3,9), (2,8), (7,8), (8,5), (8,6), (2,4)
Cerrados = (3,8), (3,7), (3,6), (3,5), (4,5), (5,5), (6,5), (7,5), (7,4), (4,8), (5,8), (8,4), (9,4), (8,5), (3,4), (6,8)
------------------------
Iteración 17
-----------
Abiertos = (7,2), (8,3), (6,3), (5,6), (5,9), (2,6), (9,3), (8,3), (3,3), (6,7), (10,4), (7,6), (6,6), (2,5), (6,9), (2,7), (4,9), (3,9), (2,8), (7,8), (8,5), (8,6), (2,4)
Cerrados = (3,8), (3,7), (3,6), (3,5), (4,5), (5,5), (6,5), (7,5), (7,4), (4,8), (5,8), (8,4), (9,4), (8,5), (3,4), (6,8), (7,3)
------------------------
Iteración 18
-----------
Abiertos = (7,2), (6,3), (5,6), (5,9), (2,6), (8,2), (9,3), (8,3), (3,3), (6,7), (10,4), (7,6), (6,6), (2,5), (6,9), (2,7), (4,9), (3,9), (2,8), (9,3), (7,8), (8,5), (8,6), (2,4)
Cerrados = (3,8), (3,7), (3,6), (3,5), (4,5), (5,5), (6,5), (7,5), (7,4), (4,8), (5,8), (8,4), (9,4), (8,5), (3,4), (6,8), (7,3), (8,3)
------------------------
Iteración 19
-----------
Abiertos = (7,2), (6,2), (5,6), (5,9), (2,6), (8,2), (9,3), (8,3), (3,3), (6,7), (10,4), (7,6), (6,6), (2,5), (6,9), (2,7), (4,9), (2,8), (3,9), (9,3), (7,8), (8,5), (8,6), (2,4), (5,3)
Cerrados = (3,8), (3,7), (3,6), (3,5), (4,5), (5,5), (6,5), (7,5), (7,4), (4,8), (5,8), (8,4), (9,4), (8,5), (3,4), (6,8), (7,3), (8,3), (6,3)
------------------------
Iteración 20
-----------
Abiertos = (7,2), (7,2), (5,6), (5,9), (2,6), (8,2), (9,3), (8,3), (3,3), (6,7), (10,4), (7,6), (6,6), (2,5), (6,9), (2,7), (4,9), (3,9), (2,8), (6,1), (9,3), (7,8), (8,5), (8,6), (2,4), (5,2), (5,3)
Cerrados = (3,8), (3,7), (3,6), (3,5), (4,5), (5,5), (6,5), (7,5), (7,4), (4,8), (5,8), (8,4), (9,4), (8,5), (3,4), (6,8), (7,3), (8,3), (6,3), (6,2)
------------------------
Iteración 21
-----------
Abiertos = (8,2), (7,2), (7,1), (5,6), (5,9), (2,6), (8,2), (9,3), (8,3), (3,3), (6,7), (10,4), (7,6), (6,6), (2,5), (6,9), (2,7), (4,9), (3,9), (2,8), (6,1), (9,3), (7,8), (8,5), (8,6), (2,4), (5,2), (5,3)
Cerrados = (3,8), (3,7), (3,6), (3,5), (4,5), (5,5), (6,5), (7,5), (7,4), (4,8), (5,8), (8,4), (9,4), (8,5), (3,4), (6,8), (7,3), (8,3), (6,3), (6,2), (7,2)
------------------------
Iteración 22
-----------
Abiertos = (8,2), (8,1), (5,6), (5,9), (2,6), (8,2), (9,3), (8,3), (3,3), (6,7), (10,4), (7,6), (6,6), (2,5), (6,9), (2,7), (4,9), (3,9), (2,8), (6,1), (6,1), (9,3), (7,8), (8,5), (8,6), (2,4), (5,2), (5,3)
Cerrados = (3,8), (3,7), (3,6), (3,5), (4,5), (5,5), (6,5), (7,5), (7,4), (4,8), (5,8), (8,4), (9,4), (8,5), (3,4), (6,8), (7,3), (8,3), (6,3), (6,2), (7,2), (7,1)
------------------------
Iteración 23
-----------
Abiertos = (8,1), (5,6), (5,9), (2,6), (9,2), (8,2), (9,3), (8,3), (3,3), (6,7), (10,4), (7,6), (6,6), (2,5), (6,9), (2,7), (4,9), (3,9), (2,8), (6,1), (6,1), (9,3), (7,8), (8,1), (8,5), (8,6), (2,4), (5,2), (5,3)
Cerrados = (3,8), (3,7), (3,6), (3,5), (4,5), (5,5), (6,5), (7,5), (7,4), (4,8), (5,8), (8,4), (9,4), (8,5), (3,4), (6,8), (7,3), (8,3), (6,3), (6,2), (7,2), (7,1), (8,2)
------------------------
Iteración 24
-----------
Abiertos = (9,1), (5,6), (5,9), (2,6), (9,2), (8,2), (9,3), (8,3), (3,3), (6,7), (10,4), (7,6), (6,6), (2,5), (6,9), (2,7), (4,9), (3,9), (2,8), (6,1), (6,1), (9,3), (7,8), (8,1), (8,5), (8,6), (2,4), (5,2), (5,3)
Cerrados = (3,8), (3,7), (3,6), (3,5), (4,5), (5,5), (6,5), (7,5), (7,4), (4,8), (5,8), (8,4), (9,4), (8,5), (3,4), (6,8), (7,3), (8,3), (6,3), (6,2), (7,2), (7,1), (8,2), (8,1)
------------------------
Iteración 25
-----------
Abiertos = (9,2), (5,6), (5,9), (2,6), (9,2), (8,2), (9,3), (8,3), (3,3), (6,7), (10,4), (7,6), (6,6), (2,5), (6,9), (2,7), (4,9), (3,9), (2,8), (10,1), (6,1), (6,1), (9,3), (7,8), (8,1), (8,5), (8,6), (2,4), (5,2), (5,3)
Cerrados = (3,8), (3,7), (3,6), (3,5), (4,5), (5,5), (6,5), (7,5), (7,4), (4,8), (5,8), (8,4), (9,4), (8,5), (3,4), (6,8), (7,3), (8,3), (6,3), (6,2), (7,2), (7,1), (8,2), (8,1), (9,1)
------------------------
Camino: (3,8) -> (3,7) -> (3,6) -> (3,5) -> (4,5) -> (5,5) -> (6,5) -> (7,5) -> (7,4) -> (8,4) -> (8,3) -> (8,2) -> (9,2)
Coste: 30
Iteración 0
-----------
Abiertos = (3,8)
Cerrados = 
------------------------
Iteración 1
-----------
Abiertos = (3,7), (4,8), (3,9), (2,8)
Cerrados = (3,8)
------------------------
Iteración 2
-----------
Abiertos = (3,6), (4,8), (2,7), (2,8), (3,9)
Cerrados = (3,8), (3,7)
------------------------
Iteración 3
-----------
Abiertos = (3,5), (4,8), (2,6), (2,7), (2,8), (3,9)
Cerrados = (3,8), (3,7), (3,6)
------------------------
Iteración 4
-----------
Abiertos = (3,5), (5,8), (2,6), (4,9), (2,7), (2,8), (3,9)
Cerrados = (3,8), (3,7), (3,6), (4,8)
------------------------
Iteración 5
-----------
Abiertos = (4,5), (5,8), (3,4), (2,6), (2,5), (4,9), (2,7), (2,8), (3,9)
Cerrados = (3,8), (3,7), (3,6), (4,8), (3,5)
------------------------
Iteración 6
-----------
Abiertos = (4,5), (3,4), (6,8), (2,6), (5,9), (2,5), (4,9), (2,7), (2,8), (3,9)
Cerrados = (3,8), (3,7), (3,6), (4,8), (3,5), (5,8)
------------------------
Iteración 7
-----------
Abiertos = (5,5), (3,4), (6,8), (2,6), (5,9), (2,5), (4,9), (2,7), (2,8), (3,9)
Cerrados = (3,8), (3,7), (3,6), (4,8), (3,5), (5,8), (4,5)
------------------------
Iteración 8
-----------
Abiertos = (6,5), (3,4), (6,8), (5,6), (2,6), (5,9), (2,5), (4,9), (2,7), (2,8), (3,9)
Cerrados = (3,8), (3,7), (3,6), (4,8), (3,5), (5,8), (4,5), (5,5)
------------------------
Iteración 9
-----------
Abiertos = (7,5), (3,4), (6,8), (5,6), (2,6), (5,9), (6,6), (2,5), (4,9), (2,7), (2,8), (3,9)
Cerrados = (3,8), (3,7), (3,6), (4,8), (3,5), (5,8), (4,5), (5,5), (6,5)
------------------------
Iteración 10
-----------
Abiertos = (7,4), (8,5), (3,4), (6,8), (5,6), (2,6), (5,9), (7,6), (6,6), (2,5), (2,7), (4,9), (2,8), (3,9)
Cerrados = (3,8), (3,7), (3,6), (4,8), (3,5), (5,8), (4,5), (5,5), (6,5), (7,5)
------------------------
Iteración 11
-----------
Abiertos = (7,3), (8,4), (8,5), (3,4), (6,8), (5,6), (2,6), (5,9), (7,6), (6,6), (2,5), (2,7), (4,9), (2,8), (3,9)
Cerrados = (3,8), (3,7), (3,6), (4,8), (3,5), (5,8), (4,5), (5,5), (6,5), (7,5), (7,4)
------------------------
Iteración 12
-----------
Abiertos = (7,3), (9,4), (8,5), (3,4), (6,8), (5,6), (2,6), (5,9), (8,3), (7,6), (6,6), (2,5), (4,9), (2,7), (2,8), (3,9), (8,5)
Cerrados = (3,8), (3,7), (3,6), (4,8), (3,5), (5,8), (4,5), (5,5), (6,5), (7,5), (7,4), (8,4)
------------------------
Iteración 13
-----------
Abiertos = (7,2), (9,4), (8,3), (8,5), (3,4), (6,8), (6,3), (5,6), (2,6), (5,9), (8,3), (7,6), (6,6), (2,5), (4,9), (2,7), (2,8), (3,9), (8,5)
Cerrados = (3,8), (3,7), (3,6), (4,8), (3,5), (5,8), (4,5), (5,5), (6,5), (7,5), (7,4), (8,4), (7,3)
------------------------
Iteración 14
-----------
Abiertos = (8,2), (8,3), (9,4), (8,5), (3,4), (6,8), (6,2), (7,1), (6,3), (5,6), (2,6), (5,9), (8,3), (7,6), (6,6), (2,5), (4,9), (2,7), (2,8), (3,9), (8,5)
Cerrados = (3,8), (3,7), (3,6), (4,8), (3,5), (5,8), (4,5), (5,5), (6,5), (7,5), (7,4), (8,4), (7,3), (7,2)
------------------------
Iteración 15
-----------
Abiertos = (8,2), (9,4), (8,5), (3,4), (6,8), (6,2), (7,1), (6,3), (5,6), (2,6), (5,9), (8,2), (8,3), (7,6), (6,6), (2,5), (4,9), (2,7), (3,9), (2,8), (9,3), (8,5)
Cerrados = (3,8), (3,7), (3,6), (4,8), (3,5), (5,8), (4,5), (5,5), (6,5), (7,5), (7,4), (8,4), (7,3), (7,2), (8,3)
------------------------
Iteración 16
-----------
Abiertos = (8,2), (8,5), (3,4), (6,8), (6,2), (7,1), (6,3), (5,6), (2,6), (5,9), (9,3), (8,2), (8,3), (10,4), (7,6), (6,6), (2,5), (2,7), (4,9), (2,8), (3,9), (9,3), (8,5)
Cerrados = (3,8), (3,7), (3,6), (4,8), (3,5), (5,8), (4,5), (5,5), (6,5), (7,5), (7,4), (8,4), (7,3), (7,2), (8,3), (9,4)
------------------------
Iteración 17
-----------
Abiertos = (8,2), (3,4), (6,8), (6,2), (7,1), (6,3), (5,6), (2,6), (5,9), (9,3), (8,2), (8,3), (10,4), (7,6), (6,6), (2,5), (2,7), (4,9), (2,8), (3,9), (9,3), (8,5), (8,6)
Cerrados = (3,8), (3,7), (3,6), (4,8), (3,5), (5,8), (4,5), (5,5), (6,5), (7,5), (7,4), (8,4), (7,3), (7,2), (8,3), (9,4), (8,5)
------------------------
Iteración 18
-----------
Abiertos = (9,2), (3,4), (6,8), (8,1), (6,2), (7,1), (6,3), (5,6), (2,6), (5,9), (9,3), (8,2), (8,3), (10,4), (7,6), (6,6), (2,5), (2,7), (4,9), (2,8), (3,9), (9,3), (8,5), (8,6)
Cerrados = (3,8), (3,7), (3,6), (4,8), (3,5), (5,8), (4,5), (5,5), (6,5), (7,5), (7,4), (8,4), (7,3), (7,2), (8,3), (9,4), (8,5), (8,2)
------------------------
Iteración 19
-----------
Abiertos = (9,2), (6,8), (8,1), (6,2), (7,1), (6,3), (5,6), (2,6), (5,9), (9,3), (8,2), (8,3), (3,3), (10,4), (7,6), (6,6), (2,5), (4,9), (2,7), (2,8), (3,9), (9,3), (8,5), (8,6), (2,4)
Cerrados = (3,8), (3,7), (3,6), (4,8), (3,5), (5,8), (4,5), (5,5), (6,5), (7,5), (7,4), (8,4), (7,3), (7,2), (8,3), (9,4), (8,5), (8,2), (3,4)
------------------------
Iteración 20
-----------
Abiertos = (9,2), (8,1), (6,2), (7,1), (6,3), (5,6), (2,6), (5,9), (9,3), (8,2), (8,3), (3,3), (6,7), (10,4), (7,6), (6,6), (6,9), (2,5), (4,9), (2,7), (3,9), (2,8), (9,3), (7,8), (8,5), (8,6), (2,4)
Cerrados = (3,8), (3,7), (3,6), (4,8), (3,5), (5,8), (4,5), (5,5), (6,5), (7,5), (7,4), (8,4), (7,3), (7,2), (8,3), (9,4), (8,5), (8,2), (3,4), (6,8)
------------------------
Iteración 21
-----------
Abiertos = (9,2), (9,1), (6,2), (7,1), (6,3), (5,6), (2,6), (5,9), (9,3), (8,2), (8,3), (3,3), (6,7), (10,4), (7,6), (6,6), (6,9), (2,5), (4,9), (2,7), (2,8), (3,9), (7,1), (9,3), (7,8), (8,5), (8,6), (2,4)
Cerrados = (3,8), (3,7), (3,6), (4,8), (3,5), (5,8), (4,5), (5,5), (6,5), (7,5), (7,4), (8,4), (7,3), (7,2), (8,3), (9,4), (8,5), (8,2), (3,4), (6,8), (8,1)
------------------------
Camino: (3,8) -> (3,7) -> (3,6) -> (3,5) -> (4,5) -> (5,5) -> (6,5) -> (7,5) -> (7,4) -> (7,3) -> (7,2) -> (8,2) -> (9,2)
Coste: 24
Iteración 0
-----------
Abiertos = (3,8)
Cerrados = 
------------------------
Iteración 1
-----------
Abiertos = (3,7), (4,8), (3,9), (2,8)
Cerrados = (3,8)
------------------------
Iteración 2
-----------
Abiertos = (5,8), (3,7), (4,9), (2,8), (3,9)
Cerrados = (3,8), (4,8)
------------------------
Iteración 3
-----------
Abiertos = (5,8), (3,6), (2,7), (4,9), (2,8), (3,9)
Cerrados = (3,8), (4,8), (3,7)
------------------------
Iteración 4
-----------
Abiertos = (3,5), (5,8), (2,6), (2,7), (4,9), (2,8), (3,9)
Cerrados = (3,8), (4,8), (3,7), (3,6)
------------------------
Iteración 5
-----------
Abiertos = (4,5), (5,8), (3,4), (2,6), (2,5), (4,9), (2,7), (2,8), (3,9)
Cerrados = (3,8), (4,8), (3,7), (3,6), (3,5)
------------------------
Iteración 6
-----------
Abiertos = (4,5), (3,4), (6,8), (2,6), (5,9), (2,5), (2,7), (4,9), (2,8), (3,9)
Cerrados = (3,8), (4,8), (3,7), (3,6), (3,5), (5,8)
------------------------
Iteración 7
-----------
Abiertos = (5,5), (3,4), (6,8), (2,6), (5,9), (2,5), (2,7), (4,9), (2,8), (3,9)
Cerrados = (3,8), (4,8), (3,7), (3,6), (3,5), (5,8), (4,5)
------------------------
Iteración 8
-----------
Abiertos = (6,5), (3,4), (6,8), (5,6), (2,6), (5,9), (2,5), (2,7), (4,9), (2,8), (3,9)
Cerrados = (3,8), (4,8), (3,7), (3,6), (3,5), (5,8), (4,5), (5,5)
------------------------
Iteración 9
-----------
Abiertos = (6,5), (6,8), (5,6), (2,6), (5,9), (3,3), (2,5), (4,9), (2,7), (3,9), (2,8), (2,4)
Cerrados = (3,8), (4,8), (3,7), (3,6), (3,5), (5,8), (4,5), (5,5), (3,4)
------------------------
Iteración 10
-----------
Abiertos = (6,5), (5,6), (2,6), (5,9), (3,3), (6,7), (6,9), (2,5), (4,9), (2,7), (2,8), (3,9), (7,8), (2,4)
Cerrados = (3,8), (4,8), (3,7), (3,6), (3,5), (5,8), (4,5), (5,5), (3,4), (6,8)
------------------------
Iteración 11
-----------
Abiertos = (6,5), (2,6), (5,9), (3,3), (6,7), (6,6), (6,9), (2,5), (4,9), (2,7), (2,8), (3,9), (7,8), (2,4)
Cerrados = (3,8), (4,8), (3,7), (3,6), (3,5), (5,8), (4,5), (5,5), (3,4), (6,8), (5,6)
------------------------
Iteración 12
-----------
Abiertos = (7,5), (5,9), (2,6), (3,3), (6,7), (6,6), (6,6), (2,5), (6,9), (4,9), (2,7), (3,9), (2,8), (7,8), (2,4)
Cerrados = (3,8), (4,8), (3,7), (3,6), (3,5), (5,8), (4,5), (5,5), (3,4), (6,8), (5,6), (6,5)
------------------------
Iteración 13
-----------
Abiertos = (7,5), (6,9), (2,6), (3,3), (6,7), (6,6), (6,6), (6,9), (2,5), (4,9), (2,7), (3,9), (2,8), (7,8), (2,4), (4,9), (5,10)
Cerrados = (3,8), (4,8), (3,7), (3,6), (3,5), (5,8), (4,5), (5,5), (3,4), (6,8), (5,6), (6,5), (5,9)
------------------------
Iteración 14
-----------
Abiertos = (7,4), (8,5), (6,9), (2,6), (3,3), (6,7), (7,6), (6,6), (6,6), (6,9), (2,5), (4,9), (2,7), (3,9), (2,8), (7,8), (2,4), (4,9), (5,10)
Cerrados = (3,8), (4,8), (3,7), (3,6), (3,5), (5,8), (4,5), (5,5), (3,4), (6,8), (5,6), (6,5), (5,9), (7,5)
------------------------
Iteración 15
-----------
Abiertos = (7,3), (8,4), (8,5), (6,9), (2,6), (3,3), (6,7), (7,6), (6,6), (6,6), (6,9), (2,5), (4,9), (2,7), (3,9), (2,8), (7,8), (2,4), (4,9), (5,10)
Cerrados = (3,8), (4,8), (3,7), (3,6), (3,5), (5,8), (4,5), (5,5), (3,4), (6,8), (5,6), (6,5), (5,9), (7,5), (7,4)
------------------------
Iteración 16
-----------
Abiertos = (7,3), (9,4), (8,5), (6,9), (2,6), (8,3), (3,3), (6,7), (7,6), (6,6), (6,6), (6,9), (2,5), (4,9), (2,7), (3,9), (2,8), (7,8), (8,5), (2,4), (4,9), (5,10)
Cerrados = (3,8), (4,8), (3,7), (3,6), (3,5), (5,8), (4,5), (5,5), (3,4), (6,8), (5,6), (6,5), (5,9), (7,5), (7,4), (8,4)
------------------------
Iteración 17
-----------
Abiertos = (7,3), (8,5), (6,9), (2,6), (9,3), (8,3), (3,3), (6,7), (10,4), (7,6), (6,6), (6,6), (6,9), (2,5), (4,9), (2,7), (3,9), (2,8), (7,8), (8,5), (2,4), (5,10), (4,9)
Cerrados = (3,8), (4,8), (3,7), (3,6), (3,5), (5,8), (4,5), (5,5), (3,4), (6,8), (5,6), (6,5), (5,9), (7,5), (7,4), (8,4), (9,4)
------------------------
Iteración 18
-----------
Abiertos = (7,2), (8,3), (8,5), (6,3), (6,9), (2,6), (9,3), (8,3), (3,3), (6,7), (10,4), (7,6), (6,6), (6,6), (6,9), (2,5), (4,9), (2,7), (3,9), (2,8), (7,8), (8,5), (2,4), (5,10), (4,9)
Cerrados = (3,8), (4,8), (3,7), (3,6), (3,5), (5,8), (4,5), (5,5), (3,4), (6,8), (5,6), (6,5), (5,9), (7,5), (7,4), (8,4), (9,4), (7,3)
------------------------
Iteración 19
-----------
Abiertos = (8,2), (8,3), (8,5), (7,1), (6,2), (6,3), (6,9), (2,6), (9,3), (8,3), (3,3), (6,7), (10,4), (7,6), (6,6), (6,6), (6,9), (2,5), (4,9), (2,7), (3,9), (2,8), (7,8), (8,5), (2,4), (5,10), (4,9)
Cerrados = (3,8), (4,8), (3,7), (3,6), (3,5), (5,8), (4,5), (5,5), (3,4), (6,8), (5,6), (6,5), (5,9), (7,5), (7,4), (8,4), (9,4), (7,3), (7,2)
------------------------
Iteración 20
-----------
Abiertos = (8,2), (8,5), (7,1), (6,2), (6,3), (6,9), (2,6), (8,2), (9,3), (8,3), (3,3), (6,7), (10,4), (7,6), (6,6), (6,6), (6,9), (2,5), (4,9), (2,7), (3,9), (2,8), (9,3), (7,8), (8,5), (2,4), (4,9), (5,10)
Cerrados = (3,8), (4,8), (3,7), (3,6), (3,5), (5,8), (4,5), (5,5), (3,4), (6,8), (5,6), (6,5), (5,9), (7,5), (7,4), (8,4), (9,4), (7,3), (7,2), (8,3)
------------------------
Iteración 21
-----------
Abiertos = (9,2), (8,5), (8,1), (7,1), (6,2), (6,3), (6,9), (2,6), (8,2), (9,3), (8,3), (3,3), (6,7), (10,4), (7,6), (6,6), (6,6), (6,9), (2,5), (4,9), (2,7), (3,9), (2,8), (9,3), (7,8), (8,5), (2,4), (4,9), (5,10)
Cerrados = (3,8), (4,8), (3,7), (3,6), (3,5), (5,8), (4,5), (5,5), (3,4), (6,8), (5,6), (6,5), (5,9), (7,5), (7,4), (8,4), (9,4), (7,3), (7,2), (8,3), (8,2)
------------------------
Camino: (3,8) -> (3,7) -> (3,6) -> (3,5) -> (4,5) -> (5,5) -> (6,5) -> (7,5) -> (7,4) -> (7,3) -> (7,2) -> (8,2) -> (9,2)
Coste: 24
Iteración 0
-----------
Abiertos = (3,8)
Cerrados = 
------------------------
Iteración 1
-----------
Abiertos = (3,7), (4,8), (3,9), (2,8)
Cerrados = (3,8)
------------------------
Iteración 2
-----------
Abiertos = (5,8), (3,7), (4,9), (2,8), (3,9)
Cerrados = (3,8), (4,8)
------------------------
Iteración 3
-----------
Abiertos = (5,8), (3,6), (2,7), (4,9), (2,8), (3,9)
Cerrados = (3,8), (4,8), (3,7)
------------------------
Iteración 4
-----------
Abiertos = (3,6), (6,8), (5,9), (2,7), (4,9), (2,8), (3,9)
Cerrados = (3,8), (4,8), (3,7), (5,8)
------------------------
Iteración 5
-----------
Abiertos = (3,5), (6,8), (5,9), (2,6), (4,9), (2,7), (2,8), (3,9)
Cerrados = (3,8), (4,8), (3,7), (5,8), (3,6)
------------------------
Iteración 6
-----------
Abiertos = (3,5), (5,9), (2,6), (6,7), (6,9), (4,9), (2,7), (3,9), (2,8), (7,8)
Cerrados = (3,8), (4,8), (3,7), (5,8), (3,6), (6,8)
------------------------
Iteración 7
-----------
Abiertos = (3,5), (6,9), (2,6), (6,7), (6,9), (4,9), (2,7), (3,9), (2,8), (7,8), (5,10), (4,9)
Cerrados = (3,8), (4,8), (3,7), (5,8), (3,6), (6,8), (5,9)
------------------------
Iteración 8
-----------
Abiertos = (4,5), (3,4), (6,9), (2,6), (6,7), (2,5), (6,9), (4,9), (2,7), (3,9), (2,8), (7,8), (4,9), (5,10)
Cerrados = (3,8), (4,8), (3,7), (5,8), (3,6), (6,8), (5,9), (3,5)
------------------------
Iteración 9
-----------
Abiertos = (4,5), (6,9), (2,6), (3,3), (6,7), (2,5), (6,9), (4,9), (2,7), (2,8), (3,9), (7,8), (2,4), (4,9), (5,10)
Cerrados = (3,8), (4,8), (3,7), (5,8), (3,6), (6,8), (5,9), (3,5), (3,4)
------------------------
Iteración 10
-----------
Abiertos = (5,5), (6,9), (2,6), (3,3), (6,7), (2,5), (6,9), (4,9), (2,7), (2,8), (3,9), (7,8), (2,4), (4,9), (5,10)
Cerrados = (3,8), (4,8), (3,7), (5,8), (3,6), (6,8), (5,9), (3,5), (3,4), (4,5)
------------------------
Iteración 11
-----------
Abiertos = (5,5), (2,6), (3,3), (6,7), (2,5), (6,9), (4,9), (2,7), (3,9), (2,8), (7,8), (2,4), (5,10), (4,9), (7,9), (6,10)
Cerrados = (3,8), (4,8), (3,7), (5,8), (3,6), (6,8), (5,9), (3,5), (3,4), (4,5), (6,9)
------------------------
Iteración 12
-----------
Abiertos = (6,5), (5,6), (2,6), (3,3), (6,7), (2,5), (6,9), (4,9), (2,7), (3,9), (2,8), (7,8), (2,4), (5,10), (4,9), (7,9), (6,10)
Cerrados = (3,8), (4,8), (3,7), (5,8), (3,6), (6,8), (5,9), (3,5), (3,4), (4,5), (6,9), (5,5)
------------------------
Iteración 13
-----------
Abiertos = (7,5), (5,6), (2,6), (3,3), (6,7), (6,6), (2,5), (6,9), (2,7), (4,9), (3,9), (2,8), (7,8), (2,4), (4,9), (5,10), (7,9), (6,10)
Cerrados = (3,8), (4,8), (3,7), (5,8), (3,6), (6,8), (5,9), (3,5), (3,4), (4,5), (6,9), (5,5), (6,5)
------------------------
Iteración 14
-----------
Abiertos = (7,4), (8,5), (5,6), (2,6), (3,3), (6,7), (7,6), (6,6), (2,5), (6,9), (4,9), (2,7), (3,9), (2,8), (7,8), (2,4), (5,10), (4,9), (7,9), (6,10)
Cerrados = (3,8), (4,8), (3,7), (5,8), (3,6), (6,8), (5,9), (3,5), (3,4), (4,5), (6,9), (5,5), (6,5), (7,5)
------------------------
Iteración 15
-----------
Abiertos = (7,3), (8,4), (8,5), (5,6), (2,6), (3,3), (6,7), (7,6), (6,6), (2,5), (6,9), (4,9), (2,7), (3,9), (2,8), (7,8), (2,4), (5,10), (4,9), (7,9), (6,10)
Cerrados = (3,8), (4,8), (3,7), (5,8), (3,6), (6,8), (5,9), (3,5), (3,4), (4,5), (6,9), (5,5), (6,5), (7,5), (7,4)
------------------------
Iteración 16
-----------
Abiertos = (7,2), (8,3), (8,4), (8,5), (6,3), (5,6), (2,6), (3,3), (6,7), (7,6), (6,6), (2,5), (6,9), (4,9), (2,7), (3,9), (2,8), (7,8), (2,4), (5,10), (4,9), (7,9), (6,10)
Cerrados = (3,8), (4,8), (3,7), (5,8), (3,6), (6,8), (5,9), (3,5), (3,4), (4,5), (6,9), (5,5), (6,5), (7,5), (7,4), (7,3)
------------------------
Iteración 17
-----------
Abiertos = (8,2), (8,3), (8,4), (8,5), (6,2), (7,1), (6,3), (5,6), (2,6), (3,3), (6,7), (7,6), (6,6), (2,5), (6,9), (4,9), (2,7), (2,8), (3,9), (7,8), (2,4), (4,9), (5,10), (7,9), (6,10)
Cerrados = (3,8), (4,8), (3,7), (5,8), (3,6), (6,8), (5,9), (3,5), (3,4), (4,5), (6,9), (5,5), (6,5), (7,5), (7,4), (7,3), (7,2)
------------------------
Iteración 18
-----------
Abiertos = (9,2), (8,3), (8,4), (8,5), (8,1), (6,2), (7,1), (6,3), (5,6), (2,6), (3,3), (6,7), (8,3), (7,6), (6,6), (2,5), (6,9), (2,7), (4,9), (2,8), (3,9), (7,8), (2,4), (5,10), (4,9), (7,9), (6,10)
Cerrados = (3,8), (4,8), (3,7), (5,8), (3,6), (6,8), (5,9), (3,5), (3,4), (4,5), (6,9), (5,5), (6,5), (7,5), (7,4), (7,3), (7,2), (8,2)
------------------------
Camino: (3,8) -> (3,7) -> (3,6) -> (3,5) -> (4,5) -> (5,5) -> (6,5) -> (7,5) -> (7,4) -> (7,3) -> (7,2) -> (8,2) -> (9,2)
Coste: 24
Iteración 0
-----------
Abiertos = (3,8)
Cerrados = 
------------------------
Iteración 1
-----------
Abiertos = (3,7), (4,8), (3,9), (2,8)
Cerrados = (3,8)
------------------------
Iteración 2
-----------
Abiertos = (5,8), (3,7), (4,9), (2,8), (3,9)
Cerrados = (3,8), (4,8)
------------------------
Iteración 3
-----------
Abiertos = (3,7), (6,8), (5,9), (4,9), (2,8), (3,9)
Cerrados = (3,8), (4,8), (5,8)
------------------------
Iteración 4
-----------
Abiertos = (3,6), (6,8), (5,9), (2,7), (4,9), (2,8), (3,9)
Cerrados = (3,8), (4,8), (5,8), (3,7)
------------------------
Iteración 5
-----------
Abiertos = (3,6), (5,9), (6,7), (6,9), (2,7), (4,9), (2,8), (3,9), (7,8)
Cerrados = (3,8), (4,8), (5,8), (3,7), (6,8)
------------------------
Iteración 6
-----------
Abiertos = (3,6), (6,9), (6,7), (6,9), (2,7), (4,9), (2,8), (3,9), (7,8), (4,9), (5,10)
Cerrados = (3,8), (4,8), (5,8), (3,7), (6,8), (5,9)
------------------------
Iteración 7
-----------
Abiertos = (3,6), (6,7), (6,9), (2,7), (4,9), (2,8), (3,9), (7,8), (5,10), (4,9), (7,9), (6,10)
Cerrados = (3,8), (4,8), (5,8), (3,7), (6,8), (5,9), (6,9)
------------------------
Iteración 8
-----------
Abiertos = (3,6), (6,9), (2,7), (4,9), (2,8), (3,9), (6,6), (7,8), (5,10), (4,9), (7,7), (7,9), (6,10)
Cerrados = (3,8), (4,8), (5,8), (3,7), (6,8), (5,9), (6,9), (6,7)
------------------------
Iteración 9
-----------
Abiertos = (3,5), (2,6), (4,9), (2,7), (2,8), (3,9), (6,6), (7,8), (5,10), (4,9), (7,7), (7,9), (6,10)
Cerrados = (3,8), (4,8), (5,8), (3,7), (6,8), (5,9), (6,9), (6,7), (3,6)
------------------------
Iteración 10
-----------
Abiertos = (3,5), (2,5), (4,9), (2,7), (2,8), (3,9), (1,6), (6,6), (7,8), (2,7), (5,10), (4,9), (7,7), (7,9), (6,10)
Cerrados = (3,8), (4,8), (5,8), (3,7), (6,8), (5,9), (6,9), (6,7), (3,6), (2,6)
------------------------
Iteración 11
-----------
Abiertos = (4,5), (3,4), (2,5), (2,5), (4,9), (2,7), (2,8), (3,9), (1,6), (6,6), (7,8), (2,7), (4,9), (5,10), (7,7), (7,9), (6,10)
Cerrados = (3,8), (4,8), (5,8), (3,7), (6,8), (5,9), (6,9), (6,7), (3,6), (2,6), (3,5)
------------------------
Iteración 12
-----------
Abiertos = (5,5), (3,4), (2,5), (2,5), (4,9), (2,7), (2,8), (3,9), (1,6), (6,6), (7,8), (2,7), (4,9), (5,10), (7,7), (7,9), (6,10)
Cerrados = (3,8), (4,8), (5,8), (3,7), (6,8), (5,9), (6,9), (6,7), (3,6), (2,6), (3,5), (4,5)
------------------------
Iteración 13
-----------
Abiertos = (5,5), (3,3), (2,5), (2,5), (4,9), (2,7), (2,8), (3,9), (1,6), (6,6), (7,8), (2,4), (5,10), (2,7), (4,9), (7,7), (7,9), (6,10)
Cerrados = (3,8), (4,8), (5,8), (3,7), (6,8), (5,9), (6,9), (6,7), (3,6), (2,6), (3,5), (4,5), (3,4)
------------------------
Iteración 14
-----------
Abiertos = (5,5), (3,2), (2,5), (2,5), (4,9), (2,7), (2,8), (3,9), (1,6), (4,3), (6,6), (7,8), (2,3), (2,4), (5,10), (2,7), (4,9), (7,7), (7,9), (6,10)
Cerrados = (3,8), (4,8), (5,8), (3,7), (6,8), (5,9), (6,9), (6,7), (3,6), (2,6), (3,5), (4,5), (3,4), (3,3)
------------------------
Iteración 15
-----------
Abiertos = (5,5), (4,2), (2,5), (2,5), (4,9), (2,7), (2,8), (3,9), (1,6), (4,3), (6,6), (7,8), (2,2), (3,1), (2,3), (2,4), (5,10), (2,7), (4,9), (7,7), (7,9), (6,10)
Cerrados = (3,8), (4,8), (5,8), (3,7), (6,8), (5,9), (6,9), (6,7), (3,6), (2,6), (3,5), (4,5), (3,4), (3,3), (3,2)
------------------------
Iteración 16
-----------
Abiertos = (5,5), (2,5), (2,5), (4,9), (2,7), (2,8), (3,9), (1,6), (5,2), (4,3), (6,6), (7,8), (4,1), (2,2), (3,1), (2,3), (2,4), (5,10), (2,7), (4,9), (7,7), (4,3), (7,9), (6,10)
Cerrados = (3,8), (4,8), (5,8), (3,7), (6,8), (5,9), (6,9), (6,7), (3,6), (2,6), (3,5), (4,5), (3,4), (3,3), (3,2), (4,2)
------------------------
Iteración 17
-----------
Abiertos = (5,5), (2,5), (4,9), (2,7), (2,8), (3,9), (1,6), (5,2), (4,3), (6,6), (7,8), (4,1), (2,2), (3,1), (2,3), (2,4), (2,4), (1,5), (5,10), (2,7), (4,9), (7,7), (4,3), (7,9), (6,10)
Cerrados = (3,8), (4,8), (5,8), (3,7), (6,8), (5,9), (6,9), (6,7), (3,6), (2,6), (3,5), (4,5), (3,4), (3,3), (3,2), (4,2), (2,5)
------------------------
Iteración 18
-----------
Abiertos = (6,5), (5,6), (2,7), (4,9), (2,8), (3,9), (1,6), (5,2), (4,3), (6,6), (7,8), (4,1), (2,2), (3,1), (2,3), (2,4), (2,4), (1,5), (5,10), (2,7), (4,9), (7,7), (4,3), (7,9), (6,10)
Cerrados = (3,8), (4,8), (5,8), (3,7), (6,8), (5,9), (6,9), (6,7), (3,6), (2,6), (3,5), (4,5), (3,4), (3,3), (3,2), (4,2), (2,5), (5,5)
------------------------
Iteración 19
-----------
Abiertos = (7,5), (5,6), (6,6), (2,7), (4,9), (2,8), (3,9), (1,6), (5,2), (4,3), (6,6), (7,8), (4,1), (2,2), (3,1), (2,3), (2,4), (2,4), (1,5), (5,10), (2,7), (4,9), (7,7), (4,3), (7,9), (6,10)
Cerrados = (3,8), (4,8), (5,8), (3,7), (6,8), (5,9), (6,9), (6,7), (3,6), (2,6), (3,5), (4,5), (3,4), (3,3), (3,2), (4,2), (2,5), (5,5), (6,5)
------------------------
Iteración 20
-----------
Abiertos = (7,5), (6,6), (6,6), (2,7), (4,9), (2,8), (3,9), (1,6), (5,2), (4,3), (6,6), (7,8), (4,1), (2,2), (3,1), (2,3), (2,4), (2,4), (1,5), (5,10), (2,7), (4,9), (7,7), (4,3), (7,9), (6,10)
Cerrados = (3,8), (4,8), (5,8), (3,7), (6,8), (5,9), (6,9), (6,7), (3,6), (2,6), (3,5), (4,5), (3,4), (3,3), (3,2), (4,2), (2,5), (5,5), (6,5), (5,6)
------------------------
Iteración 21
-----------
Abiertos = (7,4), (8,5), (7,6), (6,6), (6,6), (2,7), (4,9), (2,8), (3,9), (1,6), (5,2), (4,3), (6,6), (7,8), (4,1), (2,2), (3,1), (2,3), (2,4), (2,4), (1,5), (5,10), (2,7), (4,9), (7,7), (4,3), (7,9), (6,10)
Cerrados = (3,8), (4,8), (5,8), (3,7), (6,8), (5,9), (6,9), (6,7), (3,6), (2,6), (3,5), (4,5), (3,4), (3,3), (3,2), (4,2), (2,5), (5,5), (6,5), (5,6), (7,5)
------------------------
Iteración 22
-----------
Abiertos = (7,3), (8,4), (8,5), (7,6), (6,6), (6,6), (2,7), (4,9), (2,8), (3,9), (1,6), (5,2), (4,3), (6,6), (7,8), (4,1), (2,2), (3,1), (2,3), (2,4), (2,4), (1,5), (5,10), (2,7), (4,9), (7,7), (4,3), (7,9), (6,10)
Cerrados = (3,8), (4,8), (5,8), (3,7), (6,8), (5,9), (6,9), (6,7), (3,6), (2,6), (3,5), (4,5), (3,4), (3,3), (3,2), (4,2), (2,5), (5,5), (6,5), (5,6), (7,5), (7,4)
------------------------
Iteración 23
-----------
Abiertos = (7,2), (8,3), (8,4), (8,5), (6,3), (7,6), (6,6), (6,6), (2,7), (4,9), (2,8), (3,9), (1,6), (5,2), (4,3), (6,6), (7,8), (4,1), (2,2), (3,1), (2,3), (2,4), (2,4), (1,5), (5,10), (2,7), (4,9), (7,7), (4,3), (7,9), (6,10)
Cerrados = (3,8), (4,8), (5,8), (3,7), (6,8), (5,9), (6,9), (6,7), (3,6), (2,6), (3,5), (4,5), (3,4), (3,3), (3,2), (4,2), (2,5), (5,5), (6,5), (5,6), (7,5), (7,4), (7,3)
------------------------
Iteración 24
-----------
Abiertos = (7,2), (8,2), (8,4), (8,5), (6,3), (9,3), (7,6), (6,6), (6,6), (2,7), (4,9), (2,8), (3,9), (1,6), (5,2), (4,3), (6,6), (7,8), (8,4), (4,1), (2,2), (3,1), (2,3), (2,4), (2,4), (1,5), (2,7), (4,9), (5,10), (7,7), (4,3), (7,9), (6,10)
Cerrados = (3,8), (4,8), (5,8), (3,7), (6,8), (5,9), (6,9), (6,7), (3,6), (2,6), (3,5), (4,5), (3,4), (3,3), (3,2), (4,2), (2,5), (5,5), (6,5), (5,6), (7,5), (7,4), (7,3), (8,3)
------------------------
Iteración 25
-----------
Abiertos = (8,2), (8,2), (8,4), (8,5), (7,1), (6,2), (6,3), (9,3), (7,6), (6,6), (6,6), (2,7), (4,9), (2,8), (3,9), (1,6), (5,2), (4,3), (6,6), (7,8), (8,4), (4,1), (2,2), (3,1), (2,3), (2,4), (2,4), (1,5), (2,7), (4,9), (5,10), (7,7), (4,3), (7,9), (6,10)
Cerrados = (3,8), (4,8), (5,8), (3,7), (6,8), (5,9), (6,9), (6,7), (3,6), (2,6), (3,5), (4,5), (3,4), (3,3), (3,2), (4,2), (2,5), (5,5), (6,5), (5,6), (7,5), (7,4), (7,3), (8,3), (7,2)
------------------------
Iteración 26
-----------
Abiertos = (9,2), (8,2), (8,4), (8,5), (7,1), (6,2), (6,3), (9,3), (8,1), (7,6), (6,6), (6,6), (2,7), (4,9), (2,8), (3,9), (1,6), (5,2), (4,3), (6,6), (7,8), (8,4), (4,1), (2,2), (3,1), (2,3), (2,4), (2,4), (1,5), (5,10), (2,7), (4,9), (7,7), (4,3), (7,9), (6,10)
Cerrados = (3,8), (4,8), (5,8), (3,7), (6,8), (5,9), (6,9), (6,7), (3,6), (2,6), (3,5), (4,5), (3,4), (3,3), (3,2), (4,2), (2,5), (5,5), (6,5), (5,6), (7,5), (7,4), (7,3), (8,3), (7,2), (8,2)
------------------------
Camino: (3,8) -> (3,7) -> (3,6) -> (3,5) -> (4,5) -> (5,5) -> (6,5) -> (7,5) -> (7,4) -> (7,3) -> (8,3) -> (8,2) -> (9,2)
Coste: 27
Iteración 0
-----------
Abiertos = (3,8)
Cerrados = 
------------------------
Iteración 1
-----------
Abiertos = (3,7), (4,8), (3,9), (2,8)
Cerrados = (3,8)
------------------------
Iteración 2
-----------
Abiertos = (3,6), (4,8), (2,7), (2,8), (3,9)
Cerrados = (3,8), (3,7)
------------------------
Iteración 3
-----------
Abiertos = (3,6), (5,8), (2,7), (4,9), (2,8), (3,9)
Cerrados = (3,8), (3,7), (4,8)
------------------------
Iteración 4
-----------
Abiertos = (3,5), (5,8), (2,6), (2,7), (4,9), (2,8), (3,9)
Cerrados = (3,8), (3,7), (4,8), (3,6)
------------------------
Iteración 5
-----------
Abiertos = (4,5), (5,8), (3,4), (2,6), (2,5), (4,9), (2,7), (2,8), (3,9)
Cerrados = (3,8), (3,7), (4,8), (3,6), (3,5)
------------------------
Iteración 6
-----------
Abiertos = (4,5), (3,4), (6,8), (2,6), (5,9), (2,5), (2,7), (4,9), (2,8), (3,9)
Cerrados = (3,8), (3,7), (4,8), (3,6), (3,5), (5,8)
------------------------
Iteración 7
-----------
Abiertos = (4,5), (6,8), (2,6), (5,9), (3,3), (2,5), (4,9), (2,7), (3,9), (2,8), (2,4)
Cerrados = (3,8), (3,7), (4,8), (3,6), (3,5), (5,8), (3,4)
------------------------
Iteración 8
-----------
Abiertos = (4,5), (2,6), (5,9), (3,3), (6,7), (6,9), (2,5), (4,9), (2,7), (2,8), (3,9), (7,8), (2,4)
Cerrados = (3,8), (3,7), (4,8), (3,6), (3,5), (5,8), (3,4), (6,8)
------------------------
Iteración 9
-----------
Abiertos = (5,5), (5,9), (2,6), (3,3), (6,7), (6,9), (2,5), (4,9), (2,7), (2,8), (3,9), (7,8), (2,4)
Cerrados = (3,8), (3,7), (4,8), (3,6), (3,5), (5,8), (3,4), (6,8), (4,5)
------------------------
Iteración 10
-----------
Abiertos = (6,5), (5,6), (2,6), (5,9), (3,3), (6,7), (6,9), (2,5), (4,9), (2,7), (2,8), (3,9), (7,8), (2,4)
Cerrados = (3,8), (3,7), (4,8), (3,6), (3,5), (5,8), (3,4), (6,8), (4,5), (5,5)
------------------------
Iteración 11
-----------
Abiertos = (6,5), (2,6), (5,9), (3,3), (6,7), (6,6), (6,9), (2,5), (4,9), (2,7), (2,8), (3,9), (7,8), (2,4)
Cerrados = (3,8), (3,7), (4,8), (3,6), (3,5), (5,8), (3,4), (6,8), (4,5), (5,5), (5,6)
------------------------
Iteración 12
-----------
Abiertos = (6,5), (5,9), (3,3), (6,7), (6,6), (2,5), (6,9), (2,5), (4,9), (2,7), (3,9), (2,8), (1,6), (7,8), (2,4), (2,7)
Cerrados = (3,8), (3,7), (4,8), (3,6), (3,5), (5,8), (3,4), (6,8), (4,5), (5,5), (5,6), (2,6)
------------------------
Iteración 13
-----------
Abiertos = (7,5), (5,9), (3,3), (6,7), (6,6), (6,6), (2,5), (6,9), (2,5), (4,9), (2,7), (2,8), (3,9), (1,6), (7,8), (2,4), (2,7)
Cerrados = (3,8), (3,7), (4,8), (3,6), (3,5), (5,8), (3,4), (6,8), (4,5), (5,5), (5,6), (2,6), (6,5)
------------------------
Iteración 14
-----------
Abiertos = (7,5), (6,9), (3,3), (6,7), (6,6), (6,6), (2,5), (6,9), (2,5), (2,7), (4,9), (3,9), (2,8), (1,6), (7,8), (2,4), (2,7), (4,9), (5,10)
Cerrados = (3,8), (3,7), (4,8), (3,6), (3,5), (5,8), (3,4), (6,8), (4,5), (5,5), (5,6), (2,6), (6,5), (5,9)
------------------------
Iteración 15
-----------
Abiertos = (7,5), (3,3), (6,7), (6,6), (6,6), (2,5), (6,9), (2,5), (2,7), (4,9), (2,8), (3,9), (1,6), (7,8), (2,4), (4,9), (2,7), (5,10), (7,9), (6,10)
Cerrados = (3,8), (3,7), (4,8), (3,6), (3,5), (5,8), (3,4), (6,8), (4,5), (5,5), (5,6), (2,6), (6,5), (5,9), (6,9)
------------------------
Iteración 16
-----------
Abiertos = (7,4), (8,5), (3,3), (6,7), (7,6), (6,6), (6,6), (2,5), (6,9), (2,5), (2,7), (4,9), (2,8), (3,9), (1,6), (7,8), (2,4), (4,9), (2,7), (5,10), (7,9), (6,10)
Cerrados = (3,8), (3,7), (4,8), (3,6), (3,5), (5,8), (3,4), (6,8), (4,5), (5,5), (5,6), (2,6), (6,5), (5,9), (6,9), (7,5)
------------------------
Iteración 17
-----------
Abiertos = (7,4), (8,4), (3,3), (6,7), (7,6), (6,6), (6,6), (2,5), (6,9), (2,5), (2,7), (4,9), (2,8), (3,9), (1,6), (7,8), (8,6), (2,4), (4,9), (5,10), (2,7), (7,9), (6,10)
Cerrados = (3,8), (3,7), (4,8), (3,6), (3,5), (5,8), (3,4), (6,8), (4,5), (5,5), (5,6), (2,6), (6,5), (5,9), (6,9), (7,5), (8,5)
------------------------
Iteración 18
-----------
Abiertos = (7,3), (8,4), (8,4), (3,3), (6,7), (7,6), (6,6), (6,6), (2,5), (6,9), (2,5), (2,7), (4,9), (2,8), (3,9), (1,6), (7,8), (8,6), (2,4), (4,9), (5,10), (2,7), (7,9), (6,10)
Cerrados = (3,8), (3,7), (4,8), (3,6), (3,5), (5,8), (3,4), (6,8), (4,5), (5,5), (5,6), (2,6), (6,5), (5,9), (6,9), (7,5), (8,5), (7,4)
------------------------
Iteración 19
-----------
Abiertos = (7,2), (8,3), (8,4), (6,3), (8,4), (3,3), (6,7), (7,6), (6,6), (6,6), (2,5), (6,9), (2,5), (2,7), (4,9), (2,8), (3,9), (1,6), (7,8), (8,6), (2,4), (4,9), (5,10), (2,7), (7,9), (6,10)
Cerrados = (3,8), (3,7), (4,8), (3,6), (3,5), (5,8), (3,4), (6,8), (4,5), (5,5), (5,6), (2,6), (6,5), (5,9), (6,9), (7,5), (8,5), (7,4), (7,3)
------------------------
Iteración 20
-----------
Abiertos = (7,2), (8,2), (8,4), (6,3), (9,3), (8,4), (3,3), (6,7), (7,6), (6,6), (6,6), (2,5), (6,9), (2,5), (2,7), (4,9), (2,8), (3,9), (1,6), (7,8), (8,4), (8,6), (2,4), (2,7), (4,9), (5,10), (7,9), (6,10)
Cerrados = (3,8), (3,7), (4,8), (3,6), (3,5), (5,8), (3,4), (6,8), (4,5), (5,5), (5,6), (2,6), (6,5), (5,9), (6,9), (7,5), (8,5), (7,4), (7,3), (8,3)
------------------------
Iteración 21
-----------
Abiertos = (7,2), (9,2), (8,4), (6,3), (9,3), (8,4), (3,3), (6,7), (7,2), (8,1), (7,6), (6,6), (6,6), (2,5), (6,9), (2,5), (2,7), (4,9), (2,8), (3,9), (1,6), (7,8), (8,4), (8,6), (2,4), (2,7), (4,9), (5,10), (7,9), (6,10)
Cerrados = (3,8), (3,7), (4,8), (3,6), (3,5), (5,8), (3,4), (6,8), (4,5), (5,5), (5,6), (2,6), (6,5), (5,9), (6,9), (7,5), (8,5), (7,4), (7,3), (8,3), (8,2)
------------------------
Camino: (3,8) -> (3,7) -> (3,6) -> (3,5) -> (4,5) -> (5,5) -> (6,5) -> (7,5) -> (7,4) -> (7,3) -> (8,3) -> (8,2) -> (9,2)
Coste: 27
Iteración 0
-----------
Abiertos = (3,8)
Cerrados = 
------------------------
Iteración 1
-----------
Abiertos = (3,7), (4,8), (3,9), (2,8)
Cerrados = (3,8)
------------------------
Iteración 2
-----------
Abiertos = (3,6), (4,8), (2,7), (2,8), (3,9)
Cerrados = (3,8), (3,7)
------------------------
Iteración 3
-----------
Abiertos = (3,6), (5,8), (2,7), (4,9), (2,8), (3,9)
Cerrados = (3,8), (3,7), (4,8)
------------------------
Iteración 4
-----------
Abiertos = (3,5), (5,8), (2,6), (2,7), (4,9), (2,8), (3,9)
Cerrados = (3,8), (3,7), (4,8), (3,6)
------------------------
Iteración 5
-----------
Abiertos = (4,5), (5,8), (3,4), (2,6), (2,5), (4,9), (2,7), (2,8), (3,9)
Cerrados = (3,8), (3,7), (4,8), (3,6), (3,5)
------------------------
Iteración 6
-----------
Abiertos = (4,5), (3,4), (6,8), (2,6), (5,9), (2,5), (2,7), (4,9), (2,8), (3,9)
Cerrados = (3,8), (3,7), (4,8), (3,6), (3,5), (5,8)
------------------------
Iteración 7
-----------
Abiertos = (4,5), (6,8), (2,6), (5,9), (3,3), (2,5), (4,9), (2,7), (3,9), (2,8), (2,4)
Cerrados = (3,8), (3,7), (4,8), (3,6), (3,5), (5,8), (3,4)
------------------------
Iteración 8
-----------
Abiertos = (5,5), (6,8), (2,6), (5,9), (3,3), (2,5), (4,9), (2,7), (3,9), (2,8), (2,4)
Cerrados = (3,8), (3,7), (4,8), (3,6), (3,5), (5,8), (3,4), (4,5)
------------------------
Iteración 9
-----------
Abiertos = (6,5), (6,8), (5,6), (2,6), (5,9), (3,3), (2,5), (4,9), (2,7), (3,9), (2,8), (2,4)
Cerrados = (3,8), (3,7), (4,8), (3,6), (3,5), (5,8), (3,4), (4,5), (5,5)
------------------------
Iteración 10
-----------
Abiertos = (7,5), (6,8), (5,6), (2,6), (5,9), (3,3), (6,6), (2,5), (4,9), (2,7), (2,8), (3,9), (2,4)
Cerrados = (3,8), (3,7), (4,8), (3,6), (3,5), (5,8), (3,4), (4,5), (5,5), (6,5)
------------------------
Iteración 11
-----------
Abiertos = (7,4), (8,5), (6,8), (5,6), (2,6), (5,9), (3,3), (7,6), (6,6), (2,5), (4,9), (2,7), (2,8), (3,9), (2,4)
Cerrados = (3,8), (3,7), (4,8), (3,6), (3,5), (5,8), (3,4), (4,5), (5,5), (6,5), (7,5)
------------------------
Iteración 12
-----------
Abiertos = (7,4), (6,8), (5,6), (2,6), (5,9), (8,4), (3,3), (7,6), (6,6), (2,5), (4,9), (2,7), (3,9), (2,8), (8,6), (2,4)
Cerrados = (3,8), (3,7), (4,8), (3,6), (3,5), (5,8), (3,4), (4,5), (5,5), (6,5), (7,5), (8,5)
------------------------
Iteración 13
-----------
Abiertos = (7,4), (5,6), (2,6), (5,9), (8,4), (3,3), (6,7), (7,6), (6,6), (6,9), (2,5), (4,9), (2,7), (3,9), (2,8), (7,8), (8,6), (2,4)
Cerrados = (3,8), (3,7), (4,8), (3,6), (3,5), (5,8), (3,4), (4,5), (5,5), (6,5), (7,5), (8,5), (6,8)
------------------------
Iteración 14
-----------
Abiertos = (7,4), (2,6), (5,9), (8,4), (3,3), (6,7), (7,6), (6,6), (6,6), (6,9), (2,5), (2,7), (4,9), (2,8), (3,9), (7,8), (8,6), (2,4)
Cerrados = (3,8), (3,7), (4,8), (3,6), (3,5), (5,8), (3,4), (4,5), (5,5), (6,5), (7,5), (8,5), (6,8), (5,6)
------------------------
Iteración 15
-----------
Abiertos = (7,4), (5,9), (8,4), (3,3), (6,7), (7,6), (6,6), (6,6), (6,9), (2,5), (2,5), (4,9), (2,7), (3,9), (2,8), (1,6), (7,8), (8,6), (2,4), (2,7)
Cerrados = (3,8), (3,7), (4,8), (3,6), (3,5), (5,8), (3,4), (4,5), (5,5), (6,5), (7,5), (8,5), (6,8), (5,6), (2,6)
------------------------
Iteración 16
-----------
Abiertos = (7,3), (8,4), (5,9), (8,4), (3,3), (6,7), (7,6), (6,6), (6,6), (6,9), (2,5), (2,5), (4,9), (2,7), (3,9), (2,8), (1,6), (7,8), (8,6), (2,4), (2,7)
Cerrados = (3,8), (3,7), (4,8), (3,6), (3,5), (5,8), (3,4), (4,5), (5,5), (6,5), (7,5), (8,5), (6,8), (5,6), (2,6), (7,4)
------------------------
Iteración 17
-----------
Abiertos = (7,2), (8,3), (8,4), (6,3), (5,9), (8,4), (3,3), (6,7), (7,6), (6,6), (6,6), (6,9), (2,5), (2,5), (4,9), (2,7), (3,9), (2,8), (1,6), (7,8), (8,6), (2,4), (2,7)
Cerrados = (3,8), (3,7), (4,8), (3,6), (3,5), (5,8), (3,4), (4,5), (5,5), (6,5), (7,5), (8,5), (6,8), (5,6), (2,6), (7,4), (7,3)
------------------------
Iteración 18
-----------
Abiertos = (8,2), (8,3), (8,4), (6,2), (7,1), (6,3), (5,9), (8,4), (3,3), (6,7), (7,6), (6,6), (6,6), (6,9), (2,5), (2,5), (4,9), (2,7), (3,9), (2,8), (1,6), (7,8), (8,6), (2,4), (2,7)
Cerrados = (3,8), (3,7), (4,8), (3,6), (3,5), (5,8), (3,4), (4,5), (5,5), (6,5), (7,5), (8,5), (6,8), (5,6), (2,6), (7,4), (7,3), (7,2)
------------------------
Iteración 19
-----------
Abiertos = (9,2), (8,3), (8,4), (8,1), (6,2), (7,1), (6,3), (5,9), (8,4), (3,3), (6,7), (8,3), (7,6), (6,6), (6,6), (6,9), (2,5), (2,5), (2,7), (4,9), (2,8), (3,9), (1,6), (7,8), (8,6), (2,4), (2,7)
Cerrados = (3,8), (3,7), (4,8), (3,6), (3,5), (5,8), (3,4), (4,5), (5,5), (6,5), (7,5), (8,5), (6,8), (5,6), (2,6), (7,4), (7,3), (7,2), (8,2)
------------------------
Camino: (3,8) -> (3,7) -> (3,6) -> (3,5) -> (4,5) -> (5,5) -> (6,5) -> (7,5) -> (7,4) -> (7,3) -> (7,2) -> (8,2) -> (9,2)
Coste: 24
Iteración 0
-----------
Abiertos = (3,8)
Cerrados = 
------------------------
Iteración 1
-----------
Abiertos = (3,7), (4,8), (3,9), (2,8)
Cerrados = (3,8)
------------------------
Iteración 2
-----------
Abiertos = (5,8), (3,7), (4,9), (2,8), (3,9)
Cerrados = (3,8), (4,8)
------------------------
Iteración 3
-----------
Abiertos = (5,8), (3,6), (2,7), (4,9), (2,8), (3,9)
Cerrados = (3,8), (4,8), (3,7)
------------------------
Iteración 4
-----------
Abiertos = (3,6), (6,8), (5,9), (2,7), (4,9), (2,8), (3,9)
Cerrados = (3,8), (4,8), (3,7), (5,8)
------------------------
Iteración 5
-----------
Abiertos = (3,5), (6,8), (5,9), (2,6), (4,9), (2,7), (2,8), (3,9)
Cerrados = (3,8), (4,8), (3,7), (5,8), (3,6)
------------------------
Iteración 6
-----------
Abiertos = (3,5), (5,9), (2,6), (6,7), (6,9), (4,9), (2,7), (3,9), (2,8), (7,8)
Cerrados = (3,8), (4,8), (3,7), (5,8), (3,6), (6,8)
------------------------
Iteración 7
-----------
Abiertos = (3,5), (6,9), (2,6), (6,7), (6,9), (4,9), (2,7), (3,9), (2,8), (7,8), (5,10), (4,9)
Cerrados = (3,8), (4,8), (3,7), (5,8), (3,6), (6,8), (5,9)
------------------------
Iteración 8
-----------
Abiertos = (3,5), (2,6), (6,7), (6,9), (4,9), (2,7), (3,9), (2,8), (7,8), (5,10), (4,9), (7,9), (6,10)
Cerrados = (3,8), (4,8), (3,7), (5,8), (3,6), (6,8), (5,9), (6,9)
------------------------
Iteración 9
-----------
Abiertos = (3,5), (6,7), (2,5), (6,9), (4,9), (2,7), (3,9), (2,8), (1,6), (7,8), (2,7), (5,10), (4,9), (7,9), (6,10)
Cerrados = (3,8), (4,8), (3,7), (5,8), (3,6), (6,8), (5,9), (6,9), (2,6)
------------------------
Iteración 10
-----------
Abiertos = (3,5), (2,5), (6,9), (4,9), (2,7), (3,9), (2,8), (1,6), (6,6), (7,8), (2,7), (5,10), (4,9), (7,7), (7,9), (6,10)
Cerrados = (3,8), (4,8), (3,7), (5,8), (3,6), (6,8), (5,9), (6,9), (2,6), (6,7)
------------------------
Iteración 11
-----------
Abiertos = (3,5), (3,5), (6,9), (4,9), (2,7), (3,9), (2,8), (1,6), (6,6), (7,8), (2,4), (1,5), (2,7), (4,9), (5,10), (7,7), (7,9), (6,10)
Cerrados = (3,8), (4,8), (3,7), (5,8), (3,6), (6,8), (5,9), (6,9), (2,6), (6,7), (2,5)
------------------------
Iteración 12
-----------
Abiertos = (4,5), (3,5), (3,4), (6,9), (4,9), (2,7), (3,9), (2,8), (1,6), (6,6), (7,8), (2,4), (1,5), (2,7), (4,9), (5,10), (7,7), (7,9), (6,10)
Cerrados = (3,8), (4,8), (3,7), (5,8), (3,6), (6,8), (5,9), (6,9), (2,6), (6,7), (2,5), (3,5)
------------------------
Iteración 13
-----------
Abiertos = (4,5), (3,3), (6,9), (4,9), (2,7), (3,9), (2,8), (1,6), (6,6), (7,8), (2,4), (2,4), (1,5), (2,7), (5,10), (4,9), (7,7), (7,9), (6,10)
Cerrados = (3,8), (4,8), (3,7), (5,8), (3,6), (6,8), (5,9), (6,9), (2,6), (6,7), (2,5), (3,5), (3,4)
------------------------
Iteración 14
-----------
Abiertos = (4,5), (3,2), (6,9), (4,9), (2,7), (3,9), (2,8), (1,6), (4,3), (6,6), (7,8), (2,3), (2,4), (2,4), (1,5), (4,9), (2,7), (5,10), (7,7), (7,9), (6,10)
Cerrados = (3,8), (4,8), (3,7), (5,8), (3,6), (6,8), (5,9), (6,9), (2,6), (6,7), (2,5), (3,5), (3,4), (3,3)
------------------------
Iteración 15
-----------
Abiertos = (4,5), (4,2), (6,9), (4,9), (2,7), (3,9), (2,8), (1,6), (4,3), (6,6), (7,8), (2,2), (3,1), (2,3), (2,4), (2,4), (1,5), (2,7), (4,9), (5,10), (7,7), (7,9), (6,10)
Cerrados = (3,8), (4,8), (3,7), (5,8), (3,6), (6,8), (5,9), (6,9), (2,6), (6,7), (2,5), (3,5), (3,4), (3,3), (3,2)
------------------------
Iteración 16
-----------
Abiertos = (4,5), (6,9), (4,9), (2,7), (3,9), (2,8), (1,6), (5,2), (4,3), (6,6), (7,8), (4,1), (2,2), (3,1), (2,3), (2,4), (2,4), (1,5), (4,9), (5,10), (2,7), (7,7), (4,3), (7,9), (6,10)
Cerrados = (3,8), (4,8), (3,7), (5,8), (3,6), (6,8), (5,9), (6,9), (2,6), (6,7), (2,5), (3,5), (3,4), (3,3), (3,2), (4,2)
------------------------
Iteración 17
-----------
Abiertos = (5,5), (6,9), (4,9), (2,7), (3,9), (2,8), (1,6), (5,2), (4,3), (6,6), (7,8), (4,1), (2,2), (3,1), (2,3), (2,4), (2,4), (1,5), (4,9), (5,10), (2,7), (7,7), (4,3), (7,9), (6,10)
Cerrados = (3,8), (4,8), (3,7), (5,8), (3,6), (6,8), (5,9), (6,9), (2,6), (6,7), (2,5), (3,5), (3,4), (3,3), (3,2), (4,2), (4,5)
------------------------
Iteración 18
-----------
Abiertos = (6,5), (5,6), (2,7), (4,9), (3,9), (2,8), (1,6), (5,2), (4,3), (6,6), (7,8), (4,1), (2,2), (3,1), (2,3), (2,4), (2,4), (1,5), (4,9), (5,10), (2,7), (7,7), (4,3), (7,9), (6,10)
Cerrados = (3,8), (4,8), (3,7), (5,8), (3,6), (6,8), (5,9), (6,9), (2,6), (6,7), (2,5), (3,5), (3,4), (3,3), (3,2), (4,2), (4,5), (5,5)
------------------------
Iteración 19
-----------
Abiertos = (7,5), (5,6), (6,6), (2,7), (4,9), (3,9), (2,8), (1,6), (5,2), (4,3), (6,6), (7,8), (4,1), (2,2), (3,1), (2,3), (2,4), (2,4), (1,5), (4,9), (5,10), (2,7), (7,7), (4,3), (7,9), (6,10)
Cerrados = (3,8), (4,8), (3,7), (5,8), (3,6), (6,8), (5,9), (6,9), (2,6), (6,7), (2,5), (3,5), (3,4), (3,3), (3,2), (4,2), (4,5), (5,5), (6,5)
------------------------
Iteración 20
-----------
Abiertos = (7,4), (8,5), (5,6), (7,6), (6,6), (2,7), (4,9), (3,9), (2,8), (1,6), (5,2), (4,3), (6,6), (7,8), (4,1), (2,2), (3,1), (2,3), (2,4), (2,4), (1,5), (4,9), (5,10), (2,7), (7,7), (4,3), (7,9), (6,10)
Cerrados = (3,8), (4,8), (3,7), (5,8), (3,6), (6,8), (5,9), (6,9), (2,6), (6,7), (2,5), (3,5), (3,4), (3,3), (3,2), (4,2), (4,5), (5,5), (6,5), (7,5)
------------------------
Iteración 21
-----------
Abiertos = (7,4), (5,6), (8,4), (7,6), (6,6), (2,7), (4,9), (3,9), (2,8), (1,6), (5,2), (4,3), (6,6), (7,8), (8,6), (4,1), (2,2), (3,1), (2,3), (2,4), (2,4), (1,5), (2,7), (5,10), (4,9), (7,7), (4,3), (7,9), (6,10)
Cerrados = (3,8), (4,8), (3,7), (5,8), (3,6), (6,8), (5,9), (6,9), (2,6), (6,7), (2,5), (3,5), (3,4), (3,3), (3,2), (4,2), (4,5), (5,5), (6,5), (7,5), (8,5)
------------------------
Iteración 22
-----------
Abiertos = (7,4), (8,4), (7,6), (6,6), (6,6), (2,7), (4,9), (3,9), (2,8), (1,6), (5,2), (4,3), (6,6), (7,8), (8,6), (4,1), (2,2), (3,1), (2,3), (2,4), (2,4), (1,5), (2,7), (5,10), (4,9), (7,7), (4,3), (7,9), (6,10)
Cerrados = (3,8), (4,8), (3,7), (5,8), (3,6), (6,8), (5,9), (6,9), (2,6), (6,7), (2,5), (3,5), (3,4), (3,3), (3,2), (4,2), (4,5), (5,5), (6,5), (7,5), (8,5), (5,6)
------------------------
Iteración 23
-----------
Abiertos = (7,3), (8,4), (8,4), (7,6), (6,6), (6,6), (2,7), (4,9), (3,9), (2,8), (1,6), (5,2), (4,3), (6,6), (7,8), (8,6), (4,1), (2,2), (3,1), (2,3), (2,4), (2,4), (1,5), (2,7), (5,10), (4,9), (7,7), (4,3), (7,9), (6,10)
Cerrados = (3,8), (4,8), (3,7), (5,8), (3,6), (6,8), (5,9), (6,9), (2,6), (6,7), (2,5), (3,5), (3,4), (3,3), (3,2), (4,2), (4,5), (5,5), (6,5), (7,5), (8,5), (5,6), (7,4)
------------------------
Iteración 24
-----------
Abiertos = (7,3), (9,4), (8,4), (7,6), (6,6), (6,6), (2,7), (4,9), (3,9), (2,8), (1,6), (8,3), (5,2), (4,3), (6,6), (7,8), (8,6), (4,1), (2,2), (3,1), (2,3), (2,4), (2,4), (1,5), (2,7), (5,10), (4,9), (7,7), (4,3), (7,9), (6,10)
Cerrados = (3,8), (4,8), (3,7), (5,8), (3,6), (6,8), (5,9), (6,9), (2,6), (6,7), (2,5), (3,5), (3,4), (3,3), (3,2), (4,2), (4,5), (5,5), (6,5), (7,5), (8,5), (5,6), (7,4), (8,4)
------------------------
Iteración 25
-----------
Abiertos = (7,2), (8,3), (6,3), (9,4), (8,4), (7,6), (6,6), (6,6), (2,7), (4,9), (3,9), (2,8), (1,6), (8,3), (5,2), (4,3), (6,6), (7,8), (8,6), (4,1), (2,2), (3,1), (2,3), (2,4), (2,4), (1,5), (2,7), (5,10), (4,9), (7,7), (4,3), (7,9), (6,10)
Cerrados = (3,8), (4,8), (3,7), (5,8), (3,6), (6,8), (5,9), (6,9), (2,6), (6,7), (2,5), (3,5), (3,4), (3,3), (3,2), (4,2), (4,5), (5,5), (6,5), (7,5), (8,5), (5,6), (7,4), (8,4), (7,3)
------------------------
Iteración 26
-----------
Abiertos = (8,2), (8,3), (7,1), (6,2), (6,3), (9,4), (8,4), (7,6), (6,6), (6,6), (2,7), (4,9), (3,9), (2,8), (1,6), (8,3), (5,2), (4,3), (6,6), (7,8), (8,6), (4,1), (2,2), (3,1), (2,3), (2,4), (2,4), (1,5), (2,7), (5,10), (4,9), (7,7), (4,3), (7,9), (6,10)
Cerrados = (3,8), (4,8), (3,7), (5,8), (3,6), (6,8), (5,9), (6,9), (2,6), (6,7), (2,5), (3,5), (3,4), (3,3), (3,2), (4,2), (4,5), (5,5), (6,5), (7,5), (8,5), (5,6), (7,4), (8,4), (7,3), (7,2)
------------------------
Iteración 27
-----------
Abiertos = (9,2), (8,3), (8,1), (7,1), (6,2), (6,3), (9,4), (8,4), (8,3), (7,6), (6,6), (6,6), (2,7), (4,9), (3,9), (2,8), (1,6), (8,3), (5,2), (4,3), (6,6), (7,8), (8,6), (4,1), (2,2), (3,1), (2,3), (2,4), (2,4), (1,5), (2,7), (5,10), (4,9), (7,7), (4,3), (7,9), (6,10)
Cerrados = (3,8), (4,8), (3,7), (5,8), (3,6), (6,8), (5,9), (6,9), (2,6), (6,7), (2,5), (3,5), (3,4), (3,3), (3,2), (4,2), (4,5), (5,5), (6,5), (7,5), (8,5), (5,6), (7,4), (8,4), (7,3), (7,2), (8,2)
------------------------
Iteración 28
-----------
Abiertos = (9,2), (8,1), (7,1), (6,2), (6,3), (9,4), (8,4), (8,3), (7,6), (6,6), (6,6), (2,7), (4,9), (3,9), (2,8), (1,6), (8,3), (5,2), (4,3), (6,6), (7,8), (8,6), (4,1), (2,2), (3,1), (2,3), (2,4), (2,4), (1,5), (4,9), (2,7), (5,10), (9,3), (7,7), (4,3), (7,9), (6,10)
Cerrados = (3,8), (4,8), (3,7), (5,8), (3,6), (6,8), (5,9), (6,9), (2,6), (6,7), (2,5), (3,5), (3,4), (3,3), (3,2), (4,2), (4,5), (5,5), (6,5), (7,5), (8,5), (5,6), (7,4), (8,4), (7,3), (7,2), (8,2), (8,3)
------------------------
Camino: (3,8) -> (3,7) -> (3,6) -> (3,5) -> (4,5) -> (5,5) -> (6,5) -> (7,5) -> (7,4) -> (7,3) -> (7,2) -> (8,2) -> (9,2)
Coste: 24
Iteración 0
-----------
Abiertos = (3,8)
Cerrados = 
------------------------
Iteración 1
-----------
Abiertos = (3,7), (4,8), (3,9), (2,8)
Cerrados = (3,8)
------------------------
Iteración 2
-----------
Abiertos = (5,8), (3,7), (4,9), (2,8), (3,9)
Cerrados = (3,8), (4,8)
------------------------
Iteración 3
-----------
Abiertos = (3,7), (6,8), (5,9), (4,9), (2,8), (3,9)
Cerrados = (3,8), (4,8), (5,8)
------------------------
Iteración 4
-----------
Abiertos = (3,7), (5,9), (6,7), (6,9), (4,9), (3,9), (2,8), (7,8)
Cerrados = (3,8), (4,8), (5,8), (6,8)
------------------------
Iteración 5
-----------
Abiertos = (3,7), (6,9), (6,7), (6,9), (4,9), (3,9), (2,8), (7,8), (4,9), (5,10)
Cerrados = (3,8), (4,8), (5,8), (6,8), (5,9)
------------------------
Iteración 6
-----------
Abiertos = (3,6), (6,9), (6,7), (6,9), (2,7), (4,9), (3,9), (2,8), (7,8), (5,10), (4,9)
Cerrados = (3,8), (4,8), (5,8), (6,8), (5,9), (3,7)
------------------------
Iteración 7
-----------
Abiertos = (3,6), (6,7), (6,9), (2,7), (4,9), (3,9), (2,8), (7,8), (4,9), (5,10), (7,9), (6,10)
Cerrados = (3,8), (4,8), (5,8), (6,8), (5,9), (3,7), (6,9)
------------------------
Iteración 8
-----------
Abiertos = (3,6), (6,9), (2,7), (4,9), (3,9), (2,8), (6,6), (7,8), (4,9), (5,10), (7,7), (7,9), (6,10)
Cerrados = (3,8), (4,8), (5,8), (6,8), (5,9), (3,7), (6,9), (6,7)
------------------------
Iteración 9
-----------
Abiertos = (3,5), (2,6), (6,9), (2,7), (4,9), (3,9), (2,8), (6,6), (7,8), (4,9), (5,10), (7,7), (7,9), (6,10)
Cerrados = (3,8), (4,8), (5,8), (6,8), (5,9), (3,7), (6,9), (6,7), (3,6)
------------------------
Iteración 10
-----------
Abiertos = (3,5), (6,9), (2,5), (2,7), (4,9), (3,9), (2,8), (1,6), (6,6), (7,8), (2,7), (4,9), (5,10), (7,7), (7,9), (6,10)
Cerrados = (3,8), (4,8), (5,8), (6,8), (5,9), (3,7), (6,9), (6,7), (3,6), (2,6)
------------------------
Iteración 11
-----------
Abiertos = (4,5), (3,4), (6,9), (2,5), (2,5), (2,7), (4,9), (2,8), (3,9), (1,6), (6,6), (7,8), (4,9), (2,7), (5,10), (7,7), (7,9), (6,10)
Cerrados = (3,8), (4,8), (5,8), (6,8), (5,9), (3,7), (6,9), (6,7), (3,6), (2,6), (3,5)
------------------------
Iteración 12
-----------
Abiertos = (4,5), (3,3), (6,9), (2,5), (2,5), (2,7), (4,9), (2,8), (3,9), (1,6), (6,6), (7,8), (2,4), (4,9), (5,10), (2,7), (7,7), (7,9), (6,10)
Cerrados = (3,8), (4,8), (5,8), (6,8), (5,9), (3,7), (6,9), (6,7), (3,6), (2,6), (3,5), (3,4)
------------------------
Iteración 13
-----------
Abiertos = (5,5), (3,3), (6,9), (2,5), (2,5), (2,7), (4,9), (2,8), (3,9), (1,6), (6,6), (7,8), (2,4), (4,9), (5,10), (2,7), (7,7), (7,9), (6,10)
Cerrados = (3,8), (4,8), (5,8), (6,8), (5,9), (3,7), (6,9), (6,7), (3,6), (2,6), (3,5), (3,4), (4,5)
------------------------
Iteración 14
-----------
Abiertos = (5,5), (3,2), (6,9), (2,5), (2,5), (2,7), (4,9), (2,8), (3,9), (1,6), (4,3), (6,6), (7,8), (2,3), (2,4), (2,7), (5,10), (4,9), (7,7), (7,9), (6,10)
Cerrados = (3,8), (4,8), (5,8), (6,8), (5,9), (3,7), (6,9), (6,7), (3,6), (2,6), (3,5), (3,4), (4,5), (3,3)
------------------------
Iteración 15
-----------
Abiertos = (5,5), (4,2), (6,9), (2,5), (2,5), (2,7), (4,9), (2,8), (3,9), (1,6), (4,3), (6,6), (7,8), (2,2), (3,1), (2,3), (2,4), (2,7), (5,10), (4,9), (7,7), (7,9), (6,10)
Cerrados = (3,8), (4,8), (5,8), (6,8), (5,9), (3,7), (6,9), (6,7), (3,6), (2,6), (3,5), (3,4), (4,5), (3,3), (3,2)
------------------------
Iteración 16
-----------
Abiertos = (6,5), (5,6), (4,2), (6,9), (2,5), (2,5), (2,7), (4,9), (2,8), (3,9), (1,6), (4,3), (6,6), (7,8), (2,2), (3,1), (2,3), (2,4), (2,7), (5,10), (4,9), (7,7), (7,9), (6,10)
Cerrados = (3,8), (4,8), (5,8), (6,8), (5,9), (3,7), (6,9), (6,7), (3,6), (2,6), (3,5), (3,4), (4,5), (3,3), (3,2), (5,5)
------------------------
Iteración 17
-----------
Abiertos = (6,5), (4,2), (6,6), (6,9), (2,5), (2,5), (2,7), (4,9), (2,8), (3,9), (1,6), (4,3), (6,6), (7,8), (2,2), (3,1), (2,3), (2,4), (2,7), (5,10), (4,9), (7,7), (7,9), (6,10)
Cerrados = (3,8), (4,8), (5,8), (6,8), (5,9), (3,7), (6,9), (6,7), (3,6), (2,6), (3,5), (3,4), (4,5), (3,3), (3,2), (5,5), (5,6)
------------------------
Iteración 18
-----------
Abiertos = (7,5), (4,2), (6,6), (6,6), (6,9), (2,5), (2,5), (2,7), (4,9), (2,8), (3,9), (1,6), (4,3), (6,6), (7,8), (2,2), (3,1), (2,3), (2,4), (2,7), (5,10), (4,9), (7,7), (7,9), (6,10)
Cerrados = (3,8), (4,8), (5,8), (6,8), (5,9), (3,7), (6,9), (6,7), (3,6), (2,6), (3,5), (3,4), (4,5), (3,3), (3,2), (5,5), (5,6), (6,5)
------------------------
Iteración 19
-----------
Abiertos = (7,4), (8,5), (4,2), (7,6), (6,6), (6,6), (6,9), (2,5), (2,5), (2,7), (4,9), (2,8), (3,9), (1,6), (4,3), (6,6), (7,8), (2,2), (3,1), (2,3), (2,4), (2,7), (5,10), (4,9), (7,7), (7,9), (6,10)
Cerrados = (3,8), (4,8), (5,8), (6,8), (5,9), (3,7), (6,9), (6,7), (3,6), (2,6), (3,5), (3,4), (4,5), (3,3), (3,2), (5,5), (5,6), (6,5), (7,5)
------------------------
Iteración 20
-----------
Abiertos = (7,4), (8,4), (4,2), (7,6), (6,6), (6,6), (6,9), (2,5), (2,5), (2,7), (4,9), (2,8), (3,9), (1,6), (4,3), (6,6), (7,8), (8,6), (2,2), (3,1), (2,3), (2,4), (4,9), (2,7), (5,10), (7,7), (7,9), (6,10)
Cerrados = (3,8), (4,8), (5,8), (6,8), (5,9), (3,7), (6,9), (6,7), (3,6), (2,6), (3,5), (3,4), (4,5), (3,3), (3,2), (5,5), (5,6), (6,5), (7,5), (8,5)
------------------------
Iteración 21
-----------
Abiertos = (7,4), (9,4), (4,2), (7,6), (6,6), (6,6), (6,9), (2,5), (2,5), (2,7), (4,9), (2,8), (3,9), (1,6), (8,3), (4,3), (6,6), (7,8), (7,4), (8,6), (2,2), (3,1), (2,3), (2,4), (5,10), (4,9), (2,7), (7,7), (7,9), (6,10)
Cerrados = (3,8), (4,8), (5,8), (6,8), (5,9), (3,7), (6,9), (6,7), (3,6), (2,6), (3,5), (3,4), (4,5), (3,3), (3,2), (5,5), (5,6), (6,5), (7,5), (8,5), (8,4)
------------------------
Iteración 22
-----------
Abiertos = (7,3), (9,4), (4,2), (7,6), (6,6), (6,6), (6,9), (2,5), (2,5), (2,7), (4,9), (2,8), (3,9), (1,6), (8,3), (4,3), (6,6), (7,8), (7,4), (8,6), (2,2), (3,1), (2,3), (2,4), (5,10), (4,9), (2,7), (7,7), (7,9), (6,10)
Cerrados = (3,8), (4,8), (5,8), (6,8), (5,9), (3,7), (6,9), (6,7), (3,6), (2,6), (3,5), (3,4), (4,5), (3,3), (3,2), (5,5), (5,6), (6,5), (7,5), (8,5), (8,4), (7,4)
------------------------
Iteración 23
-----------
Abiertos = (7,2), (8,3), (6,3), (9,4), (4,2), (7,6), (6,6), (6,6), (6,9), (2,5), (2,5), (2,7), (4,9), (2,8), (3,9), (1,6), (8,3), (4,3), (6,6), (7,8), (7,4), (8,6), (2,2), (3,1), (2,3), (2,4), (5,10), (4,9), (2,7), (7,7), (7,9), (6,10)
Cerrados = (3,8), (4,8), (5,8), (6,8), (5,9), (3,7), (6,9), (6,7), (3,6), (2,6), (3,5), (3,4), (4,5), (3,3), (3,2), (5,5), (5,6), (6,5), (7,5), (8,5), (8,4), (7,4), (7,3)
------------------------
Iteración 24
-----------
Abiertos = (8,2), (8,3), (7,1), (6,2), (6,3), (9,4), (4,2), (7,6), (6,6), (6,6), (6,9), (2,5), (2,5), (2,7), (4,9), (2,8), (3,9), (1,6), (8,3), (4,3), (6,6), (7,8), (7,4), (8,6), (2,2), (3,1), (2,3), (2,4), (5,10), (4,9), (2,7), (7,7), (7,9), (6,10)
Cerrados = (3,8), (4,8), (5,8), (6,8), (5,9), (3,7), (6,9), (6,7), (3,6), (2,6), (3,5), (3,4), (4,5), (3,3), (3,2), (5,5), (5,6), (6,5), (7,5), (8,5), (8,4), (7,4), (7,3), (7,2)
------------------------
Iteración 25
-----------
Abiertos = (9,2), (8,3), (8,1), (7,1), (6,2), (6,3), (9,4), (4,2), (8,3), (7,6), (6,6), (6,6), (6,9), (2,5), (2,5), (2,7), (4,9), (2,8), (3,9), (1,6), (8,3), (4,3), (6,6), (7,8), (7,4), (8,6), (2,2), (3,1), (2,3), (2,4), (5,10), (4,9), (2,7), (7,7), (7,9), (6,10)
Cerrados = (3,8), (4,8), (5,8), (6,8), (5,9), (3,7), (6,9), (6,7), (3,6), (2,6), (3,5), (3,4), (4,5), (3,3), (3,2), (5,5), (5,6), (6,5), (7,5), (8,5), (8,4), (7,4), (7,3), (7,2), (8,2)
------------------------
Camino: (3,8) -> (3,7) -> (3,6) -> (3,5) -> (4,5) -> (5,5) -> (6,5) -> (7,5) -> (7,4) -> (7,3) -> (7,2) -> (8,2) -> (9,2)
Coste: 24
Iteración 0
-----------
Abiertos = (3,8)
Cerrados = 
------------------------
Iteración 1
-----------
Abiertos = (3,7), (4,8), (3,9), (2,8)
Cerrados = (3,8)
------------------------
Iteración 2
-----------
Abiertos = (3,6), (4,8), (2,7), (2,8), (3,9)
Cerrados = (3,8), (3,7)
------------------------
Iteración 3
-----------
Abiertos = (3,5), (4,8), (2,6), (2,7), (2,8), (3,9)
Cerrados = (3,8), (3,7), (3,6)
------------------------
Iteración 4
-----------
Abiertos = (4,5), (4,8), (3,4), (2,6), (2,5), (2,7), (2,8), (3,9)
Cerrados = (3,8), (3,7), (3,6), (3,5)
------------------------
Iteración 5
-----------
Abiertos = (5,5), (4,8), (3,4), (2,6), (2,5), (2,7), (3,9), (2,8)
Cerrados = (3,8), (3,7), (3,6), (3,5), (4,5)
------------------------
Iteración 6
-----------
Abiertos = (6,5), (4,8), (3,4), (5,6), (2,6), (2,5), (2,7), (2,8), (3,9)
Cerrados = (3,8), (3,7), (3,6), (3,5), (4,5), (5,5)
------------------------
Iteración 7
-----------
Abiertos = (7,5), (4,8), (3,4), (5,6), (2,6), (6,6), (2,5), (2,7), (2,8), (3,9)
Cerrados = (3,8), (3,7), (3,6), (3,5), (4,5), (5,5), (6,5)
------------------------
Iteración 8
-----------
Abiertos = (7,4), (4,8), (8,5), (3,4), (5,6), (2,6), (7,6), (6,6), (2,5), (2,7), (2,8), (3,9)
Cerrados = (3,8), (3,7), (3,6), (3,5), (4,5), (5,5), (6,5), (7,5)
------------------------
Iteración 9
-----------
Abiertos = (7,3), (4,8), (8,4), (8,5), (3,4), (5,6), (2,6), (7,6), (6,6), (2,5), (2,7), (2,8), (3,9)
Cerrados = (3,8), (3,7), (3,6), (3,5), (4,5), (5,5), (6,5), (7,5), (7,4)
------------------------
Iteración 10
-----------
Abiertos = (7,3), (5,8), (8,4), (8,5), (3,4), (5,6), (2,6), (7,6), (6,6), (2,5), (4,9), (2,7), (2,8), (3,9)
Cerrados = (3,8), (3,7), (3,6), (3,5), (4,5), (5,5), (6,5), (7,5), (7,4), (4,8)
------------------------
Iteración 11
-----------
Abiertos = (7,3), (8,4), (8,5), (3,4), (6,8), (5,6), (5,9), (2,6), (7,6), (6,6), (2,5), (2,7), (4,9), (2,8), (3,9)
Cerrados = (3,8), (3,7), (3,6), (3,5), (4,5), (5,5), (6,5), (7,5), (7,4), (4,8), (5,8)
------------------------
Iteración 12
-----------
Abiertos = (7,3), (9,4), (8,5), (3,4), (6,8), (5,6), (5,9), (2,6), (8,3), (7,6), (6,6), (2,5), (2,7), (4,9), (3,9), (2,8), (8,5)
Cerrados = (3,8), (3,7), (3,6), (3,5), (4,5), (5,5), (6,5), (7,5), (7,4), (4,8), (5,8), (8,4)
------------------------
Iteración 13
-----------
Abiertos = (7,3), (8,5), (3,4), (6,8), (5,6), (5,9), (2,6), (9,3), (8,3), (10,4), (7,6), (6,6), (2,5), (2,7), (4,9), (2,8), (3,9), (8,5)
Cerrados = (3,8), (3,7), (3,6), (3,5), (4,5), (5,5), (6,5), (7,5), (7,4), (4,8), (5,8), (8,4), (9,4)
------------------------
Iteración 14
-----------
Abiertos = (7,3), (3,4), (6,8), (5,6), (5,9), (2,6), (9,3), (8,3), (10,4), (7,6), (6,6), (2,5), (2,7), (4,9), (3,9), (2,8), (8,5), (8,6)
Cerrados = (3,8), (3,7), (3,6), (3,5), (4,5), (5,5), (6,5), (7,5), (7,4), (4,8), (5,8), (8,4), (9,4), (8,5)
------------------------
Iteración 15
-----------
Abiertos = (7,3), (6,8), (5,6), (5,9), (2,6), (9,3), (8,3), (3,3), (10,4), (7,6), (6,6), (2,5), (4,9), (2,7), (3,9), (2,8), (8,5), (8,6), (2,4)
Cerrados = (3,8), (3,7), (3,6), (3,5), (4,5), (5,5), (6,5), (7,5), (7,4), (4,8), (5,8), (8,4), (9,4), (8,5), (3,4)
------------------------
Iteración 16
-----------
Abiertos = (7,3), (5,6), (5,9), (2,6), (9,3), (8,3), (3,3), (6,7), (10,4), (7,6), (6,6), (2,5), (6,9), (2,7), (4,9), (3,9), (2,8), (7,8), (8,5), (8,6), (2,4)
Cerrados = (3,8), (3,7), (3,6), (3,5), (4,5), (5,5), (6,5), (7,5), (7,4), (4,8), (5,8), (8,4), (9,4), (8,5), (3,4), (6,8)
------------------------
Iteración 17
-----------
Abiertos = (7,2), (8,3), (6,3), (5,6), (5,9), (2,6), (9,3), (8,3), (3,3), (6,7), (10,4), (7,6), (6,6), (2,5), (6,9), (2,7), (4,9), (3,9), (2,8), (7,8), (8,5), (8,6), (2,4)
Cerrados = (3,8), (3,7), (3,6), (3,5), (4,5), (5,5), (6,5), (7,5), (7,4), (4,8), (5,8), (8,4), (9,4), (8,5), (3,4), (6,8), (7,3)
------------------------
Iteración 18
-----------
Abiertos = (7,2), (6,3), (5,6), (5,9), (2,6), (8,2), (9,3), (8,3), (3,3), (6,7), (10,4), (7,6), (6,6), (2,5), (6,9), (2,7), (4,9), (3,9), (2,8), (9,3), (7,8), (8,5), (8,6), (2,4)
Cerrados = (3,8), (3,7), (3,6), (3,5), (4,5), (5,5), (6,5), (7,5), (7,4), (4,8), (5,8), (8,4), (9,4), (8,5), (3,4), (6,8), (7,3), (8,3)
------------------------
Iteración 19
-----------
Abiertos = (7,2), (6,2), (5,6), (5,9), (2,6), (8,2), (9,3), (8,3), (3,3), (6,7), (10,4), (7,6), (6,6), (2,5), (6,9), (2,7), (4,9), (2,8), (3,9), (9,3), (7,8), (8,5), (8,6), (2,4), (5,3)
Cerrados = (3,8), (3,7), (3,6), (3,5), (4,5), (5,5), (6,5), (7,5), (7,4), (4,8), (5,8), (8,4), (9,4), (8,5), (3,4), (6,8), (7,3), (8,3), (6,3)
------------------------
Iteración 20
-----------
Abiertos = (7,2), (7,2), (5,6), (5,9), (2,6), (8,2), (9,3), (8,3), (3,3), (6,7), (10,4), (7,6), (6,6), (2,5), (6,9), (2,7), (4,9), (3,9), (2,8), (6,1), (9,3), (7,8), (8,5), (8,6), (2,4), (5,2), (5,3)
Cerrados = (3,8), (3,7), (3,6), (3,5), (4,5), (5,5), (6,5), (7,5), (7,4), (4,8), (5,8), (8,4), (9,4), (8,5), (3,4), (6,8), (7,3), (8,3), (6,3), (6,2)
------------------------
Iteración 21
-----------
Abiertos = (8,2), (7,2), (7,1), (5,6), (5,9), (2,6), (8,2), (9,3), (8,3), (3,3), (6,7), (10,4), (7,6), (6,6), (2,5), (6,9), (2,7), (4,9), (3,9), (2,8), (6,1), (9,3), (7,8), (8,5), (8,6), (2,4), (5,2), (5,3)
Cerrados = (3,8), (3,7), (3,6), (3,5), (4,5), (5,5), (6,5), (7,5), (7,4), (4,8), (5,8), (8,4), (9,4), (8,5), (3,4), (6,8), (7,3), (8,3), (6,3), (6,2), (7,2)
------------------------
Iteración 22
-----------
Abiertos = (8,2), (8,1), (5,6), (5,9), (2,6), (8,2), (9,3), (8,3), (3,3), (6,7), (10,4), (7,6), (6,6), (2,5), (6,9), (2,7), (4,9), (3,9), (2,8), (6,1), (6,1), (9,3), (7,8), (8,5), (8,6), (2,4), (5,2), (5,3)
Cerrados = (3,8), (3,7), (3,6), (3,5), (4,5), (5,5), (6,5), (7,5), (7,4), (4,8), (5,8), (8,4), (9,4), (8,5), (3,4), (6,8), (7,3), (8,3), (6,3), (6,2), (7,2), (7,1)
------------------------
Iteración 23
-----------
Abiertos = (8,1), (5,6), (5,9), (2,6), (9,2), (8,2), (9,3), (8,3), (3,3), (6,7), (10,4), (7,6), (6,6), (2,5), (6,9), (2,7), (4,9), (3,9), (2,8), (6,1), (6,1), (9,3), (7,8), (8,1), (8,5), (8,6), (2,4), (5,2), (5,3)
Cerrados = (3,8), (3,7), (3,6), (3,5), (4,5), (5,5), (6,5), (7,5), (7,4), (4,8), (5,8), (8,4), (9,4), (8,5), (3,4), (6,8), (7,3), (8,3), (6,3), (6,2), (7,2), (7,1), (8,2)
------------------------
Iteración 24
-----------
Abiertos = (9,1), (5,6), (5,9), (2,6), (9,2), (8,2), (9,3), (8,3), (3,3), (6,7), (10,4), (7,6), (6,6), (2,5), (6,9), (2,7), (4,9), (3,9), (2,8), (6,1), (6,1), (9,3), (7,8), (8,1), (8,5), (8,6), (2,4), (5,2), (5,3)
Cerrados = (3,8), (3,7), (3,6), (3,5), (4,5), (5,5), (6,5), (7,5), (7,4), (4,8), (5,8), (8,4), (9,4), (8,5), (3,4), (6,8), (7,3), (8,3), (6,3), (6,2), (7,2), (7,1), (8,2), (8,1)
------------------------
Iteración 25
-----------
Abiertos = (9,2), (5,6), (5,9), (2,6), (9,2), (8,2), (9,3), (8,3), (3,3), (6,7), (10,4), (7,6), (6,6), (2,5), (6,9), (2,7), (4,9), (3,9), (2,8), (10,1), (6,1), (6,1), (9,3), (7,8), (8,1), (8,5), (8,6), (2,4), (5,2), (5,3)
Cerrados = (3,8), (3,7), (3,6), (3,5), (4,5), (5,5), (6,5), (7,5), (7,4), (4,8), (5,8), (8,4), (9,4), (8,5), (3,4), (6,8), (7,3), (8,3), (6,3), (6,2), (7,2), (7,1), (8,2), (8,1), (9,1)
------------------------
Camino: (3,8) -> (3,7) -> (3,6) -> (3,5) -> (4,5) -> (5,5) -> (6,5) -> (7,5) -> (7,4) -> (8,4) -> (8,3) -> (8,2) -> (9,2)
Coste: 30
Iteración 0
-----------
Abiertos = (3,8)
Cerrados = 
------------------------
Iteración 1
-----------
Abiertos = (3,7), (4,8), (3,9), (2,8)
Cerrados = (3,8)
------------------------
Iteración 2
-----------
Abiertos = (3,6), (4,8), (2,7), (2,8), (3,9)
Cerrados = (3,8), (3,7)
------------------------
Iteración 3
-----------
Abiertos = (3,5), (4,8), (2,6), (2,7), (2,8), (3,9)
Cerrados = (3,8), (3,7), (3,6)
------------------------
Iteración 4
-----------
Abiertos = (3,5), (5,8), (2,6), (4,9), (2,7), (2,8), (3,9)
Cerrados = (3,8), (3,7), (3,6), (4,8)
------------------------
Iteración 5
-----------
Abiertos = (4,5), (5,8), (3,4), (2,6), (2,5), (4,9), (2,7), (2,8), (3,9)
Cerrados = (3,8), (3,7), (3,6), (4,8), (3,5)
------------------------
Iteración 6
-----------
Abiertos = (4,5), (3,4), (6,8), (2,6), (5,9), (2,5), (4,9), (2,7), (2,8), (3,9)
Cerrados = (3,8), (3,7), (3,6), (4,8), (3,5), (5,8)
------------------------
Iteración 7
-----------
Abiertos = (5,5), (3,4), (6,8), (2,6), (5,9), (2,5), (4,9), (2,7), (2,8), (3,9)
Cerrados = (3,8), (3,7), (3,6), (4,8), (3,5), (5,8), (4,5)
------------------------
Iteración 8
-----------
Abiertos = (6,5), (3,4), (6,8), (5,6), (2,6), (5,9), (2,5), (4,9), (2,7), (2,8), (3,9)
Cerrados = (3,8), (3,7), (3,6), (4,8), (3,5), (5,8), (4,5), (5,5)
------------------------
Iteración 9
-----------
Abiertos = (7,5), (3,4), (6,8), (5,6), (2,6), (5,9), (6,6), (2,5), (4,9), (2,7), (2,8), (3,9)
Cerrados = (3,8), (3,7), (3,6), (4,8), (3,5), (5,8), (4,5), (5,5), (6,5)
------------------------
Iteración 10
-----------
Abiertos = (7,4), (8,5), (3,4), (6,8), (5,6), (2,6), (5,9), (7,6), (6,6), (2,5), (2,7), (4,9), (2,8), (3,9)
Cerrados = (3,8), (3,7), (3,6), (4,8), (3,5), (5,8), (4,5), (5,5), (6,5), (7,5)
------------------------
Iteración 11
-----------
Abiertos = (7,3), (8,4), (8,5), (3,4), (6,8), (5,6), (2,6), (5,9), (7,6), (6,6), (2,5), (2,7), (4,9), (2,8), (3,9)
Cerrados = (3,8), (3,7), (3,6), (4,8), (3,5), (5,8), (4,5), (5,5), (6,5), (7,5), (7,4)
------------------------
Iteración 12
-----------
Abiertos = (7,3), (9,4), (8,5), (3,4), (6,8), (5,6), (2,6), (5,9), (8,3), (7,6), (6,6), (2,5), (4,9), (2,7), (2,8), (3,9), (8,5)
Cerrados = (3,8), (3,7), (3,6), (4,8), (3,5), (5,8), (4,5), (5,5), (6,5), (7,5), (7,4), (8,4)
------------------------
Iteración 13
-----------
Abiertos = (7,2), (9,4), (8,3), (8,5), (3,4), (6,8), (6,3), (5,6), (2,6), (5,9), (8,3), (7,6), (6,6), (2,5), (4,9), (2,7), (2,8), (3,9), (8,5)
Cerrados = (3,8), (3,7), (3,6), (4,8), (3,5), (5,8), (4,5), (5,5), (6,5), (7,5), (7,4), (8,4), (7,3)
------------------------
Iteración 14
-----------
Abiertos = (8,2), (8,3), (9,4), (8,5), (3,4), (6,8), (6,2), (7,1), (6,3), (5,6), (2,6), (5,9), (8,3), (7,6), (6,6), (2,5), (4,9), (2,7), (2,8), (3,9), (8,5)
Cerrados = (3,8), (3,7), (3,6), (4,8), (3,5), (5,8), (4,5), (5,5), (6,5), (7,5), (7,4), (8,4), (7,3), (7,2)
------------------------
Iteración 15
-----------
Abiertos = (8,2), (9,4), (8,5), (3,4), (6,8), (6,2), (7,1), (6,3), (5,6), (2,6), (5,9), (8,2), (8,3), (7,6), (6,6), (2,5), (4,9), (2,7), (3,9), (2,8), (9,3), (8,5)
Cerrados = (3,8), (3,7), (3,6), (4,8), (3,5), (5,8), (4,5), (5,5), (6,5), (7,5), (7,4), (8,4), (7,3), (7,2), (8,3)
------------------------
Iteración 16
-----------
Abiertos = (8,2), (8,5), (3,4), (6,8), (6,2), (7,1), (6,3), (5,6), (2,6), (5,9), (9,3), (8,2), (8,3), (10,4), (7,6), (6,6), (2,5), (2,7), (4,9), (2,8), (3,9), (9,3), (8,5)
Cerrados = (3,8), (3,7), (3,6), (4,8), (3,5), (5,8), (4,5), (5,5), (6,5), (7,5), (7,4), (8,4), (7,3), (7,2), (8,3), (9,4)
------------------------
Iteración 17
-----------
Abiertos = (8,2), (3,4), (6,8), (6,2), (7,1), (6,3), (5,6), (2,6), (5,9), (9,3), (8,2), (8,3), (10,4), (7,6), (6,6), (2,5), (2,7), (4,9), (2,8), (3,9), (9,3), (8,5), (8,6)
Cerrados = (3,8), (3,7), (3,6), (4,8), (3,5), (5,8), (4,5), (5,5), (6,5), (7,5), (7,4), (8,4), (7,3), (7,2), (8,3), (9,4), (8,5)
------------------------
Iteración 18
-----------
Abiertos = (9,2), (3,4), (6,8), (8,1), (6,2), (7,1), (6,3), (5,6), (2,6), (5,9), (9,3), (8,2), (8,3), (10,4), (7,6), (6,6), (2,5), (2,7), (4,9), (2,8), (3,9), (9,3), (8,5), (8,6)
Cerrados = (3,8), (3,7), (3,6), (4,8), (3,5), (5,8), (4,5), (5,5), (6,5), (7,5), (7,4), (8,4), (7,3), (7,2), (8,3), (9,4), (8,5), (8,2)
------------------------
Iteración 19
-----------
Abiertos = (9,2), (6,8), (8,1), (6,2), (7,1), (6,3), (5,6), (2,6), (5,9), (9,3), (8,2), (8,3), (3,3), (10,4), (7,6), (6,6), (2,5), (4,9), (2,7), (2,8), (3,9), (9,3), (8,5), (8,6), (2,4)
Cerrados = (3,8), (3,7), (3,6), (4,8), (3,5), (5,8), (4,5), (5,5), (6,5), (7,5), (7,4), (8,4), (7,3), (7,2), (8,3), (9,4), (8,5), (8,2), (3,4)
------------------------
Iteración 20
-----------
Abiertos = (9,2), (8,1), (6,2), (7,1), (6,3), (5,6), (2,6), (5,9), (9,3), (8,2), (8,3), (3,3), (6,7), (10,4), (7,6), (6,6), (6,9), (2,5), (4,9), (2,7), (3,9), (2,8), (9,3), (7,8), (8,5), (8,6), (2,4)
Cerrados = (3,8), (3,7), (3,6), (4,8), (3,5), (5,8), (4,5), (5,5), (6,5), (7,5), (7,4), (8,4), (7,3), (7,2), (8,3), (9,4), (8,5), (8,2), (3,4), (6,8)
------------------------
Iteración 21
-----------
Abiertos = (9,2), (9,1), (6,2), (7,1), (6,3), (5,6), (2,6), (5,9), (9,3), (8,2), (8,3), (3,3), (6,7), (10,4), (7,6), (6,6), (6,9), (2,5), (4,9), (2,7), (2,8), (3,9), (7,1), (9,3), (7,8), (8,5), (8,6), (2,4)
Cerrados = (3,8), (3,7), (3,6), (4,8), (3,5), (5,8), (4,5), (5,5), (6,5), (7,5), (7,4), (8,4), (7,3), (7,2), (8,3), (9,4), (8,5), (8,2), (3,4), (6,8), (8,1)
------------------------
Camino: (3,8) -> (3,7) -> (3,6) -> (3,5) -> (4,5) -> (5,5) -> (6,5) -> (7,5) -> (7,4) -> (7,3) -> (7,2) -> (8,2) -> (9,2)
Coste: 24
Iteración 0
-----------
Abiertos = (3,8)
Cerrados = 
------------------------
Iteración 1
-----------
Abiertos = (3,7), (4,8), (3,9), (2,8)
Cerrados = (3,8)
------------------------
Iteración 2
-----------
Abiertos = (5,8), (3,7), (4,9), (2,8), (3,9)
Cerrados = (3,8), (4,8)
------------------------
Iteración 3
-----------
Abiertos = (5,8), (3,6), (2,7), (4,9), (2,8), (3,9)
Cerrados = (3,8), (4,8), (3,7)
------------------------
Iteración 4
-----------
Abiertos = (3,5), (5,8), (2,6), (2,7), (4,9), (2,8), (3,9)
Cerrados = (3,8), (4,8), (3,7), (3,6)
------------------------
Iteración 5
-----------
Abiertos = (4,5), (5,8), (3,4), (2,6), (2,5), (4,9), (2,7), (2,8), (3,9)
Cerrados = (3,8), (4,8), (3,7), (3,6), (3,5)
------------------------
Iteración 6
-----------
Abiertos = (4,5), (3,4), (6,8), (2,6), (5,9), (2,5), (2,7), (4,9), (2,8), (3,9)
Cerrados = (3,8), (4,8), (3,7), (3,6), (3,5), (5,8)
------------------------
Iteración 7
-----------
Abiertos = (5,5), (3,4), (6,8), (2,6), (5,9), (2,5), (2,7), (4,9), (2,8), (3,9)
Cerrados = (3,8), (4,8), (3,7), (3,6), (3,5), (5,8), (4,5)
------------------------
Iteración 8
-----------
Abiertos = (6,5), (3,4), (6,8), (5,6), (2,6), (5,9), (2,5), (2,7), (4,9), (2,8), (3,9)
Cerrados = (3,8), (4,8), (3,7), (3,6), (3,5), (5,8), (4,5), (5,5)
------------------------
Iteración 9
-----------
Abiertos = (6,5), (6,8), (5,6), (2,6), (5,9), (3,3), (2,5), (4,9), (2,7), (3,9), (2,8), (2,4)
Cerrados = (3,8), (4,8), (3,7), (3,6), (3,5), (5,8), (4,5), (5,5), (3,4)
------------------------
Iteración 10
-----------
Abiertos = (6,5), (5,6), (2,6), (5,9), (3,3), (6,7), (6,9), (2,5), (4,9), (2,7), (2,8), (3,9), (7,8), (2,4)
Cerrados = (3,8), (4,8), (3,7), (3,6), (3,5), (5,8), (4,5), (5,5), (3,4), (6,8)
------------------------
Iteración 11
-----------
Abiertos = (6,5), (2,6), (5,9), (3,3), (6,7), (6,6), (6,9), (2,5), (4,9), (2,7), (2,8), (3,9), (7,8), (2,4)
Cerrados = (3,8), (4,8), (3,7), (3,6), (3,5), (5,8), (4,5), (5,5), (3,4), (6,8), (5,6)
------------------------
Iteración 12
-----------
Abiertos = (7,5), (5,9), (2,6), (3,3), (6,7), (6,6), (6,6), (2,5), (6,9), (4,9), (2,7), (3,9), (2,8), (7,8), (2,4)
Cerrados = (3,8), (4,8), (3,7), (3,6), (3,5), (5,8), (4,5), (5,5), (3,4), (6,8), (5,6), (6,5)
------------------------
Iteración 13
-----------
Abiertos = (7,5), (6,9), (2,6), (3,3), (6,7), (6,6), (6,6), (6,9), (2,5), (4,9), (2,7), (3,9), (2,8), (7,8), (2,4), (4,9), (5,10)
Cerrados = (3,8), (4,8), (3,7), (3,6), (3,5), (5,8), (4,5), (5,5), (3,4), (6,8), (5,6), (6,5), (5,9)
------------------------
Iteración 14
-----------
Abiertos = (7,4), (8,5), (6,9), (2,6), (3,3), (6,7), (7,6), (6,6), (6,6), (6,9), (2,5), (4,9), (2,7), (3,9), (2,8), (7,8), (2,4), (4,9), (5,10)
Cerrados = (3,8), (4,8), (3,7), (3,6), (3,5), (5,8), (4,5), (5,5), (3,4), (6,8), (5,6), (6,5), (5,9), (7,5)
------------------------
Iteración 15
-----------
Abiertos = (7,3), (8,4), (8,5), (6,9), (2,6), (3,3), (6,7), (7,6), (6,6), (6,6), (6,9), (2,5), (4,9), (2,7), (3,9), (2,8), (7,8), (2,4), (4,9), (5,10)
Cerrados = (3,8), (4,8), (3,7), (3,6), (3,5), (5,8), (4,5), (5,5), (3,4), (6,8), (5,6), (6,5), (5,9), (7,5), (7,4)
------------------------
Iteración 16
-----------
Abiertos = (7,3), (9,4), (8,5), (6,9), (2,6), (8,3), (3,3), (6,7), (7,6), (6,6), (6,6), (6,9), (2,5), (4,9), (2,7), (3,9), (2,8), (7,8), (8,5), (2,4), (4,9), (5,10)
Cerrados = (3,8), (4,8), (3,7), (3,6), (3,5), (5,8), (4,5), (5,5), (3,4), (6,8), (5,6), (6,5), (5,9), (7,5), (7,4), (8,4)
------------------------
Iteración 17
-----------
Abiertos = (7,3), (8,5), (6,9), (2,6), (9,3), (8,3), (3,3), (6,7), (10,4), (7,6), (6,6), (6,6), (6,9), (2,5), (4,9), (2,7), (3,9), (2,8), (7,8), (8,5), (2,4), (5,10), (4,9)
Cerrados = (3,8), (4,8), (3,7), (3,6), (3,5), (5,8), (4,5), (5,5), (3,4), (6,8), (5,6), (6,5), (5,9), (7,5), (7,4), (8,4), (9,4)
------------------------
Iteración 18
-----------
Abiertos = (7,2), (8,3), (8,5), (6,3), (6,9), (2,6), (9,3), (8,3), (3,3), (6,7), (10,4), (7,6), (6,6), (6,6), (6,9), (2,5), (4,9), (2,7), (3,9), (2,8), (7,8), (8,5), (2,4), (5,10), (4,9)
Cerrados = (3,8), (4,8), (3,7), (3,6), (3,5), (5,8), (4,5), (5,5), (3,4), (6,8), (5,6), (6,5), (5,9), (7,5), (7,4), (8,4), (9,4), (7,3)
------------------------
Iteración 19
-----------
Abiertos = (8,2), (8,3), (8,5), (7,1), (6,2), (6,3), (6,9), (2,6), (9,3), (8,3), (3,3), (6,7), (10,4), (7,6), (6,6), (6,6), (6,9), (2,5), (4,9), (2,7), (3,9), (2,8), (7,8), (8,5), (2,4), (5,10), (4,9)
Cerrados = (3,8), (4,8), (3,7), (3,6), (3,5), (5,8), (4,5), (5,5), (3,4), (6,8), (5,6), (6,5), (5,9), (7,5), (7,4), (8,4), (9,4), (7,3), (7,2)
------------------------
Iteración 20
-----------
Abiertos = (8,2), (8,5), (7,1), (6,2), (6,3), (6,9), (2,6), (8,2), (9,3), (8,3), (3,3), (6,7), (10,4), (7,6), (6,6), (6,6), (6,9), (2,5), (4,9), (2,7), (3,9), (2,8), (9,3), (7,8), (8,5), (2,4), (4,9), (5,10)
Cerrados = (3,8), (4,8), (3,7), (3,6), (3,5), (5,8), (4,5), (5,5), (3,4), (6,8), (5,6), (6,5), (5,9), (7,5), (7,4), (8,4), (9,4), (7,3), (7,2), (8,3)
------------------------
Iteración 21
-----------
Abiertos = (9,2), (8,5), (8,1), (7,1), (6,2), (6,3), (6,9), (2,6), (8,2), (9,3), (8,3), (3,3), (6,7), (10,4), (7,6), (6,6), (6,6), (6,9), (2,5), (4,9), (2,7), (3,9), (2,8), (9,3), (7,8), (8,5), (2,4), (4,9), (5,10)
Cerrados = (3,8), (4,8), (3,7), (3,6), (3,5), (5,8), (4,5), (5,5), (3,4), (6,8), (5,6), (6,5), (5,9), (7,5), (7,4), (8,4), (9,4), (7,3), (7,2), (8,3), (8,2)
------------------------
Camino: (3,8) -> (3,7) -> (3,6) -> (3,5) -> (4,5) -> (5,5) -> (6,5) -> (7,5) -> (7,4) -> (7,3) -> (7,2) -> (8,2) -> (9,2)
Coste: 24
Iteración 0
-----------
Abiertos = (3,8)
Cerrados = 
------------------------
Iteración 1
-----------
Abiertos = (3,7), (4,8), (3,9), (2,8)
Cerrados = (3,8)
------------------------
Iteración 2
-----------
Abiertos = (5,8), (3,7), (4,9), (2,8), (3,9)
Cerrados = (3,8), (4,8)
------------------------
Iteración 3
-----------
Abiertos = (5,8), (3,6), (2,7), (4,9), (2,8), (3,9)
Cerrados = (3,8), (4,8), (3,7)
------------------------
Iteración 4
-----------
Abiertos = (3,6), (6,8), (5,9), (2,7), (4,9), (2,8), (3,9)
Cerrados = (3,8), (4,8), (3,7), (5,8)
------------------------
Iteración 5
-----------
Abiertos = (3,5), (6,8), (5,9), (2,6), (4,9), (2,7), (2,8), (3,9)
Cerrados = (3,8), (4,8), (3,7), (5,8), (3,6)
------------------------
Iteración 6
-----------
Abiertos = (3,5), (5,9), (2,6), (6,7), (6,9), (4,9), (2,7), (3,9), (2,8), (7,8)
Cerrados = (3,8), (4,8), (3,7), (5,8), (3,6), (6,8)
------------------------
Iteración 7
-----------
Abiertos = (3,5), (6,9), (2,6), (6,7), (6,9), (4,9), (2,7), (3,9), (2,8), (7,8), (5,10), (4,9)
Cerrados = (3,8), (4,8), (3,7), (5,8), (3,6), (6,8), (5,9)
------------------------
Iteración 8
-----------
Abiertos = (4,5), (3,4), (6,9), (2,6), (6,7), (2,5), (6,9), (4,9), (2,7), (3,9), (2,8), (7,8), (4,9), (5,10)
Cerrados = (3,8), (4,8), (3,7), (5,8), (3,6), (6,8), (5,9), (3,5)
------------------------
Iteración 9
-----------
Abiertos = (4,5), (6,9), (2,6), (3,3), (6,7), (2,5), (6,9), (4,9), (2,7), (2,8), (3,9), (7,8), (2,4), (4,9), (5,10)
Cerrados = (3,8), (4,8), (3,7), (5,8), (3,6), (6,8), (5,9), (3,5), (3,4)
------------------------
Iteración 10
-----------
Abiertos = (5,5), (6,9), (2,6), (3,3), (6,7), (2,5), (6,9), (4,9), (2,7), (2,8), (3,9), (7,8), (2,4), (4,9), (5,10)
Cerrados = (3,8), (4,8), (3,7), (5,8), (3,6), (6,8), (5,9), (3,5), (3,4), (4,5)
------------------------
Iteración 11
-----------
Abiertos = (5,5), (2,6), (3,3), (6,7), (2,5), (6,9), (4,9), (2,7), (3,9), (2,8), (7,8), (2,4), (5,10), (4,9), (7,9), (6,10)
Cerrados = (3,8), (4,8), (3,7), (5,8), (3,6), (6,8), (5,9), (3,5), (3,4), (4,5), (6,9)
------------------------
Iteración 12
-----------
Abiertos = (6,5), (5,6), (2,6), (3,3), (6,7), (2,5), (6,9), (4,9), (2,7), (3,9), (2,8), (7,8), (2,4), (5,10), (4,9), (7,9), (6,10)
Cerrados = (3,8), (4,8), (3,7), (5,8), (3,6), (6,8), (5,9), (3,5), (3,4), (4,5), (6,9), (5,5)
------------------------
Iteración 13
-----------
Abiertos = (7,5), (5,6), (2,6), (3,3), (6,7), (6,6), (2,5), (6,9), (2,7), (4,9), (3,9), (2,8), (7,8), (2,4), (4,9), (5,10), (7,9), (6,10)
Cerrados = (3,8), (4,8), (3,7), (5,8), (3,6), (6,8), (5,9), (3,5), (3,4), (4,5), (6,9), (5,5), (6,5)
------------------------
Iteración 14
-----------
Abiertos = (7,4), (8,5), (5,6), (2,6), (3,3), (6,7), (7,6), (6,6), (2,5), (6,9), (4,9), (2,7), (3,9), (2,8), (7,8), (2,4), (5,10), (4,9), (7,9), (6,10)
Cerrados = (3,8), (4,8), (3,7), (5,8), (3,6), (6,8), (5,9), (3,5), (3,4), (4,5), (6,9), (5,5), (6,5), (7,5)
------------------------
Iteración 15
-----------
Abiertos = (7,3), (8,4), (8,5), (5,6), (2,6), (3,3), (6,7), (7,6), (6,6), (2,5), (6,9), (4,9), (2,7), (3,9), (2,8), (7,8), (2,4), (5,10), (4,9), (7,9), (6,10)
Cerrados = (3,8), (4,8), (3,7), (5,8), (3,6), (6,8), (5,9), (3,5), (3,4), (4,5), (6,9), (5,5), (6,5), (7,5), (7,4)
------------------------
Iteración 16
-----------
Abiertos = (7,2), (8,3), (8,4), (8,5), (6,3), (5,6), (2,6), (3,3), (6,7), (7,6), (6,6), (2,5), (6,9), (4,9), (2,7), (3,9), (2,8), (7,8), (2,4), (5,10), (4,9), (7,9), (6,10)
Cerrados = (3,8), (4,8), (3,7), (5,8), (3,6), (6,8), (5,9), (3,5), (3,4), (4,5), (6,9), (5,5), (6,5), (7,5), (7,4), (7,3)
------------------------
Iteración 17
-----------
Abiertos = (8,2), (8,3), (8,4), (8,5), (6,2), (7,1), (6,3), (5,6), (2,6), (3,3), (6,7), (7,6), (6,6), (2,5), (6,9), (4,9), (2,7), (2,8), (3,9), (7,8), (2,4), (4,9), (5,10), (7,9), (6,10)
Cerrados = (3,8), (4,8), (3,7), (5,8), (3,6), (6,8), (5,9), (3,5), (3,4), (4,5), (6,9), (5,5), (6,5), (7,5), (7,4), (7,3), (7,2)
------------------------
Iteración 18
-----------
Abiertos = (9,2), (8,3), (8,4), (8,5), (8,1), (6,2), (7,1), (6,3), (5,6), (2,6), (3,3), (6,7), (8,3), (7,6), (6,6), (2,5), (6,9), (2,7), (4,9), (2,8), (3,9), (7,8), (2,4), (5,10), (4,9), (7,9), (6,10)
Cerrados = (3,8), (4,8), (3,7), (5,8), (3,6), (6,8), (5,9), (3,5), (3,4), (4,5), (6,9), (5,5), (6,5), (7,5), (7,4), (7,3), (7,2), (8,2)
------------------------
Camino: (3,8) -> (3,7) -> (3,6) -> (3,5) -> (4,5) -> (5,5) -> (6,5) -> (7,5) -> (7,4) -> (7,3) -> (7,2) -> (8,2) -> (9,2)
Coste: 24
Iteración 0
-----------
Abiertos = (3,8)
Cerrados = 
------------------------
Iteración 1
-----------
Abiertos = (3,7), (4,8), (3,9), (2,8)
Cerrados = (3,8)
------------------------
Iteración 2
-----------
Abiertos = (5,8), (3,7), (4,9), (2,8), (3,9)
Cerrados = (3,8), (4,8)
------------------------
Iteración 3
-----------
Abiertos = (3,7), (6,8), (5,9), (4,9), (2,8), (3,9)
Cerrados = (3,8), (4,8), (5,8)
------------------------
Iteración 4
-----------
Abiertos = (3,6), (6,8), (5,9), (2,7), (4,9), (2,8), (3,9)
Cerrados = (3,8), (4,8), (5,8), (3,7)
------------------------
Iteración 5
-----------
Abiertos = (3,6), (5,9), (6,7), (6,9), (2,7), (4,9), (2,8), (3,9), (7,8)
Cerrados = (3,8), (4,8), (5,8), (3,7), (6,8)
------------------------
Iteración 6
-----------
Abiertos = (3,6), (6,9), (6,7), (6,9), (2,7), (4,9), (2,8), (3,9), (7,8), (4,9), (5,10)
Cerrados = (3,8), (4,8), (5,8), (3,7), (6,8), (5,9)
------------------------
Iteración 7
-----------
Abiertos = (3,6), (6,7), (6,9), (2,7), (4,9), (2,8), (3,9), (7,8), (5,10), (4,9), (7,9), (6,10)
Cerrados = (3,8), (4,8), (5,8), (3,7), (6,8), (5,9), (6,9)
------------------------
Iteración 8
-----------
Abiertos = (3,6), (6,9), (2,7), (4,9), (2,8), (3,9), (6,6), (7,8), (5,10), (4,9), (7,7), (7,9), (6,10)
Cerrados = (3,8), (4,8), (5,8), (3,7), (6,8), (5,9), (6,9), (6,7)
------------------------
Iteración 9
-----------
Abiertos = (3,5), (2,6), (4,9), (2,7), (2,8), (3,9), (6,6), (7,8), (5,10), (4,9), (7,7), (7,9), (6,10)
Cerrados = (3,8), (4,8), (5,8), (3,7), (6,8), (5,9), (6,9), (6,7), (3,6)
------------------------
Iteración 10
-----------
Abiertos = (3,5), (2,5), (4,9), (2,7), (2,8), (3,9), (1,6), (6,6), (7,8), (2,7), (5,10), (4,9), (7,7), (7,9), (6,10)
Cerrados = (3,8), (4,8), (5,8), (3,7), (6,8), (5,9), (6,9), (6,7), (3,6), (2,6)
------------------------
Iteración 11
-----------
Abiertos = (4,5), (3,4), (2,5), (2,5), (4,9), (2,7), (2,8), (3,9), (1,6), (6,6), (7,8), (2,7), (4,9), (5,10), (7,7), (7,9), (6,10)
Cerrados = (3,8), (4,8), (5,8), (3,7), (6,8), (5,9), (6,9), (6,7), (3,6), (2,6), (3,5)
------------------------
Iteración 12
-----------
Abiertos = (5,5), (3,4), (2,5), (2,5), (4,9), (2,7), (2,8), (3,9), (1,6), (6,6), (7,8), (2,7), (4,9), (5,10), (7,7), (7,9), (6,10)
Cerrados = (3,8), (4,8), (5,8), (3,7), (6,8), (5,9), (6,9), (6,7), (3,6), (2,6), (3,5), (4,5)
------------------------
Iteración 13
-----------
Abiertos = (5,5), (3,3), (2,5), (2,5), (4,9), (2,7), (2,8), (3,9), (1,6), (6,6), (7,8), (2,4), (5,10), (2,7), (4,9), (7,7), (7,9), (6,10)
Cerrados = (3,8), (4,8), (5,8), (3,7), (6,8), (5,9), (6,9), (6,7), (3,6), (2,6), (3,5), (4,5), (3,4)
------------------------
Iteración 14
-----------
Abiertos = (5,5), (3,2), (2,5), (2,5), (4,9), (2,7), (2,8), (3,9), (1,6), (4,3), (6,6), (7,8), (2,3), (2,4), (5,10), (2,7), (4,9), (7,7), (7,9), (6,10)
Cerrados = (3,8), (4,8), (5,8), (3,7), (6,8), (5,9), (6,9), (6,7), (3,6), (2,6), (3,5), (4,5), (3,4), (3,3)
------------------------
Iteración 15
-----------
Abiertos = (5,5), (4,2), (2,5), (2,5), (4,9), (2,7), (2,8), (3,9), (1,6), (4,3), (6,6), (7,8), (2,2), (3,1), (2,3), (2,4), (5,10), (2,7), (4,9), (7,7), (7,9), (6,10)
Cerrados = (3,8), (4,8), (5,8), (3,7), (6,8), (5,9), (6,9), (6,7), (3,6), (2,6), (3,5), (4,5), (3,4), (3,3), (3,2)
------------------------
Iteración 16
-----------
Abiertos = (5,5), (2,5), (2,5), (4,9), (2,7), (2,8), (3,9), (1,6), (5,2), (4,3), (6,6), (7,8), (4,1), (2,2), (3,1), (2,3), (2,4), (5,10), (2,7), (4,9), (7,7), (4,3), (7,9), (6,10)
Cerrados = (3,8), (4,8), (5,8), (3,7), (6,8), (5,9), (6,9), (6,7), (3,6), (2,6), (3,5), (4,5), (3,4), (3,3), (3,2), (4,2)
------------------------
Iteración 17
-----------
Abiertos = (5,5), (2,5), (4,9), (2,7), (2,8), (3,9), (1,6), (5,2), (4,3), (6,6), (7,8), (4,1), (2,2), (3,1), (2,3), (2,4), (2,4), (1,5), (5,10), (2,7), (4,9), (7,7), (4,3), (7,9), (6,10)
Cerrados = (3,8), (4,8), (5,8), (3,7), (6,8), (5,9), (6,9), (6,7), (3,6), (2,6), (3,5), (4,5), (3,4), (3,3), (3,2), (4,2), (2,5)
------------------------
Iteración 18
-----------
Abiertos = (6,5), (5,6), (2,7), (4,9), (2,8), (3,9), (1,6), (5,2), (4,3), (6,6), (7,8), (4,1), (2,2), (3,1), (2,3), (2,4), (2,4), (1,5), (5,10), (2,7), (4,9), (7,7), (4,3), (7,9), (6,10)
Cerrados = (3,8), (4,8), (5,8), (3,7), (6,8), (5,9), (6,9), (6,7), (3,6), (2,6), (3,5), (4,5), (3,4), (3,3), (3,2), (4,2), (2,5), (5,5)
------------------------
Iteración 19
-----------
Abiertos = (7,5), (5,6), (6,6), (2,7), (4,9), (2,8), (3,9), (1,6), (5,2), (4,3), (6,6), (7,8), (4,1), (2,2), (3,1), (2,3), (2,4), (2,4), (1,5), (5,10), (2,7), (4,9), (7,7), (4,3), (7,9), (6,10)
Cerrados = (3,8), (4,8), (5,8), (3,7), (6,8), (5,9), (6,9), (6,7), (3,6), (2,6), (3,5), (4,5), (3,4), (3,3), (3,2), (4,2), (2,5), (5,5), (6,5)
------------------------
Iteración 20
-----------
Abiertos = (7,5), (6,6), (6,6), (2,7), (4,9), (2,8), (3,9), (1,6), (5,2), (4,3), (6,6), (7,8), (4,1), (2,2), (3,1), (2,3), (2,4), (2,4), (1,5), (5,10), (2,7), (4,9), (7,7), (4,3), (7,9), (6,10)
Cerrados = (3,8), (4,8), (5,8), (3,7), (6,8), (5,9), (6,9), (6,7), (3,6), (2,6), (3,5), (4,5), (3,4), (3,3), (3,2), (4,2), (2,5), (5,5), (6,5), (5,6)
------------------------
Iteración 21
-----------
Abiertos = (7,4), (8,5), (7,6), (6,6), (6,6), (2,7), (4,9), (2,8), (3,9), (1,6), (5,2), (4,3), (6,6), (7,8), (4,1), (2,2), (3,1), (2,3), (2,4), (2,4), (1,5), (5,10), (2,7), (4,9), (7,7), (4,3), (7,9), (6,10)
Cerrados = (3,8), (4,8), (5,8), (3,7), (6,8), (5,9), (6,9), (6,7), (3,6), (2,6), (3,5), (4,5), (3,4), (3,3), (3,2), (4,2), (2,5), (5,5), (6,5), (5,6), (7,5)
------------------------
Iteración 22
-----------
Abiertos = (7,3), (8,4), (8,5), (7,6), (6,6), (6,6), (2,7), (4,9), (2,8), (3,9), (1,6), (5,2), (4,3), (6,6), (7,8), (4,1), (2,2), (3,1), (2,3), (2,4), (2,4), (1,5), (5,10), (2,7), (4,9), (7,7), (4,3), (7,9), (6,10)
Cerrados = (3,8), (4,8), (5,8), (3,7), (6,8), (5,9), (6,9), (6,7), (3,6), (2,6), (3,5), (4,5), (3,4), (3,3), (3,2), (4,2), (2,5), (5,5), (6,5), (5,6), (7,5), (7,4)
------------------------
Iteración 23
-----------
Abiertos = (7,2), (8,3), (8,4), (8,5), (6,3), (7,6), (6,6), (6,6), (2,7), (4,9), (2,8), (3,9), (1,6), (5,2), (4,3), (6,6), (7,8), (4,1), (2,2), (3,1), (2,3), (2,4), (2,4), (1,5), (5,10), (2,7), (4,9), (7,7), (4,3), (7,9), (6,10)
Cerrados = (3,8), (4,8), (5,8), (3,7), (6,8), (5,9), (6,9), (6,7), (3,6), (2,6), (3,5), (4,5), (3,4), (3,3), (3,2), (4,2), (2,5), (5,5), (6,5), (5,6), (7,5), (7,4), (7,3)
------------------------
Iteración 24
-----------
Abiertos = (7,2), (8,2), (8,4), (8,5), (6,3), (9,3), (7,6), (6,6), (6,6), (2,7), (4,9), (2,8), (3,9), (1,6), (5,2), (4,3), (6,6), (7,8), (8,4), (4,1), (2,2), (3,1), (2,3), (2,4), (2,4), (1,5), (2,7), (4,9), (5,10), (7,7), (4,3), (7,9), (6,10)
Cerrados = (3,8), (4,8), (5,8), (3,7), (6,8), (5,9), (6,9), (6,7), (3,6), (2,6), (3,5), (4,5), (3,4), (3,3), (3,2), (4,2), (2,5), (5,5), (6,5), (5,6), (7,5), (7,4), (7,3), (8,3)
------------------------
Iteración 25
-----------
Abiertos = (8,2), (8,2), (8,4), (8,5), (7,1), (6,2), (6,3), (9,3), (7,6), (6,6), (6,6), (2,7), (4,9), (2,8), (3,9), (1,6), (5,2), (4,3), (6,6), (7,8), (8,4), (4,1), (2,2), (3,1), (2,3), (2,4), (2,4), (1,5), (2,7), (4,9), (5,10), (7,7), (4,3), (7,9), (6,10)
Cerrados = (3,8), (4,8), (5,8), (3,7), (6,8), (5,9), (6,9), (6,7), (3,6), (2,6), (3,5), (4,5), (3,4), (3,3), (3,2), (4,2), (2,5), (5,5), (6,5), (5,6), (7,5), (7,4), (7,3), (8,3), (7,2)
------------------------
Iteración 26
-----------
Abiertos = (9,2), (8,2), (8,4), (8,5), (7,1), (6,2), (6,3), (9,3), (8,1), (7,6), (6,6), (6,6), (2,7), (4,9), (2,8), (3,9), (1,6), (5,2), (4,3), (6,6), (7,8), (8,4), (4,1), (2,2), (3,1), (2,3), (2,4), (2,4), (1,5), (5,10), (2,7), (4,9), (7,7), (4,3), (7,9), (6,10)
Cerrados = (3,8), (4,8), (5,8), (3,7), (6,8), (5,9), (6,9), (6,7), (3,6), (2,6), (3,5), (4,5), (3,4), (3,3), (3,2), (4,2), (2,5), (5,5), (6,5), (5,6), (7,5), (7,4), (7,3), (8,3), (7,2), (8,2)
------------------------
Camino: (3,8) -> (3,7) -> (3,6) -> (3,5) -> (4,5) -> (5,5) -> (6,5) -> (7,5) -> (7,4) -> (7,3) -> (8,3) -> (8,2) -> (9,2)
Coste: 27
Iteración 0
-----------
Abiertos = (3,8)
Cerrados = 
------------------------
Iteración 1
-----------
Abiertos = (3,7), (4,8), (3,9), (2,8)
Cerrados = (3,8)
------------------------
Iteración 2
-----------
Abiertos = (5,8), (3,7), (4,9), (2,8), (3,9)
Cerrados = (3,8), (4,8)
------------------------
Iteración 3
-----------
Abiertos = (5,8), (3,6), (2,7), (4,9), (2,8), (3,9)
Cerrados = (3,8), (4,8), (3,7)
------------------------
Iteración 4
-----------
Abiertos = (3,5), (5,8), (2,6), (2,7), (4,9), (2,8), (3,9)
Cerrados = (3,8), (4,8), (3,7), (3,6)
------------------------
Iteración 5
-----------
Abiertos = (3,5), (6,8), (2,6), (5,9), (4,9), (2,7), (2,8), (3,9)
Cerrados = (3,8), (4,8), (3,7), (3,6), (5,8)
------------------------
Iteración 6
-----------
Abiertos = (4,5), (3,4), (6,8), (2,6), (5,9), (2,5), (2,7), (4,9), (3,9), (2,8)
Cerrados = (3,8), (4,8), (3,7), (3,6), (5,8), (3,5)
------------------------
Iteración 7
-----------
Abiertos = (4,5), (6,8), (2,6), (5,9), (3,3), (2,5), (4,9), (2,7), (3,9), (2,8), (2,4)
Cerrados = (3,8), (4,8), (3,7), (3,6), (5,8), (3,5), (3,4)
------------------------
Iteración 8
-----------
Abiertos = (5,5), (6,8), (5,9), (2,6), (3,3), (2,5), (4,9), (2,7), (3,9), (2,8), (2,4)
Cerrados = (3,8), (4,8), (3,7), (3,6), (5,8), (3,5), (3,4), (4,5)
------------------------
Iteración 9
-----------
Abiertos = (5,5), (5,9), (2,6), (3,3), (6,7), (6,9), (2,5), (4,9), (2,7), (3,9), (2,8), (7,8), (2,4)
Cerrados = (3,8), (4,8), (3,7), (3,6), (5,8), (3,5), (3,4), (4,5), (6,8)
------------------------
Iteración 10
-----------
Abiertos = (5,5), (6,9), (2,6), (3,3), (6,7), (6,9), (2,5), (4,9), (2,7), (3,9), (2,8), (7,8), (2,4), (5,10), (4,9)
Cerrados = (3,8), (4,8), (3,7), (3,6), (5,8), (3,5), (3,4), (4,5), (6,8), (5,9)
------------------------
Iteración 11
-----------
Abiertos = (5,5), (2,6), (3,3), (6,7), (6,9), (2,5), (4,9), (2,7), (3,9), (2,8), (7,8), (2,4), (4,9), (5,10), (7,9), (6,10)
Cerrados = (3,8), (4,8), (3,7), (3,6), (5,8), (3,5), (3,4), (4,5), (6,8), (5,9), (6,9)
------------------------
Iteración 12
-----------
Abiertos = (5,5), (3,3), (6,7), (6,9), (2,5), (2,5), (4,9), (2,7), (3,9), (2,8), (1,6), (7,8), (2,4), (5,10), (2,7), (4,9), (7,9), (6,10)
Cerrados = (3,8), (4,8), (3,7), (3,6), (5,8), (3,5), (3,4), (4,5), (6,8), (5,9), (6,9), (2,6)
------------------------
Iteración 13
-----------
Abiertos = (5,5), (3,2), (6,7), (6,9), (2,5), (2,5), (4,9), (2,7), (3,9), (2,8), (1,6), (4,3), (7,8), (2,3), (2,4), (5,10), (2,7), (4,9), (7,9), (6,10)
Cerrados = (3,8), (4,8), (3,7), (3,6), (5,8), (3,5), (3,4), (4,5), (6,8), (5,9), (6,9), (2,6), (3,3)
------------------------
Iteración 14
-----------
Abiertos = (5,5), (4,2), (6,7), (6,9), (2,5), (2,5), (4,9), (2,7), (3,9), (2,8), (1,6), (4,3), (7,8), (3,1), (2,2), (2,3), (2,4), (4,9), (5,10), (2,7), (7,9), (6,10)
Cerrados = (3,8), (4,8), (3,7), (3,6), (5,8), (3,5), (3,4), (4,5), (6,8), (5,9), (6,9), (2,6), (3,3), (3,2)
------------------------
Iteración 15
-----------
Abiertos = (6,5), (5,6), (4,2), (6,7), (6,9), (2,5), (2,5), (4,9), (2,7), (3,9), (2,8), (1,6), (4,3), (7,8), (3,1), (2,2), (2,3), (2,4), (4,9), (5,10), (2,7), (7,9), (6,10)
Cerrados = (3,8), (4,8), (3,7), (3,6), (5,8), (3,5), (3,4), (4,5), (6,8), (5,9), (6,9), (2,6), (3,3), (3,2), (5,5)
------------------------
Iteración 16
-----------
Abiertos = (7,5), (5,6), (4,2), (6,7), (6,6), (6,9), (2,5), (2,5), (4,9), (2,7), (3,9), (2,8), (1,6), (4,3), (7,8), (3,1), (2,2), (2,3), (2,4), (4,9), (5,10), (2,7), (7,9), (6,10)
Cerrados = (3,8), (4,8), (3,7), (3,6), (5,8), (3,5), (3,4), (4,5), (6,8), (5,9), (6,9), (2,6), (3,3), (3,2), (5,5), (6,5)
------------------------
Iteración 17
-----------
Abiertos = (7,4), (8,5), (5,6), (4,2), (6,7), (7,6), (6,6), (6,9), (2,5), (2,5), (4,9), (2,7), (3,9), (2,8), (1,6), (4,3), (7,8), (3,1), (2,2), (2,3), (2,4), (4,9), (5,10), (2,7), (7,9), (6,10)
Cerrados = (3,8), (4,8), (3,7), (3,6), (5,8), (3,5), (3,4), (4,5), (6,8), (5,9), (6,9), (2,6), (3,3), (3,2), (5,5), (6,5), (7,5)
------------------------
Iteración 18
-----------
Abiertos = (7,4), (5,6), (8,4), (4,2), (6,7), (7,6), (6,6), (6,9), (2,5), (2,5), (4,9), (2,7), (3,9), (2,8), (1,6), (4,3), (7,8), (8,6), (2,2), (3,1), (2,3), (2,4), (4,9), (5,10), (2,7), (7,9), (6,10)
Cerrados = (3,8), (4,8), (3,7), (3,6), (5,8), (3,5), (3,4), (4,5), (6,8), (5,9), (6,9), (2,6), (3,3), (3,2), (5,5), (6,5), (7,5), (8,5)
------------------------
Iteración 19
-----------
Abiertos = (7,4), (8,4), (4,2), (6,7), (7,6), (6,6), (6,6), (6,9), (2,5), (2,5), (4,9), (2,7), (3,9), (2,8), (1,6), (4,3), (7,8), (8,6), (2,2), (3,1), (2,3), (2,4), (4,9), (5,10), (2,7), (7,9), (6,10)
Cerrados = (3,8), (4,8), (3,7), (3,6), (5,8), (3,5), (3,4), (4,5), (6,8), (5,9), (6,9), (2,6), (3,3), (3,2), (5,5), (6,5), (7,5), (8,5), (5,6)
------------------------
Iteración 20
-----------
Abiertos = (7,3), (8,4), (8,4), (4,2), (6,7), (7,6), (6,6), (6,6), (6,9), (2,5), (2,5), (4,9), (2,7), (3,9), (2,8), (1,6), (4,3), (7,8), (8,6), (2,2), (3,1), (2,3), (2,4), (4,9), (5,10), (2,7), (7,9), (6,10)
Cerrados = (3,8), (4,8), (3,7), (3,6), (5,8), (3,5), (3,4), (4,5), (6,8), (5,9), (6,9), (2,6), (3,3), (3,2), (5,5), (6,5), (7,5), (8,5), (5,6), (7,4)
------------------------
Iteración 21
-----------
Abiertos = (7,2), (8,3), (8,4), (6,3), (8,4), (4,2), (6,7), (7,6), (6,6), (6,6), (6,9), (2,5), (2,5), (4,9), (2,7), (3,9), (2,8), (1,6), (4,3), (7,8), (8,6), (2,2), (3,1), (2,3), (2,4), (4,9), (5,10), (2,7), (7,9), (6,10)
Cerrados = (3,8), (4,8), (3,7), (3,6), (5,8), (3,5), (3,4), (4,5), (6,8), (5,9), (6,9), (2,6), (3,3), (3,2), (5,5), (6,5), (7,5), (8,5), (5,6), (7,4), (7,3)
------------------------
Iteración 22
-----------
Abiertos = (8,2), (8,3), (8,4), (7,1), (6,2), (6,3), (8,4), (4,2), (6,7), (7,6), (6,6), (6,6), (6,9), (2,5), (2,5), (4,9), (2,7), (3,9), (2,8), (1,6), (4,3), (7,8), (8,6), (2,2), (3,1), (2,3), (2,4), (4,9), (5,10), (2,7), (7,9), (6,10)
Cerrados = (3,8), (4,8), (3,7), (3,6), (5,8), (3,5), (3,4), (4,5), (6,8), (5,9), (6,9), (2,6), (3,3), (3,2), (5,5), (6,5), (7,5), (8,5), (5,6), (7,4), (7,3), (7,2)
------------------------
Iteración 23
-----------
Abiertos = (8,2), (8,2), (8,4), (7,1), (6,2), (6,3), (9,3), (8,4), (4,2), (6,7), (7,6), (6,6), (6,6), (6,9), (2,5), (2,5), (2,7), (4,9), (3,9), (2,8), (1,6), (4,3), (7,8), (8,4), (8,6), (2,2), (3,1), (2,3), (2,4), (4,9), (5,10), (2,7), (7,9), (6,10)
Cerrados = (3,8), (4,8), (3,7), (3,6), (5,8), (3,5), (3,4), (4,5), (6,8), (5,9), (6,9), (2,6), (3,3), (3,2), (5,5), (6,5), (7,5), (8,5), (5,6), (7,4), (7,3), (7,2), (8,3)
------------------------
Iteración 24
-----------
Abiertos = (9,2), (8,2), (8,4), (8,1), (7,1), (6,2), (6,3), (9,3), (8,4), (4,2), (6,7), (7,6), (6,6), (6,6), (6,9), (2,5), (2,5), (2,7), (4,9), (3,9), (2,8), (1,6), (4,3), (7,8), (8,4), (8,6), (2,2), (3,1), (2,3), (2,4), (4,9), (5,10), (2,7), (7,9), (6,10)
Cerrados = (3,8), (4,8), (3,7), (3,6), (5,8), (3,5), (3,4), (4,5), (6,8), (5,9), (6,9), (2,6), (3,3), (3,2), (5,5), (6,5), (7,5), (8,5), (5,6), (7,4), (7,3), (7,2), (8,3), (8,2)
------------------------
Iteración 25
-----------
Abiertos = (9,2), (8,1), (7,1), (6,2), (6,3), (9,3), (9,4), (8,4), (4,2), (6,7), (7,6), (6,6), (6,6), (2,5), (6,9), (2,5), (4,9), (2,7), (3,9), (2,8), (1,6), (4,3), (7,8), (8,4), (8,6), (2,2), (3,1), (2,3), (2,4), (4,9), (2,7), (5,10), (7,9), (6,10)
Cerrados = (3,8), (4,8), (3,7), (3,6), (5,8), (3,5), (3,4), (4,5), (6,8), (5,9), (6,9), (2,6), (3,3), (3,2), (5,5), (6,5), (7,5), (8,5), (5,6), (7,4), (7,3), (7,2), (8,3), (8,2), (8,4)
------------------------
Iteración 26
-----------
Abiertos = (9,2), (9,1), (7,1), (6,2), (6,3), (9,3), (9,4), (8,4), (4,2), (6,7), (7,6), (6,6), (6,6), (2,5), (6,9), (2,5), (4,9), (2,7), (3,9), (2,8), (7,1), (1,6), (4,3), (7,8), (8,4), (8,6), (2,2), (3,1), (2,3), (2,4), (5,10), (4,9), (2,7), (7,9), (6,10)
Cerrados = (3,8), (4,8), (3,7), (3,6), (5,8), (3,5), (3,4), (4,5), (6,8), (5,9), (6,9), (2,6), (3,3), (3,2), (5,5), (6,5), (7,5), (8,5), (5,6), (7,4), (7,3), (7,2), (8,3), (8,2), (8,4), (8,1)
------------------------
Iteración 27
-----------
Abiertos = (9,2), (9,2), (7,1), (6,2), (6,3), (9,3), (9,4), (8,4), (4,2), (6,7), (7,6), (6,6), (6,6), (2,5), (6,9), (2,5), (4,9), (2,7), (3,9), (2,8), (10,1), (7,1), (1,6), (4,3), (7,8), (8,4), (8,6), (3,1), (2,2), (2,3), (2,4), (2,7), (4,9), (5,10), (7,9), (6,10)
Cerrados = (3,8), (4,8), (3,7), (3,6), (5,8), (3,5), (3,4), (4,5), (6,8), (5,9), (6,9), (2,6), (3,3), (3,2), (5,5), (6,5), (7,5), (8,5), (5,6), (7,4), (7,3), (7,2), (8,3), (8,2), (8,4), (8,1), (9,1)
------------------------
Camino: (3,8) -> (3,7) -> (3,6) -> (3,5) -> (4,5) -> (5,5) -> (6,5) -> (7,5) -> (7,4) -> (7,3) -> (7,2) -> (8,2) -> (9,2)
Coste: 24
Iteración 0
-----------
Abiertos = (3,8)
Cerrados = 
------------------------
Iteración 1
-----------
Abiertos = (3,7), (3,9), (2,8)
Cerrados = (3,8)
------------------------
Iteración 2
-----------
Abiertos = (4,7), (3,9), (3,6), (2,7), (2,8)
Cerrados = (3,8), (3,7)
------------------------
Iteración 3
-----------
Abiertos = (4,6), (3,9), (5,7), (3,6), (2,7), (2,8)
Cerrados = (3,8), (3,7), (4,7)
------------------------
Iteración 4
-----------
Abiertos = (3,9), (5,6), (5,7), (3,6), (2,7), (2,8), (3,6)
Cerrados = (3,8), (3,7), (4,7), (4,6)
------------------------
Iteración 5
-----------
Abiertos = (3,9), (5,7), (3,6), (2,7), (2,8), (5,5), (3,6), (5,7)
Cerrados = (3,8), (3,7), (4,7), (4,6), (5,6)
------------------------
Iteración 6
-----------
Abiertos = (3,9), (3,6), (2,7), (2,8), (5,5), (3,6), (5,7), (5,8)
Cerrados = (3,8), (3,7), (4,7), (4,6), (5,6), (5,7)
------------------------
Iteración 7
-----------
Abiertos = (3,6), (2,7), (2,8), (3,10), (5,5), (3,6), (2,9), (5,7), (5,8)
Cerrados = (3,8), (3,7), (4,7), (4,6), (5,6), (5,7), (3,9)
------------------------
Iteración 8
-----------
Abiertos = (3,6), (2,8), (3,10), (5,5), (3,6), (1,7), (2,9), (5,7), (5,8), (2,8)
Cerrados = (3,8), (3,7), (4,7), (4,6), (5,6), (5,7), (3,9), (2,7)
------------------------
Iteración 9
-----------
Abiertos = (2,8), (3,10), (5,5), (3,5), (3,6), (1,7), (2,9), (5,7), (5,8), (2,8)
Cerrados = (3,8), (3,7), (4,7), (4,6), (5,6), (5,7), (3,9), (2,7), (3,6)
------------------------
Iteración 10
-----------
Abiertos = (3,10), (5,5), (3,5), (3,6), (1,7), (2,9), (1,8), (5,7), (5,8), (2,8), (2,9)
Cerrados = (3,8), (3,7), (4,7), (4,6), (5,6), (5,7), (3,9), (2,7), (3,6), (2,8)
------------------------
Iteración 11
-----------
Abiertos = (5,5), (3,5), (3,6), (1,7), (2,9), (1,8), (5,7), (5,8), (2,8), (2,9), (2,10)
Cerrados = (3,8), (3,7), (4,7), (4,6), (5,6), (5,7), (3,9), (2,7), (3,6), (2,8), (3,10)
------------------------
Iteración 12
-----------
Abiertos = (5,5), (3,6), (1,7), (2,9), (1,8), (5,7), (5,8), (2,5), (2,8), (2,9), (2,10)
Cerrados = (3,8), (3,7), (4,7), (4,6), (5,6), (5,7), (3,9), (2,7), (3,6), (2,8), (3,10), (3,5)
------------------------
Iteración 13
-----------
Abiertos = (3,6), (1,7), (2,9), (1,8), (6,5), (5,4), (5,7), (5,8), (2,5), (2,8), (2,9), (2,10)
Cerrados = (3,8), (3,7), (4,7), (4,6), (5,6), (5,7), (3,9), (2,7), (3,6), (2,8), (3,10), (3,5), (5,5)
------------------------
Iteración 14
-----------
Abiertos = (1,7), (1,8), (6,5), (5,4), (5,7), (5,8), (2,5), (2,8), (2,9), (1,9), (2,10), (2,10)
Cerrados = (3,8), (3,7), (4,7), (4,6), (5,6), (5,7), (3,9), (2,7), (3,6), (2,8), (3,10), (3,5), (5,5), (2,9)
------------------------
Iteración 15
-----------
Abiertos = (1,8), (6,5), (5,4), (5,7), (5,8), (2,5), (2,8), (2,9), (1,8), (1,9), (2,10), (2,10)
Cerrados = (3,8), (3,7), (4,7), (4,6), (5,6), (5,7), (3,9), (2,7), (3,6), (2,8), (3,10), (3,5), (5,5), (2,9), (1,7)
------------------------
Iteración 16
-----------
Abiertos = (5,4), (6,5), (5,7), (5,8), (2,5), (2,8), (2,9), (1,8), (1,9), (2,10), (1,9), (2,10)
Cerrados = (3,8), (3,7), (4,7), (4,6), (5,6), (5,7), (3,9), (2,7), (3,6), (2,8), (3,10), (3,5), (5,5), (2,9), (1,7), (1,8)
------------------------
Iteración 17
-----------
Abiertos = (5,4), (5,7), (5,8), (2,5), (2,8), (2,9), (7,5), (1,8), (1,9), (2,10), (1,9), (2,10)
Cerrados = (3,8), (3,7), (4,7), (4,6), (5,6), (5,7), (3,9), (2,7), (3,6), (2,8), (3,10), (3,5), (5,5), (2,9), (1,7), (1,8), (6,5)
------------------------
Iteración 18
-----------
Abiertos = (5,7), (5,8), (2,5), (2,8), (2,9), (7,5), (5,3), (1,8), (2,10), (1,9), (1,9), (2,10)
Cerrados = (3,8), (3,7), (4,7), (4,6), (5,6), (5,7), (3,9), (2,7), (3,6), (2,8), (3,10), (3,5), (5,5), (2,9), (1,7), (1,8), (6,5), (5,4)
------------------------
Iteración 19
-----------
Abiertos = (5,7), (2,5), (2,8), (2,9), (7,5), (5,3), (1,8), (1,9), (1,9), (2,10), (2,10), (5,9)
Cerrados = (3,8), (3,7), (4,7), (4,6), (5,6), (5,7), (3,9), (2,7), (3,6), (2,8), (3,10), (3,5), (5,5), (2,9), (1,7), (1,8), (6,5), (5,4), (5,8)
------------------------
Iteración 20
-----------
Abiertos = (2,5), (5,2), (7,5), (1,8), (1,9), (1,9), (2,10), (2,10), (4,3), (5,9)
Cerrados = (3,8), (3,7), (4,7), (4,6), (5,6), (5,7), (3,9), (2,7), (3,6), (2,8), (3,10), (3,5), (5,5), (2,9), (1,7), (1,8), (6,5), (5,4), (5,8), (5,3)
------------------------
Iteración 21
-----------
Abiertos = (5,2), (7,5), (1,8), (1,9), (1,9), (2,10), (1,5), (2,10), (4,3), (5,9)
Cerrados = (3,8), (3,7), (4,7), (4,6), (5,6), (5,7), (3,9), (2,7), (3,6), (2,8), (3,10), (3,5), (5,5), (2,9), (1,7), (1,8), (6,5), (5,4), (5,8), (5,3), (2,5)
------------------------
Iteración 22
-----------
Abiertos = (5,2), (8,5), (1,8), (1,9), (1,9), (2,10), (1,5), (7,4), (2,10), (4,3), (5,9)
Cerrados = (3,8), (3,7), (4,7), (4,6), (5,6), (5,7), (3,9), (2,7), (3,6), (2,8), (3,10), (3,5), (5,5), (2,9), (1,7), (1,8), (6,5), (5,4), (5,8), (5,3), (2,5), (7,5)
------------------------
Iteración 23
-----------
Abiertos = (8,5), (1,8), (1,9), (1,9), (2,10), (1,5), (6,2), (7,4), (2,10), (4,2), (4,3), (5,9)
Cerrados = (3,8), (3,7), (4,7), (4,6), (5,6), (5,7), (3,9), (2,7), (3,6), (2,8), (3,10), (3,5), (5,5), (2,9), (1,7), (1,8), (6,5), (5,4), (5,8), (5,3), (2,5), (7,5), (5,2)
------------------------
Iteración 24
-----------
Abiertos = (8,4), (1,9), (2,10), (1,9), (1,5), (6,2), (7,4), (2,10), (4,2), (8,6), (4,3), (5,9)
Cerrados = (3,8), (3,7), (4,7), (4,6), (5,6), (5,7), (3,9), (2,7), (3,6), (2,8), (3,10), (3,5), (5,5), (2,9), (1,7), (1,8), (6,5), (5,4), (5,8), (5,3), (2,5), (7,5), (5,2), (8,5)
------------------------
Iteración 25
-----------
Abiertos = (8,4), (2,10), (1,9), (1,5), (6,2), (7,4), (2,10), (4,2), (8,6), (4,3), (1,10), (5,9)
Cerrados = (3,8), (3,7), (4,7), (4,6), (5,6), (5,7), (3,9), (2,7), (3,6), (2,8), (3,10), (3,5), (5,5), (2,9), (1,7), (1,8), (6,5), (5,4), (5,8), (5,3), (2,5), (7,5), (5,2), (8,5), (1,9)
------------------------
Iteración 26
-----------
Abiertos = (8,4), (1,9), (1,5), (6,2), (7,4), (2,10), (4,2), (8,6), (4,3), (1,10), (1,10), (5,9)
Cerrados = (3,8), (3,7), (4,7), (4,6), (5,6), (5,7), (3,9), (2,7), (3,6), (2,8), (3,10), (3,5), (5,5), (2,9), (1,7), (1,8), (6,5), (5,4), (5,8), (5,3), (2,5), (7,5), (5,2), (8,5), (1,9), (2,10)
------------------------
Iteración 27
-----------
Abiertos = (8,3), (1,5), (6,2), (7,4), (2,10), (4,2), (8,6), (4,3), (1,10), (1,10), (7,4), (5,9)
Cerrados = (3,8), (3,7), (4,7), (4,6), (5,6), (5,7), (3,9), (2,7), (3,6), (2,8), (3,10), (3,5), (5,5), (2,9), (1,7), (1,8), (6,5), (5,4), (5,8), (5,3), (2,5), (7,5), (5,2), (8,5), (1,9), (2,10), (8,4)
------------------------
Iteración 28
-----------
Abiertos = (8,2), (9,3), (1,5), (6,2), (7,4), (2,10), (4,2), (8,6), (4,3), (1,10), (1,10), (7,3), (7,4), (5,9)
Cerrados = (3,8), (3,7), (4,7), (4,6), (5,6), (5,7), (3,9), (2,7), (3,6), (2,8), (3,10), (3,5), (5,5), (2,9), (1,7), (1,8), (6,5), (5,4), (5,8), (5,3), (2,5), (7,5), (5,2), (8,5), (1,9), (2,10), (8,4), (8,3)
------------------------
Iteración 29
-----------
Abiertos = (9,3), (1,5), (6,2), (7,4), (2,10), (8,1), (4,2), (8,6), (4,3), (1,10), (1,10), (7,2), (7,3), (7,4), (5,9)
Cerrados = (3,8), (3,7), (4,7), (4,6), (5,6), (5,7), (3,9), (2,7), (3,6), (2,8), (3,10), (3,5), (5,5), (2,9), (1,7), (1,8), (6,5), (5,4), (5,8), (5,3), (2,5), (7,5), (5,2), (8,5), (1,9), (2,10), (8,4), (8,3), (8,2)
------------------------
Iteración 30
-----------
Abiertos = (9,3), (1,4), (6,2), (7,4), (2,10), (8,1), (4,2), (8,6), (4,3), (1,10), (1,10), (7,2), (7,3), (7,4), (5,9)
Cerrados = (3,8), (3,7), (4,7), (4,6), (5,6), (5,7), (3,9), (2,7), (3,6), (2,8), (3,10), (3,5), (5,5), (2,9), (1,7), (1,8), (6,5), (5,4), (5,8), (5,3), (2,5), (7,5), (5,2), (8,5), (1,9), (2,10), (8,4), (8,3), (8,2), (1,5)
------------------------
Iteración 31
-----------
Abiertos = (1,4), (10,3), (6,2), (7,4), (2,10), (8,1), (4,2), (8,6), (4,3), (1,10), (1,10), (7,2), (7,3), (7,4), (5,9)
Cerrados = (3,8), (3,7), (4,7), (4,6), (5,6), (5,7), (3,9), (2,7), (3,6), (2,8), (3,10), (3,5), (5,5), (2,9), (1,7), (1,8), (6,5), (5,4), (5,8), (5,3), (2,5), (7,5), (5,2), (8,5), (1,9), (2,10), (8,4), (8,3), (8,2), (1,5), (9,3)
------------------------
Iteración 32
-----------
Abiertos = (1,4), (10,2), (6,2), (7,4), (2,10), (8,1), (4,2), (8,6), (4,3), (1,10), (1,10), (11,3), (7,2), (7,3), (7,4), (5,9), (10,4)
Cerrados = (3,8), (3,7), (4,7), (4,6), (5,6), (5,7), (3,9), (2,7), (3,6), (2,8), (3,10), (3,5), (5,5), (2,9), (1,7), (1,8), (6,5), (5,4), (5,8), (5,3), (2,5), (7,5), (5,2), (8,5), (1,9), (2,10), (8,4), (8,3), (8,2), (1,5), (9,3), (10,3)
------------------------
Iteración 33
-----------
Abiertos = (1,3), (10,2), (6,2), (7,4), (2,10), (8,1), (4,2), (8,6), (4,3), (1,10), (1,10), (11,3), (7,2), (7,3), (7,4), (5,9), (10,4)
Cerrados = (3,8), (3,7), (4,7), (4,6), (5,6), (5,7), (3,9), (2,7), (3,6), (2,8), (3,10), (3,5), (5,5), (2,9), (1,7), (1,8), (6,5), (5,4), (5,8), (5,3), (2,5), (7,5), (5,2), (8,5), (1,9), (2,10), (8,4), (8,3), (8,2), (1,5), (9,3), (10,3), (1,4)
------------------------
Iteración 34
-----------
Abiertos = (1,2), (10,2), (6,2), (7,4), (2,10), (8,1), (4,2), (8,6), (4,3), (1,10), (1,10), (2,3), (11,3), (7,2), (7,3), (7,4), (5,9), (10,4)
Cerrados = (3,8), (3,7), (4,7), (4,6), (5,6), (5,7), (3,9), (2,7), (3,6), (2,8), (3,10), (3,5), (5,5), (2,9), (1,7), (1,8), (6,5), (5,4), (5,8), (5,3), (2,5), (7,5), (5,2), (8,5), (1,9), (2,10), (8,4), (8,3), (8,2), (1,5), (9,3), (10,3), (1,4), (1,3)
------------------------
Iteración 35
-----------
Abiertos = (10,2), (6,2), (7,4), (2,10), (8,1), (4,2), (8,6), (4,3), (1,10), (1,10), (2,2), (2,3), (1,1), (11,3), (7,2), (7,3), (7,4), (5,9), (10,4)
Cerrados = (3,8), (3,7), (4,7), (4,6), (5,6), (5,7), (3,9), (2,7), (3,6), (2,8), (3,10), (3,5), (5,5), (2,9), (1,7), (1,8), (6,5), (5,4), (5,8), (5,3), (2,5), (7,5), (5,2), (8,5), (1,9), (2,10), (8,4), (8,3), (8,2), (1,5), (9,3), (10,3), (1,4), (1,3), (1,2)
------------------------
Iteración 36
-----------
Abiertos = (10,2), (7,4), (2,10), (8,1), (4,2), (8,6), (4,3), (1,10), (1,10), (2,2), (2,3), (7,2), (1,1), (11,3), (7,2), (7,3), (7,4), (5,9), (10,4), (6,1)
Cerrados = (3,8), (3,7), (4,7), (4,6), (5,6), (5,7), (3,9), (2,7), (3,6), (2,8), (3,10), (3,5), (5,5), (2,9), (1,7), (1,8), (6,5), (5,4), (5,8), (5,3), (2,5), (7,5), (5,2), (8,5), (1,9), (2,10), (8,4), (8,3), (8,2), (1,5), (9,3), (10,3), (1,4), (1,3), (1,2), (6,2)
------------------------
Camino: (3,8) -> (3,7) -> (4,7) -> (4,6) -> (5,6) -> (5,5) -> (6,5) -> (7,5) -> (8,5) -> (8,4) -> (8,3) -> (9,3) -> (10,3) -> (10,2)
Coste: 44
Iteración 0
-----------
Abiertos = (3,8)
Cerrados = 
------------------------
Iteración 1
-----------
Abiertos = (3,7), (3,9), (2,8)
Cerrados = (3,8)
------------------------
Iteración 2
-----------
Abiertos = (4,7), (3,9), (3,6), (2,7), (2,8)
Cerrados = (3,8), (3,7)
------------------------
Iteración 3
-----------
Abiertos = (4,6), (3,9), (5,7), (3,6), (2,7), (2,8)
Cerrados = (3,8), (3,7), (4,7)
------------------------
Iteración 4
-----------
Abiertos = (3,9), (5,6), (5,7), (3,6), (2,7), (2,8), (3,6)
Cerrados = (3,8), (3,7), (4,7), (4,6)
------------------------
Iteración 5
-----------
Abiertos = (3,9), (5,7), (3,6), (2,7), (2,8), (5,5), (3,6), (5,7)
Cerrados = (3,8), (3,7), (4,7), (4,6), (5,6)
------------------------
Iteración 6
-----------
Abiertos = (3,9), (3,6), (2,7), (2,8), (5,5), (3,6), (5,7), (5,8)
Cerrados = (3,8), (3,7), (4,7), (4,6), (5,6), (5,7)
------------------------
Iteración 7
-----------
Abiertos = (3,6), (2,7), (2,8), (3,10), (5,5), (3,6), (2,9), (5,7), (5,8)
Cerrados = (3,8), (3,7), (4,7), (4,6), (5,6), (5,7), (3,9)
------------------------
Iteración 8
-----------
Abiertos = (3,6), (2,8), (3,10), (5,5), (3,6), (1,7), (2,9), (5,7), (5,8), (2,8)
Cerrados = (3,8), (3,7), (4,7), (4,6), (5,6), (5,7), (3,9), (2,7)
------------------------
Iteración 9
-----------
Abiertos = (2,8), (3,10), (5,5), (3,5), (3,6), (1,7), (2,9), (5,7), (5,8), (2,8)
Cerrados = (3,8), (3,7), (4,7), (4,6), (5,6), (5,7), (3,9), (2,7), (3,6)
------------------------
Iteración 10
-----------
Abiertos = (3,10), (5,5), (3,5), (3,6), (1,7), (2,9), (1,8), (5,7), (5,8), (2,8), (2,9)
Cerrados = (3,8), (3,7), (4,7), (4,6), (5,6), (5,7), (3,9), (2,7), (3,6), (2,8)
------------------------
Iteración 11
-----------
Abiertos = (5,5), (3,5), (3,6), (1,7), (2,9), (1,8), (5,7), (5,8), (2,8), (2,9), (2,10)
Cerrados = (3,8), (3,7), (4,7), (4,6), (5,6), (5,7), (3,9), (2,7), (3,6), (2,8), (3,10)
------------------------
Iteración 12
-----------
Abiertos = (5,5), (3,6), (1,7), (2,9), (1,8), (5,7), (5,8), (2,5), (2,8), (2,9), (2,10)
Cerrados = (3,8), (3,7), (4,7), (4,6), (5,6), (5,7), (3,9), (2,7), (3,6), (2,8), (3,10), (3,5)
------------------------
Iteración 13
-----------
Abiertos = (3,6), (1,7), (2,9), (1,8), (6,5), (5,4), (5,7), (5,8), (2,5), (2,8), (2,9), (2,10)
Cerrados = (3,8), (3,7), (4,7), (4,6), (5,6), (5,7), (3,9), (2,7), (3,6), (2,8), (3,10), (3,5), (5,5)
------------------------
Iteración 14
-----------
Abiertos = (1,7), (1,8), (6,5), (5,4), (5,7), (5,8), (2,5), (2,8), (2,9), (1,9), (2,10), (2,10)
Cerrados = (3,8), (3,7), (4,7), (4,6), (5,6), (5,7), (3,9), (2,7), (3,6), (2,8), (3,10), (3,5), (5,5), (2,9)
------------------------
Iteración 15
-----------
Abiertos = (1,8), (6,5), (5,4), (5,7), (5,8), (2,5), (2,8), (2,9), (1,8), (1,9), (2,10), (2,10)
Cerrados = (3,8), (3,7), (4,7), (4,6), (5,6), (5,7), (3,9), (2,7), (3,6), (2,8), (3,10), (3,5), (5,5), (2,9), (1,7)
------------------------
Iteración 16
-----------
Abiertos = (5,4), (6,5), (5,7), (5,8), (2,5), (2,8), (2,9), (1,8), (1,9), (2,10), (1,9), (2,10)
Cerrados = (3,8), (3,7), (4,7), (4,6), (5,6), (5,7), (3,9), (2,7), (3,6), (2,8), (3,10), (3,5), (5,5), (2,9), (1,7), (1,8)
------------------------
Iteración 17
-----------
Abiertos = (5,4), (5,7), (5,8), (2,5), (2,8), (2,9), (7,5), (1,8), (1,9), (2,10), (1,9), (2,10)
Cerrados = (3,8), (3,7), (4,7), (4,6), (5,6), (5,7), (3,9), (2,7), (3,6), (2,8), (3,10), (3,5), (5,5), (2,9), (1,7), (1,8), (6,5)
------------------------
Iteración 18
-----------
Abiertos = (5,7), (5,8), (2,5), (2,8), (2,9), (7,5), (5,3), (1,8), (2,10), (1,9), (1,9), (2,10)
Cerrados = (3,8), (3,7), (4,7), (4,6), (5,6), (5,7), (3,9), (2,7), (3,6), (2,8), (3,10), (3,5), (5,5), (2,9), (1,7), (1,8), (6,5), (5,4)
------------------------
Iteración 19
-----------
Abiertos = (5,7), (2,5), (2,8), (2,9), (7,5), (5,3), (1,8), (1,9), (1,9), (2,10), (2,10), (5,9)
Cerrados = (3,8), (3,7), (4,7), (4,6), (5,6), (5,7), (3,9), (2,7), (3,6), (2,8), (3,10), (3,5), (5,5), (2,9), (1,7), (1,8), (6,5), (5,4), (5,8)
------------------------
Iteración 20
-----------
Abiertos = (2,5), (5,2), (7,5), (1,8), (1,9), (1,9), (2,10), (2,10), (4,3), (5,9)
Cerrados = (3,8), (3,7), (4,7), (4,6), (5,6), (5,7), (3,9), (2,7), (3,6), (2,8), (3,10), (3,5), (5,5), (2,9), (1,7), (1,8), (6,5), (5,4), (5,8), (5,3)
------------------------
Iteración 21
-----------
Abiertos = (5,2), (7,5), (1,8), (1,9), (1,9), (2,10), (1,5), (2,10), (4,3), (5,9)
Cerrados = (3,8), (3,7), (4,7), (4,6), (5,6), (5,7), (3,9), (2,7), (3,6), (2,8), (3,10), (3,5), (5,5), (2,9), (1,7), (1,8), (6,5), (5,4), (5,8), (5,3), (2,5)
------------------------
Iteración 22
-----------
Abiertos = (5,2), (8,5), (1,8), (1,9), (1,9), (2,10), (1,5), (7,4), (2,10), (4,3), (5,9)
Cerrados = (3,8), (3,7), (4,7), (4,6), (5,6), (5,7), (3,9), (2,7), (3,6), (2,8), (3,10), (3,5), (5,5), (2,9), (1,7), (1,8), (6,5), (5,4), (5,8), (5,3), (2,5), (7,5)
------------------------
Iteración 23
-----------
Abiertos = (8,5), (1,8), (1,9), (1,9), (2,10), (1,5), (6,2), (7,4), (2,10), (4,2), (4,3), (5,9)
Cerrados = (3,8), (3,7), (4,7), (4,6), (5,6), (5,7), (3,9), (2,7), (3,6), (2,8), (3,10), (3,5), (5,5), (2,9), (1,7), (1,8), (6,5), (5,4), (5,8), (5,3), (2,5), (7,5), (5,2)
------------------------
Iteración 24
-----------
Abiertos = (8,4), (1,9), (2,10), (1,9), (1,5), (6,2), (7,4), (2,10), (4,2), (8,6), (4,3), (5,9)
Cerrados = (3,8), (3,7), (4,7), (4,6), (5,6), (5,7), (3,9), (2,7), (3,6), (2,8), (3,10), (3,5), (5,5), (2,9), (1,7), (1,8), (6,5), (5,4), (5,8), (5,3), (2,5), (7,5), (5,2), (8,5)
------------------------
Iteración 25
-----------
Abiertos = (8,4), (2,10), (1,9), (1,5), (6,2), (7,4), (2,10), (4,2), (8,6), (4,3), (1,10), (5,9)
Cerrados = (3,8), (3,7), (4,7), (4,6), (5,6), (5,7), (3,9), (2,7), (3,6), (2,8), (3,10), (3,5), (5,5), (2,9), (1,7), (1,8), (6,5), (5,4), (5,8), (5,3), (2,5), (7,5), (5,2), (8,5), (1,9)
------------------------
Iteración 26
-----------
Abiertos = (8,4), (1,9), (1,5), (6,2), (7,4), (2,10), (4,2), (8,6), (4,3), (1,10), (1,10), (5,9)
Cerrados = (3,8), (3,7), (4,7), (4,6), (5,6), (5,7), (3,9), (2,7), (3,6), (2,8), (3,10), (3,5), (5,5), (2,9), (1,7), (1,8), (6,5), (5,4), (5,8), (5,3), (2,5), (7,5), (5,2), (8,5), (1,9), (2,10)
------------------------
Iteración 27
-----------
Abiertos = (8,3), (1,5), (6,2), (7,4), (2,10), (4,2), (8,6), (4,3), (1,10), (1,10), (7,4), (5,9)
Cerrados = (3,8), (3,7), (4,7), (4,6), (5,6), (5,7), (3,9), (2,7), (3,6), (2,8), (3,10), (3,5), (5,5), (2,9), (1,7), (1,8), (6,5), (5,4), (5,8), (5,3), (2,5), (7,5), (5,2), (8,5), (1,9), (2,10), (8,4)
------------------------
Iteración 28
-----------
Abiertos = (8,2), (9,3), (1,5), (6,2), (7,4), (2,10), (4,2), (8,6), (4,3), (1,10), (1,10), (7,3), (7,4), (5,9)
Cerrados = (3,8), (3,7), (4,7), (4,6), (5,6), (5,7), (3,9), (2,7), (3,6), (2,8), (3,10), (3,5), (5,5), (2,9), (1,7), (1,8), (6,5), (5,4), (5,8), (5,3), (2,5), (7,5), (5,2), (8,5), (1,9), (2,10), (8,4), (8,3)
------------------------
Iteración 29
-----------
Abiertos = (9,3), (1,5), (6,2), (7,4), (2,10), (8,1), (4,2), (8,6), (4,3), (1,10), (1,10), (7,2), (7,3), (7,4), (5,9)
Cerrados = (3,8), (3,7), (4,7), (4,6), (5,6), (5,7), (3,9), (2,7), (3,6), (2,8), (3,10), (3,5), (5,5), (2,9), (1,7), (1,8), (6,5), (5,4), (5,8), (5,3), (2,5), (7,5), (5,2), (8,5), (1,9), (2,10), (8,4), (8,3), (8,2)
------------------------
Iteración 30
-----------
Abiertos = (9,3), (1,4), (6,2), (7,4), (2,10), (8,1), (4,2), (8,6), (4,3), (1,10), (1,10), (7,2), (7,3), (7,4), (5,9)
Cerrados = (3,8), (3,7), (4,7), (4,6), (5,6), (5,7), (3,9), (2,7), (3,6), (2,8), (3,10), (3,5), (5,5), (2,9), (1,7), (1,8), (6,5), (5,4), (5,8), (5,3), (2,5), (7,5), (5,2), (8,5), (1,9), (2,10), (8,4), (8,3), (8,2), (1,5)
------------------------
Iteración 31
-----------
Abiertos = (1,4), (10,3), (6,2), (7,4), (2,10), (8,1), (4,2), (8,6), (4,3), (1,10), (1,10), (7,2), (7,3), (7,4), (5,9)
Cerrados = (3,8), (3,7), (4,7), (4,6), (5,6), (5,7), (3,9), (2,7), (3,6), (2,8), (3,10), (3,5), (5,5), (2,9), (1,7), (1,8), (6,5), (5,4), (5,8), (5,3), (2,5), (7,5), (5,2), (8,5), (1,9), (2,10), (8,4), (8,3), (8,2), (1,5), (9,3)
------------------------
Iteración 32
-----------
Abiertos = (1,4), (10,2), (6,2), (7,4), (2,10), (8,1), (4,2), (8,6), (4,3), (1,10), (1,10), (11,3), (7,2), (7,3), (7,4), (5,9), (10,4)
Cerrados = (3,8), (3,7), (4,7), (4,6), (5,6), (5,7), (3,9), (2,7), (3,6), (2,8), (3,10), (3,5), (5,5), (2,9), (1,7), (1,8), (6,5), (5,4), (5,8), (5,3), (2,5), (7,5), (5,2), (8,5), (1,9), (2,10), (8,4), (8,3), (8,2), (1,5), (9,3), (10,3)
------------------------
Iteración 33
-----------
Abiertos = (1,3), (10,2), (6,2), (7,4), (2,10), (8,1), (4,2), (8,6), (4,3), (1,10), (1,10), (11,3), (7,2), (7,3), (7,4), (5,9), (10,4)
Cerrados = (3,8), (3,7), (4,7), (4,6), (5,6), (5,7), (3,9), (2,7), (3,6), (2,8), (3,10), (3,5), (5,5), (2,9), (1,7), (1,8), (6,5), (5,4), (5,8), (5,3), (2,5), (7,5), (5,2), (8,5), (1,9), (2,10), (8,4), (8,3), (8,2), (1,5), (9,3), (10,3), (1,4)
------------------------
Iteración 34
-----------
Abiertos = (1,2), (10,2), (6,2), (7,4), (2,10), (8,1), (4,2), (8,6), (4,3), (1,10), (1,10), (2,3), (11,3), (7,2), (7,3), (7,4), (5,9), (10,4)
Cerrados = (3,8), (3,7), (4,7), (4,6), (5,6), (5,7), (3,9), (2,7), (3,6), (2,8), (3,10), (3,5), (5,5), (2,9), (1,7), (1,8), (6,5), (5,4), (5,8), (5,3), (2,5), (7,5), (5,2), (8,5), (1,9), (2,10), (8,4), (8,3), (8,2), (1,5), (9,3), (10,3), (1,4), (1,3)
------------------------
Iteración 35
-----------
Abiertos = (10,2), (6,2), (7,4), (2,10), (8,1), (4,2), (8,6), (4,3), (1,10), (1,10), (2,2), (2,3), (1,1), (11,3), (7,2), (7,3), (7,4), (5,9), (10,4)
Cerrados = (3,8), (3,7), (4,7), (4,6), (5,6), (5,7), (3,9), (2,7), (3,6), (2,8), (3,10), (3,5), (5,5), (2,9), (1,7), (1,8), (6,5), (5,4), (5,8), (5,3), (2,5), (7,5), (5,2), (8,5), (1,9), (2,10), (8,4), (8,3), (8,2), (1,5), (9,3), (10,3), (1,4), (1,3), (1,2)
------------------------
Iteración 36
-----------
Abiertos = (10,2), (7,4), (2,10), (8,1), (4,2), (8,6), (4,3), (1,10), (1,10), (2,2), (2,3), (7,2), (1,1), (11,3), (7,2), (7,3), (7,4), (5,9), (10,4), (6,1)
Cerrados = (3,8), (3,7), (4,7), (4,6), (5,6), (5,7), (3,9), (2,7), (3,6), (2,8), (3,10), (3,5), (5,5), (2,9), (1,7), (1,8), (6,5), (5,4), (5,8), (5,3), (2,5), (7,5), (5,2), (8,5), (1,9), (2,10), (8,4), (8,3), (8,2), (1,5), (9,3), (10,3), (1,4), (1,3), (1,2), (6,2)
------------------------
Camino: (3,8) -> (3,7) -> (4,7) -> (4,6) -> (5,6) -> (5,5) -> (6,5) -> (7,5) -> (8,5) -> (8,4) -> (8,3) -> (9,3) -> (10,3) -> (10,2)
Coste: 44
Iteración 0
-----------
Abiertos = (3,8)
Cerrados = 
------------------------
Iteración 1
-----------
Abiertos = (3,7), (3,9), (2,8)
Cerrados = (3,8)
------------------------
Iteración 2
-----------
Abiertos = (4,7), (3,9), (3,6), (2,7), (2,8)
Cerrados = (3,8), (3,7)
------------------------
Iteración 3
-----------
Abiertos = (4,7), (3,6), (2,7), (2,8), (3,10), (2,9)
Cerrados = (3,8), (3,7), (3,9)
------------------------
Iteración 4
-----------
Abiertos = (4,7), (4,6), (2,7), (2,8), (3,10), (3,5), (2,9)
Cerrados = (3,8), (3,7), (3,9), (3,6)
------------------------
Iteración 5
-----------
Abiertos = (4,7), (2,7), (2,8), (3,10), (5,6), (3,5), (4,7), (2,9)
Cerrados = (3,8), (3,7), (3,9), (3,6), (4,6)
------------------------
Iteración 6
-----------
Abiertos = (4,7), (2,8), (3,10), (5,6), (3,5), (4,7), (1,7), (2,9), (2,8)
Cerrados = (3,8), (3,7), (3,9), (3,6), (4,6), (2,7)
------------------------
Iteración 7
-----------
Abiertos = (4,7), (3,10), (5,6), (3,5), (4,7), (1,7), (2,9), (1,8), (2,8), (2,9)
Cerrados = (3,8), (3,7), (3,9), (3,6), (4,6), (2,7), (2,8)
------------------------
Iteración 8
-----------
Abiertos = (4,7), (5,6), (3,5), (4,7), (1,7), (2,9), (1,8), (2,8), (2,9), (2,10)
Cerrados = (3,8), (3,7), (3,9), (3,6), (4,6), (2,7), (2,8), (3,10)
------------------------
Iteración 9
-----------
Abiertos = (4,7), (3,5), (4,7), (1,7), (2,9), (1,8), (5,5), (2,8), (2,9), (2,10), (5,7)
Cerrados = (3,8), (3,7), (3,9), (3,6), (4,6), (2,7), (2,8), (3,10), (5,6)
------------------------
Iteración 10
-----------
Abiertos = (5,7), (3,5), (4,7), (1,7), (2,9), (1,8), (5,5), (2,8), (2,9), (2,10), (5,7)
Cerrados = (3,8), (3,7), (3,9), (3,6), (4,6), (2,7), (2,8), (3,10), (5,6), (4,7)
------------------------
Iteración 11
-----------
Abiertos = (3,5), (4,7), (1,7), (2,9), (1,8), (5,5), (2,8), (2,9), (2,10), (5,7), (5,8)
Cerrados = (3,8), (3,7), (3,9), (3,6), (4,6), (2,7), (2,8), (3,10), (5,6), (4,7), (5,7)
------------------------
Iteración 12
-----------
Abiertos = (1,7), (2,9), (1,8), (5,5), (2,5), (2,8), (2,9), (2,10), (5,7), (5,8)
Cerrados = (3,8), (3,7), (3,9), (3,6), (4,6), (2,7), (2,8), (3,10), (5,6), (4,7), (5,7), (3,5)
------------------------
Iteración 13
-----------
Abiertos = (1,8), (2,9), (5,5), (2,5), (2,8), (2,9), (1,8), (2,10), (5,7), (5,8)
Cerrados = (3,8), (3,7), (3,9), (3,6), (4,6), (2,7), (2,8), (3,10), (5,6), (4,7), (5,7), (3,5), (1,7)
------------------------
Iteración 14
-----------
Abiertos = (2,9), (5,5), (2,5), (2,8), (2,9), (1,8), (1,9), (2,10), (5,7), (5,8)
Cerrados = (3,8), (3,7), (3,9), (3,6), (4,6), (2,7), (2,8), (3,10), (5,6), (4,7), (5,7), (3,5), (1,7), (1,8)
------------------------
Iteración 15
-----------
Abiertos = (5,5), (2,5), (2,8), (2,9), (1,8), (1,9), (2,10), (1,9), (5,7), (2,10), (5,8)
Cerrados = (3,8), (3,7), (3,9), (3,6), (4,6), (2,7), (2,8), (3,10), (5,6), (4,7), (5,7), (3,5), (1,7), (1,8), (2,9)
------------------------
Iteración 16
-----------
Abiertos = (2,5), (2,8), (2,9), (6,5), (5,4), (1,8), (1,9), (1,9), (2,10), (5,7), (2,10), (5,8)
Cerrados = (3,8), (3,7), (3,9), (3,6), (4,6), (2,7), (2,8), (3,10), (5,6), (4,7), (5,7), (3,5), (1,7), (1,8), (2,9), (5,5)
------------------------
Iteración 17
-----------
Abiertos = (2,8), (2,9), (6,5), (5,4), (1,8), (1,9), (1,9), (2,10), (5,7), (1,5), (2,10), (5,8)
Cerrados = (3,8), (3,7), (3,9), (3,6), (4,6), (2,7), (2,8), (3,10), (5,6), (4,7), (5,7), (3,5), (1,7), (1,8), (2,9), (5,5), (2,5)
------------------------
Iteración 18
-----------
Abiertos = (2,8), (5,4), (1,8), (1,9), (1,9), (2,10), (5,7), (1,5), (7,5), (2,10), (5,8)
Cerrados = (3,8), (3,7), (3,9), (3,6), (4,6), (2,7), (2,8), (3,10), (5,6), (4,7), (5,7), (3,5), (1,7), (1,8), (2,9), (5,5), (2,5), (6,5)
------------------------
Iteración 19
-----------
Abiertos = (2,8), (1,8), (1,9), (1,9), (2,10), (5,7), (1,5), (7,5), (5,3), (2,10), (5,8)
Cerrados = (3,8), (3,7), (3,9), (3,6), (4,6), (2,7), (2,8), (3,10), (5,6), (4,7), (5,7), (3,5), (1,7), (1,8), (2,9), (5,5), (2,5), (6,5), (5,4)
------------------------
Iteración 20
-----------
Abiertos = (2,8), (1,9), (2,10), (5,7), (1,5), (7,5), (5,3), (2,10), (1,10), (5,8)
Cerrados = (3,8), (3,7), (3,9), (3,6), (4,6), (2,7), (2,8), (3,10), (5,6), (4,7), (5,7), (3,5), (1,7), (1,8), (2,9), (5,5), (2,5), (6,5), (5,4), (1,9)
------------------------
Iteración 21
-----------
Abiertos = (2,8), (5,7), (1,5), (7,5), (5,3), (2,10), (1,10), (1,10), (5,8)
Cerrados = (3,8), (3,7), (3,9), (3,6), (4,6), (2,7), (2,8), (3,10), (5,6), (4,7), (5,7), (3,5), (1,7), (1,8), (2,9), (5,5), (2,5), (6,5), (5,4), (1,9), (2,10)
------------------------
Iteración 22
-----------
Abiertos = (2,8), (1,4), (7,5), (5,3), (2,10), (1,10), (1,10), (5,8)
Cerrados = (3,8), (3,7), (3,9), (3,6), (4,6), (2,7), (2,8), (3,10), (5,6), (4,7), (5,7), (3,5), (1,7), (1,8), (2,9), (5,5), (2,5), (6,5), (5,4), (1,9), (2,10), (1,5)
------------------------
Iteración 23
-----------
Abiertos = (1,3), (5,3), (7,5), (2,10), (1,10), (1,10), (5,8)
Cerrados = (3,8), (3,7), (3,9), (3,6), (4,6), (2,7), (2,8), (3,10), (5,6), (4,7), (5,7), (3,5), (1,7), (1,8), (2,9), (5,5), (2,5), (6,5), (5,4), (1,9), (2,10), (1,5), (1,4)
------------------------
Iteración 24
-----------
Abiertos = (1,3), (5,2), (7,5), (2,10), (1,10), (1,10), (4,3), (5,8)
Cerrados = (3,8), (3,7), (3,9), (3,6), (4,6), (2,7), (2,8), (3,10), (5,6), (4,7), (5,7), (3,5), (1,7), (1,8), (2,9), (5,5), (2,5), (6,5), (5,4), (1,9), (2,10), (1,5), (1,4), (5,3)
------------------------
Iteración 25
-----------
Abiertos = (1,3), (7,5), (2,10), (1,10), (1,10), (6,2), (4,2), (4,3), (5,8)
Cerrados = (3,8), (3,7), (3,9), (3,6), (4,6), (2,7), (2,8), (3,10), (5,6), (4,7), (5,7), (3,5), (1,7), (1,8), (2,9), (5,5), (2,5), (6,5), (5,4), (1,9), (2,10), (1,5), (1,4), (5,3), (5,2)
------------------------
Iteración 26
-----------
Abiertos = (1,3), (8,5), (2,10), (1,10), (1,10), (6,2), (7,4), (4,2), (4,3), (5,8)
Cerrados = (3,8), (3,7), (3,9), (3,6), (4,6), (2,7), (2,8), (3,10), (5,6), (4,7), (5,7), (3,5), (1,7), (1,8), (2,9), (5,5), (2,5), (6,5), (5,4), (1,9), (2,10), (1,5), (1,4), (5,3), (5,2), (7,5)
------------------------
Iteración 27
-----------
Abiertos = (1,3), (8,4), (2,10), (1,10), (1,10), (6,2), (7,4), (4,2), (8,6), (4,3), (5,8)
Cerrados = (3,8), (3,7), (3,9), (3,6), (4,6), (2,7), (2,8), (3,10), (5,6), (4,7), (5,7), (3,5), (1,7), (1,8), (2,9), (5,5), (2,5), (6,5), (5,4), (1,9), (2,10), (1,5), (1,4), (5,3), (5,2), (7,5), (8,5)
------------------------
Iteración 28
-----------
Abiertos = (1,2), (8,4), (2,10), (1,10), (1,10), (2,3), (6,2), (7,4), (4,2), (8,6), (4,3), (5,8)
Cerrados = (3,8), (3,7), (3,9), (3,6), (4,6), (2,7), (2,8), (3,10), (5,6), (4,7), (5,7), (3,5), (1,7), (1,8), (2,9), (5,5), (2,5), (6,5), (5,4), (1,9), (2,10), (1,5), (1,4), (5,3), (5,2), (7,5), (8,5), (1,3)
------------------------
Iteración 29
-----------
Abiertos = (8,4), (2,10), (1,10), (1,10), (2,2), (2,3), (6,2), (7,4), (1,1), (8,6), (4,2), (4,3), (5,8)
Cerrados = (3,8), (3,7), (3,9), (3,6), (4,6), (2,7), (2,8), (3,10), (5,6), (4,7), (5,7), (3,5), (1,7), (1,8), (2,9), (5,5), (2,5), (6,5), (5,4), (1,9), (2,10), (1,5), (1,4), (5,3), (5,2), (7,5), (8,5), (1,3), (1,2)
------------------------
Iteración 30
-----------
Abiertos = (8,3), (1,10), (1,10), (2,2), (2,3), (6,2), (7,4), (1,1), (8,6), (4,2), (4,3), (5,8), (7,4)
Cerrados = (3,8), (3,7), (3,9), (3,6), (4,6), (2,7), (2,8), (3,10), (5,6), (4,7), (5,7), (3,5), (1,7), (1,8), (2,9), (5,5), (2,5), (6,5), (5,4), (1,9), (2,10), (1,5), (1,4), (5,3), (5,2), (7,5), (8,5), (1,3), (1,2), (8,4)
------------------------
Iteración 31
-----------
Abiertos = (8,2), (9,3), (1,10), (1,10), (2,2), (2,3), (6,2), (7,4), (1,1), (4,2), (8,6), (4,3), (5,8), (7,3), (7,4)
Cerrados = (3,8), (3,7), (3,9), (3,6), (4,6), (2,7), (2,8), (3,10), (5,6), (4,7), (5,7), (3,5), (1,7), (1,8), (2,9), (5,5), (2,5), (6,5), (5,4), (1,9), (2,10), (1,5), (1,4), (5,3), (5,2), (7,5), (8,5), (1,3), (1,2), (8,4), (8,3)
------------------------
Iteración 32
-----------
Abiertos = (9,3), (1,10), (1,10), (2,2), (2,3), (6,2), (7,4), (1,1), (8,1), (8,6), (4,2), (4,3), (5,8), (7,2), (7,3), (7,4)
Cerrados = (3,8), (3,7), (3,9), (3,6), (4,6), (2,7), (2,8), (3,10), (5,6), (4,7), (5,7), (3,5), (1,7), (1,8), (2,9), (5,5), (2,5), (6,5), (5,4), (1,9), (2,10), (1,5), (1,4), (5,3), (5,2), (7,5), (8,5), (1,3), (1,2), (8,4), (8,3), (8,2)
------------------------
Iteración 33
-----------
Abiertos = (9,3), (1,10), (2,2), (2,3), (6,2), (7,4), (1,1), (8,1), (8,6), (4,2), (4,3), (5,8), (7,2), (7,3), (7,4)
Cerrados = (3,8), (3,7), (3,9), (3,6), (4,6), (2,7), (2,8), (3,10), (5,6), (4,7), (5,7), (3,5), (1,7), (1,8), (2,9), (5,5), (2,5), (6,5), (5,4), (1,9), (2,10), (1,5), (1,4), (5,3), (5,2), (7,5), (8,5), (1,3), (1,2), (8,4), (8,3), (8,2), (1,10)
------------------------
Iteración 34
-----------
Abiertos = (1,10), (2,2), (2,3), (10,3), (6,2), (7,4), (1,1), (8,1), (8,6), (4,2), (4,3), (5,8), (7,2), (7,3), (7,4)
Cerrados = (3,8), (3,7), (3,9), (3,6), (4,6), (2,7), (2,8), (3,10), (5,6), (4,7), (5,7), (3,5), (1,7), (1,8), (2,9), (5,5), (2,5), (6,5), (5,4), (1,9), (2,10), (1,5), (1,4), (5,3), (5,2), (7,5), (8,5), (1,3), (1,2), (8,4), (8,3), (8,2), (1,10), (9,3)
------------------------
Iteración 35
-----------
Abiertos = (2,2), (10,3), (6,2), (7,4), (1,1), (8,1), (8,6), (4,2), (4,3), (2,2), (3,3), (5,8), (7,2), (7,3), (7,4)
Cerrados = (3,8), (3,7), (3,9), (3,6), (4,6), (2,7), (2,8), (3,10), (5,6), (4,7), (5,7), (3,5), (1,7), (1,8), (2,9), (5,5), (2,5), (6,5), (5,4), (1,9), (2,10), (1,5), (1,4), (5,3), (5,2), (7,5), (8,5), (1,3), (1,2), (8,4), (8,3), (8,2), (1,10), (9,3), (2,3)
------------------------
Iteración 36
-----------
Abiertos = (10,3), (6,2), (7,4), (1,1), (8,1), (8,6), (4,2), (4,3), (2,2), (3,3), (5,8), (2,1), (7,2), (7,3), (7,4)
Cerrados = (3,8), (3,7), (3,9), (3,6), (4,6), (2,7), (2,8), (3,10), (5,6), (4,7), (5,7), (3,5), (1,7), (1,8), (2,9), (5,5), (2,5), (6,5), (5,4), (1,9), (2,10), (1,5), (1,4), (5,3), (5,2), (7,5), (8,5), (1,3), (1,2), (8,4), (8,3), (8,2), (1,10), (9,3), (2,3), (2,2)
------------------------
Iteración 37
-----------
Abiertos = (10,2), (6,2), (7,4), (1,1), (8,1), (8,6), (4,2), (4,3), (2,2), (3,3), (5,8), (2,1), (11,3), (7,2), (7,3), (7,4), (10,4)
Cerrados = (3,8), (3,7), (3,9), (3,6), (4,6), (2,7), (2,8), (3,10), (5,6), (4,7), (5,7), (3,5), (1,7), (1,8), (2,9), (5,5), (2,5), (6,5), (5,4), (1,9), (2,10), (1,5), (1,4), (5,3), (5,2), (7,5), (8,5), (1,3), (1,2), (8,4), (8,3), (8,2), (1,10), (9,3), (2,3), (2,2), (10,3)
------------------------
Iteración 38
-----------
Abiertos = (10,2), (7,4), (1,1), (8,1), (8,6), (4,2), (4,3), (2,2), (3,3), (5,8), (7,2), (2,1), (11,3), (7,2), (7,3), (7,4), (10,4), (6,1)
Cerrados = (3,8), (3,7), (3,9), (3,6), (4,6), (2,7), (2,8), (3,10), (5,6), (4,7), (5,7), (3,5), (1,7), (1,8), (2,9), (5,5), (2,5), (6,5), (5,4), (1,9), (2,10), (1,5), (1,4), (5,3), (5,2), (7,5), (8,5), (1,3), (1,2), (8,4), (8,3), (8,2), (1,10), (9,3), (2,3), (2,2), (10,3), (6,2)
------------------------
Camino: (3,8) -> (3,7) -> (3,6) -> (4,6) -> (5,6) -> (5,5) -> (6,5) -> (7,5) -> (8,5) -> (8,4) -> (8,3) -> (9,3) -> (10,3) -> (10,2)
Coste: 47
Iteración 0
-----------
Abiertos = (3,8)
Cerrados = 
------------------------
Iteración 1
-----------
Abiertos = (3,7), (3,9), (2,8)
Cerrados = (3,8)
------------------------
Iteración 2
-----------
Abiertos = (4,7), (3,9), (3,6), (2,7), (2,8)
Cerrados = (3,8), (3,7)
------------------------
Iteración 3
-----------
Abiertos = (4,6), (3,9), (5,7), (3,6), (2,7), (2,8)
Cerrados = (3,8), (3,7), (4,7)
------------------------
Iteración 4
-----------
Abiertos = (3,9), (5,6), (5,7), (3,6), (2,7), (2,8), (3,6)
Cerrados = (3,8), (3,7), (4,7), (4,6)
------------------------
Iteración 5
-----------
Abiertos = (3,9), (5,7), (3,6), (2,7), (2,8), (5,5), (3,6), (5,7)
Cerrados = (3,8), (3,7), (4,7), (4,6), (5,6)
------------------------
Iteración 6
-----------
Abiertos = (3,9), (3,6), (2,7), (2,8), (5,5), (3,6), (5,7), (5,8)
Cerrados = (3,8), (3,7), (4,7), (4,6), (5,6), (5,7)
------------------------
Iteración 7
-----------
Abiertos = (3,6), (2,7), (2,8), (3,10), (5,5), (3,6), (2,9), (5,7), (5,8)
Cerrados = (3,8), (3,7), (4,7), (4,6), (5,6), (5,7), (3,9)
------------------------
Iteración 8
-----------
Abiertos = (3,6), (2,8), (3,10), (5,5), (3,6), (1,7), (2,9), (5,7), (5,8), (2,8)
Cerrados = (3,8), (3,7), (4,7), (4,6), (5,6), (5,7), (3,9), (2,7)
------------------------
Iteración 9
-----------
Abiertos = (2,8), (3,10), (5,5), (3,5), (3,6), (1,7), (2,9), (5,7), (5,8), (2,8)
Cerrados = (3,8), (3,7), (4,7), (4,6), (5,6), (5,7), (3,9), (2,7), (3,6)
------------------------
Iteración 10
-----------
Abiertos = (3,10), (5,5), (3,5), (3,6), (1,7), (2,9), (1,8), (5,7), (5,8), (2,8), (2,9)
Cerrados = (3,8), (3,7), (4,7), (4,6), (5,6), (5,7), (3,9), (2,7), (3,6), (2,8)
------------------------
Iteración 11
-----------
Abiertos = (5,5), (3,5), (3,6), (1,7), (2,9), (1,8), (5,7), (5,8), (2,8), (2,9), (2,10)
Cerrados = (3,8), (3,7), (4,7), (4,6), (5,6), (5,7), (3,9), (2,7), (3,6), (2,8), (3,10)
------------------------
Iteración 12
-----------
Abiertos = (5,5), (3,6), (1,7), (2,9), (1,8), (5,7), (5,8), (2,5), (2,8), (2,9), (2,10)
Cerrados = (3,8), (3,7), (4,7), (4,6), (5,6), (5,7), (3,9), (2,7), (3,6), (2,8), (3,10), (3,5)
------------------------
Iteración 13
-----------
Abiertos = (3,6), (1,7), (2,9), (1,8), (6,5), (5,4), (5,7), (5,8), (2,5), (2,8), (2,9), (2,10)
Cerrados = (3,8), (3,7), (4,7), (4,6), (5,6), (5,7), (3,9), (2,7), (3,6), (2,8), (3,10), (3,5), (5,5)
------------------------
Iteración 14
-----------
Abiertos = (1,7), (1,8), (6,5), (5,4), (5,7), (5,8), (2,5), (2,8), (2,9), (1,9), (2,10), (2,10)
Cerrados = (3,8), (3,7), (4,7), (4,6), (5,6), (5,7), (3,9), (2,7), (3,6), (2,8), (3,10), (3,5), (5,5), (2,9)
------------------------
Iteración 15
-----------
Abiertos = (1,8), (6,5), (5,4), (5,7), (5,8), (2,5), (2,8), (2,9), (1,8), (1,9), (2,10), (2,10)
Cerrados = (3,8), (3,7), (4,7), (4,6), (5,6), (5,7), (3,9), (2,7), (3,6), (2,8), (3,10), (3,5), (5,5), (2,9), (1,7)
------------------------
Iteración 16
-----------
Abiertos = (5,4), (6,5), (5,7), (5,8), (2,5), (2,8), (2,9), (1,8), (1,9), (2,10), (1,9), (2,10)
Cerrados = (3,8), (3,7), (4,7), (4,6), (5,6), (5,7), (3,9), (2,7), (3,6), (2,8), (3,10), (3,5), (5,5), (2,9), (1,7), (1,8)
------------------------
Iteración 17
-----------
Abiertos = (5,4), (5,7), (5,8), (2,5), (2,8), (2,9), (7,5), (1,8), (1,9), (2,10), (1,9), (2,10)
Cerrados = (3,8), (3,7), (4,7), (4,6), (5,6), (5,7), (3,9), (2,7), (3,6), (2,8), (3,10), (3,5), (5,5), (2,9), (1,7), (1,8), (6,5)
------------------------
Iteración 18
-----------
Abiertos = (5,7), (5,8), (2,5), (2,8), (2,9), (7,5), (5,3), (1,8), (2,10), (1,9), (1,9), (2,10)
Cerrados = (3,8), (3,7), (4,7), (4,6), (5,6), (5,7), (3,9), (2,7), (3,6), (2,8), (3,10), (3,5), (5,5), (2,9), (1,7), (1,8), (6,5), (5,4)
------------------------
Iteración 19
-----------
Abiertos = (5,7), (2,5), (2,8), (2,9), (7,5), (5,3), (1,8), (1,9), (1,9), (2,10), (2,10), (5,9)
Cerrados = (3,8), (3,7), (4,7), (4,6), (5,6), (5,7), (3,9), (2,7), (3,6), (2,8), (3,10), (3,5), (5,5), (2,9), (1,7), (1,8), (6,5), (5,4), (5,8)
------------------------
Iteración 20
-----------
Abiertos = (2,5), (5,2), (7,5), (1,8), (1,9), (1,9), (2,10), (2,10), (4,3), (5,9)
Cerrados = (3,8), (3,7), (4,7), (4,6), (5,6), (5,7), (3,9), (2,7), (3,6), (2,8), (3,10), (3,5), (5,5), (2,9), (1,7), (1,8), (6,5), (5,4), (5,8), (5,3)
------------------------
Iteración 21
-----------
Abiertos = (5,2), (7,5), (1,8), (1,9), (1,9), (2,10), (1,5), (2,10), (4,3), (5,9)
Cerrados = (3,8), (3,7), (4,7), (4,6), (5,6), (5,7), (3,9), (2,7), (3,6), (2,8), (3,10), (3,5), (5,5), (2,9), (1,7), (1,8), (6,5), (5,4), (5,8), (5,3), (2,5)
------------------------
Iteración 22
-----------
Abiertos = (5,2), (8,5), (1,8), (1,9), (1,9), (2,10), (1,5), (7,4), (2,10), (4,3), (5,9)
Cerrados = (3,8), (3,7), (4,7), (4,6), (5,6), (5,7), (3,9), (2,7), (3,6), (2,8), (3,10), (3,5), (5,5), (2,9), (1,7), (1,8), (6,5), (5,4), (5,8), (5,3), (2,5), (7,5)
------------------------
Iteración 23
-----------
Abiertos = (8,5), (1,8), (1,9), (1,9), (2,10), (1,5), (6,2), (7,4), (2,10), (4,2), (4,3), (5,9)
Cerrados = (3,8), (3,7), (4,7), (4,6), (5,6), (5,7), (3,9), (2,7), (3,6), (2,8), (3,10), (3,5), (5,5), (2,9), (1,7), (1,8), (6,5), (5,4), (5,8), (5,3), (2,5), (7,5), (5,2)
------------------------
Iteración 24
-----------
Abiertos = (8,4), (1,9), (2,10), (1,9), (1,5), (6,2), (7,4), (2,10), (4,2), (8,6), (4,3), (5,9)
Cerrados = (3,8), (3,7), (4,7), (4,6), (5,6), (5,7), (3,9), (2,7), (3,6), (2,8), (3,10), (3,5), (5,5), (2,9), (1,7), (1,8), (6,5), (5,4), (5,8), (5,3), (2,5), (7,5), (5,2), (8,5)
------------------------
Iteración 25
-----------
Abiertos = (8,4), (2,10), (1,9), (1,5), (6,2), (7,4), (2,10), (4,2), (8,6), (4,3), (1,10), (5,9)
Cerrados = (3,8), (3,7), (4,7), (4,6), (5,6), (5,7), (3,9), (2,7), (3,6), (2,8), (3,10), (3,5), (5,5), (2,9), (1,7), (1,8), (6,5), (5,4), (5,8), (5,3), (2,5), (7,5), (5,2), (8,5), (1,9)
------------------------
Iteración 26
-----------
Abiertos = (8,4), (1,9), (1,5), (6,2), (7,4), (2,10), (4,2), (8,6), (4,3), (1,10), (1,10), (5,9)
Cerrados = (3,8), (3,7), (4,7), (4,6), (5,6), (5,7), (3,9), (2,7), (3,6), (2,8), (3,10), (3,5), (5,5), (2,9), (1,7), (1,8), (6,5), (5,4), (5,8), (5,3), (2,5), (7,5), (5,2), (8,5), (1,9), (2,10)
------------------------
Iteración 27
-----------
Abiertos = (8,3), (1,5), (6,2), (7,4), (2,10), (4,2), (8,6), (4,3), (1,10), (1,10), (7,4), (5,9)
Cerrados = (3,8), (3,7), (4,7), (4,6), (5,6), (5,7), (3,9), (2,7), (3,6), (2,8), (3,10), (3,5), (5,5), (2,9), (1,7), (1,8), (6,5), (5,4), (5,8), (5,3), (2,5), (7,5), (5,2), (8,5), (1,9), (2,10), (8,4)
------------------------
Iteración 28
-----------
Abiertos = (8,2), (9,3), (1,5), (6,2), (7,4), (2,10), (4,2), (8,6), (4,3), (1,10), (1,10), (7,3), (7,4), (5,9)
Cerrados = (3,8), (3,7), (4,7), (4,6), (5,6), (5,7), (3,9), (2,7), (3,6), (2,8), (3,10), (3,5), (5,5), (2,9), (1,7), (1,8), (6,5), (5,4), (5,8), (5,3), (2,5), (7,5), (5,2), (8,5), (1,9), (2,10), (8,4), (8,3)
------------------------
Iteración 29
-----------
Abiertos = (9,3), (1,5), (6,2), (7,4), (2,10), (8,1), (4,2), (8,6), (4,3), (1,10), (1,10), (7,2), (7,3), (7,4), (5,9)
Cerrados = (3,8), (3,7), (4,7), (4,6), (5,6), (5,7), (3,9), (2,7), (3,6), (2,8), (3,10), (3,5), (5,5), (2,9), (1,7), (1,8), (6,5), (5,4), (5,8), (5,3), (2,5), (7,5), (5,2), (8,5), (1,9), (2,10), (8,4), (8,3), (8,2)
------------------------
Iteración 30
-----------
Abiertos = (9,3), (1,4), (6,2), (7,4), (2,10), (8,1), (4,2), (8,6), (4,3), (1,10), (1,10), (7,2), (7,3), (7,4), (5,9)
Cerrados = (3,8), (3,7), (4,7), (4,6), (5,6), (5,7), (3,9), (2,7), (3,6), (2,8), (3,10), (3,5), (5,5), (2,9), (1,7), (1,8), (6,5), (5,4), (5,8), (5,3), (2,5), (7,5), (5,2), (8,5), (1,9), (2,10), (8,4), (8,3), (8,2), (1,5)
------------------------
Iteración 31
-----------
Abiertos = (1,4), (10,3), (6,2), (7,4), (2,10), (8,1), (4,2), (8,6), (4,3), (1,10), (1,10), (7,2), (7,3), (7,4), (5,9)
Cerrados = (3,8), (3,7), (4,7), (4,6), (5,6), (5,7), (3,9), (2,7), (3,6), (2,8), (3,10), (3,5), (5,5), (2,9), (1,7), (1,8), (6,5), (5,4), (5,8), (5,3), (2,5), (7,5), (5,2), (8,5), (1,9), (2,10), (8,4), (8,3), (8,2), (1,5), (9,3)
------------------------
Iteración 32
-----------
Abiertos = (1,4), (10,2), (6,2), (7,4), (2,10), (8,1), (4,2), (8,6), (4,3), (1,10), (1,10), (11,3), (7,2), (7,3), (7,4), (5,9), (10,4)
Cerrados = (3,8), (3,7), (4,7), (4,6), (5,6), (5,7), (3,9), (2,7), (3,6), (2,8), (3,10), (3,5), (5,5), (2,9), (1,7), (1,8), (6,5), (5,4), (5,8), (5,3), (2,5), (7,5), (5,2), (8,5), (1,9), (2,10), (8,4), (8,3), (8,2), (1,5), (9,3), (10,3)
------------------------
Iteración 33
-----------
Abiertos = (1,3), (10,2), (6,2), (7,4), (2,10), (8,1), (4,2), (8,6), (4,3), (1,10), (1,10), (11,3), (7,2), (7,3), (7,4), (5,9), (10,4)
Cerrados = (3,8), (3,7), (4,7), (4,6), (5,6), (5,7), (3,9), (2,7), (3,6), (2,8), (3,10), (3,5), (5,5), (2,9), (1,7), (1,8), (6,5), (5,4), (5,8), (5,3), (2,5), (7,5), (5,2), (8,5), (1,9), (2,10), (8,4), (8,3), (8,2), (1,5), (9,3), (10,3), (1,4)
------------------------
Iteración 34
-----------
Abiertos = (1,2), (10,2), (6,2), (7,4), (2,10), (8,1), (4,2), (8,6), (4,3), (1,10), (1,10), (2,3), (11,3), (7,2), (7,3), (7,4), (5,9), (10,4)
Cerrados = (3,8), (3,7), (4,7), (4,6), (5,6), (5,7), (3,9), (2,7), (3,6), (2,8), (3,10), (3,5), (5,5), (2,9), (1,7), (1,8), (6,5), (5,4), (5,8), (5,3), (2,5), (7,5), (5,2), (8,5), (1,9), (2,10), (8,4), (8,3), (8,2), (1,5), (9,3), (10,3), (1,4), (1,3)
------------------------
Iteración 35
-----------
Abiertos = (10,2), (6,2), (7,4), (2,10), (8,1), (4,2), (8,6), (4,3), (1,10), (1,10), (2,2), (2,3), (1,1), (11,3), (7,2), (7,3), (7,4), (5,9), (10,4)
Cerrados = (3,8), (3,7), (4,7), (4,6), (5,6), (5,7), (3,9), (2,7), (3,6), (2,8), (3,10), (3,5), (5,5), (2,9), (1,7), (1,8), (6,5), (5,4), (5,8), (5,3), (2,5), (7,5), (5,2), (8,5), (1,9), (2,10), (8,4), (8,3), (8,2), (1,5), (9,3), (10,3), (1,4), (1,3), (1,2)
------------------------
Iteración 36
-----------
Abiertos = (10,2), (7,4), (2,10), (8,1), (4,2), (8,6), (4,3), (1,10), (1,10), (2,2), (2,3), (7,2), (1,1), (11,3), (7,2), (7,3), (7,4), (5,9), (10,4), (6,1)
Cerrados = (3,8), (3,7), (4,7), (4,6), (5,6), (5,7), (3,9), (2,7), (3,6), (2,8), (3,10), (3,5), (5,5), (2,9), (1,7), (1,8), (6,5), (5,4), (5,8), (5,3), (2,5), (7,5), (5,2), (8,5), (1,9), (2,10), (8,4), (8,3), (8,2), (1,5), (9,3), (10,3), (1,4), (1,3), (1,2), (6,2)
------------------------
Camino: (3,8) -> (3,7) -> (4,7) -> (4,6) -> (5,6) -> (5,5) -> (6,5) -> (7,5) -> (8,5) -> (8,4) -> (8,3) -> (9,3) -> (10,3) -> (10,2)
Coste: 44
Iteración 0
-----------
Abiertos = (3,8)
Cerrados = 
------------------------
Iteración 1
-----------
Abiertos = (3,7), (3,9), (2,8)
Cerrados = (3,8)
------------------------
Iteración 2
-----------
Abiertos = (4,7), (3,9), (3,6), (2,7), (2,8)
Cerrados = (3,8), (3,7)
------------------------
Iteración 3
-----------
Abiertos = (4,7), (3,6), (2,7), (2,8), (3,10), (2,9)
Cerrados = (3,8), (3,7), (3,9)
------------------------
Iteración 4
-----------
Abiertos = (4,7), (4,6), (2,7), (2,8), (3,10), (3,5), (2,9)
Cerrados = (3,8), (3,7), (3,9), (3,6)
------------------------
Iteración 5
-----------
Abiertos = (4,7), (2,7), (2,8), (3,10), (5,6), (3,5), (4,7), (2,9)
Cerrados = (3,8), (3,7), (3,9), (3,6), (4,6)
------------------------
Iteración 6
-----------
Abiertos = (4,7), (2,8), (3,10), (5,6), (3,5), (4,7), (1,7), (2,9), (2,8)
Cerrados = (3,8), (3,7), (3,9), (3,6), (4,6), (2,7)
------------------------
Iteración 7
-----------
Abiertos = (4,7), (3,10), (5,6), (3,5), (4,7), (1,7), (2,9), (1,8), (2,8), (2,9)
Cerrados = (3,8), (3,7), (3,9), (3,6), (4,6), (2,7), (2,8)
------------------------
Iteración 8
-----------
Abiertos = (4,7), (5,6), (3,5), (4,7), (1,7), (2,9), (1,8), (2,8), (2,9), (2,10)
Cerrados = (3,8), (3,7), (3,9), (3,6), (4,6), (2,7), (2,8), (3,10)
------------------------
Iteración 9
-----------
Abiertos = (4,7), (3,5), (4,7), (1,7), (2,9), (1,8), (5,5), (2,8), (2,9), (2,10), (5,7)
Cerrados = (3,8), (3,7), (3,9), (3,6), (4,6), (2,7), (2,8), (3,10), (5,6)
------------------------
Iteración 10
-----------
Abiertos = (5,7), (3,5), (4,7), (1,7), (2,9), (1,8), (5,5), (2,8), (2,9), (2,10), (5,7)
Cerrados = (3,8), (3,7), (3,9), (3,6), (4,6), (2,7), (2,8), (3,10), (5,6), (4,7)
------------------------
Iteración 11
-----------
Abiertos = (3,5), (4,7), (1,7), (2,9), (1,8), (5,5), (2,8), (2,9), (2,10), (5,7), (5,8)
Cerrados = (3,8), (3,7), (3,9), (3,6), (4,6), (2,7), (2,8), (3,10), (5,6), (4,7), (5,7)
------------------------
Iteración 12
-----------
Abiertos = (1,7), (2,9), (1,8), (5,5), (2,5), (2,8), (2,9), (2,10), (5,7), (5,8)
Cerrados = (3,8), (3,7), (3,9), (3,6), (4,6), (2,7), (2,8), (3,10), (5,6), (4,7), (5,7), (3,5)
------------------------
Iteración 13
-----------
Abiertos = (1,8), (2,9), (5,5), (2,5), (2,8), (2,9), (1,8), (2,10), (5,7), (5,8)
Cerrados = (3,8), (3,7), (3,9), (3,6), (4,6), (2,7), (2,8), (3,10), (5,6), (4,7), (5,7), (3,5), (1,7)
------------------------
Iteración 14
-----------
Abiertos = (2,9), (5,5), (2,5), (2,8), (2,9), (1,8), (1,9), (2,10), (5,7), (5,8)
Cerrados = (3,8), (3,7), (3,9), (3,6), (4,6), (2,7), (2,8), (3,10), (5,6), (4,7), (5,7), (3,5), (1,7), (1,8)
------------------------
Iteración 15
-----------
Abiertos = (5,5), (2,5), (2,8), (2,9), (1,8), (1,9), (2,10), (1,9), (5,7), (2,10), (5,8)
Cerrados = (3,8), (3,7), (3,9), (3,6), (4,6), (2,7), (2,8), (3,10), (5,6), (4,7), (5,7), (3,5), (1,7), (1,8), (2,9)
------------------------
Iteración 16
-----------
Abiertos = (2,5), (2,8), (2,9), (6,5), (5,4), (1,8), (1,9), (1,9), (2,10), (5,7), (2,10), (5,8)
Cerrados = (3,8), (3,7), (3,9), (3,6), (4,6), (2,7), (2,8), (3,10), (5,6), (4,7), (5,7), (3,5), (1,7), (1,8), (2,9), (5,5)
------------------------
Iteración 17
-----------
Abiertos = (2,8), (2,9), (6,5), (5,4), (1,8), (1,9), (1,9), (2,10), (5,7), (1,5), (2,10), (5,8)
Cerrados = (3,8), (3,7), (3,9), (3,6), (4,6), (2,7), (2,8), (3,10), (5,6), (4,7), (5,7), (3,5), (1,7), (1,8), (2,9), (5,5), (2,5)
------------------------
Iteración 18
-----------
Abiertos = (2,8), (5,4), (1,8), (1,9), (1,9), (2,10), (5,7), (1,5), (7,5), (2,10), (5,8)
Cerrados = (3,8), (3,7), (3,9), (3,6), (4,6), (2,7), (2,8), (3,10), (5,6), (4,7), (5,7), (3,5), (1,7), (1,8), (2,9), (5,5), (2,5), (6,5)
------------------------
Iteración 19
-----------
Abiertos = (2,8), (1,8), (1,9), (1,9), (2,10), (5,7), (1,5), (7,5), (5,3), (2,10), (5,8)
Cerrados = (3,8), (3,7), (3,9), (3,6), (4,6), (2,7), (2,8), (3,10), (5,6), (4,7), (5,7), (3,5), (1,7), (1,8), (2,9), (5,5), (2,5), (6,5), (5,4)
------------------------
Iteración 20
-----------
Abiertos = (2,8), (1,9), (2,10), (5,7), (1,5), (7,5), (5,3), (2,10), (1,10), (5,8)
Cerrados = (3,8), (3,7), (3,9), (3,6), (4,6), (2,7), (2,8), (3,10), (5,6), (4,7), (5,7), (3,5), (1,7), (1,8), (2,9), (5,5), (2,5), (6,5), (5,4), (1,9)
------------------------
Iteración 21
-----------
Abiertos = (2,8), (5,7), (1,5), (7,5), (5,3), (2,10), (1,10), (1,10), (5,8)
Cerrados = (3,8), (3,7), (3,9), (3,6), (4,6), (2,7), (2,8), (3,10), (5,6), (4,7), (5,7), (3,5), (1,7), (1,8), (2,9), (5,5), (2,5), (6,5), (5,4), (1,9), (2,10)
------------------------
Iteración 22
-----------
Abiertos = (2,8), (1,4), (7,5), (5,3), (2,10), (1,10), (1,10), (5,8)
Cerrados = (3,8), (3,7), (3,9), (3,6), (4,6), (2,7), (2,8), (3,10), (5,6), (4,7), (5,7), (3,5), (1,7), (1,8), (2,9), (5,5), (2,5), (6,5), (5,4), (1,9), (2,10), (1,5)
------------------------
Iteración 23
-----------
Abiertos = (1,3), (5,3), (7,5), (2,10), (1,10), (1,10), (5,8)
Cerrados = (3,8), (3,7), (3,9), (3,6), (4,6), (2,7), (2,8), (3,10), (5,6), (4,7), (5,7), (3,5), (1,7), (1,8), (2,9), (5,5), (2,5), (6,5), (5,4), (1,9), (2,10), (1,5), (1,4)
------------------------
Iteración 24
-----------
Abiertos = (1,3), (5,2), (7,5), (2,10), (1,10), (1,10), (4,3), (5,8)
Cerrados = (3,8), (3,7), (3,9), (3,6), (4,6), (2,7), (2,8), (3,10), (5,6), (4,7), (5,7), (3,5), (1,7), (1,8), (2,9), (5,5), (2,5), (6,5), (5,4), (1,9), (2,10), (1,5), (1,4), (5,3)
------------------------
Iteración 25
-----------
Abiertos = (1,3), (7,5), (2,10), (1,10), (1,10), (6,2), (4,2), (4,3), (5,8)
Cerrados = (3,8), (3,7), (3,9), (3,6), (4,6), (2,7), (2,8), (3,10), (5,6), (4,7), (5,7), (3,5), (1,7), (1,8), (2,9), (5,5), (2,5), (6,5), (5,4), (1,9), (2,10), (1,5), (1,4), (5,3), (5,2)
------------------------
Iteración 26
-----------
Abiertos = (1,3), (8,5), (2,10), (1,10), (1,10), (6,2), (7,4), (4,2), (4,3), (5,8)
Cerrados = (3,8), (3,7), (3,9), (3,6), (4,6), (2,7), (2,8), (3,10), (5,6), (4,7), (5,7), (3,5), (1,7), (1,8), (2,9), (5,5), (2,5), (6,5), (5,4), (1,9), (2,10), (1,5), (1,4), (5,3), (5,2), (7,5)
------------------------
Iteración 27
-----------
Abiertos = (1,3), (8,4), (2,10), (1,10), (1,10), (6,2), (7,4), (4,2), (8,6), (4,3), (5,8)
Cerrados = (3,8), (3,7), (3,9), (3,6), (4,6), (2,7), (2,8), (3,10), (5,6), (4,7), (5,7), (3,5), (1,7), (1,8), (2,9), (5,5), (2,5), (6,5), (5,4), (1,9), (2,10), (1,5), (1,4), (5,3), (5,2), (7,5), (8,5)
------------------------
Iteración 28
-----------
Abiertos = (1,2), (8,4), (2,10), (1,10), (1,10), (2,3), (6,2), (7,4), (4,2), (8,6), (4,3), (5,8)
Cerrados = (3,8), (3,7), (3,9), (3,6), (4,6), (2,7), (2,8), (3,10), (5,6), (4,7), (5,7), (3,5), (1,7), (1,8), (2,9), (5,5), (2,5), (6,5), (5,4), (1,9), (2,10), (1,5), (1,4), (5,3), (5,2), (7,5), (8,5), (1,3)
------------------------
Iteración 29
-----------
Abiertos = (8,4), (2,10), (1,10), (1,10), (2,2), (2,3), (6,2), (7,4), (1,1), (8,6), (4,2), (4,3), (5,8)
Cerrados = (3,8), (3,7), (3,9), (3,6), (4,6), (2,7), (2,8), (3,10), (5,6), (4,7), (5,7), (3,5), (1,7), (1,8), (2,9), (5,5), (2,5), (6,5), (5,4), (1,9), (2,10), (1,5), (1,4), (5,3), (5,2), (7,5), (8,5), (1,3), (1,2)
------------------------
Iteración 30
-----------
Abiertos = (8,3), (1,10), (1,10), (2,2), (2,3), (6,2), (7,4), (1,1), (8,6), (4,2), (4,3), (5,8), (7,4)
Cerrados = (3,8), (3,7), (3,9), (3,6), (4,6), (2,7), (2,8), (3,10), (5,6), (4,7), (5,7), (3,5), (1,7), (1,8), (2,9), (5,5), (2,5), (6,5), (5,4), (1,9), (2,10), (1,5), (1,4), (5,3), (5,2), (7,5), (8,5), (1,3), (1,2), (8,4)
------------------------
Iteración 31
-----------
Abiertos = (8,2), (9,3), (1,10), (1,10), (2,2), (2,3), (6,2), (7,4), (1,1), (4,2), (8,6), (4,3), (5,8), (7,3), (7,4)
Cerrados = (3,8), (3,7), (3,9), (3,6), (4,6), (2,7), (2,8), (3,10), (5,6), (4,7), (5,7), (3,5), (1,7), (1,8), (2,9), (5,5), (2,5), (6,5), (5,4), (1,9), (2,10), (1,5), (1,4), (5,3), (5,2), (7,5), (8,5), (1,3), (1,2), (8,4), (8,3)
------------------------
Iteración 32
-----------
Abiertos = (9,3), (1,10), (1,10), (2,2), (2,3), (6,2), (7,4), (1,1), (8,1), (8,6), (4,2), (4,3), (5,8), (7,2), (7,3), (7,4)
Cerrados = (3,8), (3,7), (3,9), (3,6), (4,6), (2,7), (2,8), (3,10), (5,6), (4,7), (5,7), (3,5), (1,7), (1,8), (2,9), (5,5), (2,5), (6,5), (5,4), (1,9), (2,10), (1,5), (1,4), (5,3), (5,2), (7,5), (8,5), (1,3), (1,2), (8,4), (8,3), (8,2)
------------------------
Iteración 33
-----------
Abiertos = (9,3), (1,10), (2,2), (2,3), (6,2), (7,4), (1,1), (8,1), (8,6), (4,2), (4,3), (5,8), (7,2), (7,3), (7,4)
Cerrados = (3,8), (3,7), (3,9), (3,6), (4,6), (2,7), (2,8), (3,10), (5,6), (4,7), (5,7), (3,5), (1,7), (1,8), (2,9), (5,5), (2,5), (6,5), (5,4), (1,9), (2,10), (1,5), (1,4), (5,3), (5,2), (7,5), (8,5), (1,3), (1,2), (8,4), (8,3), (8,2), (1,10)
------------------------
Iteración 34
-----------
Abiertos = (1,10), (2,2), (2,3), (10,3), (6,2), (7,4), (1,1), (8,1), (8,6), (4,2), (4,3), (5,8), (7,2), (7,3), (7,4)
Cerrados = (3,8), (3,7), (3,9), (3,6), (4,6), (2,7), (2,8), (3,10), (5,6), (4,7), (5,7), (3,5), (1,7), (1,8), (2,9), (5,5), (2,5), (6,5), (5,4), (1,9), (2,10), (1,5), (1,4), (5,3), (5,2), (7,5), (8,5), (1,3), (1,2), (8,4), (8,3), (8,2), (1,10), (9,3)
------------------------
Iteración 35
-----------
Abiertos = (2,2), (10,3), (6,2), (7,4), (1,1), (8,1), (8,6), (4,2), (4,3), (2,2), (3,3), (5,8), (7,2), (7,3), (7,4)
Cerrados = (3,8), (3,7), (3,9), (3,6), (4,6), (2,7), (2,8), (3,10), (5,6), (4,7), (5,7), (3,5), (1,7), (1,8), (2,9), (5,5), (2,5), (6,5), (5,4), (1,9), (2,10), (1,5), (1,4), (5,3), (5,2), (7,5), (8,5), (1,3), (1,2), (8,4), (8,3), (8,2), (1,10), (9,3), (2,3)
------------------------
Iteración 36
-----------
Abiertos = (10,3), (6,2), (7,4), (1,1), (8,1), (8,6), (4,2), (4,3), (2,2), (3,3), (5,8), (2,1), (7,2), (7,3), (7,4)
Cerrados = (3,8), (3,7), (3,9), (3,6), (4,6), (2,7), (2,8), (3,10), (5,6), (4,7), (5,7), (3,5), (1,7), (1,8), (2,9), (5,5), (2,5), (6,5), (5,4), (1,9), (2,10), (1,5), (1,4), (5,3), (5,2), (7,5), (8,5), (1,3), (1,2), (8,4), (8,3), (8,2), (1,10), (9,3), (2,3), (2,2)
------------------------
Iteración 37
-----------
Abiertos = (10,2), (6,2), (7,4), (1,1), (8,1), (8,6), (4,2), (4,3), (2,2), (3,3), (5,8), (2,1), (11,3), (7,2), (7,3), (7,4), (10,4)
Cerrados = (3,8), (3,7), (3,9), (3,6), (4,6), (2,7), (2,8), (3,10), (5,6), (4,7), (5,7), (3,5), (1,7), (1,8), (2,9), (5,5), (2,5), (6,5), (5,4), (1,9), (2,10), (1,5), (1,4), (5,3), (5,2), (7,5), (8,5), (1,3), (1,2), (8,4), (8,3), (8,2), (1,10), (9,3), (2,3), (2,2), (10,3)
------------------------
Iteración 38
-----------
Abiertos = (10,2), (7,4), (1,1), (8,1), (8,6), (4,2), (4,3), (2,2), (3,3), (5,8), (7,2), (2,1), (11,3), (7,2), (7,3), (7,4), (10,4), (6,1)
Cerrados = (3,8), (3,7), (3,9), (3,6), (4,6), (2,7), (2,8), (3,10), (5,6), (4,7), (5,7), (3,5), (1,7), (1,8), (2,9), (5,5), (2,5), (6,5), (5,4), (1,9), (2,10), (1,5), (1,4), (5,3), (5,2), (7,5), (8,5), (1,3), (1,2), (8,4), (8,3), (8,2), (1,10), (9,3), (2,3), (2,2), (10,3), (6,2)
------------------------
Camino: (3,8) -> (3,7) -> (3,6) -> (4,6) -> (5,6) -> (5,5) -> (6,5) -> (7,5) -> (8,5) -> (8,4) -> (8,3) -> (9,3) -> (10,3) -> (10,2)
Coste: 47
Iteración 0
-----------
Abiertos = (3,8)
Cerrados = 
------------------------
Iteración 1
-----------
Abiertos = (3,7), (3,9), (2,8)
Cerrados = (3,8)
------------------------
Iteración 2
-----------
Abiertos = (3,7), (2,8), (3,10), (2,9)
Cerrados = (3,8), (3,9)
------------------------
Iteración 3
-----------
Abiertos = (3,7), (2,7), (3,10), (2,9), (1,8), (2,9)
Cerrados = (3,8), (3,9), (2,8)
------------------------
Iteración 4
-----------
Abiertos = (4,7), (3,6), (2,7), (2,7), (3,10), (1,8), (2,9), (2,9)
Cerrados = (3,8), (3,9), (2,8), (3,7)
------------------------
Iteración 5
-----------
Abiertos = (4,7), (4,6), (2,7), (2,7), (3,10), (3,5), (2,9), (1,8), (2,9)
Cerrados = (3,8), (3,9), (2,8), (3,7), (3,6)
------------------------
Iteración 6
-----------
Abiertos = (4,7), (2,7), (2,7), (3,10), (5,6), (3,5), (4,7), (1,8), (2,9), (2,9)
Cerrados = (3,8), (3,9), (2,8), (3,7), (3,6), (4,6)
------------------------
Iteración 7
-----------
Abiertos = (4,7), (2,7), (3,10), (5,6), (3,5), (4,7), (1,7), (1,8), (2,9), (2,9)
Cerrados = (3,8), (3,9), (2,8), (3,7), (3,6), (4,6), (2,7)
------------------------
Iteración 8
-----------
Abiertos = (5,7), (2,7), (3,10), (5,6), (3,5), (4,7), (1,7), (1,8), (2,9), (2,9)
Cerrados = (3,8), (3,9), (2,8), (3,7), (3,6), (4,6), (2,7), (4,7)
------------------------
Iteración 9
-----------
Abiertos = (2,7), (3,10), (5,6), (5,6), (3,5), (4,7), (1,7), (1,8), (2,9), (5,8), (2,9)
Cerrados = (3,8), (3,9), (2,8), (3,7), (3,6), (4,6), (2,7), (4,7), (5,7)
------------------------
Iteración 10
-----------
Abiertos = (2,7), (5,6), (5,6), (3,5), (4,7), (1,7), (1,8), (2,9), (5,8), (2,9), (2,10)
Cerrados = (3,8), (3,9), (2,8), (3,7), (3,6), (4,6), (2,7), (4,7), (5,7), (3,10)
------------------------
Iteración 11
-----------
Abiertos = (5,6), (3,5), (4,7), (1,7), (1,8), (2,9), (5,5), (5,8), (2,9), (2,10)
Cerrados = (3,8), (3,9), (2,8), (3,7), (3,6), (4,6), (2,7), (4,7), (5,7), (3,10), (5,6)
------------------------
Iteración 12
-----------
Abiertos = (5,6), (4,7), (1,7), (1,8), (2,9), (5,5), (5,8), (2,5), (2,9), (2,10)
Cerrados = (3,8), (3,9), (2,8), (3,7), (3,6), (4,6), (2,7), (4,7), (5,7), (3,10), (5,6), (3,5)
------------------------
Iteración 13
-----------
Abiertos = (5,6), (1,8), (2,9), (5,5), (5,8), (2,5), (2,9), (1,8), (2,10)
Cerrados = (3,8), (3,9), (2,8), (3,7), (3,6), (4,6), (2,7), (4,7), (5,7), (3,10), (5,6), (3,5), (1,7)
------------------------
Iteración 14
-----------
Abiertos = (5,6), (2,9), (5,5), (5,8), (2,5), (2,9), (1,8), (1,9), (2,10)
Cerrados = (3,8), (3,9), (2,8), (3,7), (3,6), (4,6), (2,7), (4,7), (5,7), (3,10), (5,6), (3,5), (1,7), (1,8)
------------------------
Iteración 15
-----------
Abiertos = (5,6), (5,5), (5,8), (2,5), (2,9), (1,8), (2,10), (1,9), (1,9), (2,10)
Cerrados = (3,8), (3,9), (2,8), (3,7), (3,6), (4,6), (2,7), (4,7), (5,7), (3,10), (5,6), (3,5), (1,7), (1,8), (2,9)
------------------------
Iteración 16
-----------
Abiertos = (5,5), (2,5), (2,9), (1,8), (2,10), (1,9), (1,9), (2,10), (5,9)
Cerrados = (3,8), (3,9), (2,8), (3,7), (3,6), (4,6), (2,7), (4,7), (5,7), (3,10), (5,6), (3,5), (1,7), (1,8), (2,9), (5,8)
------------------------
Iteración 17
-----------
Abiertos = (2,5), (2,9), (6,5), (5,4), (1,8), (2,10), (1,9), (1,9), (2,10), (5,9)
Cerrados = (3,8), (3,9), (2,8), (3,7), (3,6), (4,6), (2,7), (4,7), (5,7), (3,10), (5,6), (3,5), (1,7), (1,8), (2,9), (5,8), (5,5)
------------------------
Iteración 18
-----------
Abiertos = (2,5), (5,4), (1,8), (2,10), (1,9), (1,9), (7,5), (2,10), (5,9)
Cerrados = (3,8), (3,9), (2,8), (3,7), (3,6), (4,6), (2,7), (4,7), (5,7), (3,10), (5,6), (3,5), (1,7), (1,8), (2,9), (5,8), (5,5), (6,5)
------------------------
Iteración 19
-----------
Abiertos = (2,5), (1,8), (2,10), (1,9), (1,9), (5,3), (7,5), (2,10), (5,9)
Cerrados = (3,8), (3,9), (2,8), (3,7), (3,6), (4,6), (2,7), (4,7), (5,7), (3,10), (5,6), (3,5), (1,7), (1,8), (2,9), (5,8), (5,5), (6,5), (5,4)
------------------------
Iteración 20
-----------
Abiertos = (1,9), (2,10), (1,9), (1,5), (5,3), (7,5), (2,10), (5,9)
Cerrados = (3,8), (3,9), (2,8), (3,7), (3,6), (4,6), (2,7), (4,7), (5,7), (3,10), (5,6), (3,5), (1,7), (1,8), (2,9), (5,8), (5,5), (6,5), (5,4), (2,5)
------------------------
Iteración 21
-----------
Abiertos = (1,9), (1,9), (1,5), (5,3), (7,5), (2,10), (1,10), (5,9)
Cerrados = (3,8), (3,9), (2,8), (3,7), (3,6), (4,6), (2,7), (4,7), (5,7), (3,10), (5,6), (3,5), (1,7), (1,8), (2,9), (5,8), (5,5), (6,5), (5,4), (2,5), (2,10)
------------------------
Iteración 22
-----------
Abiertos = (1,9), (1,5), (5,3), (7,5), (2,10), (1,10), (1,10), (5,9)
Cerrados = (3,8), (3,9), (2,8), (3,7), (3,6), (4,6), (2,7), (4,7), (5,7), (3,10), (5,6), (3,5), (1,7), (1,8), (2,9), (5,8), (5,5), (6,5), (5,4), (2,5), (2,10), (1,9)
------------------------
Iteración 23
-----------
Abiertos = (1,4), (7,5), (5,3), (2,10), (1,10), (1,10), (5,9)
Cerrados = (3,8), (3,9), (2,8), (3,7), (3,6), (4,6), (2,7), (4,7), (5,7), (3,10), (5,6), (3,5), (1,7), (1,8), (2,9), (5,8), (5,5), (6,5), (5,4), (2,5), (2,10), (1,9), (1,5)
------------------------
Iteración 24
-----------
Abiertos = (1,4), (8,5), (5,3), (2,10), (1,10), (1,10), (7,4), (5,9)
Cerrados = (3,8), (3,9), (2,8), (3,7), (3,6), (4,6), (2,7), (4,7), (5,7), (3,10), (5,6), (3,5), (1,7), (1,8), (2,9), (5,8), (5,5), (6,5), (5,4), (2,5), (2,10), (1,9), (1,5), (7,5)
------------------------
Iteración 25
-----------
Abiertos = (1,4), (8,4), (5,3), (2,10), (1,10), (1,10), (7,4), (8,6), (5,9)
Cerrados = (3,8), (3,9), (2,8), (3,7), (3,6), (4,6), (2,7), (4,7), (5,7), (3,10), (5,6), (3,5), (1,7), (1,8), (2,9), (5,8), (5,5), (6,5), (5,4), (2,5), (2,10), (1,9), (1,5), (7,5), (8,5)
------------------------
Iteración 26
-----------
Abiertos = (1,4), (8,3), (5,3), (2,10), (1,10), (1,10), (7,4), (8,6), (5,9), (7,4)
Cerrados = (3,8), (3,9), (2,8), (3,7), (3,6), (4,6), (2,7), (4,7), (5,7), (3,10), (5,6), (3,5), (1,7), (1,8), (2,9), (5,8), (5,5), (6,5), (5,4), (2,5), (2,10), (1,9), (1,5), (7,5), (8,5), (8,4)
------------------------
Iteración 27
-----------
Abiertos = (1,4), (8,2), (9,3), (5,3), (2,10), (1,10), (1,10), (7,4), (8,6), (5,9), (7,3), (7,4)
Cerrados = (3,8), (3,9), (2,8), (3,7), (3,6), (4,6), (2,7), (4,7), (5,7), (3,10), (5,6), (3,5), (1,7), (1,8), (2,9), (5,8), (5,5), (6,5), (5,4), (2,5), (2,10), (1,9), (1,5), (7,5), (8,5), (8,4), (8,3)
------------------------
Iteración 28
-----------
Abiertos = (1,3), (9,3), (8,2), (5,3), (2,10), (1,10), (1,10), (7,4), (8,6), (5,9), (7,3), (7,4)
Cerrados = (3,8), (3,9), (2,8), (3,7), (3,6), (4,6), (2,7), (4,7), (5,7), (3,10), (5,6), (3,5), (1,7), (1,8), (2,9), (5,8), (5,5), (6,5), (5,4), (2,5), (2,10), (1,9), (1,5), (7,5), (8,5), (8,4), (8,3), (1,4)
------------------------
Iteración 29
-----------
Abiertos = (1,3), (8,2), (5,3), (2,10), (1,10), (1,10), (10,3), (7,4), (8,6), (5,9), (7,3), (7,4)
Cerrados = (3,8), (3,9), (2,8), (3,7), (3,6), (4,6), (2,7), (4,7), (5,7), (3,10), (5,6), (3,5), (1,7), (1,8), (2,9), (5,8), (5,5), (6,5), (5,4), (2,5), (2,10), (1,9), (1,5), (7,5), (8,5), (8,4), (8,3), (1,4), (9,3)
------------------------
Iteración 30
-----------
Abiertos = (1,3), (5,3), (2,10), (1,10), (1,10), (10,3), (7,4), (8,1), (8,6), (5,9), (7,2), (7,3), (7,4)
Cerrados = (3,8), (3,9), (2,8), (3,7), (3,6), (4,6), (2,7), (4,7), (5,7), (3,10), (5,6), (3,5), (1,7), (1,8), (2,9), (5,8), (5,5), (6,5), (5,4), (2,5), (2,10), (1,9), (1,5), (7,5), (8,5), (8,4), (8,3), (1,4), (9,3), (8,2)
------------------------
Iteración 31
-----------
Abiertos = (1,2), (5,3), (2,10), (1,10), (1,10), (2,3), (10,3), (7,4), (8,1), (8,6), (5,9), (7,2), (7,3), (7,4)
Cerrados = (3,8), (3,9), (2,8), (3,7), (3,6), (4,6), (2,7), (4,7), (5,7), (3,10), (5,6), (3,5), (1,7), (1,8), (2,9), (5,8), (5,5), (6,5), (5,4), (2,5), (2,10), (1,9), (1,5), (7,5), (8,5), (8,4), (8,3), (1,4), (9,3), (8,2), (1,3)
------------------------
Iteración 32
-----------
Abiertos = (1,2), (5,2), (2,10), (1,10), (1,10), (2,3), (10,3), (7,4), (8,1), (8,6), (4,3), (5,9), (7,2), (7,3), (7,4)
Cerrados = (3,8), (3,9), (2,8), (3,7), (3,6), (4,6), (2,7), (4,7), (5,7), (3,10), (5,6), (3,5), (1,7), (1,8), (2,9), (5,8), (5,5), (6,5), (5,4), (2,5), (2,10), (1,9), (1,5), (7,5), (8,5), (8,4), (8,3), (1,4), (9,3), (8,2), (1,3), (5,3)
------------------------
Iteración 33
-----------
Abiertos = (5,2), (2,10), (1,10), (1,10), (2,2), (2,3), (10,3), (7,4), (1,1), (8,1), (8,6), (4,3), (5,9), (7,2), (7,3), (7,4)
Cerrados = (3,8), (3,9), (2,8), (3,7), (3,6), (4,6), (2,7), (4,7), (5,7), (3,10), (5,6), (3,5), (1,7), (1,8), (2,9), (5,8), (5,5), (6,5), (5,4), (2,5), (2,10), (1,9), (1,5), (7,5), (8,5), (8,4), (8,3), (1,4), (9,3), (8,2), (1,3), (5,3), (1,2)
------------------------
Iteración 34
-----------
Abiertos = (1,10), (1,10), (2,2), (2,3), (10,3), (6,2), (7,4), (1,1), (8,1), (8,6), (4,2), (4,3), (5,9), (7,2), (7,3), (7,4)
Cerrados = (3,8), (3,9), (2,8), (3,7), (3,6), (4,6), (2,7), (4,7), (5,7), (3,10), (5,6), (3,5), (1,7), (1,8), (2,9), (5,8), (5,5), (6,5), (5,4), (2,5), (2,10), (1,9), (1,5), (7,5), (8,5), (8,4), (8,3), (1,4), (9,3), (8,2), (1,3), (5,3), (1,2), (5,2)
------------------------
Iteración 35
-----------
Abiertos = (1,10), (2,2), (2,3), (10,3), (6,2), (7,4), (1,1), (8,1), (8,6), (4,2), (4,3), (5,9), (7,2), (7,3), (7,4)
Cerrados = (3,8), (3,9), (2,8), (3,7), (3,6), (4,6), (2,7), (4,7), (5,7), (3,10), (5,6), (3,5), (1,7), (1,8), (2,9), (5,8), (5,5), (6,5), (5,4), (2,5), (2,10), (1,9), (1,5), (7,5), (8,5), (8,4), (8,3), (1,4), (9,3), (8,2), (1,3), (5,3), (1,2), (5,2), (1,10)
------------------------
Iteración 36
-----------
Abiertos = (2,3), (10,3), (6,2), (7,4), (1,1), (8,1), (8,6), (4,2), (4,3), (5,9), (2,1), (7,2), (7,3), (7,4), (2,3)
Cerrados = (3,8), (3,9), (2,8), (3,7), (3,6), (4,6), (2,7), (4,7), (5,7), (3,10), (5,6), (3,5), (1,7), (1,8), (2,9), (5,8), (5,5), (6,5), (5,4), (2,5), (2,10), (1,9), (1,5), (7,5), (8,5), (8,4), (8,3), (1,4), (9,3), (8,2), (1,3), (5,3), (1,2), (5,2), (1,10), (2,2)
------------------------
Iteración 37
-----------
Abiertos = (2,3), (10,2), (6,2), (7,4), (1,1), (8,1), (8,6), (4,2), (4,3), (5,9), (2,1), (11,3), (7,2), (7,3), (7,4), (2,3), (10,4)
Cerrados = (3,8), (3,9), (2,8), (3,7), (3,6), (4,6), (2,7), (4,7), (5,7), (3,10), (5,6), (3,5), (1,7), (1,8), (2,9), (5,8), (5,5), (6,5), (5,4), (2,5), (2,10), (1,9), (1,5), (7,5), (8,5), (8,4), (8,3), (1,4), (9,3), (8,2), (1,3), (5,3), (1,2), (5,2), (1,10), (2,2), (10,3)
------------------------
Camino: (3,8) -> (3,7) -> (3,6) -> (4,6) -> (5,6) -> (5,5) -> (6,5) -> (7,5) -> (8,5) -> (8,4) -> (8,3) -> (9,3) -> (10,3) -> (10,2)
Coste: 47
Iteración 0
-----------
Abiertos = (3,8)
Cerrados = 
------------------------
Iteración 1
-----------
Abiertos = (3,7), (3,9), (2,8)
Cerrados = (3,8)
------------------------
Iteración 2
-----------
Abiertos = (4,7), (3,9), (3,6), (2,7), (2,8)
Cerrados = (3,8), (3,7)
------------------------
Iteración 3
-----------
Abiertos = (4,6), (3,9), (5,7), (3,6), (2,7), (2,8)
Cerrados = (3,8), (3,7), (4,7)
------------------------
Iteración 4
-----------
Abiertos = (3,9), (5,6), (5,7), (3,6), (2,7), (2,8), (3,6)
Cerrados = (3,8), (3,7), (4,7), (4,6)
------------------------
Iteración 5
-----------
Abiertos = (3,9), (5,7), (3,6), (2,7), (2,8), (5,5), (3,6), (5,7)
Cerrados = (3,8), (3,7), (4,7), (4,6), (5,6)
------------------------
Iteración 6
-----------
Abiertos = (3,9), (3,6), (2,7), (2,8), (5,5), (3,6), (5,7), (5,8)
Cerrados = (3,8), (3,7), (4,7), (4,6), (5,6), (5,7)
------------------------
Iteración 7
-----------
Abiertos = (3,6), (2,7), (2,8), (3,10), (5,5), (3,6), (2,9), (5,7), (5,8)
Cerrados = (3,8), (3,7), (4,7), (4,6), (5,6), (5,7), (3,9)
------------------------
Iteración 8
-----------
Abiertos = (3,6), (2,8), (3,10), (5,5), (3,6), (1,7), (2,9), (5,7), (5,8), (2,8)
Cerrados = (3,8), (3,7), (4,7), (4,6), (5,6), (5,7), (3,9), (2,7)
------------------------
Iteración 9
-----------
Abiertos = (2,8), (3,10), (5,5), (3,5), (3,6), (1,7), (2,9), (5,7), (5,8), (2,8)
Cerrados = (3,8), (3,7), (4,7), (4,6), (5,6), (5,7), (3,9), (2,7), (3,6)
------------------------
Iteración 10
-----------
Abiertos = (3,10), (5,5), (3,5), (3,6), (1,7), (2,9), (1,8), (5,7), (5,8), (2,8), (2,9)
Cerrados = (3,8), (3,7), (4,7), (4,6), (5,6), (5,7), (3,9), (2,7), (3,6), (2,8)
------------------------
Iteración 11
-----------
Abiertos = (5,5), (3,5), (3,6), (1,7), (2,9), (1,8), (5,7), (5,8), (2,8), (2,9), (2,10)
Cerrados = (3,8), (3,7), (4,7), (4,6), (5,6), (5,7), (3,9), (2,7), (3,6), (2,8), (3,10)
------------------------
Iteración 12
-----------
Abiertos = (5,5), (3,6), (1,7), (2,9), (1,8), (5,7), (5,8), (2,5), (2,8), (2,9), (2,10)
Cerrados = (3,8), (3,7), (4,7), (4,6), (5,6), (5,7), (3,9), (2,7), (3,6), (2,8), (3,10), (3,5)
------------------------
Iteración 13
-----------
Abiertos = (3,6), (1,7), (2,9), (1,8), (6,5), (5,4), (5,7), (5,8), (2,5), (2,8), (2,9), (2,10)
Cerrados = (3,8), (3,7), (4,7), (4,6), (5,6), (5,7), (3,9), (2,7), (3,6), (2,8), (3,10), (3,5), (5,5)
------------------------
Iteración 14
-----------
Abiertos = (1,7), (1,8), (6,5), (5,4), (5,7), (5,8), (2,5), (2,8), (2,9), (1,9), (2,10), (2,10)
Cerrados = (3,8), (3,7), (4,7), (4,6), (5,6), (5,7), (3,9), (2,7), (3,6), (2,8), (3,10), (3,5), (5,5), (2,9)
------------------------
Iteración 15
-----------
Abiertos = (1,8), (6,5), (5,4), (5,7), (5,8), (2,5), (2,8), (2,9), (1,8), (1,9), (2,10), (2,10)
Cerrados = (3,8), (3,7), (4,7), (4,6), (5,6), (5,7), (3,9), (2,7), (3,6), (2,8), (3,10), (3,5), (5,5), (2,9), (1,7)
------------------------
Iteración 16
-----------
Abiertos = (5,4), (6,5), (5,7), (5,8), (2,5), (2,8), (2,9), (1,8), (1,9), (2,10), (1,9), (2,10)
Cerrados = (3,8), (3,7), (4,7), (4,6), (5,6), (5,7), (3,9), (2,7), (3,6), (2,8), (3,10), (3,5), (5,5), (2,9), (1,7), (1,8)
------------------------
Iteración 17
-----------
Abiertos = (5,4), (5,7), (5,8), (2,5), (2,8), (2,9), (7,5), (1,8), (1,9), (2,10), (1,9), (2,10)
Cerrados = (3,8), (3,7), (4,7), (4,6), (5,6), (5,7), (3,9), (2,7), (3,6), (2,8), (3,10), (3,5), (5,5), (2,9), (1,7), (1,8), (6,5)
------------------------
Iteración 18
-----------
Abiertos = (5,7), (5,8), (2,5), (2,8), (2,9), (7,5), (5,3), (1,8), (2,10), (1,9), (1,9), (2,10)
Cerrados = (3,8), (3,7), (4,7), (4,6), (5,6), (5,7), (3,9), (2,7), (3,6), (2,8), (3,10), (3,5), (5,5), (2,9), (1,7), (1,8), (6,5), (5,4)
------------------------
Iteración 19
-----------
Abiertos = (5,7), (2,5), (2,8), (2,9), (7,5), (5,3), (1,8), (1,9), (1,9), (2,10), (2,10), (5,9)
Cerrados = (3,8), (3,7), (4,7), (4,6), (5,6), (5,7), (3,9), (2,7), (3,6), (2,8), (3,10), (3,5), (5,5), (2,9), (1,7), (1,8), (6,5), (5,4), (5,8)
------------------------
Iteración 20
-----------
Abiertos = (2,5), (5,2), (7,5), (1,8), (1,9), (1,9), (2,10), (2,10), (4,3), (5,9)
Cerrados = (3,8), (3,7), (4,7), (4,6), (5,6), (5,7), (3,9), (2,7), (3,6), (2,8), (3,10), (3,5), (5,5), (2,9), (1,7), (1,8), (6,5), (5,4), (5,8), (5,3)
------------------------
Iteración 21
-----------
Abiertos = (5,2), (7,5), (1,8), (1,9), (1,9), (2,10), (1,5), (2,10), (4,3), (5,9)
Cerrados = (3,8), (3,7), (4,7), (4,6), (5,6), (5,7), (3,9), (2,7), (3,6), (2,8), (3,10), (3,5), (5,5), (2,9), (1,7), (1,8), (6,5), (5,4), (5,8), (5,3), (2,5)
------------------------
Iteración 22
-----------
Abiertos = (5,2), (8,5), (1,8), (1,9), (1,9), (2,10), (1,5), (7,4), (2,10), (4,3), (5,9)
Cerrados = (3,8), (3,7), (4,7), (4,6), (5,6), (5,7), (3,9), (2,7), (3,6), (2,8), (3,10), (3,5), (5,5), (2,9), (1,7), (1,8), (6,5), (5,4), (5,8), (5,3), (2,5), (7,5)
------------------------
Iteración 23
-----------
Abiertos = (8,5), (1,8), (1,9), (1,9), (2,10), (1,5), (6,2), (7,4), (2,10), (4,2), (4,3), (5,9)
Cerrados = (3,8), (3,7), (4,7), (4,6), (5,6), (5,7), (3,9), (2,7), (3,6), (2,8), (3,10), (3,5), (5,5), (2,9), (1,7), (1,8), (6,5), (5,4), (5,8), (5,3), (2,5), (7,5), (5,2)
------------------------
Iteración 24
-----------
Abiertos = (8,4), (1,9), (2,10), (1,9), (1,5), (6,2), (7,4), (2,10), (4,2), (8,6), (4,3), (5,9)
Cerrados = (3,8), (3,7), (4,7), (4,6), (5,6), (5,7), (3,9), (2,7), (3,6), (2,8), (3,10), (3,5), (5,5), (2,9), (1,7), (1,8), (6,5), (5,4), (5,8), (5,3), (2,5), (7,5), (5,2), (8,5)
------------------------
Iteración 25
-----------
Abiertos = (8,4), (2,10), (1,9), (1,5), (6,2), (7,4), (2,10), (4,2), (8,6), (4,3), (1,10), (5,9)
Cerrados = (3,8), (3,7), (4,7), (4,6), (5,6), (5,7), (3,9), (2,7), (3,6), (2,8), (3,10), (3,5), (5,5), (2,9), (1,7), (1,8), (6,5), (5,4), (5,8), (5,3), (2,5), (7,5), (5,2), (8,5), (1,9)
------------------------
Iteración 26
-----------
Abiertos = (8,4), (1,9), (1,5), (6,2), (7,4), (2,10), (4,2), (8,6), (4,3), (1,10), (1,10), (5,9)
Cerrados = (3,8), (3,7), (4,7), (4,6), (5,6), (5,7), (3,9), (2,7), (3,6), (2,8), (3,10), (3,5), (5,5), (2,9), (1,7), (1,8), (6,5), (5,4), (5,8), (5,3), (2,5), (7,5), (5,2), (8,5), (1,9), (2,10)
------------------------
Iteración 27
-----------
Abiertos = (8,3), (1,5), (6,2), (7,4), (2,10), (4,2), (8,6), (4,3), (1,10), (1,10), (7,4), (5,9)
Cerrados = (3,8), (3,7), (4,7), (4,6), (5,6), (5,7), (3,9), (2,7), (3,6), (2,8), (3,10), (3,5), (5,5), (2,9), (1,7), (1,8), (6,5), (5,4), (5,8), (5,3), (2,5), (7,5), (5,2), (8,5), (1,9), (2,10), (8,4)
------------------------
Iteración 28
-----------
Abiertos = (8,2), (9,3), (1,5), (6,2), (7,4), (2,10), (4,2), (8,6), (4,3), (1,10), (1,10), (7,3), (7,4), (5,9)
Cerrados = (3,8), (3,7), (4,7), (4,6), (5,6), (5,7), (3,9), (2,7), (3,6), (2,8), (3,10), (3,5), (5,5), (2,9), (1,7), (1,8), (6,5), (5,4), (5,8), (5,3), (2,5), (7,5), (5,2), (8,5), (1,9), (2,10), (8,4), (8,3)
------------------------
Iteración 29
-----------
Abiertos = (9,3), (1,5), (6,2), (7,4), (2,10), (8,1), (4,2), (8,6), (4,3), (1,10), (1,10), (7,2), (7,3), (7,4), (5,9)
Cerrados = (3,8), (3,7), (4,7), (4,6), (5,6), (5,7), (3,9), (2,7), (3,6), (2,8), (3,10), (3,5), (5,5), (2,9), (1,7), (1,8), (6,5), (5,4), (5,8), (5,3), (2,5), (7,5), (5,2), (8,5), (1,9), (2,10), (8,4), (8,3), (8,2)
------------------------
Iteración 30
-----------
Abiertos = (9,3), (1,4), (6,2), (7,4), (2,10), (8,1), (4,2), (8,6), (4,3), (1,10), (1,10), (7,2), (7,3), (7,4), (5,9)
Cerrados = (3,8), (3,7), (4,7), (4,6), (5,6), (5,7), (3,9), (2,7), (3,6), (2,8), (3,10), (3,5), (5,5), (2,9), (1,7), (1,8), (6,5), (5,4), (5,8), (5,3), (2,5), (7,5), (5,2), (8,5), (1,9), (2,10), (8,4), (8,3), (8,2), (1,5)
------------------------
Iteración 31
-----------
Abiertos = (1,4), (10,3), (6,2), (7,4), (2,10), (8,1), (4,2), (8,6), (4,3), (1,10), (1,10), (7,2), (7,3), (7,4), (5,9)
Cerrados = (3,8), (3,7), (4,7), (4,6), (5,6), (5,7), (3,9), (2,7), (3,6), (2,8), (3,10), (3,5), (5,5), (2,9), (1,7), (1,8), (6,5), (5,4), (5,8), (5,3), (2,5), (7,5), (5,2), (8,5), (1,9), (2,10), (8,4), (8,3), (8,2), (1,5), (9,3)
------------------------
Iteración 32
-----------
Abiertos = (1,4), (10,2), (6,2), (7,4), (2,10), (8,1), (4,2), (8,6), (4,3), (1,10), (1,10), (11,3), (7,2), (7,3), (7,4), (5,9), (10,4)
Cerrados = (3,8), (3,7), (4,7), (4,6), (5,6), (5,7), (3,9), (2,7), (3,6), (2,8), (3,10), (3,5), (5,5), (2,9), (1,7), (1,8), (6,5), (5,4), (5,8), (5,3), (2,5), (7,5), (5,2), (8,5), (1,9), (2,10), (8,4), (8,3), (8,2), (1,5), (9,3), (10,3)
------------------------
Iteración 33
-----------
Abiertos = (1,3), (10,2), (6,2), (7,4), (2,10), (8,1), (4,2), (8,6), (4,3), (1,10), (1,10), (11,3), (7,2), (7,3), (7,4), (5,9), (10,4)
Cerrados = (3,8), (3,7), (4,7), (4,6), (5,6), (5,7), (3,9), (2,7), (3,6), (2,8), (3,10), (3,5), (5,5), (2,9), (1,7), (1,8), (6,5), (5,4), (5,8), (5,3), (2,5), (7,5), (5,2), (8,5), (1,9), (2,10), (8,4), (8,3), (8,2), (1,5), (9,3), (10,3), (1,4)
------------------------
Iteración 34
-----------
Abiertos = (1,2), (10,2), (6,2), (7,4), (2,10), (8,1), (4,2), (8,6), (4,3), (1,10), (1,10), (2,3), (11,3), (7,2), (7,3), (7,4), (5,9), (10,4)
Cerrados = (3,8), (3,7), (4,7), (4,6), (5,6), (5,7), (3,9), (2,7), (3,6), (2,8), (3,10), (3,5), (5,5), (2,9), (1,7), (1,8), (6,5), (5,4), (5,8), (5,3), (2,5), (7,5), (5,2), (8,5), (1,9), (2,10), (8,4), (8,3), (8,2), (1,5), (9,3), (10,3), (1,4), (1,3)
------------------------
Iteración 35
-----------
Abiertos = (10,2), (6,2), (7,4), (2,10), (8,1), (4,2), (8,6), (4,3), (1,10), (1,10), (2,2), (2,3), (1,1), (11,3), (7,2), (7,3), (7,4), (5,9), (10,4)
Cerrados = (3,8), (3,7), (4,7), (4,6), (5,6), (5,7), (3,9), (2,7), (3,6), (2,8), (3,10), (3,5), (5,5), (2,9), (1,7), (1,8), (6,5), (5,4), (5,8), (5,3), (2,5), (7,5), (5,2), (8,5), (1,9), (2,10), (8,4), (8,3), (8,2), (1,5), (9,3), (10,3), (1,4), (1,3), (1,2)
------------------------
Iteración 36
-----------
Abiertos = (10,2), (7,4), (2,10), (8,1), (4,2), (8,6), (4,3), (1,10), (1,10), (2,2), (2,3), (7,2), (1,1), (11,3), (7,2), (7,3), (7,4), (5,9), (10,4), (6,1)
Cerrados = (3,8), (3,7), (4,7), (4,6), (5,6), (5,7), (3,9), (2,7), (3,6), (2,8), (3,10), (3,5), (5,5), (2,9), (1,7), (1,8), (6,5), (5,4), (5,8), (5,3), (2,5), (7,5), (5,2), (8,5), (1,9), (2,10), (8,4), (8,3), (8,2), (1,5), (9,3), (10,3), (1,4), (1,3), (1,2), (6,2)
------------------------
Camino: (3,8) -> (3,7) -> (4,7) -> (4,6) -> (5,6) -> (5,5) -> (6,5) -> (7,5) -> (8,5) -> (8,4) -> (8,3) -> (9,3) -> (10,3) -> (10,2)
Coste: 44
Iteración 0
-----------
Abiertos = (3,8)
Cerrados = 
------------------------
Iteración 1
-----------
Abiertos = (3,7), (3,9), (2,8)
Cerrados = (3,8)
------------------------
Iteración 2
-----------
Abiertos = (4,7), (3,9), (3,6), (2,7), (2,8)
Cerrados = (3,8), (3,7)
------------------------
Iteración 3
-----------
Abiertos = (4,7), (3,6), (2,7), (2,8), (3,10), (2,9)
Cerrados = (3,8), (3,7), (3,9)
------------------------
Iteración 4
-----------
Abiertos = (4,7), (4,6), (2,7), (2,8), (3,10), (3,5), (2,9)
Cerrados = (3,8), (3,7), (3,9), (3,6)
------------------------
Iteración 5
-----------
Abiertos = (4,7), (2,7), (2,8), (3,10), (5,6), (3,5), (4,7), (2,9)
Cerrados = (3,8), (3,7), (3,9), (3,6), (4,6)
------------------------
Iteración 6
-----------
Abiertos = (4,7), (2,8), (3,10), (5,6), (3,5), (4,7), (1,7), (2,9), (2,8)
Cerrados = (3,8), (3,7), (3,9), (3,6), (4,6), (2,7)
------------------------
Iteración 7
-----------
Abiertos = (4,7), (3,10), (5,6), (3,5), (4,7), (1,7), (2,9), (1,8), (2,8), (2,9)
Cerrados = (3,8), (3,7), (3,9), (3,6), (4,6), (2,7), (2,8)
------------------------
Iteración 8
-----------
Abiertos = (4,7), (5,6), (3,5), (4,7), (1,7), (2,9), (1,8), (2,8), (2,9), (2,10)
Cerrados = (3,8), (3,7), (3,9), (3,6), (4,6), (2,7), (2,8), (3,10)
------------------------
Iteración 9
-----------
Abiertos = (4,7), (3,5), (4,7), (1,7), (2,9), (1,8), (5,5), (2,8), (2,9), (2,10), (5,7)
Cerrados = (3,8), (3,7), (3,9), (3,6), (4,6), (2,7), (2,8), (3,10), (5,6)
------------------------
Iteración 10
-----------
Abiertos = (5,7), (3,5), (4,7), (1,7), (2,9), (1,8), (5,5), (2,8), (2,9), (2,10), (5,7)
Cerrados = (3,8), (3,7), (3,9), (3,6), (4,6), (2,7), (2,8), (3,10), (5,6), (4,7)
------------------------
Iteración 11
-----------
Abiertos = (3,5), (4,7), (1,7), (2,9), (1,8), (5,5), (2,8), (2,9), (2,10), (5,7), (5,8)
Cerrados = (3,8), (3,7), (3,9), (3,6), (4,6), (2,7), (2,8), (3,10), (5,6), (4,7), (5,7)
------------------------
Iteración 12
-----------
Abiertos = (1,7), (2,9), (1,8), (5,5), (2,5), (2,8), (2,9), (2,10), (5,7), (5,8)
Cerrados = (3,8), (3,7), (3,9), (3,6), (4,6), (2,7), (2,8), (3,10), (5,6), (4,7), (5,7), (3,5)
------------------------
Iteración 13
-----------
Abiertos = (1,8), (2,9), (5,5), (2,5), (2,8), (2,9), (1,8), (2,10), (5,7), (5,8)
Cerrados = (3,8), (3,7), (3,9), (3,6), (4,6), (2,7), (2,8), (3,10), (5,6), (4,7), (5,7), (3,5), (1,7)
------------------------
Iteración 14
-----------
Abiertos = (2,9), (5,5), (2,5), (2,8), (2,9), (1,8), (1,9), (2,10), (5,7), (5,8)
Cerrados = (3,8), (3,7), (3,9), (3,6), (4,6), (2,7), (2,8), (3,10), (5,6), (4,7), (5,7), (3,5), (1,7), (1,8)
------------------------
Iteración 15
-----------
Abiertos = (5,5), (2,5), (2,8), (2,9), (1,8), (1,9), (2,10), (1,9), (5,7), (2,10), (5,8)
Cerrados = (3,8), (3,7), (3,9), (3,6), (4,6), (2,7), (2,8), (3,10), (5,6), (4,7), (5,7), (3,5), (1,7), (1,8), (2,9)
------------------------
Iteración 16
-----------
Abiertos = (2,5), (2,8), (2,9), (6,5), (5,4), (1,8), (1,9), (1,9), (2,10), (5,7), (2,10), (5,8)
Cerrados = (3,8), (3,7), (3,9), (3,6), (4,6), (2,7), (2,8), (3,10), (5,6), (4,7), (5,7), (3,5), (1,7), (1,8), (2,9), (5,5)
------------------------
Iteración 17
-----------
Abiertos = (2,8), (2,9), (6,5), (5,4), (1,8), (1,9), (1,9), (2,10), (5,7), (1,5), (2,10), (5,8)
Cerrados = (3,8), (3,7), (3,9), (3,6), (4,6), (2,7), (2,8), (3,10), (5,6), (4,7), (5,7), (3,5), (1,7), (1,8), (2,9), (5,5), (2,5)
------------------------
Iteración 18
-----------
Abiertos = (2,8), (5,4), (1,8), (1,9), (1,9), (2,10), (5,7), (1,5), (7,5), (2,10), (5,8)
Cerrados = (3,8), (3,7), (3,9), (3,6), (4,6), (2,7), (2,8), (3,10), (5,6), (4,7), (5,7), (3,5), (1,7), (1,8), (2,9), (5,5), (2,5), (6,5)
------------------------
Iteración 19
-----------
Abiertos = (2,8), (1,8), (1,9), (1,9), (2,10), (5,7), (1,5), (7,5), (5,3), (2,10), (5,8)
Cerrados = (3,8), (3,7), (3,9), (3,6), (4,6), (2,7), (2,8), (3,10), (5,6), (4,7), (5,7), (3,5), (1,7), (1,8), (2,9), (5,5), (2,5), (6,5), (5,4)
------------------------
Iteración 20
-----------
Abiertos = (2,8), (1,9), (2,10), (5,7), (1,5), (7,5), (5,3), (2,10), (1,10), (5,8)
Cerrados = (3,8), (3,7), (3,9), (3,6), (4,6), (2,7), (2,8), (3,10), (5,6), (4,7), (5,7), (3,5), (1,7), (1,8), (2,9), (5,5), (2,5), (6,5), (5,4), (1,9)
------------------------
Iteración 21
-----------
Abiertos = (2,8), (5,7), (1,5), (7,5), (5,3), (2,10), (1,10), (1,10), (5,8)
Cerrados = (3,8), (3,7), (3,9), (3,6), (4,6), (2,7), (2,8), (3,10), (5,6), (4,7), (5,7), (3,5), (1,7), (1,8), (2,9), (5,5), (2,5), (6,5), (5,4), (1,9), (2,10)
------------------------
Iteración 22
-----------
Abiertos = (2,8), (1,4), (7,5), (5,3), (2,10), (1,10), (1,10), (5,8)
Cerrados = (3,8), (3,7), (3,9), (3,6), (4,6), (2,7), (2,8), (3,10), (5,6), (4,7), (5,7), (3,5), (1,7), (1,8), (2,9), (5,5), (2,5), (6,5), (5,4), (1,9), (2,10), (1,5)
------------------------
Iteración 23
-----------
Abiertos = (1,3), (5,3), (7,5), (2,10), (1,10), (1,10), (5,8)
Cerrados = (3,8), (3,7), (3,9), (3,6), (4,6), (2,7), (2,8), (3,10), (5,6), (4,7), (5,7), (3,5), (1,7), (1,8), (2,9), (5,5), (2,5), (6,5), (5,4), (1,9), (2,10), (1,5), (1,4)
------------------------
Iteración 24
-----------
Abiertos = (1,3), (5,2), (7,5), (2,10), (1,10), (1,10), (4,3), (5,8)
Cerrados = (3,8), (3,7), (3,9), (3,6), (4,6), (2,7), (2,8), (3,10), (5,6), (4,7), (5,7), (3,5), (1,7), (1,8), (2,9), (5,5), (2,5), (6,5), (5,4), (1,9), (2,10), (1,5), (1,4), (5,3)
------------------------
Iteración 25
-----------
Abiertos = (1,3), (7,5), (2,10), (1,10), (1,10), (6,2), (4,2), (4,3), (5,8)
Cerrados = (3,8), (3,7), (3,9), (3,6), (4,6), (2,7), (2,8), (3,10), (5,6), (4,7), (5,7), (3,5), (1,7), (1,8), (2,9), (5,5), (2,5), (6,5), (5,4), (1,9), (2,10), (1,5), (1,4), (5,3), (5,2)
------------------------
Iteración 26
-----------
Abiertos = (1,3), (8,5), (2,10), (1,10), (1,10), (6,2), (7,4), (4,2), (4,3), (5,8)
Cerrados = (3,8), (3,7), (3,9), (3,6), (4,6), (2,7), (2,8), (3,10), (5,6), (4,7), (5,7), (3,5), (1,7), (1,8), (2,9), (5,5), (2,5), (6,5), (5,4), (1,9), (2,10), (1,5), (1,4), (5,3), (5,2), (7,5)
------------------------
Iteración 27
-----------
Abiertos = (1,3), (8,4), (2,10), (1,10), (1,10), (6,2), (7,4), (4,2), (8,6), (4,3), (5,8)
Cerrados = (3,8), (3,7), (3,9), (3,6), (4,6), (2,7), (2,8), (3,10), (5,6), (4,7), (5,7), (3,5), (1,7), (1,8), (2,9), (5,5), (2,5), (6,5), (5,4), (1,9), (2,10), (1,5), (1,4), (5,3), (5,2), (7,5), (8,5)
------------------------
Iteración 28
-----------
Abiertos = (1,2), (8,4), (2,10), (1,10), (1,10), (2,3), (6,2), (7,4), (4,2), (8,6), (4,3), (5,8)
Cerrados = (3,8), (3,7), (3,9), (3,6), (4,6), (2,7), (2,8), (3,10), (5,6), (4,7), (5,7), (3,5), (1,7), (1,8), (2,9), (5,5), (2,5), (6,5), (5,4), (1,9), (2,10), (1,5), (1,4), (5,3), (5,2), (7,5), (8,5), (1,3)
------------------------
Iteración 29
-----------
Abiertos = (8,4), (2,10), (1,10), (1,10), (2,2), (2,3), (6,2), (7,4), (1,1), (8,6), (4,2), (4,3), (5,8)
Cerrados = (3,8), (3,7), (3,9), (3,6), (4,6), (2,7), (2,8), (3,10), (5,6), (4,7), (5,7), (3,5), (1,7), (1,8), (2,9), (5,5), (2,5), (6,5), (5,4), (1,9), (2,10), (1,5), (1,4), (5,3), (5,2), (7,5), (8,5), (1,3), (1,2)
------------------------
Iteración 30
-----------
Abiertos = (8,3), (1,10), (1,10), (2,2), (2,3), (6,2), (7,4), (1,1), (8,6), (4,2), (4,3), (5,8), (7,4)
Cerrados = (3,8), (3,7), (3,9), (3,6), (4,6), (2,7), (2,8), (3,10), (5,6), (4,7), (5,7), (3,5), (1,7), (1,8), (2,9), (5,5), (2,5), (6,5), (5,4), (1,9), (2,10), (1,5), (1,4), (5,3), (5,2), (7,5), (8,5), (1,3), (1,2), (8,4)
------------------------
Iteración 31
-----------
Abiertos = (8,2), (9,3), (1,10), (1,10), (2,2), (2,3), (6,2), (7,4), (1,1), (4,2), (8,6), (4,3), (5,8), (7,3), (7,4)
Cerrados = (3,8), (3,7), (3,9), (3,6), (4,6), (2,7), (2,8), (3,10), (5,6), (4,7), (5,7), (3,5), (1,7), (1,8), (2,9), (5,5), (2,5), (6,5), (5,4), (1,9), (2,10), (1,5), (1,4), (5,3), (5,2), (7,5), (8,5), (1,3), (1,2), (8,4), (8,3)
------------------------
Iteración 32
-----------
Abiertos = (9,3), (1,10), (1,10), (2,2), (2,3), (6,2), (7,4), (1,1), (8,1), (8,6), (4,2), (4,3), (5,8), (7,2), (7,3), (7,4)
Cerrados = (3,8), (3,7), (3,9), (3,6), (4,6), (2,7), (2,8), (3,10), (5,6), (4,7), (5,7), (3,5), (1,7), (1,8), (2,9), (5,5), (2,5), (6,5), (5,4), (1,9), (2,10), (1,5), (1,4), (5,3), (5,2), (7,5), (8,5), (1,3), (1,2), (8,4), (8,3), (8,2)
------------------------
Iteración 33
-----------
Abiertos = (9,3), (1,10), (2,2), (2,3), (6,2), (7,4), (1,1), (8,1), (8,6), (4,2), (4,3), (5,8), (7,2), (7,3), (7,4)
Cerrados = (3,8), (3,7), (3,9), (3,6), (4,6), (2,7), (2,8), (3,10), (5,6), (4,7), (5,7), (3,5), (1,7), (1,8), (2,9), (5,5), (2,5), (6,5), (5,4), (1,9), (2,10), (1,5), (1,4), (5,3), (5,2), (7,5), (8,5), (1,3), (1,2), (8,4), (8,3), (8,2), (1,10)
------------------------
Iteración 34
-----------
Abiertos = (1,10), (2,2), (2,3), (10,3), (6,2), (7,4), (1,1), (8,1), (8,6), (4,2), (4,3), (5,8), (7,2), (7,3), (7,4)
Cerrados = (3,8), (3,7), (3,9), (3,6), (4,6), (2,7), (2,8), (3,10), (5,6), (4,7), (5,7), (3,5), (1,7), (1,8), (2,9), (5,5), (2,5), (6,5), (5,4), (1,9), (2,10), (1,5), (1,4), (5,3), (5,2), (7,5), (8,5), (1,3), (1,2), (8,4), (8,3), (8,2), (1,10), (9,3)
------------------------
Iteración 35
-----------
Abiertos = (2,2), (10,3), (6,2), (7,4), (1,1), (8,1), (8,6), (4,2), (4,3), (2,2), (3,3), (5,8), (7,2), (7,3), (7,4)
Cerrados = (3,8), (3,7), (3,9), (3,6), (4,6), (2,7), (2,8), (3,10), (5,6), (4,7), (5,7), (3,5), (1,7), (1,8), (2,9), (5,5), (2,5), (6,5), (5,4), (1,9), (2,10), (1,5), (1,4), (5,3), (5,2), (7,5), (8,5), (1,3), (1,2), (8,4), (8,3), (8,2), (1,10), (9,3), (2,3)
------------------------
Iteración 36
-----------
Abiertos = (10,3), (6,2), (7,4), (1,1), (8,1), (8,6), (4,2), (4,3), (2,2), (3,3), (5,8), (2,1), (7,2), (7,3), (7,4)
Cerrados = (3,8), (3,7), (3,9), (3,6), (4,6), (2,7), (2,8), (3,10), (5,6), (4,7), (5,7), (3,5), (1,7), (1,8), (2,9), (5,5), (2,5), (6,5), (5,4), (1,9), (2,10), (1,5), (1,4), (5,3), (5,2), (7,5), (8,5), (1,3), (1,2), (8,4), (8,3), (8,2), (1,10), (9,3), (2,3), (2,2)
------------------------
Iteración 37
-----------
Abiertos = (10,2), (6,2), (7,4), (1,1), (8,1), (8,6), (4,2), (4,3), (2,2), (3,3), (5,8), (2,1), (11,3), (7,2), (7,3), (7,4), (10,4)
Cerrados = (3,8), (3,7), (3,9), (3,6), (4,6), (2,7), (2,8), (3,10), (5,6), (4,7), (5,7), (3,5), (1,7), (1,8), (2,9), (5,5), (2,5), (6,5), (5,4), (1,9), (2,10), (1,5), (1,4), (5,3), (5,2), (7,5), (8,5), (1,3), (1,2), (8,4), (8,3), (8,2), (1,10), (9,3), (2,3), (2,2), (10,3)
------------------------
Iteración 38
-----------
Abiertos = (10,2), (7,4), (1,1), (8,1), (8,6), (4,2), (4,3), (2,2), (3,3), (5,8), (7,2), (2,1), (11,3), (7,2), (7,3), (7,4), (10,4), (6,1)
Cerrados = (3,8), (3,7), (3,9), (3,6), (4,6), (2,7), (2,8), (3,10), (5,6), (4,7), (5,7), (3,5), (1,7), (1,8), (2,9), (5,5), (2,5), (6,5), (5,4), (1,9), (2,10), (1,5), (1,4), (5,3), (5,2), (7,5), (8,5), (1,3), (1,2), (8,4), (8,3), (8,2), (1,10), (9,3), (2,3), (2,2), (10,3), (6,2)
------------------------
Camino: (3,8) -> (3,7) -> (3,6) -> (4,6) -> (5,6) -> (5,5) -> (6,5) -> (7,5) -> (8,5) -> (8,4) -> (8,3) -> (9,3) -> (10,3) -> (10,2)
Coste: 47
Iteración 0
-----------
Abiertos = (3,8)
Cerrados = 
------------------------
Iteración 1
-----------
Abiertos = (3,7), (3,9), (2,8)
Cerrados = (3,8)
------------------------
Iteración 2
-----------
Abiertos = (3,7), (2,8), (3,10), (2,9)
Cerrados = (3,8), (3,9)
------------------------
Iteración 3
-----------
Abiertos = (3,7), (2,7), (3,10), (2,9), (1,8), (2,9)
Cerrados = (3,8), (3,9), (2,8)
------------------------
Iteración 4
-----------
Abiertos = (4,7), (3,6), (2,7), (2,7), (3,10), (1,8), (2,9), (2,9)
Cerrados = (3,8), (3,9), (2,8), (3,7)
------------------------
Iteración 5
-----------
Abiertos = (4,7), (4,6), (2,7), (2,7), (3,10), (3,5), (2,9), (1,8), (2,9)
Cerrados = (3,8), (3,9), (2,8), (3,7), (3,6)
------------------------
Iteración 6
-----------
Abiertos = (4,7), (2,7), (2,7), (3,10), (5,6), (3,5), (4,7), (1,8), (2,9), (2,9)
Cerrados = (3,8), (3,9), (2,8), (3,7), (3,6), (4,6)
------------------------
Iteración 7
-----------
Abiertos = (4,7), (2,7), (3,10), (5,6), (3,5), (4,7), (1,7), (1,8), (2,9), (2,9)
Cerrados = (3,8), (3,9), (2,8), (3,7), (3,6), (4,6), (2,7)
------------------------
Iteración 8
-----------
Abiertos = (5,7), (2,7), (3,10), (5,6), (3,5), (4,7), (1,7), (1,8), (2,9), (2,9)
Cerrados = (3,8), (3,9), (2,8), (3,7), (3,6), (4,6), (2,7), (4,7)
------------------------
Iteración 9
-----------
Abiertos = (2,7), (3,10), (5,6), (5,6), (3,5), (4,7), (1,7), (1,8), (2,9), (5,8), (2,9)
Cerrados = (3,8), (3,9), (2,8), (3,7), (3,6), (4,6), (2,7), (4,7), (5,7)
------------------------
Iteración 10
-----------
Abiertos = (2,7), (5,6), (5,6), (3,5), (4,7), (1,7), (1,8), (2,9), (5,8), (2,9), (2,10)
Cerrados = (3,8), (3,9), (2,8), (3,7), (3,6), (4,6), (2,7), (4,7), (5,7), (3,10)
------------------------
Iteración 11
-----------
Abiertos = (5,6), (3,5), (4,7), (1,7), (1,8), (2,9), (5,5), (5,8), (2,9), (2,10)
Cerrados = (3,8), (3,9), (2,8), (3,7), (3,6), (4,6), (2,7), (4,7), (5,7), (3,10), (5,6)
------------------------
Iteración 12
-----------
Abiertos = (5,6), (4,7), (1,7), (1,8), (2,9), (5,5), (5,8), (2,5), (2,9), (2,10)
Cerrados = (3,8), (3,9), (2,8), (3,7), (3,6), (4,6), (2,7), (4,7), (5,7), (3,10), (5,6), (3,5)
------------------------
Iteración 13
-----------
Abiertos = (5,6), (1,8), (2,9), (5,5), (5,8), (2,5), (2,9), (1,8), (2,10)
Cerrados = (3,8), (3,9), (2,8), (3,7), (3,6), (4,6), (2,7), (4,7), (5,7), (3,10), (5,6), (3,5), (1,7)
------------------------
Iteración 14
-----------
Abiertos = (5,6), (2,9), (5,5), (5,8), (2,5), (2,9), (1,8), (1,9), (2,10)
Cerrados = (3,8), (3,9), (2,8), (3,7), (3,6), (4,6), (2,7), (4,7), (5,7), (3,10), (5,6), (3,5), (1,7), (1,8)
------------------------
Iteración 15
-----------
Abiertos = (5,6), (5,5), (5,8), (2,5), (2,9), (1,8), (2,10), (1,9), (1,9), (2,10)
Cerrados = (3,8), (3,9), (2,8), (3,7), (3,6), (4,6), (2,7), (4,7), (5,7), (3,10), (5,6), (3,5), (1,7), (1,8), (2,9)
------------------------
Iteración 16
-----------
Abiertos = (5,5), (2,5), (2,9), (1,8), (2,10), (1,9), (1,9), (2,10), (5,9)
Cerrados = (3,8), (3,9), (2,8), (3,7), (3,6), (4,6), (2,7), (4,7), (5,7), (3,10), (5,6), (3,5), (1,7), (1,8), (2,9), (5,8)
------------------------
Iteración 17
-----------
Abiertos = (2,5), (2,9), (6,5), (5,4), (1,8), (2,10), (1,9), (1,9), (2,10), (5,9)
Cerrados = (3,8), (3,9), (2,8), (3,7), (3,6), (4,6), (2,7), (4,7), (5,7), (3,10), (5,6), (3,5), (1,7), (1,8), (2,9), (5,8), (5,5)
------------------------
Iteración 18
-----------
Abiertos = (2,5), (5,4), (1,8), (2,10), (1,9), (1,9), (7,5), (2,10), (5,9)
Cerrados = (3,8), (3,9), (2,8), (3,7), (3,6), (4,6), (2,7), (4,7), (5,7), (3,10), (5,6), (3,5), (1,7), (1,8), (2,9), (5,8), (5,5), (6,5)
------------------------
Iteración 19
-----------
Abiertos = (2,5), (1,8), (2,10), (1,9), (1,9), (5,3), (7,5), (2,10), (5,9)
Cerrados = (3,8), (3,9), (2,8), (3,7), (3,6), (4,6), (2,7), (4,7), (5,7), (3,10), (5,6), (3,5), (1,7), (1,8), (2,9), (5,8), (5,5), (6,5), (5,4)
------------------------
Iteración 20
-----------
Abiertos = (1,9), (2,10), (1,9), (1,5), (5,3), (7,5), (2,10), (5,9)
Cerrados = (3,8), (3,9), (2,8), (3,7), (3,6), (4,6), (2,7), (4,7), (5,7), (3,10), (5,6), (3,5), (1,7), (1,8), (2,9), (5,8), (5,5), (6,5), (5,4), (2,5)
------------------------
Iteración 21
-----------
Abiertos = (1,9), (1,9), (1,5), (5,3), (7,5), (2,10), (1,10), (5,9)
Cerrados = (3,8), (3,9), (2,8), (3,7), (3,6), (4,6), (2,7), (4,7), (5,7), (3,10), (5,6), (3,5), (1,7), (1,8), (2,9), (5,8), (5,5), (6,5), (5,4), (2,5), (2,10)
------------------------
Iteración 22
-----------
Abiertos = (1,9), (1,5), (5,3), (7,5), (2,10), (1,10), (1,10), (5,9)
Cerrados = (3,8), (3,9), (2,8), (3,7), (3,6), (4,6), (2,7), (4,7), (5,7), (3,10), (5,6), (3,5), (1,7), (1,8), (2,9), (5,8), (5,5), (6,5), (5,4), (2,5), (2,10), (1,9)
------------------------
Iteración 23
-----------
Abiertos = (1,4), (7,5), (5,3), (2,10), (1,10), (1,10), (5,9)
Cerrados = (3,8), (3,9), (2,8), (3,7), (3,6), (4,6), (2,7), (4,7), (5,7), (3,10), (5,6), (3,5), (1,7), (1,8), (2,9), (5,8), (5,5), (6,5), (5,4), (2,5), (2,10), (1,9), (1,5)
------------------------
Iteración 24
-----------
Abiertos = (1,4), (8,5), (5,3), (2,10), (1,10), (1,10), (7,4), (5,9)
Cerrados = (3,8), (3,9), (2,8), (3,7), (3,6), (4,6), (2,7), (4,7), (5,7), (3,10), (5,6), (3,5), (1,7), (1,8), (2,9), (5,8), (5,5), (6,5), (5,4), (2,5), (2,10), (1,9), (1,5), (7,5)
------------------------
Iteración 25
-----------
Abiertos = (1,4), (8,4), (5,3), (2,10), (1,10), (1,10), (7,4), (8,6), (5,9)
Cerrados = (3,8), (3,9), (2,8), (3,7), (3,6), (4,6), (2,7), (4,7), (5,7), (3,10), (5,6), (3,5), (1,7), (1,8), (2,9), (5,8), (5,5), (6,5), (5,4), (2,5), (2,10), (1,9), (1,5), (7,5), (8,5)
------------------------
Iteración 26
-----------
Abiertos = (1,4), (8,3), (5,3), (2,10), (1,10), (1,10), (7,4), (8,6), (5,9), (7,4)
Cerrados = (3,8), (3,9), (2,8), (3,7), (3,6), (4,6), (2,7), (4,7), (5,7), (3,10), (5,6), (3,5), (1,7), (1,8), (2,9), (5,8), (5,5), (6,5), (5,4), (2,5), (2,10), (1,9), (1,5), (7,5), (8,5), (8,4)
------------------------
Iteración 27
-----------
Abiertos = (1,4), (8,2), (9,3), (5,3), (2,10), (1,10), (1,10), (7,4), (8,6), (5,9), (7,3), (7,4)
Cerrados = (3,8), (3,9), (2,8), (3,7), (3,6), (4,6), (2,7), (4,7), (5,7), (3,10), (5,6), (3,5), (1,7), (1,8), (2,9), (5,8), (5,5), (6,5), (5,4), (2,5), (2,10), (1,9), (1,5), (7,5), (8,5), (8,4), (8,3)
------------------------
Iteración 28
-----------
Abiertos = (1,3), (9,3), (8,2), (5,3), (2,10), (1,10), (1,10), (7,4), (8,6), (5,9), (7,3), (7,4)
Cerrados = (3,8), (3,9), (2,8), (3,7), (3,6), (4,6), (2,7), (4,7), (5,7), (3,10), (5,6), (3,5), (1,7), (1,8), (2,9), (5,8), (5,5), (6,5), (5,4), (2,5), (2,10), (1,9), (1,5), (7,5), (8,5), (8,4), (8,3), (1,4)
------------------------
Iteración 29
-----------
Abiertos = (1,3), (8,2), (5,3), (2,10), (1,10), (1,10), (10,3), (7,4), (8,6), (5,9), (7,3), (7,4)
Cerrados = (3,8), (3,9), (2,8), (3,7), (3,6), (4,6), (2,7), (4,7), (5,7), (3,10), (5,6), (3,5), (1,7), (1,8), (2,9), (5,8), (5,5), (6,5), (5,4), (2,5), (2,10), (1,9), (1,5), (7,5), (8,5), (8,4), (8,3), (1,4), (9,3)
------------------------
Iteración 30
-----------
Abiertos = (1,3), (5,3), (2,10), (1,10), (1,10), (10,3), (7,4), (8,1), (8,6), (5,9), (7,2), (7,3), (7,4)
Cerrados = (3,8), (3,9), (2,8), (3,7), (3,6), (4,6), (2,7), (4,7), (5,7), (3,10), (5,6), (3,5), (1,7), (1,8), (2,9), (5,8), (5,5), (6,5), (5,4), (2,5), (2,10), (1,9), (1,5), (7,5), (8,5), (8,4), (8,3), (1,4), (9,3), (8,2)
------------------------
Iteración 31
-----------
Abiertos = (1,2), (5,3), (2,10), (1,10), (1,10), (2,3), (10,3), (7,4), (8,1), (8,6), (5,9), (7,2), (7,3), (7,4)
Cerrados = (3,8), (3,9), (2,8), (3,7), (3,6), (4,6), (2,7), (4,7), (5,7), (3,10), (5,6), (3,5), (1,7), (1,8), (2,9), (5,8), (5,5), (6,5), (5,4), (2,5), (2,10), (1,9), (1,5), (7,5), (8,5), (8,4), (8,3), (1,4), (9,3), (8,2), (1,3)
------------------------
Iteración 32
-----------
Abiertos = (1,2), (5,2), (2,10), (1,10), (1,10), (2,3), (10,3), (7,4), (8,1), (8,6), (4,3), (5,9), (7,2), (7,3), (7,4)
Cerrados = (3,8), (3,9), (2,8), (3,7), (3,6), (4,6), (2,7), (4,7), (5,7), (3,10), (5,6), (3,5), (1,7), (1,8), (2,9), (5,8), (5,5), (6,5), (5,4), (2,5), (2,10), (1,9), (1,5), (7,5), (8,5), (8,4), (8,3), (1,4), (9,3), (8,2), (1,3), (5,3)
------------------------
Iteración 33
-----------
Abiertos = (5,2), (2,10), (1,10), (1,10), (2,2), (2,3), (10,3), (7,4), (1,1), (8,1), (8,6), (4,3), (5,9), (7,2), (7,3), (7,4)
Cerrados = (3,8), (3,9), (2,8), (3,7), (3,6), (4,6), (2,7), (4,7), (5,7), (3,10), (5,6), (3,5), (1,7), (1,8), (2,9), (5,8), (5,5), (6,5), (5,4), (2,5), (2,10), (1,9), (1,5), (7,5), (8,5), (8,4), (8,3), (1,4), (9,3), (8,2), (1,3), (5,3), (1,2)
------------------------
Iteración 34
-----------
Abiertos = (1,10), (1,10), (2,2), (2,3), (10,3), (6,2), (7,4), (1,1), (8,1), (8,6), (4,2), (4,3), (5,9), (7,2), (7,3), (7,4)
Cerrados = (3,8), (3,9), (2,8), (3,7), (3,6), (4,6), (2,7), (4,7), (5,7), (3,10), (5,6), (3,5), (1,7), (1,8), (2,9), (5,8), (5,5), (6,5), (5,4), (2,5), (2,10), (1,9), (1,5), (7,5), (8,5), (8,4), (8,3), (1,4), (9,3), (8,2), (1,3), (5,3), (1,2), (5,2)
------------------------
Iteración 35
-----------
Abiertos = (1,10), (2,2), (2,3), (10,3), (6,2), (7,4), (1,1), (8,1), (8,6), (4,2), (4,3), (5,9), (7,2), (7,3), (7,4)
Cerrados = (3,8), (3,9), (2,8), (3,7), (3,6), (4,6), (2,7), (4,7), (5,7), (3,10), (5,6), (3,5), (1,7), (1,8), (2,9), (5,8), (5,5), (6,5), (5,4), (2,5), (2,10), (1,9), (1,5), (7,5), (8,5), (8,4), (8,3), (1,4), (9,3), (8,2), (1,3), (5,3), (1,2), (5,2), (1,10)
------------------------
Iteración 36
-----------
Abiertos = (2,3), (10,3), (6,2), (7,4), (1,1), (8,1), (8,6), (4,2), (4,3), (5,9), (2,1), (7,2), (7,3), (7,4), (2,3)
Cerrados = (3,8), (3,9), (2,8), (3,7), (3,6), (4,6), (2,7), (4,7), (5,7), (3,10), (5,6), (3,5), (1,7), (1,8), (2,9), (5,8), (5,5), (6,5), (5,4), (2,5), (2,10), (1,9), (1,5), (7,5), (8,5), (8,4), (8,3), (1,4), (9,3), (8,2), (1,3), (5,3), (1,2), (5,2), (1,10), (2,2)
------------------------
Iteración 37
-----------
Abiertos = (2,3), (10,2), (6,2), (7,4), (1,1), (8,1), (8,6), (4,2), (4,3), (5,9), (2,1), (11,3), (7,2), (7,3), (7,4), (2,3), (10,4)
Cerrados = (3,8), (3,9), (2,8), (3,7), (3,6), (4,6), (2,7), (4,7), (5,7), (3,10), (5,6), (3,5), (1,7), (1,8), (2,9), (5,8), (5,5), (6,5), (5,4), (2,5), (2,10), (1,9), (1,5), (7,5), (8,5), (8,4), (8,3), (1,4), (9,3), (8,2), (1,3), (5,3), (1,2), (5,2), (1,10), (2,2), (10,3)
------------------------
Camino: (3,8) -> (3,7) -> (3,6) -> (4,6) -> (5,6) -> (5,5) -> (6,5) -> (7,5) -> (8,5) -> (8,4) -> (8,3) -> (9,3) -> (10,3) -> (10,2)
Coste: 47
Iteración 0
-----------
Abiertos = (3,8)
Cerrados = 
------------------------
Iteración 1
-----------
Abiertos = (3,7), (3,9), (2,8)
Cerrados = (3,8)
------------------------
Iteración 2
-----------
Abiertos = (4,7), (3,9), (3,6), (2,7), (2,8)
Cerrados = (3,8), (3,7)
------------------------
Iteración 3
-----------
Abiertos = (4,7), (3,6), (2,7), (2,8), (3,10), (2,9)
Cerrados = (3,8), (3,7), (3,9)
------------------------
Iteración 4
-----------
Abiertos = (4,7), (4,6), (2,7), (2,8), (3,10), (3,5), (2,9)
Cerrados = (3,8), (3,7), (3,9), (3,6)
------------------------
Iteración 5
-----------
Abiertos = (4,6), (4,6), (5,7), (2,7), (2,8), (3,10), (3,5), (2,9)
Cerrados = (3,8), (3,7), (3,9), (3,6), (4,7)
------------------------
Iteración 6
-----------
Abiertos = (5,7), (4,6), (2,7), (2,8), (3,10), (5,6), (3,5), (2,9)
Cerrados = (3,8), (3,7), (3,9), (3,6), (4,7), (4,6)
------------------------
Iteración 7
-----------
Abiertos = (5,7), (2,8), (3,10), (5,6), (3,5), (1,7), (2,9), (2,8)
Cerrados = (3,8), (3,7), (3,9), (3,6), (4,7), (4,6), (2,7)
------------------------
Iteración 8
-----------
Abiertos = (2,8), (3,10), (5,6), (5,6), (3,5), (1,7), (2,9), (5,8), (2,8)
Cerrados = (3,8), (3,7), (3,9), (3,6), (4,7), (4,6), (2,7), (5,7)
------------------------
Iteración 9
-----------
Abiertos = (3,10), (5,6), (5,6), (3,5), (1,7), (2,9), (1,8), (5,8), (2,8), (2,9)
Cerrados = (3,8), (3,7), (3,9), (3,6), (4,7), (4,6), (2,7), (5,7), (2,8)
------------------------
Iteración 10
-----------
Abiertos = (5,6), (5,6), (3,5), (1,7), (2,9), (1,8), (5,8), (2,8), (2,9), (2,10)
Cerrados = (3,8), (3,7), (3,9), (3,6), (4,7), (4,6), (2,7), (5,7), (2,8), (3,10)
------------------------
Iteración 11
-----------
Abiertos = (5,6), (3,5), (1,7), (2,9), (1,8), (5,5), (5,8), (2,8), (2,9), (2,10)
Cerrados = (3,8), (3,7), (3,9), (3,6), (4,7), (4,6), (2,7), (5,7), (2,8), (3,10), (5,6)
------------------------
Iteración 12
-----------
Abiertos = (5,6), (1,7), (2,9), (1,8), (5,5), (5,8), (2,5), (2,8), (2,9), (2,10)
Cerrados = (3,8), (3,7), (3,9), (3,6), (4,7), (4,6), (2,7), (5,7), (2,8), (3,10), (5,6), (3,5)
------------------------
Iteración 13
-----------
Abiertos = (1,7), (1,8), (5,5), (5,8), (2,5), (2,8), (2,9), (2,10), (1,9), (2,10)
Cerrados = (3,8), (3,7), (3,9), (3,6), (4,7), (4,6), (2,7), (5,7), (2,8), (3,10), (5,6), (3,5), (2,9)
------------------------
Iteración 14
-----------
Abiertos = (1,8), (5,5), (5,8), (2,5), (2,8), (2,9), (1,8), (2,10), (1,9), (2,10)
Cerrados = (3,8), (3,7), (3,9), (3,6), (4,7), (4,6), (2,7), (5,7), (2,8), (3,10), (5,6), (3,5), (2,9), (1,7)
------------------------
Iteración 15
-----------
Abiertos = (5,5), (5,8), (2,5), (2,8), (2,9), (1,8), (2,10), (1,9), (1,9), (2,10)
Cerrados = (3,8), (3,7), (3,9), (3,6), (4,7), (4,6), (2,7), (5,7), (2,8), (3,10), (5,6), (3,5), (2,9), (1,7), (1,8)
------------------------
Iteración 16
-----------
Abiertos = (2,5), (5,8), (2,8), (2,9), (5,4), (6,5), (1,8), (2,10), (1,9), (1,9), (2,10)
Cerrados = (3,8), (3,7), (3,9), (3,6), (4,7), (4,6), (2,7), (5,7), (2,8), (3,10), (5,6), (3,5), (2,9), (1,7), (1,8), (5,5)
------------------------
Iteración 17
-----------
Abiertos = (2,5), (2,8), (2,9), (5,4), (6,5), (1,8), (2,10), (1,9), (1,9), (2,10), (5,9)
Cerrados = (3,8), (3,7), (3,9), (3,6), (4,7), (4,6), (2,7), (5,7), (2,8), (3,10), (5,6), (3,5), (2,9), (1,7), (1,8), (5,5), (5,8)
------------------------
Iteración 18
-----------
Abiertos = (2,9), (5,4), (6,5), (1,8), (2,10), (1,9), (1,9), (1,5), (2,10), (5,9)
Cerrados = (3,8), (3,7), (3,9), (3,6), (4,7), (4,6), (2,7), (5,7), (2,8), (3,10), (5,6), (3,5), (2,9), (1,7), (1,8), (5,5), (5,8), (2,5)
------------------------
Iteración 19
-----------
Abiertos = (2,9), (6,5), (1,8), (2,10), (1,9), (1,9), (1,5), (5,3), (2,10), (5,9)
Cerrados = (3,8), (3,7), (3,9), (3,6), (4,7), (4,6), (2,7), (5,7), (2,8), (3,10), (5,6), (3,5), (2,9), (1,7), (1,8), (5,5), (5,8), (2,5), (5,4)
------------------------
Iteración 20
-----------
Abiertos = (2,10), (1,9), (1,9), (1,5), (5,3), (7,5), (2,10), (5,9)
Cerrados = (3,8), (3,7), (3,9), (3,6), (4,7), (4,6), (2,7), (5,7), (2,8), (3,10), (5,6), (3,5), (2,9), (1,7), (1,8), (5,5), (5,8), (2,5), (5,4), (6,5)
------------------------
Iteración 21
-----------
Abiertos = (1,9), (2,10), (1,5), (5,3), (7,5), (2,10), (1,10), (5,9)
Cerrados = (3,8), (3,7), (3,9), (3,6), (4,7), (4,6), (2,7), (5,7), (2,8), (3,10), (5,6), (3,5), (2,9), (1,7), (1,8), (5,5), (5,8), (2,5), (5,4), (6,5), (1,9)
------------------------
Iteración 22
-----------
Abiertos = (2,10), (1,4), (5,3), (7,5), (2,10), (1,10), (5,9)
Cerrados = (3,8), (3,7), (3,9), (3,6), (4,7), (4,6), (2,7), (5,7), (2,8), (3,10), (5,6), (3,5), (2,9), (1,7), (1,8), (5,5), (5,8), (2,5), (5,4), (6,5), (1,9), (1,5)
------------------------
Iteración 23
-----------
Abiertos = (2,10), (1,3), (5,3), (7,5), (2,10), (1,10), (5,9)
Cerrados = (3,8), (3,7), (3,9), (3,6), (4,7), (4,6), (2,7), (5,7), (2,8), (3,10), (5,6), (3,5), (2,9), (1,7), (1,8), (5,5), (5,8), (2,5), (5,4), (6,5), (1,9), (1,5), (1,4)
------------------------
Iteración 24
-----------
Abiertos = (2,10), (1,2), (5,3), (7,5), (2,10), (1,10), (2,3), (5,9)
Cerrados = (3,8), (3,7), (3,9), (3,6), (4,7), (4,6), (2,7), (5,7), (2,8), (3,10), (5,6), (3,5), (2,9), (1,7), (1,8), (5,5), (5,8), (2,5), (5,4), (6,5), (1,9), (1,5), (1,4), (1,3)
------------------------
Iteración 25
-----------
Abiertos = (2,10), (5,3), (7,5), (2,10), (1,10), (2,2), (2,3), (1,1), (5,9)
Cerrados = (3,8), (3,7), (3,9), (3,6), (4,7), (4,6), (2,7), (5,7), (2,8), (3,10), (5,6), (3,5), (2,9), (1,7), (1,8), (5,5), (5,8), (2,5), (5,4), (6,5), (1,9), (1,5), (1,4), (1,3), (1,2)
------------------------
Iteración 26
-----------
Abiertos = (7,5), (5,3), (2,10), (1,10), (1,10), (2,2), (2,3), (1,1), (5,9)
Cerrados = (3,8), (3,7), (3,9), (3,6), (4,7), (4,6), (2,7), (5,7), (2,8), (3,10), (5,6), (3,5), (2,9), (1,7), (1,8), (5,5), (5,8), (2,5), (5,4), (6,5), (1,9), (1,5), (1,4), (1,3), (1,2), (2,10)
------------------------
Iteración 27
-----------
Abiertos = (5,2), (7,5), (2,10), (1,10), (1,10), (2,2), (2,3), (1,1), (4,3), (5,9)
Cerrados = (3,8), (3,7), (3,9), (3,6), (4,7), (4,6), (2,7), (5,7), (2,8), (3,10), (5,6), (3,5), (2,9), (1,7), (1,8), (5,5), (5,8), (2,5), (5,4), (6,5), (1,9), (1,5), (1,4), (1,3), (1,2), (2,10), (5,3)
------------------------
Iteración 28
-----------
Abiertos = (7,5), (2,10), (1,10), (1,10), (2,2), (2,3), (6,2), (1,1), (4,2), (4,3), (5,9)
Cerrados = (3,8), (3,7), (3,9), (3,6), (4,7), (4,6), (2,7), (5,7), (2,8), (3,10), (5,6), (3,5), (2,9), (1,7), (1,8), (5,5), (5,8), (2,5), (5,4), (6,5), (1,9), (1,5), (1,4), (1,3), (1,2), (2,10), (5,3), (5,2)
------------------------
Iteración 29
-----------
Abiertos = (7,5), (1,10), (2,2), (2,3), (6,2), (1,1), (4,2), (4,3), (5,9)
Cerrados = (3,8), (3,7), (3,9), (3,6), (4,7), (4,6), (2,7), (5,7), (2,8), (3,10), (5,6), (3,5), (2,9), (1,7), (1,8), (5,5), (5,8), (2,5), (5,4), (6,5), (1,9), (1,5), (1,4), (1,3), (1,2), (2,10), (5,3), (5,2), (1,10)
------------------------
Iteración 30
-----------
Abiertos = (7,5), (2,3), (6,2), (1,1), (4,2), (4,3), (5,9), (2,1), (2,3)
Cerrados = (3,8), (3,7), (3,9), (3,6), (4,7), (4,6), (2,7), (5,7), (2,8), (3,10), (5,6), (3,5), (2,9), (1,7), (1,8), (5,5), (5,8), (2,5), (5,4), (6,5), (1,9), (1,5), (1,4), (1,3), (1,2), (2,10), (5,3), (5,2), (1,10), (2,2)
------------------------
Iteración 31
-----------
Abiertos = (7,5), (6,2), (1,1), (4,2), (4,3), (3,3), (5,9), (2,1), (2,3)
Cerrados = (3,8), (3,7), (3,9), (3,6), (4,7), (4,6), (2,7), (5,7), (2,8), (3,10), (5,6), (3,5), (2,9), (1,7), (1,8), (5,5), (5,8), (2,5), (5,4), (6,5), (1,9), (1,5), (1,4), (1,3), (1,2), (2,10), (5,3), (5,2), (1,10), (2,2), (2,3)
------------------------
Iteración 32
-----------
Abiertos = (7,5), (1,1), (4,2), (4,3), (3,3), (5,9), (7,2), (2,1), (2,3), (6,1)
Cerrados = (3,8), (3,7), (3,9), (3,6), (4,7), (4,6), (2,7), (5,7), (2,8), (3,10), (5,6), (3,5), (2,9), (1,7), (1,8), (5,5), (5,8), (2,5), (5,4), (6,5), (1,9), (1,5), (1,4), (1,3), (1,2), (2,10), (5,3), (5,2), (1,10), (2,2), (2,3), (6,2)
------------------------
Iteración 33
-----------
Abiertos = (7,5), (2,1), (4,2), (4,3), (3,3), (5,9), (7,2), (2,1), (2,3), (6,1)
Cerrados = (3,8), (3,7), (3,9), (3,6), (4,7), (4,6), (2,7), (5,7), (2,8), (3,10), (5,6), (3,5), (2,9), (1,7), (1,8), (5,5), (5,8), (2,5), (5,4), (6,5), (1,9), (1,5), (1,4), (1,3), (1,2), (2,10), (5,3), (5,2), (1,10), (2,2), (2,3), (6,2), (1,1)
------------------------
Iteración 34
-----------
Abiertos = (8,5), (7,4), (2,1), (4,2), (4,3), (3,3), (5,9), (7,2), (2,1), (2,3), (6,1)
Cerrados = (3,8), (3,7), (3,9), (3,6), (4,7), (4,6), (2,7), (5,7), (2,8), (3,10), (5,6), (3,5), (2,9), (1,7), (1,8), (5,5), (5,8), (2,5), (5,4), (6,5), (1,9), (1,5), (1,4), (1,3), (1,2), (2,10), (5,3), (5,2), (1,10), (2,2), (2,3), (6,2), (1,1), (7,5)
------------------------
Iteración 35
-----------
Abiertos = (8,4), (7,4), (2,1), (8,6), (4,2), (4,3), (3,3), (5,9), (7,2), (2,1), (2,3), (6,1)
Cerrados = (3,8), (3,7), (3,9), (3,6), (4,7), (4,6), (2,7), (5,7), (2,8), (3,10), (5,6), (3,5), (2,9), (1,7), (1,8), (5,5), (5,8), (2,5), (5,4), (6,5), (1,9), (1,5), (1,4), (1,3), (1,2), (2,10), (5,3), (5,2), (1,10), (2,2), (2,3), (6,2), (1,1), (7,5), (8,5)
------------------------
Iteración 36
-----------
Abiertos = (8,4), (8,4), (2,1), (8,6), (4,2), (4,3), (3,3), (5,9), (7,2), (7,3), (2,1), (2,3), (6,1)
Cerrados = (3,8), (3,7), (3,9), (3,6), (4,7), (4,6), (2,7), (5,7), (2,8), (3,10), (5,6), (3,5), (2,9), (1,7), (1,8), (5,5), (5,8), (2,5), (5,4), (6,5), (1,9), (1,5), (1,4), (1,3), (1,2), (2,10), (5,3), (5,2), (1,10), (2,2), (2,3), (6,2), (1,1), (7,5), (8,5), (7,4)
------------------------
Iteración 37
-----------
Abiertos = (8,3), (8,4), (2,1), (8,6), (4,2), (4,3), (3,3), (5,9), (7,2), (7,3), (2,1), (2,3), (6,1)
Cerrados = (3,8), (3,7), (3,9), (3,6), (4,7), (4,6), (2,7), (5,7), (2,8), (3,10), (5,6), (3,5), (2,9), (1,7), (1,8), (5,5), (5,8), (2,5), (5,4), (6,5), (1,9), (1,5), (1,4), (1,3), (1,2), (2,10), (5,3), (5,2), (1,10), (2,2), (2,3), (6,2), (1,1), (7,5), (8,5), (7,4), (8,4)
------------------------
Iteración 38
-----------
Abiertos = (8,2), (9,3), (2,1), (8,6), (4,2), (4,3), (3,3), (5,9), (7,2), (7,3), (2,1), (7,3), (2,3), (6,1)
Cerrados = (3,8), (3,7), (3,9), (3,6), (4,7), (4,6), (2,7), (5,7), (2,8), (3,10), (5,6), (3,5), (2,9), (1,7), (1,8), (5,5), (5,8), (2,5), (5,4), (6,5), (1,9), (1,5), (1,4), (1,3), (1,2), (2,10), (5,3), (5,2), (1,10), (2,2), (2,3), (6,2), (1,1), (7,5), (8,5), (7,4), (8,4), (8,3)
------------------------
Iteración 39
-----------
Abiertos = (9,3), (2,1), (8,1), (8,6), (4,2), (4,3), (3,3), (5,9), (7,2), (7,3), (2,1), (7,2), (7,3), (2,3), (6,1)
Cerrados = (3,8), (3,7), (3,9), (3,6), (4,7), (4,6), (2,7), (5,7), (2,8), (3,10), (5,6), (3,5), (2,9), (1,7), (1,8), (5,5), (5,8), (2,5), (5,4), (6,5), (1,9), (1,5), (1,4), (1,3), (1,2), (2,10), (5,3), (5,2), (1,10), (2,2), (2,3), (6,2), (1,1), (7,5), (8,5), (7,4), (8,4), (8,3), (8,2)
------------------------
Iteración 40
-----------
Abiertos = (10,3), (2,1), (8,1), (8,6), (4,2), (4,3), (3,3), (5,9), (7,2), (7,3), (2,1), (7,2), (7,3), (2,3), (6,1)
Cerrados = (3,8), (3,7), (3,9), (3,6), (4,7), (4,6), (2,7), (5,7), (2,8), (3,10), (5,6), (3,5), (2,9), (1,7), (1,8), (5,5), (5,8), (2,5), (5,4), (6,5), (1,9), (1,5), (1,4), (1,3), (1,2), (2,10), (5,3), (5,2), (1,10), (2,2), (2,3), (6,2), (1,1), (7,5), (8,5), (7,4), (8,4), (8,3), (8,2), (9,3)
------------------------
Iteración 41
-----------
Abiertos = (10,3), (8,1), (8,6), (4,2), (4,3), (3,3), (5,9), (7,2), (7,3), (3,1), (2,1), (7,2), (7,3), (2,3), (6,1)
Cerrados = (3,8), (3,7), (3,9), (3,6), (4,7), (4,6), (2,7), (5,7), (2,8), (3,10), (5,6), (3,5), (2,9), (1,7), (1,8), (5,5), (5,8), (2,5), (5,4), (6,5), (1,9), (1,5), (1,4), (1,3), (1,2), (2,10), (5,3), (5,2), (1,10), (2,2), (2,3), (6,2), (1,1), (7,5), (8,5), (7,4), (8,4), (8,3), (8,2), (9,3), (2,1)
------------------------
Iteración 42
-----------
Abiertos = (10,3), (9,1), (8,6), (4,2), (4,3), (3,3), (5,9), (7,2), (7,3), (3,1), (2,1), (7,2), (7,3), (7,1), (2,3), (6,1)
Cerrados = (3,8), (3,7), (3,9), (3,6), (4,7), (4,6), (2,7), (5,7), (2,8), (3,10), (5,6), (3,5), (2,9), (1,7), (1,8), (5,5), (5,8), (2,5), (5,4), (6,5), (1,9), (1,5), (1,4), (1,3), (1,2), (2,10), (5,3), (5,2), (1,10), (2,2), (2,3), (6,2), (1,1), (7,5), (8,5), (7,4), (8,4), (8,3), (8,2), (9,3), (2,1), (8,1)
------------------------
Iteración 43
-----------
Abiertos = (10,3), (10,1), (8,6), (4,2), (4,3), (3,3), (5,9), (7,2), (7,3), (3,1), (2,1), (7,2), (7,3), (7,1), (2,3), (6,1)
Cerrados = (3,8), (3,7), (3,9), (3,6), (4,7), (4,6), (2,7), (5,7), (2,8), (3,10), (5,6), (3,5), (2,9), (1,7), (1,8), (5,5), (5,8), (2,5), (5,4), (6,5), (1,9), (1,5), (1,4), (1,3), (1,2), (2,10), (5,3), (5,2), (1,10), (2,2), (2,3), (6,2), (1,1), (7,5), (8,5), (7,4), (8,4), (8,3), (8,2), (9,3), (2,1), (8,1), (9,1)
------------------------
Iteración 44
-----------
Abiertos = (10,2), (10,1), (8,6), (4,2), (4,3), (3,3), (5,9), (7,2), (7,3), (3,1), (2,1), (11,3), (7,2), (7,3), (7,1), (2,3), (10,4), (6,1)
Cerrados = (3,8), (3,7), (3,9), (3,6), (4,7), (4,6), (2,7), (5,7), (2,8), (3,10), (5,6), (3,5), (2,9), (1,7), (1,8), (5,5), (5,8), (2,5), (5,4), (6,5), (1,9), (1,5), (1,4), (1,3), (1,2), (2,10), (5,3), (5,2), (1,10), (2,2), (2,3), (6,2), (1,1), (7,5), (8,5), (7,4), (8,4), (8,3), (8,2), (9,3), (2,1), (8,1), (9,1), (10,3)
------------------------
Camino: (3,8) -> (3,7) -> (3,6) -> (4,6) -> (5,6) -> (5,5) -> (6,5) -> (7,5) -> (8,5) -> (8,4) -> (8,3) -> (9,3) -> (10,3) -> (10,2)
Coste: 47
Iteración 0
-----------
Abiertos = (3,8)
Cerrados = 
------------------------
Iteración 1
-----------
Abiertos = (3,7), (3,9), (2,8)
Cerrados = (3,8)
------------------------
Iteración 2
-----------
Abiertos = (4,7), (3,9), (3,6), (2,7), (2,8)
Cerrados = (3,8), (3,7)
------------------------
Iteración 3
-----------
Abiertos = (4,6), (3,9), (5,7), (3,6), (2,7), (2,8)
Cerrados = (3,8), (3,7), (4,7)
------------------------
Iteración 4
-----------
Abiertos = (3,9), (5,6), (5,7), (3,6), (2,7), (2,8), (3,6)
Cerrados = (3,8), (3,7), (4,7), (4,6)
------------------------
Iteración 5
-----------
Abiertos = (3,9), (5,7), (3,6), (2,7), (2,8), (5,5), (3,6), (5,7)
Cerrados = (3,8), (3,7), (4,7), (4,6), (5,6)
------------------------
Iteración 6
-----------
Abiertos = (3,9), (3,6), (2,7), (2,8), (5,5), (3,6), (5,7), (5,8)
Cerrados = (3,8), (3,7), (4,7), (4,6), (5,6), (5,7)
------------------------
Iteración 7
-----------
Abiertos = (3,6), (2,7), (2,8), (3,10), (5,5), (3,6), (2,9), (5,7), (5,8)
Cerrados = (3,8), (3,7), (4,7), (4,6), (5,6), (5,7), (3,9)
------------------------
Iteración 8
-----------
Abiertos = (3,6), (2,8), (3,10), (5,5), (3,6), (1,7), (2,9), (5,7), (5,8), (2,8)
Cerrados = (3,8), (3,7), (4,7), (4,6), (5,6), (5,7), (3,9), (2,7)
------------------------
Iteración 9
-----------
Abiertos = (2,8), (3,10), (5,5), (3,5), (3,6), (1,7), (2,9), (5,7), (5,8), (2,8)
Cerrados = (3,8), (3,7), (4,7), (4,6), (5,6), (5,7), (3,9), (2,7), (3,6)
------------------------
Iteración 10
-----------
Abiertos = (3,10), (5,5), (3,5), (3,6), (1,7), (2,9), (1,8), (5,7), (5,8), (2,8), (2,9)
Cerrados = (3,8), (3,7), (4,7), (4,6), (5,6), (5,7), (3,9), (2,7), (3,6), (2,8)
------------------------
Iteración 11
-----------
Abiertos = (5,5), (3,5), (3,6), (1,7), (2,9), (1,8), (5,7), (5,8), (2,8), (2,9), (2,10)
Cerrados = (3,8), (3,7), (4,7), (4,6), (5,6), (5,7), (3,9), (2,7), (3,6), (2,8), (3,10)
------------------------
Iteración 12
-----------
Abiertos = (5,5), (3,6), (1,7), (2,9), (1,8), (5,7), (5,8), (2,5), (2,8), (2,9), (2,10)
Cerrados = (3,8), (3,7), (4,7), (4,6), (5,6), (5,7), (3,9), (2,7), (3,6), (2,8), (3,10), (3,5)
------------------------
Iteración 13
-----------
Abiertos = (3,6), (1,7), (2,9), (1,8), (6,5), (5,4), (5,7), (5,8), (2,5), (2,8), (2,9), (2,10)
Cerrados = (3,8), (3,7), (4,7), (4,6), (5,6), (5,7), (3,9), (2,7), (3,6), (2,8), (3,10), (3,5), (5,5)
------------------------
Iteración 14
-----------
Abiertos = (1,7), (1,8), (6,5), (5,4), (5,7), (5,8), (2,5), (2,8), (2,9), (1,9), (2,10), (2,10)
Cerrados = (3,8), (3,7), (4,7), (4,6), (5,6), (5,7), (3,9), (2,7), (3,6), (2,8), (3,10), (3,5), (5,5), (2,9)
------------------------
Iteración 15
-----------
Abiertos = (1,8), (6,5), (5,4), (5,7), (5,8), (2,5), (2,8), (2,9), (1,8), (1,9), (2,10), (2,10)
Cerrados = (3,8), (3,7), (4,7), (4,6), (5,6), (5,7), (3,9), (2,7), (3,6), (2,8), (3,10), (3,5), (5,5), (2,9), (1,7)
------------------------
Iteración 16
-----------
Abiertos = (5,4), (6,5), (5,7), (5,8), (2,5), (2,8), (2,9), (1,8), (1,9), (2,10), (1,9), (2,10)
Cerrados = (3,8), (3,7), (4,7), (4,6), (5,6), (5,7), (3,9), (2,7), (3,6), (2,8), (3,10), (3,5), (5,5), (2,9), (1,7), (1,8)
------------------------
Iteración 17
-----------
Abiertos = (5,4), (5,7), (5,8), (2,5), (2,8), (2,9), (7,5), (1,8), (1,9), (2,10), (1,9), (2,10)
Cerrados = (3,8), (3,7), (4,7), (4,6), (5,6), (5,7), (3,9), (2,7), (3,6), (2,8), (3,10), (3,5), (5,5), (2,9), (1,7), (1,8), (6,5)
------------------------
Iteración 18
-----------
Abiertos = (5,7), (5,8), (2,5), (2,8), (2,9), (7,5), (5,3), (1,8), (2,10), (1,9), (1,9), (2,10)
Cerrados = (3,8), (3,7), (4,7), (4,6), (5,6), (5,7), (3,9), (2,7), (3,6), (2,8), (3,10), (3,5), (5,5), (2,9), (1,7), (1,8), (6,5), (5,4)
------------------------
Iteración 19
-----------
Abiertos = (5,7), (2,5), (2,8), (2,9), (7,5), (5,3), (1,8), (1,9), (1,9), (2,10), (2,10), (5,9)
Cerrados = (3,8), (3,7), (4,7), (4,6), (5,6), (5,7), (3,9), (2,7), (3,6), (2,8), (3,10), (3,5), (5,5), (2,9), (1,7), (1,8), (6,5), (5,4), (5,8)
------------------------
Iteración 20
-----------
Abiertos = (2,5), (5,2), (7,5), (1,8), (1,9), (1,9), (2,10), (2,10), (4,3), (5,9)
Cerrados = (3,8), (3,7), (4,7), (4,6), (5,6), (5,7), (3,9), (2,7), (3,6), (2,8), (3,10), (3,5), (5,5), (2,9), (1,7), (1,8), (6,5), (5,4), (5,8), (5,3)
------------------------
Iteración 21
-----------
Abiertos = (5,2), (7,5), (1,8), (1,9), (1,9), (2,10), (1,5), (2,10), (4,3), (5,9)
Cerrados = (3,8), (3,7), (4,7), (4,6), (5,6), (5,7), (3,9), (2,7), (3,6), (2,8), (3,10), (3,5), (5,5), (2,9), (1,7), (1,8), (6,5), (5,4), (5,8), (5,3), (2,5)
------------------------
Iteración 22
-----------
Abiertos = (5,2), (8,5), (1,8), (1,9), (1,9), (2,10), (1,5), (7,4), (2,10), (4,3), (5,9)
Cerrados = (3,8), (3,7), (4,7), (4,6), (5,6), (5,7), (3,9), (2,7), (3,6), (2,8), (3,10), (3,5), (5,5), (2,9), (1,7), (1,8), (6,5), (5,4), (5,8), (5,3), (2,5), (7,5)
------------------------
Iteración 23
-----------
Abiertos = (8,5), (1,8), (1,9), (1,9), (2,10), (1,5), (6,2), (7,4), (2,10), (4,2), (4,3), (5,9)
Cerrados = (3,8), (3,7), (4,7), (4,6), (5,6), (5,7), (3,9), (2,7), (3,6), (2,8), (3,10), (3,5), (5,5), (2,9), (1,7), (1,8), (6,5), (5,4), (5,8), (5,3), (2,5), (7,5), (5,2)
------------------------
Iteración 24
-----------
Abiertos = (8,4), (1,9), (2,10), (1,9), (1,5), (6,2), (7,4), (2,10), (4,2), (8,6), (4,3), (5,9)
Cerrados = (3,8), (3,7), (4,7), (4,6), (5,6), (5,7), (3,9), (2,7), (3,6), (2,8), (3,10), (3,5), (5,5), (2,9), (1,7), (1,8), (6,5), (5,4), (5,8), (5,3), (2,5), (7,5), (5,2), (8,5)
------------------------
Iteración 25
-----------
Abiertos = (8,4), (2,10), (1,9), (1,5), (6,2), (7,4), (2,10), (4,2), (8,6), (4,3), (1,10), (5,9)
Cerrados = (3,8), (3,7), (4,7), (4,6), (5,6), (5,7), (3,9), (2,7), (3,6), (2,8), (3,10), (3,5), (5,5), (2,9), (1,7), (1,8), (6,5), (5,4), (5,8), (5,3), (2,5), (7,5), (5,2), (8,5), (1,9)
------------------------
Iteración 26
-----------
Abiertos = (8,4), (1,9), (1,5), (6,2), (7,4), (2,10), (4,2), (8,6), (4,3), (1,10), (1,10), (5,9)
Cerrados = (3,8), (3,7), (4,7), (4,6), (5,6), (5,7), (3,9), (2,7), (3,6), (2,8), (3,10), (3,5), (5,5), (2,9), (1,7), (1,8), (6,5), (5,4), (5,8), (5,3), (2,5), (7,5), (5,2), (8,5), (1,9), (2,10)
------------------------
Iteración 27
-----------
Abiertos = (8,3), (1,5), (6,2), (7,4), (2,10), (4,2), (8,6), (4,3), (1,10), (1,10), (7,4), (5,9)
Cerrados = (3,8), (3,7), (4,7), (4,6), (5,6), (5,7), (3,9), (2,7), (3,6), (2,8), (3,10), (3,5), (5,5), (2,9), (1,7), (1,8), (6,5), (5,4), (5,8), (5,3), (2,5), (7,5), (5,2), (8,5), (1,9), (2,10), (8,4)
------------------------
Iteración 28
-----------
Abiertos = (8,2), (9,3), (1,5), (6,2), (7,4), (2,10), (4,2), (8,6), (4,3), (1,10), (1,10), (7,3), (7,4), (5,9)
Cerrados = (3,8), (3,7), (4,7), (4,6), (5,6), (5,7), (3,9), (2,7), (3,6), (2,8), (3,10), (3,5), (5,5), (2,9), (1,7), (1,8), (6,5), (5,4), (5,8), (5,3), (2,5), (7,5), (5,2), (8,5), (1,9), (2,10), (8,4), (8,3)
------------------------
Iteración 29
-----------
Abiertos = (9,3), (1,5), (6,2), (7,4), (2,10), (8,1), (4,2), (8,6), (4,3), (1,10), (1,10), (7,2), (7,3), (7,4), (5,9)
Cerrados = (3,8), (3,7), (4,7), (4,6), (5,6), (5,7), (3,9), (2,7), (3,6), (2,8), (3,10), (3,5), (5,5), (2,9), (1,7), (1,8), (6,5), (5,4), (5,8), (5,3), (2,5), (7,5), (5,2), (8,5), (1,9), (2,10), (8,4), (8,3), (8,2)
------------------------
Iteración 30
-----------
Abiertos = (9,3), (1,4), (6,2), (7,4), (2,10), (8,1), (4,2), (8,6), (4,3), (1,10), (1,10), (7,2), (7,3), (7,4), (5,9)
Cerrados = (3,8), (3,7), (4,7), (4,6), (5,6), (5,7), (3,9), (2,7), (3,6), (2,8), (3,10), (3,5), (5,5), (2,9), (1,7), (1,8), (6,5), (5,4), (5,8), (5,3), (2,5), (7,5), (5,2), (8,5), (1,9), (2,10), (8,4), (8,3), (8,2), (1,5)
------------------------
Iteración 31
-----------
Abiertos = (1,4), (10,3), (6,2), (7,4), (2,10), (8,1), (4,2), (8,6), (4,3), (1,10), (1,10), (7,2), (7,3), (7,4), (5,9)
Cerrados = (3,8), (3,7), (4,7), (4,6), (5,6), (5,7), (3,9), (2,7), (3,6), (2,8), (3,10), (3,5), (5,5), (2,9), (1,7), (1,8), (6,5), (5,4), (5,8), (5,3), (2,5), (7,5), (5,2), (8,5), (1,9), (2,10), (8,4), (8,3), (8,2), (1,5), (9,3)
------------------------
Iteración 32
-----------
Abiertos = (1,4), (10,2), (6,2), (7,4), (2,10), (8,1), (4,2), (8,6), (4,3), (1,10), (1,10), (11,3), (7,2), (7,3), (7,4), (5,9), (10,4)
Cerrados = (3,8), (3,7), (4,7), (4,6), (5,6), (5,7), (3,9), (2,7), (3,6), (2,8), (3,10), (3,5), (5,5), (2,9), (1,7), (1,8), (6,5), (5,4), (5,8), (5,3), (2,5), (7,5), (5,2), (8,5), (1,9), (2,10), (8,4), (8,3), (8,2), (1,5), (9,3), (10,3)
------------------------
Iteración 33
-----------
Abiertos = (1,3), (10,2), (6,2), (7,4), (2,10), (8,1), (4,2), (8,6), (4,3), (1,10), (1,10), (11,3), (7,2), (7,3), (7,4), (5,9), (10,4)
Cerrados = (3,8), (3,7), (4,7), (4,6), (5,6), (5,7), (3,9), (2,7), (3,6), (2,8), (3,10), (3,5), (5,5), (2,9), (1,7), (1,8), (6,5), (5,4), (5,8), (5,3), (2,5), (7,5), (5,2), (8,5), (1,9), (2,10), (8,4), (8,3), (8,2), (1,5), (9,3), (10,3), (1,4)
------------------------
Iteración 34
-----------
Abiertos = (1,2), (10,2), (6,2), (7,4), (2,10), (8,1), (4,2), (8,6), (4,3), (1,10), (1,10), (2,3), (11,3), (7,2), (7,3), (7,4), (5,9), (10,4)
Cerrados = (3,8), (3,7), (4,7), (4,6), (5,6), (5,7), (3,9), (2,7), (3,6), (2,8), (3,10), (3,5), (5,5), (2,9), (1,7), (1,8), (6,5), (5,4), (5,8), (5,3), (2,5), (7,5), (5,2), (8,5), (1,9), (2,10), (8,4), (8,3), (8,2), (1,5), (9,3), (10,3), (1,4), (1,3)
------------------------
Iteración 35
-----------
Abiertos = (10,2), (6,2), (7,4), (2,10), (8,1), (4,2), (8,6), (4,3), (1,10), (1,10), (2,2), (2,3), (1,1), (11,3), (7,2), (7,3), (7,4), (5,9), (10,4)
Cerrados = (3,8), (3,7), (4,7), (4,6), (5,6), (5,7), (3,9), (2,7), (3,6), (2,8), (3,10), (3,5), (5,5), (2,9), (1,7), (1,8), (6,5), (5,4), (5,8), (5,3), (2,5), (7,5), (5,2), (8,5), (1,9), (2,10), (8,4), (8,3), (8,2), (1,5), (9,3), (10,3), (1,4), (1,3), (1,2)
------------------------
Iteración 36
-----------
Abiertos = (10,2), (7,4), (2,10), (8,1), (4,2), (8,6), (4,3), (1,10), (1,10), (2,2), (2,3), (7,2), (1,1), (11,3), (7,2), (7,3), (7,4), (5,9), (10,4), (6,1)
Cerrados = (3,8), (3,7), (4,7), (4,6), (5,6), (5,7), (3,9), (2,7), (3,6), (2,8), (3,10), (3,5), (5,5), (2,9), (1,7), (1,8), (6,5), (5,4), (5,8), (5,3), (2,5), (7,5), (5,2), (8,5), (1,9), (2,10), (8,4), (8,3), (8,2), (1,5), (9,3), (10,3), (1,4), (1,3), (1,2), (6,2)
------------------------
Camino: (3,8) -> (3,7) -> (4,7) -> (4,6) -> (5,6) -> (5,5) -> (6,5) -> (7,5) -> (8,5) -> (8,4) -> (8,3) -> (9,3) -> (10,3) -> (10,2)
Coste: 44
Iteración 0
-----------
Abiertos = (3,8)
Cerrados = 
------------------------
Iteración 1
-----------
Abiertos = (3,7), (3,9), (2,8)
Cerrados = (3,8)
------------------------
Iteración 2
-----------
Abiertos = (4,7), (3,9), (3,6), (2,7), (2,8)
Cerrados = (3,8), (3,7)
------------------------
Iteración 3
-----------
Abiertos = (4,7), (3,6), (2,7), (2,8), (3,10), (2,9)
Cerrados = (3,8), (3,7), (3,9)
------------------------
Iteración 4
-----------
Abiertos = (4,7), (4,6), (2,7), (2,8), (3,10), (3,5), (2,9)
Cerrados = (3,8), (3,7), (3,9), (3,6)
------------------------
Iteración 5
-----------
Abiertos = (4,7), (2,7), (2,8), (3,10), (5,6), (3,5), (4,7), (2,9)
Cerrados = (3,8), (3,7), (3,9), (3,6), (4,6)
------------------------
Iteración 6
-----------
Abiertos = (4,7), (2,8), (3,10), (5,6), (3,5), (4,7), (1,7), (2,9), (2,8)
Cerrados = (3,8), (3,7), (3,9), (3,6), (4,6), (2,7)
------------------------
Iteración 7
-----------
Abiertos = (4,7), (3,10), (5,6), (3,5), (4,7), (1,7), (2,9), (1,8), (2,8), (2,9)
Cerrados = (3,8), (3,7), (3,9), (3,6), (4,6), (2,7), (2,8)
------------------------
Iteración 8
-----------
Abiertos = (4,7), (5,6), (3,5), (4,7), (1,7), (2,9), (1,8), (2,8), (2,9), (2,10)
Cerrados = (3,8), (3,7), (3,9), (3,6), (4,6), (2,7), (2,8), (3,10)
------------------------
Iteración 9
-----------
Abiertos = (4,7), (3,5), (4,7), (1,7), (2,9), (1,8), (5,5), (2,8), (2,9), (2,10), (5,7)
Cerrados = (3,8), (3,7), (3,9), (3,6), (4,6), (2,7), (2,8), (3,10), (5,6)
------------------------
Iteración 10
-----------
Abiertos = (5,7), (3,5), (4,7), (1,7), (2,9), (1,8), (5,5), (2,8), (2,9), (2,10), (5,7)
Cerrados = (3,8), (3,7), (3,9), (3,6), (4,6), (2,7), (2,8), (3,10), (5,6), (4,7)
------------------------
Iteración 11
-----------
Abiertos = (3,5), (4,7), (1,7), (2,9), (1,8), (5,5), (2,8), (2,9), (2,10), (5,7), (5,8)
Cerrados = (3,8), (3,7), (3,9), (3,6), (4,6), (2,7), (2,8), (3,10), (5,6), (4,7), (5,7)
------------------------
Iteración 12
-----------
Abiertos = (1,7), (2,9), (1,8), (5,5), (2,5), (2,8), (2,9), (2,10), (5,7), (5,8)
Cerrados = (3,8), (3,7), (3,9), (3,6), (4,6), (2,7), (2,8), (3,10), (5,6), (4,7), (5,7), (3,5)
------------------------
Iteración 13
-----------
Abiertos = (1,8), (2,9), (5,5), (2,5), (2,8), (2,9), (1,8), (2,10), (5,7), (5,8)
Cerrados = (3,8), (3,7), (3,9), (3,6), (4,6), (2,7), (2,8), (3,10), (5,6), (4,7), (5,7), (3,5), (1,7)
------------------------
Iteración 14
-----------
Abiertos = (2,9), (5,5), (2,5), (2,8), (2,9), (1,8), (1,9), (2,10), (5,7), (5,8)
Cerrados = (3,8), (3,7), (3,9), (3,6), (4,6), (2,7), (2,8), (3,10), (5,6), (4,7), (5,7), (3,5), (1,7), (1,8)
------------------------
Iteración 15
-----------
Abiertos = (5,5), (2,5), (2,8), (2,9), (1,8), (1,9), (2,10), (1,9), (5,7), (2,10), (5,8)
Cerrados = (3,8), (3,7), (3,9), (3,6), (4,6), (2,7), (2,8), (3,10), (5,6), (4,7), (5,7), (3,5), (1,7), (1,8), (2,9)
------------------------
Iteración 16
-----------
Abiertos = (2,5), (2,8), (2,9), (6,5), (5,4), (1,8), (1,9), (1,9), (2,10), (5,7), (2,10), (5,8)
Cerrados = (3,8), (3,7), (3,9), (3,6), (4,6), (2,7), (2,8), (3,10), (5,6), (4,7), (5,7), (3,5), (1,7), (1,8), (2,9), (5,5)
------------------------
Iteración 17
-----------
Abiertos = (2,8), (2,9), (6,5), (5,4), (1,8), (1,9), (1,9), (2,10), (5,7), (1,5), (2,10), (5,8)
Cerrados = (3,8), (3,7), (3,9), (3,6), (4,6), (2,7), (2,8), (3,10), (5,6), (4,7), (5,7), (3,5), (1,7), (1,8), (2,9), (5,5), (2,5)
------------------------
Iteración 18
-----------
Abiertos = (2,8), (5,4), (1,8), (1,9), (1,9), (2,10), (5,7), (1,5), (7,5), (2,10), (5,8)
Cerrados = (3,8), (3,7), (3,9), (3,6), (4,6), (2,7), (2,8), (3,10), (5,6), (4,7), (5,7), (3,5), (1,7), (1,8), (2,9), (5,5), (2,5), (6,5)
------------------------
Iteración 19
-----------
Abiertos = (2,8), (1,8), (1,9), (1,9), (2,10), (5,7), (1,5), (7,5), (5,3), (2,10), (5,8)
Cerrados = (3,8), (3,7), (3,9), (3,6), (4,6), (2,7), (2,8), (3,10), (5,6), (4,7), (5,7), (3,5), (1,7), (1,8), (2,9), (5,5), (2,5), (6,5), (5,4)
------------------------
Iteración 20
-----------
Abiertos = (2,8), (1,9), (2,10), (5,7), (1,5), (7,5), (5,3), (2,10), (1,10), (5,8)
Cerrados = (3,8), (3,7), (3,9), (3,6), (4,6), (2,7), (2,8), (3,10), (5,6), (4,7), (5,7), (3,5), (1,7), (1,8), (2,9), (5,5), (2,5), (6,5), (5,4), (1,9)
------------------------
Iteración 21
-----------
Abiertos = (2,8), (5,7), (1,5), (7,5), (5,3), (2,10), (1,10), (1,10), (5,8)
Cerrados = (3,8), (3,7), (3,9), (3,6), (4,6), (2,7), (2,8), (3,10), (5,6), (4,7), (5,7), (3,5), (1,7), (1,8), (2,9), (5,5), (2,5), (6,5), (5,4), (1,9), (2,10)
------------------------
Iteración 22
-----------
Abiertos = (2,8), (1,4), (7,5), (5,3), (2,10), (1,10), (1,10), (5,8)
Cerrados = (3,8), (3,7), (3,9), (3,6), (4,6), (2,7), (2,8), (3,10), (5,6), (4,7), (5,7), (3,5), (1,7), (1,8), (2,9), (5,5), (2,5), (6,5), (5,4), (1,9), (2,10), (1,5)
------------------------
Iteración 23
-----------
Abiertos = (1,3), (5,3), (7,5), (2,10), (1,10), (1,10), (5,8)
Cerrados = (3,8), (3,7), (3,9), (3,6), (4,6), (2,7), (2,8), (3,10), (5,6), (4,7), (5,7), (3,5), (1,7), (1,8), (2,9), (5,5), (2,5), (6,5), (5,4), (1,9), (2,10), (1,5), (1,4)
------------------------
Iteración 24
-----------
Abiertos = (1,3), (5,2), (7,5), (2,10), (1,10), (1,10), (4,3), (5,8)
Cerrados = (3,8), (3,7), (3,9), (3,6), (4,6), (2,7), (2,8), (3,10), (5,6), (4,7), (5,7), (3,5), (1,7), (1,8), (2,9), (5,5), (2,5), (6,5), (5,4), (1,9), (2,10), (1,5), (1,4), (5,3)
------------------------
Iteración 25
-----------
Abiertos = (1,3), (7,5), (2,10), (1,10), (1,10), (6,2), (4,2), (4,3), (5,8)
Cerrados = (3,8), (3,7), (3,9), (3,6), (4,6), (2,7), (2,8), (3,10), (5,6), (4,7), (5,7), (3,5), (1,7), (1,8), (2,9), (5,5), (2,5), (6,5), (5,4), (1,9), (2,10), (1,5), (1,4), (5,3), (5,2)
------------------------
Iteración 26
-----------
Abiertos = (1,3), (8,5), (2,10), (1,10), (1,10), (6,2), (7,4), (4,2), (4,3), (5,8)
Cerrados = (3,8), (3,7), (3,9), (3,6), (4,6), (2,7), (2,8), (3,10), (5,6), (4,7), (5,7), (3,5), (1,7), (1,8), (2,9), (5,5), (2,5), (6,5), (5,4), (1,9), (2,10), (1,5), (1,4), (5,3), (5,2), (7,5)
------------------------
Iteración 27
-----------
Abiertos = (1,3), (8,4), (2,10), (1,10), (1,10), (6,2), (7,4), (4,2), (8,6), (4,3), (5,8)
Cerrados = (3,8), (3,7), (3,9), (3,6), (4,6), (2,7), (2,8), (3,10), (5,6), (4,7), (5,7), (3,5), (1,7), (1,8), (2,9), (5,5), (2,5), (6,5), (5,4), (1,9), (2,10), (1,5), (1,4), (5,3), (5,2), (7,5), (8,5)
------------------------
Iteración 28
-----------
Abiertos = (1,2), (8,4), (2,10), (1,10), (1,10), (2,3), (6,2), (7,4), (4,2), (8,6), (4,3), (5,8)
Cerrados = (3,8), (3,7), (3,9), (3,6), (4,6), (2,7), (2,8), (3,10), (5,6), (4,7), (5,7), (3,5), (1,7), (1,8), (2,9), (5,5), (2,5), (6,5), (5,4), (1,9), (2,10), (1,5), (1,4), (5,3), (5,2), (7,5), (8,5), (1,3)
------------------------
Iteración 29
-----------
Abiertos = (8,4), (2,10), (1,10), (1,10), (2,2), (2,3), (6,2), (7,4), (1,1), (8,6), (4,2), (4,3), (5,8)
Cerrados = (3,8), (3,7), (3,9), (3,6), (4,6), (2,7), (2,8), (3,10), (5,6), (4,7), (5,7), (3,5), (1,7), (1,8), (2,9), (5,5), (2,5), (6,5), (5,4), (1,9), (2,10), (1,5), (1,4), (5,3), (5,2), (7,5), (8,5), (1,3), (1,2)
------------------------
Iteración 30
-----------
Abiertos = (8,3), (1,10), (1,10), (2,2), (2,3), (6,2), (7,4), (1,1), (8,6), (4,2), (4,3), (5,8), (7,4)
Cerrados = (3,8), (3,7), (3,9), (3,6), (4,6), (2,7), (2,8), (3,10), (5,6), (4,7), (5,7), (3,5), (1,7), (1,8), (2,9), (5,5), (2,5), (6,5), (5,4), (1,9), (2,10), (1,5), (1,4), (5,3), (5,2), (7,5), (8,5), (1,3), (1,2), (8,4)
------------------------
Iteración 31
-----------
Abiertos = (8,2), (9,3), (1,10), (1,10), (2,2), (2,3), (6,2), (7,4), (1,1), (4,2), (8,6), (4,3), (5,8), (7,3), (7,4)
Cerrados = (3,8), (3,7), (3,9), (3,6), (4,6), (2,7), (2,8), (3,10), (5,6), (4,7), (5,7), (3,5), (1,7), (1,8), (2,9), (5,5), (2,5), (6,5), (5,4), (1,9), (2,10), (1,5), (1,4), (5,3), (5,2), (7,5), (8,5), (1,3), (1,2), (8,4), (8,3)
------------------------
Iteración 32
-----------
Abiertos = (9,3), (1,10), (1,10), (2,2), (2,3), (6,2), (7,4), (1,1), (8,1), (8,6), (4,2), (4,3), (5,8), (7,2), (7,3), (7,4)
Cerrados = (3,8), (3,7), (3,9), (3,6), (4,6), (2,7), (2,8), (3,10), (5,6), (4,7), (5,7), (3,5), (1,7), (1,8), (2,9), (5,5), (2,5), (6,5), (5,4), (1,9), (2,10), (1,5), (1,4), (5,3), (5,2), (7,5), (8,5), (1,3), (1,2), (8,4), (8,3), (8,2)
------------------------
Iteración 33
-----------
Abiertos = (9,3), (1,10), (2,2), (2,3), (6,2), (7,4), (1,1), (8,1), (8,6), (4,2), (4,3), (5,8), (7,2), (7,3), (7,4)
Cerrados = (3,8), (3,7), (3,9), (3,6), (4,6), (2,7), (2,8), (3,10), (5,6), (4,7), (5,7), (3,5), (1,7), (1,8), (2,9), (5,5), (2,5), (6,5), (5,4), (1,9), (2,10), (1,5), (1,4), (5,3), (5,2), (7,5), (8,5), (1,3), (1,2), (8,4), (8,3), (8,2), (1,10)
------------------------
Iteración 34
-----------
Abiertos = (1,10), (2,2), (2,3), (10,3), (6,2), (7,4), (1,1), (8,1), (8,6), (4,2), (4,3), (5,8), (7,2), (7,3), (7,4)
Cerrados = (3,8), (3,7), (3,9), (3,6), (4,6), (2,7), (2,8), (3,10), (5,6), (4,7), (5,7), (3,5), (1,7), (1,8), (2,9), (5,5), (2,5), (6,5), (5,4), (1,9), (2,10), (1,5), (1,4), (5,3), (5,2), (7,5), (8,5), (1,3), (1,2), (8,4), (8,3), (8,2), (1,10), (9,3)
------------------------
Iteración 35
-----------
Abiertos = (2,2), (10,3), (6,2), (7,4), (1,1), (8,1), (8,6), (4,2), (4,3), (2,2), (3,3), (5,8), (7,2), (7,3), (7,4)
Cerrados = (3,8), (3,7), (3,9), (3,6), (4,6), (2,7), (2,8), (3,10), (5,6), (4,7), (5,7), (3,5), (1,7), (1,8), (2,9), (5,5), (2,5), (6,5), (5,4), (1,9), (2,10), (1,5), (1,4), (5,3), (5,2), (7,5), (8,5), (1,3), (1,2), (8,4), (8,3), (8,2), (1,10), (9,3), (2,3)
------------------------
Iteración 36
-----------
Abiertos = (10,3), (6,2), (7,4), (1,1), (8,1), (8,6), (4,2), (4,3), (2,2), (3,3), (5,8), (2,1), (7,2), (7,3), (7,4)
Cerrados = (3,8), (3,7), (3,9), (3,6), (4,6), (2,7), (2,8), (3,10), (5,6), (4,7), (5,7), (3,5), (1,7), (1,8), (2,9), (5,5), (2,5), (6,5), (5,4), (1,9), (2,10), (1,5), (1,4), (5,3), (5,2), (7,5), (8,5), (1,3), (1,2), (8,4), (8,3), (8,2), (1,10), (9,3), (2,3), (2,2)
------------------------
Iteración 37
-----------
Abiertos = (10,2), (6,2), (7,4), (1,1), (8,1), (8,6), (4,2), (4,3), (2,2), (3,3), (5,8), (2,1), (11,3), (7,2), (7,3), (7,4), (10,4)
Cerrados = (3,8), (3,7), (3,9), (3,6), (4,6), (2,7), (2,8), (3,10), (5,6), (4,7), (5,7), (3,5), (1,7), (1,8), (2,9), (5,5), (2,5), (6,5), (5,4), (1,9), (2,10), (1,5), (1,4), (5,3), (5,2), (7,5), (8,5), (1,3), (1,2), (8,4), (8,3), (8,2), (1,10), (9,3), (2,3), (2,2), (10,3)
------------------------
Iteración 38
-----------
Abiertos = (10,2), (7,4), (1,1), (8,1), (8,6), (4,2), (4,3), (2,2), (3,3), (5,8), (7,2), (2,1), (11,3), (7,2), (7,3), (7,4), (10,4), (6,1)
Cerrados = (3,8), (3,7), (3,9), (3,6), (4,6), (2,7), (2,8), (3,10), (5,6), (4,7), (5,7), (3,5), (1,7), (1,8), (2,9), (5,5), (2,5), (6,5), (5,4), (1,9), (2,10), (1,5), (1,4), (5,3), (5,2), (7,5), (8,5), (1,3), (1,2), (8,4), (8,3), (8,2), (1,10), (9,3), (2,3), (2,2), (10,3), (6,2)
------------------------
Camino: (3,8) -> (3,7) -> (3,6) -> (4,6) -> (5,6) -> (5,5) -> (6,5) -> (7,5) -> (8,5) -> (8,4) -> (8,3) -> (9,3) -> (10,3) -> (10,2)
Coste: 47
Iteración 0
-----------
Abiertos = (3,8)
Cerrados = 
------------------------
Iteración 1
-----------
Abiertos = (3,7), (3,9), (2,8)
Cerrados = (3,8)
------------------------
Iteración 2
-----------
Abiertos = (3,7), (2,8), (3,10), (2,9)
Cerrados = (3,8), (3,9)
------------------------
Iteración 3
-----------
Abiertos = (3,7), (2,7), (3,10), (2,9), (1,8), (2,9)
Cerrados = (3,8), (3,9), (2,8)
------------------------
Iteración 4
-----------
Abiertos = (4,7), (3,6), (2,7), (2,7), (3,10), (1,8), (2,9), (2,9)
Cerrados = (3,8), (3,9), (2,8), (3,7)
------------------------
Iteración 5
-----------
Abiertos = (4,7), (4,6), (2,7), (2,7), (3,10), (3,5), (2,9), (1,8), (2,9)
Cerrados = (3,8), (3,9), (2,8), (3,7), (3,6)
------------------------
Iteración 6
-----------
Abiertos = (4,7), (2,7), (2,7), (3,10), (5,6), (3,5), (4,7), (1,8), (2,9), (2,9)
Cerrados = (3,8), (3,9), (2,8), (3,7), (3,6), (4,6)
------------------------
Iteración 7
-----------
Abiertos = (4,7), (2,7), (3,10), (5,6), (3,5), (4,7), (1,7), (1,8), (2,9), (2,9)
Cerrados = (3,8), (3,9), (2,8), (3,7), (3,6), (4,6), (2,7)
------------------------
Iteración 8
-----------
Abiertos = (5,7), (2,7), (3,10), (5,6), (3,5), (4,7), (1,7), (1,8), (2,9), (2,9)
Cerrados = (3,8), (3,9), (2,8), (3,7), (3,6), (4,6), (2,7), (4,7)
------------------------
Iteración 9
-----------
Abiertos = (2,7), (3,10), (5,6), (5,6), (3,5), (4,7), (1,7), (1,8), (2,9), (5,8), (2,9)
Cerrados = (3,8), (3,9), (2,8), (3,7), (3,6), (4,6), (2,7), (4,7), (5,7)
------------------------
Iteración 10
-----------
Abiertos = (2,7), (5,6), (5,6), (3,5), (4,7), (1,7), (1,8), (2,9), (5,8), (2,9), (2,10)
Cerrados = (3,8), (3,9), (2,8), (3,7), (3,6), (4,6), (2,7), (4,7), (5,7), (3,10)
------------------------
Iteración 11
-----------
Abiertos = (5,6), (3,5), (4,7), (1,7), (1,8), (2,9), (5,5), (5,8), (2,9), (2,10)
Cerrados = (3,8), (3,9), (2,8), (3,7), (3,6), (4,6), (2,7), (4,7), (5,7), (3,10), (5,6)
------------------------
Iteración 12
-----------
Abiertos = (5,6), (4,7), (1,7), (1,8), (2,9), (5,5), (5,8), (2,5), (2,9), (2,10)
Cerrados = (3,8), (3,9), (2,8), (3,7), (3,6), (4,6), (2,7), (4,7), (5,7), (3,10), (5,6), (3,5)
------------------------
Iteración 13
-----------
Abiertos = (5,6), (1,8), (2,9), (5,5), (5,8), (2,5), (2,9), (1,8), (2,10)
Cerrados = (3,8), (3,9), (2,8), (3,7), (3,6), (4,6), (2,7), (4,7), (5,7), (3,10), (5,6), (3,5), (1,7)
------------------------
Iteración 14
-----------
Abiertos = (5,6), (2,9), (5,5), (5,8), (2,5), (2,9), (1,8), (1,9), (2,10)
Cerrados = (3,8), (3,9), (2,8), (3,7), (3,6), (4,6), (2,7), (4,7), (5,7), (3,10), (5,6), (3,5), (1,7), (1,8)
------------------------
Iteración 15
-----------
Abiertos = (5,6), (5,5), (5,8), (2,5), (2,9), (1,8), (2,10), (1,9), (1,9), (2,10)
Cerrados = (3,8), (3,9), (2,8), (3,7), (3,6), (4,6), (2,7), (4,7), (5,7), (3,10), (5,6), (3,5), (1,7), (1,8), (2,9)
------------------------
Iteración 16
-----------
Abiertos = (5,5), (2,5), (2,9), (1,8), (2,10), (1,9), (1,9), (2,10), (5,9)
Cerrados = (3,8), (3,9), (2,8), (3,7), (3,6), (4,6), (2,7), (4,7), (5,7), (3,10), (5,6), (3,5), (1,7), (1,8), (2,9), (5,8)
------------------------
Iteración 17
-----------
Abiertos = (2,5), (2,9), (6,5), (5,4), (1,8), (2,10), (1,9), (1,9), (2,10), (5,9)
Cerrados = (3,8), (3,9), (2,8), (3,7), (3,6), (4,6), (2,7), (4,7), (5,7), (3,10), (5,6), (3,5), (1,7), (1,8), (2,9), (5,8), (5,5)
------------------------
Iteración 18
-----------
Abiertos = (2,5), (5,4), (1,8), (2,10), (1,9), (1,9), (7,5), (2,10), (5,9)
Cerrados = (3,8), (3,9), (2,8), (3,7), (3,6), (4,6), (2,7), (4,7), (5,7), (3,10), (5,6), (3,5), (1,7), (1,8), (2,9), (5,8), (5,5), (6,5)
------------------------
Iteración 19
-----------
Abiertos = (2,5), (1,8), (2,10), (1,9), (1,9), (5,3), (7,5), (2,10), (5,9)
Cerrados = (3,8), (3,9), (2,8), (3,7), (3,6), (4,6), (2,7), (4,7), (5,7), (3,10), (5,6), (3,5), (1,7), (1,8), (2,9), (5,8), (5,5), (6,5), (5,4)
------------------------
Iteración 20
-----------
Abiertos = (1,9), (2,10), (1,9), (1,5), (5,3), (7,5), (2,10), (5,9)
Cerrados = (3,8), (3,9), (2,8), (3,7), (3,6), (4,6), (2,7), (4,7), (5,7), (3,10), (5,6), (3,5), (1,7), (1,8), (2,9), (5,8), (5,5), (6,5), (5,4), (2,5)
------------------------
Iteración 21
-----------
Abiertos = (1,9), (1,9), (1,5), (5,3), (7,5), (2,10), (1,10), (5,9)
Cerrados = (3,8), (3,9), (2,8), (3,7), (3,6), (4,6), (2,7), (4,7), (5,7), (3,10), (5,6), (3,5), (1,7), (1,8), (2,9), (5,8), (5,5), (6,5), (5,4), (2,5), (2,10)
------------------------
Iteración 22
-----------
Abiertos = (1,9), (1,5), (5,3), (7,5), (2,10), (1,10), (1,10), (5,9)
Cerrados = (3,8), (3,9), (2,8), (3,7), (3,6), (4,6), (2,7), (4,7), (5,7), (3,10), (5,6), (3,5), (1,7), (1,8), (2,9), (5,8), (5,5), (6,5), (5,4), (2,5), (2,10), (1,9)
------------------------
Iteración 23
-----------
Abiertos = (1,4), (7,5), (5,3), (2,10), (1,10), (1,10), (5,9)
Cerrados = (3,8), (3,9), (2,8), (3,7), (3,6), (4,6), (2,7), (4,7), (5,7), (3,10), (5,6), (3,5), (1,7), (1,8), (2,9), (5,8), (5,5), (6,5), (5,4), (2,5), (2,10), (1,9), (1,5)
------------------------
Iteración 24
-----------
Abiertos = (1,4), (8,5), (5,3), (2,10), (1,10), (1,10), (7,4), (5,9)
Cerrados = (3,8), (3,9), (2,8), (3,7), (3,6), (4,6), (2,7), (4,7), (5,7), (3,10), (5,6), (3,5), (1,7), (1,8), (2,9), (5,8), (5,5), (6,5), (5,4), (2,5), (2,10), (1,9), (1,5), (7,5)
------------------------
Iteración 25
-----------
Abiertos = (1,4), (8,4), (5,3), (2,10), (1,10), (1,10), (7,4), (8,6), (5,9)
Cerrados = (3,8), (3,9), (2,8), (3,7), (3,6), (4,6), (2,7), (4,7), (5,7), (3,10), (5,6), (3,5), (1,7), (1,8), (2,9), (5,8), (5,5), (6,5), (5,4), (2,5), (2,10), (1,9), (1,5), (7,5), (8,5)
------------------------
Iteración 26
-----------
Abiertos = (1,4), (8,3), (5,3), (2,10), (1,10), (1,10), (7,4), (8,6), (5,9), (7,4)
Cerrados = (3,8), (3,9), (2,8), (3,7), (3,6), (4,6), (2,7), (4,7), (5,7), (3,10), (5,6), (3,5), (1,7), (1,8), (2,9), (5,8), (5,5), (6,5), (5,4), (2,5), (2,10), (1,9), (1,5), (7,5), (8,5), (8,4)
------------------------
Iteración 27
-----------
Abiertos = (1,4), (8,2), (9,3), (5,3), (2,10), (1,10), (1,10), (7,4), (8,6), (5,9), (7,3), (7,4)
Cerrados = (3,8), (3,9), (2,8), (3,7), (3,6), (4,6), (2,7), (4,7), (5,7), (3,10), (5,6), (3,5), (1,7), (1,8), (2,9), (5,8), (5,5), (6,5), (5,4), (2,5), (2,10), (1,9), (1,5), (7,5), (8,5), (8,4), (8,3)
------------------------
Iteración 28
-----------
Abiertos = (1,3), (9,3), (8,2), (5,3), (2,10), (1,10), (1,10), (7,4), (8,6), (5,9), (7,3), (7,4)
Cerrados = (3,8), (3,9), (2,8), (3,7), (3,6), (4,6), (2,7), (4,7), (5,7), (3,10), (5,6), (3,5), (1,7), (1,8), (2,9), (5,8), (5,5), (6,5), (5,4), (2,5), (2,10), (1,9), (1,5), (7,5), (8,5), (8,4), (8,3), (1,4)
------------------------
Iteración 29
-----------
Abiertos = (1,3), (8,2), (5,3), (2,10), (1,10), (1,10), (10,3), (7,4), (8,6), (5,9), (7,3), (7,4)
Cerrados = (3,8), (3,9), (2,8), (3,7), (3,6), (4,6), (2,7), (4,7), (5,7), (3,10), (5,6), (3,5), (1,7), (1,8), (2,9), (5,8), (5,5), (6,5), (5,4), (2,5), (2,10), (1,9), (1,5), (7,5), (8,5), (8,4), (8,3), (1,4), (9,3)
------------------------
Iteración 30
-----------
Abiertos = (1,3), (5,3), (2,10), (1,10), (1,10), (10,3), (7,4), (8,1), (8,6), (5,9), (7,2), (7,3), (7,4)
Cerrados = (3,8), (3,9), (2,8), (3,7), (3,6), (4,6), (2,7), (4,7), (5,7), (3,10), (5,6), (3,5), (1,7), (1,8), (2,9), (5,8), (5,5), (6,5), (5,4), (2,5), (2,10), (1,9), (1,5), (7,5), (8,5), (8,4), (8,3), (1,4), (9,3), (8,2)
------------------------
Iteración 31
-----------
Abiertos = (1,2), (5,3), (2,10), (1,10), (1,10), (2,3), (10,3), (7,4), (8,1), (8,6), (5,9), (7,2), (7,3), (7,4)
Cerrados = (3,8), (3,9), (2,8), (3,7), (3,6), (4,6), (2,7), (4,7), (5,7), (3,10), (5,6), (3,5), (1,7), (1,8), (2,9), (5,8), (5,5), (6,5), (5,4), (2,5), (2,10), (1,9), (1,5), (7,5), (8,5), (8,4), (8,3), (1,4), (9,3), (8,2), (1,3)
------------------------
Iteración 32
-----------
Abiertos = (1,2), (5,2), (2,10), (1,10), (1,10), (2,3), (10,3), (7,4), (8,1), (8,6), (4,3), (5,9), (7,2), (7,3), (7,4)
Cerrados = (3,8), (3,9), (2,8), (3,7), (3,6), (4,6), (2,7), (4,7), (5,7), (3,10), (5,6), (3,5), (1,7), (1,8), (2,9), (5,8), (5,5), (6,5), (5,4), (2,5), (2,10), (1,9), (1,5), (7,5), (8,5), (8,4), (8,3), (1,4), (9,3), (8,2), (1,3), (5,3)
------------------------
Iteración 33
-----------
Abiertos = (5,2), (2,10), (1,10), (1,10), (2,2), (2,3), (10,3), (7,4), (1,1), (8,1), (8,6), (4,3), (5,9), (7,2), (7,3), (7,4)
Cerrados = (3,8), (3,9), (2,8), (3,7), (3,6), (4,6), (2,7), (4,7), (5,7), (3,10), (5,6), (3,5), (1,7), (1,8), (2,9), (5,8), (5,5), (6,5), (5,4), (2,5), (2,10), (1,9), (1,5), (7,5), (8,5), (8,4), (8,3), (1,4), (9,3), (8,2), (1,3), (5,3), (1,2)
------------------------
Iteración 34
-----------
Abiertos = (1,10), (1,10), (2,2), (2,3), (10,3), (6,2), (7,4), (1,1), (8,1), (8,6), (4,2), (4,3), (5,9), (7,2), (7,3), (7,4)
Cerrados = (3,8), (3,9), (2,8), (3,7), (3,6), (4,6), (2,7), (4,7), (5,7), (3,10), (5,6), (3,5), (1,7), (1,8), (2,9), (5,8), (5,5), (6,5), (5,4), (2,5), (2,10), (1,9), (1,5), (7,5), (8,5), (8,4), (8,3), (1,4), (9,3), (8,2), (1,3), (5,3), (1,2), (5,2)
------------------------
Iteración 35
-----------
Abiertos = (1,10), (2,2), (2,3), (10,3), (6,2), (7,4), (1,1), (8,1), (8,6), (4,2), (4,3), (5,9), (7,2), (7,3), (7,4)
Cerrados = (3,8), (3,9), (2,8), (3,7), (3,6), (4,6), (2,7), (4,7), (5,7), (3,10), (5,6), (3,5), (1,7), (1,8), (2,9), (5,8), (5,5), (6,5), (5,4), (2,5), (2,10), (1,9), (1,5), (7,5), (8,5), (8,4), (8,3), (1,4), (9,3), (8,2), (1,3), (5,3), (1,2), (5,2), (1,10)
------------------------
Iteración 36
-----------
Abiertos = (2,3), (10,3), (6,2), (7,4), (1,1), (8,1), (8,6), (4,2), (4,3), (5,9), (2,1), (7,2), (7,3), (7,4), (2,3)
Cerrados = (3,8), (3,9), (2,8), (3,7), (3,6), (4,6), (2,7), (4,7), (5,7), (3,10), (5,6), (3,5), (1,7), (1,8), (2,9), (5,8), (5,5), (6,5), (5,4), (2,5), (2,10), (1,9), (1,5), (7,5), (8,5), (8,4), (8,3), (1,4), (9,3), (8,2), (1,3), (5,3), (1,2), (5,2), (1,10), (2,2)
------------------------
Iteración 37
-----------
Abiertos = (2,3), (10,2), (6,2), (7,4), (1,1), (8,1), (8,6), (4,2), (4,3), (5,9), (2,1), (11,3), (7,2), (7,3), (7,4), (2,3), (10,4)
Cerrados = (3,8), (3,9), (2,8), (3,7), (3,6), (4,6), (2,7), (4,7), (5,7), (3,10), (5,6), (3,5), (1,7), (1,8), (2,9), (5,8), (5,5), (6,5), (5,4), (2,5), (2,10), (1,9), (1,5), (7,5), (8,5), (8,4), (8,3), (1,4), (9,3), (8,2), (1,3), (5,3), (1,2), (5,2), (1,10), (2,2), (10,3)
------------------------
Camino: (3,8) -> (3,7) -> (3,6) -> (4,6) -> (5,6) -> (5,5) -> (6,5) -> (7,5) -> (8,5) -> (8,4) -> (8,3) -> (9,3) -> (10,3) -> (10,2)
Coste: 47
Iteración 0
-----------
Abiertos = (3,8)
Cerrados = 
------------------------
Iteración 1
-----------
Abiertos = (3,7), (3,9), (2,8)
Cerrados = (3,8)
------------------------
Iteración 2
-----------
Abiertos = (4,7), (3,9), (3,6), (2,7), (2,8)
Cerrados = (3,8), (3,7)
------------------------
Iteración 3
-----------
Abiertos = (4,7), (3,6), (2,7), (2,8), (3,10), (2,9)
Cerrados = (3,8), (3,7), (3,9)
------------------------
Iteración 4
-----------
Abiertos = (4,7), (4,6), (2,7), (2,8), (3,10), (3,5), (2,9)
Cerrados = (3,8), (3,7), (3,9), (3,6)
------------------------
Iteración 5
-----------
Abiertos = (4,6), (4,6), (5,7), (2,7), (2,8), (3,10), (3,5), (2,9)
Cerrados = (3,8), (3,7), (3,9), (3,6), (4,7)
------------------------
Iteración 6
-----------
Abiertos = (5,7), (4,6), (2,7), (2,8), (3,10), (5,6), (3,5), (2,9)
Cerrados = (3,8), (3,7), (3,9), (3,6), (4,7), (4,6)
------------------------
Iteración 7
-----------
Abiertos = (5,7), (2,8), (3,10), (5,6), (3,5), (1,7), (2,9), (2,8)
Cerrados = (3,8), (3,7), (3,9), (3,6), (4,7), (4,6), (2,7)
------------------------
Iteración 8
-----------
Abiertos = (2,8), (3,10), (5,6), (5,6), (3,5), (1,7), (2,9), (5,8), (2,8)
Cerrados = (3,8), (3,7), (3,9), (3,6), (4,7), (4,6), (2,7), (5,7)
------------------------
Iteración 9
-----------
Abiertos = (3,10), (5,6), (5,6), (3,5), (1,7), (2,9), (1,8), (5,8), (2,8), (2,9)
Cerrados = (3,8), (3,7), (3,9), (3,6), (4,7), (4,6), (2,7), (5,7), (2,8)
------------------------
Iteración 10
-----------
Abiertos = (5,6), (5,6), (3,5), (1,7), (2,9), (1,8), (5,8), (2,8), (2,9), (2,10)
Cerrados = (3,8), (3,7), (3,9), (3,6), (4,7), (4,6), (2,7), (5,7), (2,8), (3,10)
------------------------
Iteración 11
-----------
Abiertos = (5,6), (3,5), (1,7), (2,9), (1,8), (5,5), (5,8), (2,8), (2,9), (2,10)
Cerrados = (3,8), (3,7), (3,9), (3,6), (4,7), (4,6), (2,7), (5,7), (2,8), (3,10), (5,6)
------------------------
Iteración 12
-----------
Abiertos = (5,6), (1,7), (2,9), (1,8), (5,5), (5,8), (2,5), (2,8), (2,9), (2,10)
Cerrados = (3,8), (3,7), (3,9), (3,6), (4,7), (4,6), (2,7), (5,7), (2,8), (3,10), (5,6), (3,5)
------------------------
Iteración 13
-----------
Abiertos = (1,7), (1,8), (5,5), (5,8), (2,5), (2,8), (2,9), (2,10), (1,9), (2,10)
Cerrados = (3,8), (3,7), (3,9), (3,6), (4,7), (4,6), (2,7), (5,7), (2,8), (3,10), (5,6), (3,5), (2,9)
------------------------
Iteración 14
-----------
Abiertos = (1,8), (5,5), (5,8), (2,5), (2,8), (2,9), (1,8), (2,10), (1,9), (2,10)
Cerrados = (3,8), (3,7), (3,9), (3,6), (4,7), (4,6), (2,7), (5,7), (2,8), (3,10), (5,6), (3,5), (2,9), (1,7)
------------------------
Iteración 15
-----------
Abiertos = (5,5), (5,8), (2,5), (2,8), (2,9), (1,8), (2,10), (1,9), (1,9), (2,10)
Cerrados = (3,8), (3,7), (3,9), (3,6), (4,7), (4,6), (2,7), (5,7), (2,8), (3,10), (5,6), (3,5), (2,9), (1,7), (1,8)
------------------------
Iteración 16
-----------
Abiertos = (2,5), (5,8), (2,8), (2,9), (5,4), (6,5), (1,8), (2,10), (1,9), (1,9), (2,10)
Cerrados = (3,8), (3,7), (3,9), (3,6), (4,7), (4,6), (2,7), (5,7), (2,8), (3,10), (5,6), (3,5), (2,9), (1,7), (1,8), (5,5)
------------------------
Iteración 17
-----------
Abiertos = (2,5), (2,8), (2,9), (5,4), (6,5), (1,8), (2,10), (1,9), (1,9), (2,10), (5,9)
Cerrados = (3,8), (3,7), (3,9), (3,6), (4,7), (4,6), (2,7), (5,7), (2,8), (3,10), (5,6), (3,5), (2,9), (1,7), (1,8), (5,5), (5,8)
------------------------
Iteración 18
-----------
Abiertos = (2,9), (5,4), (6,5), (1,8), (2,10), (1,9), (1,9), (1,5), (2,10), (5,9)
Cerrados = (3,8), (3,7), (3,9), (3,6), (4,7), (4,6), (2,7), (5,7), (2,8), (3,10), (5,6), (3,5), (2,9), (1,7), (1,8), (5,5), (5,8), (2,5)
------------------------
Iteración 19
-----------
Abiertos = (2,9), (6,5), (1,8), (2,10), (1,9), (1,9), (1,5), (5,3), (2,10), (5,9)
Cerrados = (3,8), (3,7), (3,9), (3,6), (4,7), (4,6), (2,7), (5,7), (2,8), (3,10), (5,6), (3,5), (2,9), (1,7), (1,8), (5,5), (5,8), (2,5), (5,4)
------------------------
Iteración 20
-----------
Abiertos = (2,10), (1,9), (1,9), (1,5), (5,3), (7,5), (2,10), (5,9)
Cerrados = (3,8), (3,7), (3,9), (3,6), (4,7), (4,6), (2,7), (5,7), (2,8), (3,10), (5,6), (3,5), (2,9), (1,7), (1,8), (5,5), (5,8), (2,5), (5,4), (6,5)
------------------------
Iteración 21
-----------
Abiertos = (1,9), (2,10), (1,5), (5,3), (7,5), (2,10), (1,10), (5,9)
Cerrados = (3,8), (3,7), (3,9), (3,6), (4,7), (4,6), (2,7), (5,7), (2,8), (3,10), (5,6), (3,5), (2,9), (1,7), (1,8), (5,5), (5,8), (2,5), (5,4), (6,5), (1,9)
------------------------
Iteración 22
-----------
Abiertos = (2,10), (1,4), (5,3), (7,5), (2,10), (1,10), (5,9)
Cerrados = (3,8), (3,7), (3,9), (3,6), (4,7), (4,6), (2,7), (5,7), (2,8), (3,10), (5,6), (3,5), (2,9), (1,7), (1,8), (5,5), (5,8), (2,5), (5,4), (6,5), (1,9), (1,5)
------------------------
Iteración 23
-----------
Abiertos = (2,10), (1,3), (5,3), (7,5), (2,10), (1,10), (5,9)
Cerrados = (3,8), (3,7), (3,9), (3,6), (4,7), (4,6), (2,7), (5,7), (2,8), (3,10), (5,6), (3,5), (2,9), (1,7), (1,8), (5,5), (5,8), (2,5), (5,4), (6,5), (1,9), (1,5), (1,4)
------------------------
Iteración 24
-----------
Abiertos = (2,10), (1,2), (5,3), (7,5), (2,10), (1,10), (2,3), (5,9)
Cerrados = (3,8), (3,7), (3,9), (3,6), (4,7), (4,6), (2,7), (5,7), (2,8), (3,10), (5,6), (3,5), (2,9), (1,7), (1,8), (5,5), (5,8), (2,5), (5,4), (6,5), (1,9), (1,5), (1,4), (1,3)
------------------------
Iteración 25
-----------
Abiertos = (2,10), (5,3), (7,5), (2,10), (1,10), (2,2), (2,3), (1,1), (5,9)
Cerrados = (3,8), (3,7), (3,9), (3,6), (4,7), (4,6), (2,7), (5,7), (2,8), (3,10), (5,6), (3,5), (2,9), (1,7), (1,8), (5,5), (5,8), (2,5), (5,4), (6,5), (1,9), (1,5), (1,4), (1,3), (1,2)
------------------------
Iteración 26
-----------
Abiertos = (7,5), (5,3), (2,10), (1,10), (1,10), (2,2), (2,3), (1,1), (5,9)
Cerrados = (3,8), (3,7), (3,9), (3,6), (4,7), (4,6), (2,7), (5,7), (2,8), (3,10), (5,6), (3,5), (2,9), (1,7), (1,8), (5,5), (5,8), (2,5), (5,4), (6,5), (1,9), (1,5), (1,4), (1,3), (1,2), (2,10)
------------------------
Iteración 27
-----------
Abiertos = (5,2), (7,5), (2,10), (1,10), (1,10), (2,2), (2,3), (1,1), (4,3), (5,9)
Cerrados = (3,8), (3,7), (3,9), (3,6), (4,7), (4,6), (2,7), (5,7), (2,8), (3,10), (5,6), (3,5), (2,9), (1,7), (1,8), (5,5), (5,8), (2,5), (5,4), (6,5), (1,9), (1,5), (1,4), (1,3), (1,2), (2,10), (5,3)
------------------------
Iteración 28
-----------
Abiertos = (7,5), (2,10), (1,10), (1,10), (2,2), (2,3), (6,2), (1,1), (4,2), (4,3), (5,9)
Cerrados = (3,8), (3,7), (3,9), (3,6), (4,7), (4,6), (2,7), (5,7), (2,8), (3,10), (5,6), (3,5), (2,9), (1,7), (1,8), (5,5), (5,8), (2,5), (5,4), (6,5), (1,9), (1,5), (1,4), (1,3), (1,2), (2,10), (5,3), (5,2)
------------------------
Iteración 29
-----------
Abiertos = (7,5), (1,10), (2,2), (2,3), (6,2), (1,1), (4,2), (4,3), (5,9)
Cerrados = (3,8), (3,7), (3,9), (3,6), (4,7), (4,6), (2,7), (5,7), (2,8), (3,10), (5,6), (3,5), (2,9), (1,7), (1,8), (5,5), (5,8), (2,5), (5,4), (6,5), (1,9), (1,5), (1,4), (1,3), (1,2), (2,10), (5,3), (5,2), (1,10)
------------------------
Iteración 30
-----------
Abiertos = (7,5), (2,3), (6,2), (1,1), (4,2), (4,3), (5,9), (2,1), (2,3)
Cerrados = (3,8), (3,7), (3,9), (3,6), (4,7), (4,6), (2,7), (5,7), (2,8), (3,10), (5,6), (3,5), (2,9), (1,7), (1,8), (5,5), (5,8), (2,5), (5,4), (6,5), (1,9), (1,5), (1,4), (1,3), (1,2), (2,10), (5,3), (5,2), (1,10), (2,2)
------------------------
Iteración 31
-----------
Abiertos = (7,5), (6,2), (1,1), (4,2), (4,3), (3,3), (5,9), (2,1), (2,3)
Cerrados = (3,8), (3,7), (3,9), (3,6), (4,7), (4,6), (2,7), (5,7), (2,8), (3,10), (5,6), (3,5), (2,9), (1,7), (1,8), (5,5), (5,8), (2,5), (5,4), (6,5), (1,9), (1,5), (1,4), (1,3), (1,2), (2,10), (5,3), (5,2), (1,10), (2,2), (2,3)
------------------------
Iteración 32
-----------
Abiertos = (7,5), (1,1), (4,2), (4,3), (3,3), (5,9), (7,2), (2,1), (2,3), (6,1)
Cerrados = (3,8), (3,7), (3,9), (3,6), (4,7), (4,6), (2,7), (5,7), (2,8), (3,10), (5,6), (3,5), (2,9), (1,7), (1,8), (5,5), (5,8), (2,5), (5,4), (6,5), (1,9), (1,5), (1,4), (1,3), (1,2), (2,10), (5,3), (5,2), (1,10), (2,2), (2,3), (6,2)
------------------------
Iteración 33
-----------
Abiertos = (7,5), (2,1), (4,2), (4,3), (3,3), (5,9), (7,2), (2,1), (2,3), (6,1)
Cerrados = (3,8), (3,7), (3,9), (3,6), (4,7), (4,6), (2,7), (5,7), (2,8), (3,10), (5,6), (3,5), (2,9), (1,7), (1,8), (5,5), (5,8), (2,5), (5,4), (6,5), (1,9), (1,5), (1,4), (1,3), (1,2), (2,10), (5,3), (5,2), (1,10), (2,2), (2,3), (6,2), (1,1)
------------------------
Iteración 34
-----------
Abiertos = (8,5), (7,4), (2,1), (4,2), (4,3), (3,3), (5,9), (7,2), (2,1), (2,3), (6,1)
Cerrados = (3,8), (3,7), (3,9), (3,6), (4,7), (4,6), (2,7), (5,7), (2,8), (3,10), (5,6), (3,5), (2,9), (1,7), (1,8), (5,5), (5,8), (2,5), (5,4), (6,5), (1,9), (1,5), (1,4), (1,3), (1,2), (2,10), (5,3), (5,2), (1,10), (2,2), (2,3), (6,2), (1,1), (7,5)
------------------------
Iteración 35
-----------
Abiertos = (8,4), (7,4), (2,1), (8,6), (4,2), (4,3), (3,3), (5,9), (7,2), (2,1), (2,3), (6,1)
Cerrados = (3,8), (3,7), (3,9), (3,6), (4,7), (4,6), (2,7), (5,7), (2,8), (3,10), (5,6), (3,5), (2,9), (1,7), (1,8), (5,5), (5,8), (2,5), (5,4), (6,5), (1,9), (1,5), (1,4), (1,3), (1,2), (2,10), (5,3), (5,2), (1,10), (2,2), (2,3), (6,2), (1,1), (7,5), (8,5)
------------------------
Iteración 36
-----------
Abiertos = (8,4), (8,4), (2,1), (8,6), (4,2), (4,3), (3,3), (5,9), (7,2), (7,3), (2,1), (2,3), (6,1)
Cerrados = (3,8), (3,7), (3,9), (3,6), (4,7), (4,6), (2,7), (5,7), (2,8), (3,10), (5,6), (3,5), (2,9), (1,7), (1,8), (5,5), (5,8), (2,5), (5,4), (6,5), (1,9), (1,5), (1,4), (1,3), (1,2), (2,10), (5,3), (5,2), (1,10), (2,2), (2,3), (6,2), (1,1), (7,5), (8,5), (7,4)
------------------------
Iteración 37
-----------
Abiertos = (8,3), (8,4), (2,1), (8,6), (4,2), (4,3), (3,3), (5,9), (7,2), (7,3), (2,1), (2,3), (6,1)
Cerrados = (3,8), (3,7), (3,9), (3,6), (4,7), (4,6), (2,7), (5,7), (2,8), (3,10), (5,6), (3,5), (2,9), (1,7), (1,8), (5,5), (5,8), (2,5), (5,4), (6,5), (1,9), (1,5), (1,4), (1,3), (1,2), (2,10), (5,3), (5,2), (1,10), (2,2), (2,3), (6,2), (1,1), (7,5), (8,5), (7,4), (8,4)
------------------------
Iteración 38
-----------
Abiertos = (8,2), (9,3), (2,1), (8,6), (4,2), (4,3), (3,3), (5,9), (7,2), (7,3), (2,1), (7,3), (2,3), (6,1)
Cerrados = (3,8), (3,7), (3,9), (3,6), (4,7), (4,6), (2,7), (5,7), (2,8), (3,10), (5,6), (3,5), (2,9), (1,7), (1,8), (5,5), (5,8), (2,5), (5,4), (6,5), (1,9), (1,5), (1,4), (1,3), (1,2), (2,10), (5,3), (5,2), (1,10), (2,2), (2,3), (6,2), (1,1), (7,5), (8,5), (7,4), (8,4), (8,3)
------------------------
Iteración 39
-----------
Abiertos = (9,3), (2,1), (8,1), (8,6), (4,2), (4,3), (3,3), (5,9), (7,2), (7,3), (2,1), (7,2), (7,3), (2,3), (6,1)
Cerrados = (3,8), (3,7), (3,9), (3,6), (4,7), (4,6), (2,7), (5,7), (2,8), (3,10), (5,6), (3,5), (2,9), (1,7), (1,8), (5,5), (5,8), (2,5), (5,4), (6,5), (1,9), (1,5), (1,4), (1,3), (1,2), (2,10), (5,3), (5,2), (1,10), (2,2), (2,3), (6,2), (1,1), (7,5), (8,5), (7,4), (8,4), (8,3), (8,2)
------------------------
Iteración 40
-----------
Abiertos = (10,3), (2,1), (8,1), (8,6), (4,2), (4,3), (3,3), (5,9), (7,2), (7,3), (2,1), (7,2), (7,3), (2,3), (6,1)
Cerrados = (3,8), (3,7), (3,9), (3,6), (4,7), (4,6), (2,7), (5,7), (2,8), (3,10), (5,6), (3,5), (2,9), (1,7), (1,8), (5,5), (5,8), (2,5), (5,4), (6,5), (1,9), (1,5), (1,4), (1,3), (1,2), (2,10), (5,3), (5,2), (1,10), (2,2), (2,3), (6,2), (1,1), (7,5), (8,5), (7,4), (8,4), (8,3), (8,2), (9,3)
------------------------
Iteración 41
-----------
Abiertos = (10,3), (8,1), (8,6), (4,2), (4,3), (3,3), (5,9), (7,2), (7,3), (3,1), (2,1), (7,2), (7,3), (2,3), (6,1)
Cerrados = (3,8), (3,7), (3,9), (3,6), (4,7), (4,6), (2,7), (5,7), (2,8), (3,10), (5,6), (3,5), (2,9), (1,7), (1,8), (5,5), (5,8), (2,5), (5,4), (6,5), (1,9), (1,5), (1,4), (1,3), (1,2), (2,10), (5,3), (5,2), (1,10), (2,2), (2,3), (6,2), (1,1), (7,5), (8,5), (7,4), (8,4), (8,3), (8,2), (9,3), (2,1)
------------------------
Iteración 42
-----------
Abiertos = (10,3), (9,1), (8,6), (4,2), (4,3), (3,3), (5,9), (7,2), (7,3), (3,1), (2,1), (7,2), (7,3), (7,1), (2,3), (6,1)
Cerrados = (3,8), (3,7), (3,9), (3,6), (4,7), (4,6), (2,7), (5,7), (2,8), (3,10), (5,6), (3,5), (2,9), (1,7), (1,8), (5,5), (5,8), (2,5), (5,4), (6,5), (1,9), (1,5), (1,4), (1,3), (1,2), (2,10), (5,3), (5,2), (1,10), (2,2), (2,3), (6,2), (1,1), (7,5), (8,5), (7,4), (8,4), (8,3), (8,2), (9,3), (2,1), (8,1)
------------------------
Iteración 43
-----------
Abiertos = (10,3), (10,1), (8,6), (4,2), (4,3), (3,3), (5,9), (7,2), (7,3), (3,1), (2,1), (7,2), (7,3), (7,1), (2,3), (6,1)
Cerrados = (3,8), (3,7), (3,9), (3,6), (4,7), (4,6), (2,7), (5,7), (2,8), (3,10), (5,6), (3,5), (2,9), (1,7), (1,8), (5,5), (5,8), (2,5), (5,4), (6,5), (1,9), (1,5), (1,4), (1,3), (1,2), (2,10), (5,3), (5,2), (1,10), (2,2), (2,3), (6,2), (1,1), (7,5), (8,5), (7,4), (8,4), (8,3), (8,2), (9,3), (2,1), (8,1), (9,1)
------------------------
Iteración 44
-----------
Abiertos = (10,2), (10,1), (8,6), (4,2), (4,3), (3,3), (5,9), (7,2), (7,3), (3,1), (2,1), (11,3), (7,2), (7,3), (7,1), (2,3), (10,4), (6,1)
Cerrados = (3,8), (3,7), (3,9), (3,6), (4,7), (4,6), (2,7), (5,7), (2,8), (3,10), (5,6), (3,5), (2,9), (1,7), (1,8), (5,5), (5,8), (2,5), (5,4), (6,5), (1,9), (1,5), (1,4), (1,3), (1,2), (2,10), (5,3), (5,2), (1,10), (2,2), (2,3), (6,2), (1,1), (7,5), (8,5), (7,4), (8,4), (8,3), (8,2), (9,3), (2,1), (8,1), (9,1), (10,3)
------------------------
Camino: (3,8) -> (3,7) -> (3,6) -> (4,6) -> (5,6) -> (5,5) -> (6,5) -> (7,5) -> (8,5) -> (8,4) -> (8,3) -> (9,3) -> (10,3) -> (10,2)
Coste: 47
Iteración 0
-----------
Abiertos = (3,8)
Cerrados = 
------------------------
Iteración 1
-----------
Abiertos = (3,7), (3,9), (2,8)
Cerrados = (3,8)
------------------------
Iteración 2
-----------
Abiertos = (4,7), (3,9), (3,6), (2,7), (2,8)
Cerrados = (3,8), (3,7)
------------------------
Iteración 3
-----------
Abiertos = (4,6), (3,9), (5,7), (3,6), (2,7), (2,8)
Cerrados = (3,8), (3,7), (4,7)
------------------------
Iteración 4
-----------
Abiertos = (3,9), (5,6), (5,7), (3,6), (2,7), (2,8), (3,6)
Cerrados = (3,8), (3,7), (4,7), (4,6)
------------------------
Iteración 5
-----------
Abiertos = (3,9), (5,7), (3,6), (2,7), (2,8), (5,5), (3,6), (5,7)
Cerrados = (3,8), (3,7), (4,7), (4,6), (5,6)
------------------------
Iteración 6
-----------
Abiertos = (3,9), (3,6), (2,7), (2,8), (5,5), (3,6), (5,7), (5,8)
Cerrados = (3,8), (3,7), (4,7), (4,6), (5,6), (5,7)
------------------------
Iteración 7
-----------
Abiertos = (3,6), (2,7), (2,8), (3,10), (5,5), (3,6), (2,9), (5,7), (5,8)
Cerrados = (3,8), (3,7), (4,7), (4,6), (5,6), (5,7), (3,9)
------------------------
Iteración 8
-----------
Abiertos = (3,6), (2,8), (3,10), (5,5), (3,6), (1,7), (2,9), (5,7), (5,8), (2,8)
Cerrados = (3,8), (3,7), (4,7), (4,6), (5,6), (5,7), (3,9), (2,7)
------------------------
Iteración 9
-----------
Abiertos = (2,8), (3,10), (5,5), (3,5), (3,6), (1,7), (2,9), (5,7), (5,8), (2,8)
Cerrados = (3,8), (3,7), (4,7), (4,6), (5,6), (5,7), (3,9), (2,7), (3,6)
------------------------
Iteración 10
-----------
Abiertos = (3,10), (5,5), (3,5), (3,6), (1,7), (2,9), (1,8), (5,7), (5,8), (2,8), (2,9)
Cerrados = (3,8), (3,7), (4,7), (4,6), (5,6), (5,7), (3,9), (2,7), (3,6), (2,8)
------------------------
Iteración 11
-----------
Abiertos = (3,10), (3,5), (3,6), (1,7), (2,9), (1,8), (6,5), (5,4), (5,7), (5,8), (2,8), (2,9)
Cerrados = (3,8), (3,7), (4,7), (4,6), (5,6), (5,7), (3,9), (2,7), (3,6), (2,8), (5,5)
------------------------
Iteración 12
-----------
Abiertos = (3,5), (3,6), (1,7), (2,9), (1,8), (6,5), (5,4), (5,7), (5,8), (2,8), (2,9), (2,10)
Cerrados = (3,8), (3,7), (4,7), (4,6), (5,6), (5,7), (3,9), (2,7), (3,6), (2,8), (5,5), (3,10)
------------------------
Iteración 13
-----------
Abiertos = (1,7), (2,9), (1,8), (6,5), (5,4), (5,7), (5,8), (2,5), (2,8), (2,9), (2,10)
Cerrados = (3,8), (3,7), (4,7), (4,6), (5,6), (5,7), (3,9), (2,7), (3,6), (2,8), (5,5), (3,10), (3,5)
------------------------
Iteración 14
-----------
Abiertos = (1,7), (1,8), (6,5), (5,4), (5,7), (5,8), (2,5), (2,8), (2,9), (1,9), (2,10), (2,10)
Cerrados = (3,8), (3,7), (4,7), (4,6), (5,6), (5,7), (3,9), (2,7), (3,6), (2,8), (5,5), (3,10), (3,5), (2,9)
------------------------
Iteración 15
-----------
Abiertos = (1,8), (6,5), (5,4), (5,7), (5,8), (2,5), (2,8), (2,9), (1,8), (1,9), (2,10), (2,10)
Cerrados = (3,8), (3,7), (4,7), (4,6), (5,6), (5,7), (3,9), (2,7), (3,6), (2,8), (5,5), (3,10), (3,5), (2,9), (1,7)
------------------------
Iteración 16
-----------
Abiertos = (5,4), (6,5), (5,7), (5,8), (2,5), (2,8), (2,9), (1,8), (1,9), (2,10), (1,9), (2,10)
Cerrados = (3,8), (3,7), (4,7), (4,6), (5,6), (5,7), (3,9), (2,7), (3,6), (2,8), (5,5), (3,10), (3,5), (2,9), (1,7), (1,8)
------------------------
Iteración 17
-----------
Abiertos = (6,5), (5,7), (5,8), (2,5), (2,8), (2,9), (5,3), (1,8), (1,9), (2,10), (1,9), (2,10)
Cerrados = (3,8), (3,7), (4,7), (4,6), (5,6), (5,7), (3,9), (2,7), (3,6), (2,8), (5,5), (3,10), (3,5), (2,9), (1,7), (1,8), (5,4)
------------------------
Iteración 18
-----------
Abiertos = (5,7), (5,8), (2,5), (2,8), (2,9), (5,3), (7,5), (1,8), (2,10), (1,9), (1,9), (2,10)
Cerrados = (3,8), (3,7), (4,7), (4,6), (5,6), (5,7), (3,9), (2,7), (3,6), (2,8), (5,5), (3,10), (3,5), (2,9), (1,7), (1,8), (5,4), (6,5)
------------------------
Iteración 19
-----------
Abiertos = (2,5), (2,8), (2,9), (5,3), (7,5), (1,8), (1,9), (1,9), (2,10), (2,10), (5,9)
Cerrados = (3,8), (3,7), (4,7), (4,6), (5,6), (5,7), (3,9), (2,7), (3,6), (2,8), (5,5), (3,10), (3,5), (2,9), (1,7), (1,8), (5,4), (6,5), (5,8)
------------------------
Iteración 20
-----------
Abiertos = (2,8), (2,9), (5,3), (7,5), (1,8), (1,9), (1,9), (2,10), (1,5), (2,10), (5,9)
Cerrados = (3,8), (3,7), (4,7), (4,6), (5,6), (5,7), (3,9), (2,7), (3,6), (2,8), (5,5), (3,10), (3,5), (2,9), (1,7), (1,8), (5,4), (6,5), (5,8), (2,5)
------------------------
Iteración 21
-----------
Abiertos = (2,9), (8,5), (5,3), (1,8), (1,9), (1,9), (2,10), (1,5), (7,4), (2,10), (5,9)
Cerrados = (3,8), (3,7), (4,7), (4,6), (5,6), (5,7), (3,9), (2,7), (3,6), (2,8), (5,5), (3,10), (3,5), (2,9), (1,7), (1,8), (5,4), (6,5), (5,8), (2,5), (7,5)
------------------------
Iteración 22
-----------
Abiertos = (8,4), (5,3), (1,8), (1,9), (1,9), (2,10), (1,5), (7,4), (2,10), (8,6), (5,9)
Cerrados = (3,8), (3,7), (4,7), (4,6), (5,6), (5,7), (3,9), (2,7), (3,6), (2,8), (5,5), (3,10), (3,5), (2,9), (1,7), (1,8), (5,4), (6,5), (5,8), (2,5), (7,5), (8,5)
------------------------
Iteración 23
-----------
Abiertos = (8,4), (5,2), (1,8), (1,9), (1,9), (2,10), (1,5), (7,4), (2,10), (8,6), (4,3), (5,9)
Cerrados = (3,8), (3,7), (4,7), (4,6), (5,6), (5,7), (3,9), (2,7), (3,6), (2,8), (5,5), (3,10), (3,5), (2,9), (1,7), (1,8), (5,4), (6,5), (5,8), (2,5), (7,5), (8,5), (5,3)
------------------------
Iteración 24
-----------
Abiertos = (8,4), (1,8), (1,9), (1,9), (2,10), (1,5), (6,2), (7,4), (2,10), (8,6), (4,2), (4,3), (5,9)
Cerrados = (3,8), (3,7), (4,7), (4,6), (5,6), (5,7), (3,9), (2,7), (3,6), (2,8), (5,5), (3,10), (3,5), (2,9), (1,7), (1,8), (5,4), (6,5), (5,8), (2,5), (7,5), (8,5), (5,3), (5,2)
------------------------
Iteración 25
-----------
Abiertos = (8,3), (1,8), (1,9), (1,9), (2,10), (1,5), (6,2), (7,4), (2,10), (8,6), (4,2), (4,3), (7,4), (5,9)
Cerrados = (3,8), (3,7), (4,7), (4,6), (5,6), (5,7), (3,9), (2,7), (3,6), (2,8), (5,5), (3,10), (3,5), (2,9), (1,7), (1,8), (5,4), (6,5), (5,8), (2,5), (7,5), (8,5), (5,3), (5,2), (8,4)
------------------------
Iteración 26
-----------
Abiertos = (8,2), (9,3), (1,9), (1,9), (2,10), (1,5), (6,2), (7,4), (2,10), (4,2), (8,6), (4,3), (7,3), (7,4), (5,9)
Cerrados = (3,8), (3,7), (4,7), (4,6), (5,6), (5,7), (3,9), (2,7), (3,6), (2,8), (5,5), (3,10), (3,5), (2,9), (1,7), (1,8), (5,4), (6,5), (5,8), (2,5), (7,5), (8,5), (5,3), (5,2), (8,4), (8,3)
------------------------
Iteración 27
-----------
Abiertos = (8,2), (1,9), (1,9), (2,10), (1,5), (10,3), (6,2), (7,4), (2,10), (4,2), (8,6), (4,3), (7,3), (7,4), (5,9)
Cerrados = (3,8), (3,7), (4,7), (4,6), (5,6), (5,7), (3,9), (2,7), (3,6), (2,8), (5,5), (3,10), (3,5), (2,9), (1,7), (1,8), (5,4), (6,5), (5,8), (2,5), (7,5), (8,5), (5,3), (5,2), (8,4), (8,3), (9,3)
------------------------
Iteración 28
-----------
Abiertos = (8,2), (1,9), (2,10), (1,5), (10,3), (6,2), (7,4), (2,10), (4,2), (8,6), (4,3), (1,10), (7,3), (7,4), (5,9)
Cerrados = (3,8), (3,7), (4,7), (4,6), (5,6), (5,7), (3,9), (2,7), (3,6), (2,8), (5,5), (3,10), (3,5), (2,9), (1,7), (1,8), (5,4), (6,5), (5,8), (2,5), (7,5), (8,5), (5,3), (5,2), (8,4), (8,3), (9,3), (1,9)
------------------------
Iteración 29
-----------
Abiertos = (2,10), (1,5), (10,3), (6,2), (7,4), (2,10), (8,1), (4,2), (8,6), (4,3), (1,10), (7,2), (7,3), (7,4), (5,9)
Cerrados = (3,8), (3,7), (4,7), (4,6), (5,6), (5,7), (3,9), (2,7), (3,6), (2,8), (5,5), (3,10), (3,5), (2,9), (1,7), (1,8), (5,4), (6,5), (5,8), (2,5), (7,5), (8,5), (5,3), (5,2), (8,4), (8,3), (9,3), (1,9), (8,2)
------------------------
Iteración 30
-----------
Abiertos = (2,10), (1,4), (10,3), (6,2), (7,4), (2,10), (8,1), (4,2), (8,6), (4,3), (1,10), (7,2), (7,3), (7,4), (5,9)
Cerrados = (3,8), (3,7), (4,7), (4,6), (5,6), (5,7), (3,9), (2,7), (3,6), (2,8), (5,5), (3,10), (3,5), (2,9), (1,7), (1,8), (5,4), (6,5), (5,8), (2,5), (7,5), (8,5), (5,3), (5,2), (8,4), (8,3), (9,3), (1,9), (8,2), (1,5)
------------------------
Iteración 31
-----------
Abiertos = (2,10), (1,3), (10,3), (6,2), (7,4), (2,10), (8,1), (4,2), (8,6), (4,3), (1,10), (7,2), (7,3), (7,4), (5,9)
Cerrados = (3,8), (3,7), (4,7), (4,6), (5,6), (5,7), (3,9), (2,7), (3,6), (2,8), (5,5), (3,10), (3,5), (2,9), (1,7), (1,8), (5,4), (6,5), (5,8), (2,5), (7,5), (8,5), (5,3), (5,2), (8,4), (8,3), (9,3), (1,9), (8,2), (1,5), (1,4)
------------------------
Iteración 32
-----------
Abiertos = (1,3), (10,3), (6,2), (7,4), (2,10), (8,1), (4,2), (8,6), (4,3), (1,10), (1,10), (7,2), (7,3), (7,4), (5,9)
Cerrados = (3,8), (3,7), (4,7), (4,6), (5,6), (5,7), (3,9), (2,7), (3,6), (2,8), (5,5), (3,10), (3,5), (2,9), (1,7), (1,8), (5,4), (6,5), (5,8), (2,5), (7,5), (8,5), (5,3), (5,2), (8,4), (8,3), (9,3), (1,9), (8,2), (1,5), (1,4), (2,10)
------------------------
Iteración 33
-----------
Abiertos = (1,2), (10,3), (6,2), (7,4), (2,10), (8,1), (4,2), (8,6), (4,3), (1,10), (1,10), (2,3), (7,2), (7,3), (7,4), (5,9)
Cerrados = (3,8), (3,7), (4,7), (4,6), (5,6), (5,7), (3,9), (2,7), (3,6), (2,8), (5,5), (3,10), (3,5), (2,9), (1,7), (1,8), (5,4), (6,5), (5,8), (2,5), (7,5), (8,5), (5,3), (5,2), (8,4), (8,3), (9,3), (1,9), (8,2), (1,5), (1,4), (2,10), (1,3)
------------------------
Iteración 34
-----------
Abiertos = (10,3), (6,2), (7,4), (2,10), (8,1), (4,2), (8,6), (4,3), (1,10), (1,10), (2,2), (2,3), (1,1), (7,2), (7,3), (7,4), (5,9)
Cerrados = (3,8), (3,7), (4,7), (4,6), (5,6), (5,7), (3,9), (2,7), (3,6), (2,8), (5,5), (3,10), (3,5), (2,9), (1,7), (1,8), (5,4), (6,5), (5,8), (2,5), (7,5), (8,5), (5,3), (5,2), (8,4), (8,3), (9,3), (1,9), (8,2), (1,5), (1,4), (2,10), (1,3), (1,2)
------------------------
Iteración 35
-----------
Abiertos = (10,3), (7,4), (2,10), (8,1), (4,2), (8,6), (4,3), (1,10), (1,10), (2,2), (2,3), (7,2), (1,1), (7,2), (7,3), (7,4), (5,9), (6,1)
Cerrados = (3,8), (3,7), (4,7), (4,6), (5,6), (5,7), (3,9), (2,7), (3,6), (2,8), (5,5), (3,10), (3,5), (2,9), (1,7), (1,8), (5,4), (6,5), (5,8), (2,5), (7,5), (8,5), (5,3), (5,2), (8,4), (8,3), (9,3), (1,9), (8,2), (1,5), (1,4), (2,10), (1,3), (1,2), (6,2)
------------------------
Iteración 36
-----------
Abiertos = (10,2), (7,4), (2,10), (8,1), (4,2), (8,6), (4,3), (1,10), (1,10), (2,2), (2,3), (7,2), (1,1), (11,3), (7,2), (7,3), (7,4), (5,9), (10,4), (6,1)
Cerrados = (3,8), (3,7), (4,7), (4,6), (5,6), (5,7), (3,9), (2,7), (3,6), (2,8), (5,5), (3,10), (3,5), (2,9), (1,7), (1,8), (5,4), (6,5), (5,8), (2,5), (7,5), (8,5), (5,3), (5,2), (8,4), (8,3), (9,3), (1,9), (8,2), (1,5), (1,4), (2,10), (1,3), (1,2), (6,2), (10,3)
------------------------
Iteración 37
-----------
Abiertos = (10,2), (2,10), (8,1), (4,2), (8,6), (4,3), (1,10), (1,10), (2,2), (2,3), (7,2), (7,3), (1,1), (11,3), (7,2), (7,3), (7,4), (5,9), (10,4), (6,1)
Cerrados = (3,8), (3,7), (4,7), (4,6), (5,6), (5,7), (3,9), (2,7), (3,6), (2,8), (5,5), (3,10), (3,5), (2,9), (1,7), (1,8), (5,4), (6,5), (5,8), (2,5), (7,5), (8,5), (5,3), (5,2), (8,4), (8,3), (9,3), (1,9), (8,2), (1,5), (1,4), (2,10), (1,3), (1,2), (6,2), (10,3), (7,4)
------------------------
Camino: (3,8) -> (3,7) -> (4,7) -> (4,6) -> (5,6) -> (5,5) -> (6,5) -> (7,5) -> (8,5) -> (8,4) -> (8,3) -> (9,3) -> (10,3) -> (10,2)
Coste: 44
Iteración 0
-----------
Abiertos = (3,8)
Cerrados = 
------------------------
Iteración 1
-----------
Abiertos = (3,7), (3,9), (2,8)
Cerrados = (3,8)
------------------------
Iteración 2
-----------
Abiertos = (4,7), (3,9), (3,6), (2,7), (2,8)
Cerrados = (3,8), (3,7)
------------------------
Iteración 3
-----------
Abiertos = (4,6), (3,9), (5,7), (3,6), (2,7), (2,8)
Cerrados = (3,8), (3,7), (4,7)
------------------------
Iteración 4
-----------
Abiertos = (3,9), (5,6), (5,7), (3,6), (2,7), (2,8), (3,6)
Cerrados = (3,8), (3,7), (4,7), (4,6)
------------------------
Iteración 5
-----------
Abiertos = (3,9), (5,7), (3,6), (2,7), (2,8), (5,5), (3,6), (5,7)
Cerrados = (3,8), (3,7), (4,7), (4,6), (5,6)
------------------------
Iteración 6
-----------
Abiertos = (3,9), (3,6), (2,7), (2,8), (5,5), (3,6), (5,7), (5,8)
Cerrados = (3,8), (3,7), (4,7), (4,6), (5,6), (5,7)
------------------------
Iteración 7
-----------
Abiertos = (3,6), (2,7), (2,8), (3,10), (5,5), (3,6), (2,9), (5,7), (5,8)
Cerrados = (3,8), (3,7), (4,7), (4,6), (5,6), (5,7), (3,9)
------------------------
Iteración 8
-----------
Abiertos = (3,6), (2,8), (3,10), (5,5), (3,6), (1,7), (2,9), (5,7), (5,8), (2,8)
Cerrados = (3,8), (3,7), (4,7), (4,6), (5,6), (5,7), (3,9), (2,7)
------------------------
Iteración 9
-----------
Abiertos = (2,8), (3,10), (5,5), (3,5), (3,6), (1,7), (2,9), (5,7), (5,8), (2,8)
Cerrados = (3,8), (3,7), (4,7), (4,6), (5,6), (5,7), (3,9), (2,7), (3,6)
------------------------
Iteración 10
-----------
Abiertos = (3,10), (5,5), (3,5), (3,6), (1,7), (2,9), (1,8), (5,7), (5,8), (2,8), (2,9)
Cerrados = (3,8), (3,7), (4,7), (4,6), (5,6), (5,7), (3,9), (2,7), (3,6), (2,8)
------------------------
Iteración 11
-----------
Abiertos = (5,5), (3,5), (3,6), (1,7), (2,9), (1,8), (5,7), (5,8), (2,8), (2,9), (2,10)
Cerrados = (3,8), (3,7), (4,7), (4,6), (5,6), (5,7), (3,9), (2,7), (3,6), (2,8), (3,10)
------------------------
Iteración 12
-----------
Abiertos = (5,5), (3,6), (1,7), (2,9), (1,8), (5,7), (5,8), (2,5), (2,8), (2,9), (2,10)
Cerrados = (3,8), (3,7), (4,7), (4,6), (5,6), (5,7), (3,9), (2,7), (3,6), (2,8), (3,10), (3,5)
------------------------
Iteración 13
-----------
Abiertos = (3,6), (1,7), (2,9), (1,8), (6,5), (5,4), (5,7), (5,8), (2,5), (2,8), (2,9), (2,10)
Cerrados = (3,8), (3,7), (4,7), (4,6), (5,6), (5,7), (3,9), (2,7), (3,6), (2,8), (3,10), (3,5), (5,5)
------------------------
Iteración 14
-----------
Abiertos = (1,7), (1,8), (6,5), (5,4), (5,7), (5,8), (2,5), (2,8), (2,9), (1,9), (2,10), (2,10)
Cerrados = (3,8), (3,7), (4,7), (4,6), (5,6), (5,7), (3,9), (2,7), (3,6), (2,8), (3,10), (3,5), (5,5), (2,9)
------------------------
Iteración 15
-----------
Abiertos = (1,8), (6,5), (5,4), (5,7), (5,8), (2,5), (2,8), (2,9), (1,8), (1,9), (2,10), (2,10)
Cerrados = (3,8), (3,7), (4,7), (4,6), (5,6), (5,7), (3,9), (2,7), (3,6), (2,8), (3,10), (3,5), (5,5), (2,9), (1,7)
------------------------
Iteración 16
-----------
Abiertos = (5,4), (6,5), (5,7), (5,8), (2,5), (2,8), (2,9), (1,8), (1,9), (2,10), (1,9), (2,10)
Cerrados = (3,8), (3,7), (4,7), (4,6), (5,6), (5,7), (3,9), (2,7), (3,6), (2,8), (3,10), (3,5), (5,5), (2,9), (1,7), (1,8)
------------------------
Iteración 17
-----------
Abiertos = (5,4), (5,7), (5,8), (2,5), (2,8), (2,9), (7,5), (1,8), (1,9), (2,10), (1,9), (2,10)
Cerrados = (3,8), (3,7), (4,7), (4,6), (5,6), (5,7), (3,9), (2,7), (3,6), (2,8), (3,10), (3,5), (5,5), (2,9), (1,7), (1,8), (6,5)
------------------------
Iteración 18
-----------
Abiertos = (5,7), (5,8), (2,5), (2,8), (2,9), (7,5), (5,3), (1,8), (2,10), (1,9), (1,9), (2,10)
Cerrados = (3,8), (3,7), (4,7), (4,6), (5,6), (5,7), (3,9), (2,7), (3,6), (2,8), (3,10), (3,5), (5,5), (2,9), (1,7), (1,8), (6,5), (5,4)
------------------------
Iteración 19
-----------
Abiertos = (5,7), (2,5), (2,8), (2,9), (7,5), (5,3), (1,8), (1,9), (1,9), (2,10), (2,10), (5,9)
Cerrados = (3,8), (3,7), (4,7), (4,6), (5,6), (5,7), (3,9), (2,7), (3,6), (2,8), (3,10), (3,5), (5,5), (2,9), (1,7), (1,8), (6,5), (5,4), (5,8)
------------------------
Iteración 20
-----------
Abiertos = (2,5), (5,2), (7,5), (1,8), (1,9), (1,9), (2,10), (2,10), (4,3), (5,9)
Cerrados = (3,8), (3,7), (4,7), (4,6), (5,6), (5,7), (3,9), (2,7), (3,6), (2,8), (3,10), (3,5), (5,5), (2,9), (1,7), (1,8), (6,5), (5,4), (5,8), (5,3)
------------------------
Iteración 21
-----------
Abiertos = (5,2), (7,5), (1,8), (1,9), (1,9), (2,10), (1,5), (2,10), (4,3), (5,9)
Cerrados = (3,8), (3,7), (4,7), (4,6), (5,6), (5,7), (3,9), (2,7), (3,6), (2,8), (3,10), (3,5), (5,5), (2,9), (1,7), (1,8), (6,5), (5,4), (5,8), (5,3), (2,5)
------------------------
Iteración 22
-----------
Abiertos = (5,2), (8,5), (1,8), (1,9), (1,9), (2,10), (1,5), (7,4), (2,10), (4,3), (5,9)
Cerrados = (3,8), (3,7), (4,7), (4,6), (5,6), (5,7), (3,9), (2,7), (3,6), (2,8), (3,10), (3,5), (5,5), (2,9), (1,7), (1,8), (6,5), (5,4), (5,8), (5,3), (2,5), (7,5)
------------------------
Iteración 23
-----------
Abiertos = (8,5), (1,8), (1,9), (1,9), (2,10), (1,5), (6,2), (7,4), (2,10), (4,2), (4,3), (5,9)
Cerrados = (3,8), (3,7), (4,7), (4,6), (5,6), (5,7), (3,9), (2,7), (3,6), (2,8), (3,10), (3,5), (5,5), (2,9), (1,7), (1,8), (6,5), (5,4), (5,8), (5,3), (2,5), (7,5), (5,2)
------------------------
Iteración 24
-----------
Abiertos = (8,4), (1,9), (2,10), (1,9), (1,5), (6,2), (7,4), (2,10), (4,2), (8,6), (4,3), (5,9)
Cerrados = (3,8), (3,7), (4,7), (4,6), (5,6), (5,7), (3,9), (2,7), (3,6), (2,8), (3,10), (3,5), (5,5), (2,9), (1,7), (1,8), (6,5), (5,4), (5,8), (5,3), (2,5), (7,5), (5,2), (8,5)
------------------------
Iteración 25
-----------
Abiertos = (8,4), (2,10), (1,9), (1,5), (6,2), (7,4), (2,10), (4,2), (8,6), (4,3), (1,10), (5,9)
Cerrados = (3,8), (3,7), (4,7), (4,6), (5,6), (5,7), (3,9), (2,7), (3,6), (2,8), (3,10), (3,5), (5,5), (2,9), (1,7), (1,8), (6,5), (5,4), (5,8), (5,3), (2,5), (7,5), (5,2), (8,5), (1,9)
------------------------
Iteración 26
-----------
Abiertos = (8,4), (1,9), (1,5), (6,2), (7,4), (2,10), (4,2), (8,6), (4,3), (1,10), (1,10), (5,9)
Cerrados = (3,8), (3,7), (4,7), (4,6), (5,6), (5,7), (3,9), (2,7), (3,6), (2,8), (3,10), (3,5), (5,5), (2,9), (1,7), (1,8), (6,5), (5,4), (5,8), (5,3), (2,5), (7,5), (5,2), (8,5), (1,9), (2,10)
------------------------
Iteración 27
-----------
Abiertos = (8,3), (1,5), (6,2), (7,4), (2,10), (4,2), (8,6), (4,3), (1,10), (1,10), (7,4), (5,9)
Cerrados = (3,8), (3,7), (4,7), (4,6), (5,6), (5,7), (3,9), (2,7), (3,6), (2,8), (3,10), (3,5), (5,5), (2,9), (1,7), (1,8), (6,5), (5,4), (5,8), (5,3), (2,5), (7,5), (5,2), (8,5), (1,9), (2,10), (8,4)
------------------------
Iteración 28
-----------
Abiertos = (8,2), (9,3), (1,5), (6,2), (7,4), (2,10), (4,2), (8,6), (4,3), (1,10), (1,10), (7,3), (7,4), (5,9)
Cerrados = (3,8), (3,7), (4,7), (4,6), (5,6), (5,7), (3,9), (2,7), (3,6), (2,8), (3,10), (3,5), (5,5), (2,9), (1,7), (1,8), (6,5), (5,4), (5,8), (5,3), (2,5), (7,5), (5,2), (8,5), (1,9), (2,10), (8,4), (8,3)
------------------------
Iteración 29
-----------
Abiertos = (9,3), (1,5), (6,2), (7,4), (2,10), (8,1), (4,2), (8,6), (4,3), (1,10), (1,10), (7,2), (7,3), (7,4), (5,9)
Cerrados = (3,8), (3,7), (4,7), (4,6), (5,6), (5,7), (3,9), (2,7), (3,6), (2,8), (3,10), (3,5), (5,5), (2,9), (1,7), (1,8), (6,5), (5,4), (5,8), (5,3), (2,5), (7,5), (5,2), (8,5), (1,9), (2,10), (8,4), (8,3), (8,2)
------------------------
Iteración 30
-----------
Abiertos = (9,3), (1,4), (6,2), (7,4), (2,10), (8,1), (4,2), (8,6), (4,3), (1,10), (1,10), (7,2), (7,3), (7,4), (5,9)
Cerrados = (3,8), (3,7), (4,7), (4,6), (5,6), (5,7), (3,9), (2,7), (3,6), (2,8), (3,10), (3,5), (5,5), (2,9), (1,7), (1,8), (6,5), (5,4), (5,8), (5,3), (2,5), (7,5), (5,2), (8,5), (1,9), (2,10), (8,4), (8,3), (8,2), (1,5)
------------------------
Iteración 31
-----------
Abiertos = (1,4), (10,3), (6,2), (7,4), (2,10), (8,1), (4,2), (8,6), (4,3), (1,10), (1,10), (7,2), (7,3), (7,4), (5,9)
Cerrados = (3,8), (3,7), (4,7), (4,6), (5,6), (5,7), (3,9), (2,7), (3,6), (2,8), (3,10), (3,5), (5,5), (2,9), (1,7), (1,8), (6,5), (5,4), (5,8), (5,3), (2,5), (7,5), (5,2), (8,5), (1,9), (2,10), (8,4), (8,3), (8,2), (1,5), (9,3)
------------------------
Iteración 32
-----------
Abiertos = (1,4), (10,2), (6,2), (7,4), (2,10), (8,1), (4,2), (8,6), (4,3), (1,10), (1,10), (11,3), (7,2), (7,3), (7,4), (5,9), (10,4)
Cerrados = (3,8), (3,7), (4,7), (4,6), (5,6), (5,7), (3,9), (2,7), (3,6), (2,8), (3,10), (3,5), (5,5), (2,9), (1,7), (1,8), (6,5), (5,4), (5,8), (5,3), (2,5), (7,5), (5,2), (8,5), (1,9), (2,10), (8,4), (8,3), (8,2), (1,5), (9,3), (10,3)
------------------------
Iteración 33
-----------
Abiertos = (1,3), (10,2), (6,2), (7,4), (2,10), (8,1), (4,2), (8,6), (4,3), (1,10), (1,10), (11,3), (7,2), (7,3), (7,4), (5,9), (10,4)
Cerrados = (3,8), (3,7), (4,7), (4,6), (5,6), (5,7), (3,9), (2,7), (3,6), (2,8), (3,10), (3,5), (5,5), (2,9), (1,7), (1,8), (6,5), (5,4), (5,8), (5,3), (2,5), (7,5), (5,2), (8,5), (1,9), (2,10), (8,4), (8,3), (8,2), (1,5), (9,3), (10,3), (1,4)
------------------------
Iteración 34
-----------
Abiertos = (1,2), (10,2), (6,2), (7,4), (2,10), (8,1), (4,2), (8,6), (4,3), (1,10), (1,10), (2,3), (11,3), (7,2), (7,3), (7,4), (5,9), (10,4)
Cerrados = (3,8), (3,7), (4,7), (4,6), (5,6), (5,7), (3,9), (2,7), (3,6), (2,8), (3,10), (3,5), (5,5), (2,9), (1,7), (1,8), (6,5), (5,4), (5,8), (5,3), (2,5), (7,5), (5,2), (8,5), (1,9), (2,10), (8,4), (8,3), (8,2), (1,5), (9,3), (10,3), (1,4), (1,3)
------------------------
Iteración 35
-----------
Abiertos = (10,2), (6,2), (7,4), (2,10), (8,1), (4,2), (8,6), (4,3), (1,10), (1,10), (2,2), (2,3), (1,1), (11,3), (7,2), (7,3), (7,4), (5,9), (10,4)
Cerrados = (3,8), (3,7), (4,7), (4,6), (5,6), (5,7), (3,9), (2,7), (3,6), (2,8), (3,10), (3,5), (5,5), (2,9), (1,7), (1,8), (6,5), (5,4), (5,8), (5,3), (2,5), (7,5), (5,2), (8,5), (1,9), (2,10), (8,4), (8,3), (8,2), (1,5), (9,3), (10,3), (1,4), (1,3), (1,2)
------------------------
Iteración 36
-----------
Abiertos = (10,2), (7,4), (2,10), (8,1), (4,2), (8,6), (4,3), (1,10), (1,10), (2,2), (2,3), (7,2), (1,1), (11,3), (7,2), (7,3), (7,4), (5,9), (10,4), (6,1)
Cerrados = (3,8), (3,7), (4,7), (4,6), (5,6), (5,7), (3,9), (2,7), (3,6), (2,8), (3,10), (3,5), (5,5), (2,9), (1,7), (1,8), (6,5), (5,4), (5,8), (5,3), (2,5), (7,5), (5,2), (8,5), (1,9), (2,10), (8,4), (8,3), (8,2), (1,5), (9,3), (10,3), (1,4), (1,3), (1,2), (6,2)
------------------------
Camino: (3,8) -> (3,7) -> (4,7) -> (4,6) -> (5,6) -> (5,5) -> (6,5) -> (7,5) -> (8,5) -> (8,4) -> (8,3) -> (9,3) -> (10,3) -> (10,2)
Coste: 44
Iteración 0
-----------
Abiertos = (3,8)
Cerrados = 
------------------------
Iteración 1
-----------
Abiertos = (3,7), (3,9), (2,8)
Cerrados = (3,8)
------------------------
Iteración 2
-----------
Abiertos = (4,7), (3,9), (3,6), (2,7), (2,8)
Cerrados = (3,8), (3,7)
------------------------
Iteración 3
-----------
Abiertos = (4,7), (3,6), (2,7), (2,8), (3,10), (2,9)
Cerrados = (3,8), (3,7), (3,9)
------------------------
Iteración 4
-----------
Abiertos = (4,7), (4,6), (2,7), (2,8), (3,10), (3,5), (2,9)
Cerrados = (3,8), (3,7), (3,9), (3,6)
------------------------
Iteración 5
-----------
Abiertos = (4,7), (2,7), (2,8), (3,10), (5,6), (3,5), (4,7), (2,9)
Cerrados = (3,8), (3,7), (3,9), (3,6), (4,6)
------------------------
Iteración 6
-----------
Abiertos = (4,7), (2,8), (3,10), (5,6), (3,5), (4,7), (1,7), (2,9), (2,8)
Cerrados = (3,8), (3,7), (3,9), (3,6), (4,6), (2,7)
------------------------
Iteración 7
-----------
Abiertos = (4,7), (3,10), (5,6), (3,5), (4,7), (1,7), (2,9), (1,8), (2,8), (2,9)
Cerrados = (3,8), (3,7), (3,9), (3,6), (4,6), (2,7), (2,8)
------------------------
Iteración 8
-----------
Abiertos = (4,7), (5,6), (3,5), (4,7), (1,7), (2,9), (1,8), (2,8), (2,9), (2,10)
Cerrados = (3,8), (3,7), (3,9), (3,6), (4,6), (2,7), (2,8), (3,10)
------------------------
Iteración 9
-----------
Abiertos = (4,7), (3,5), (4,7), (1,7), (2,9), (1,8), (5,5), (2,8), (2,9), (2,10), (5,7)
Cerrados = (3,8), (3,7), (3,9), (3,6), (4,6), (2,7), (2,8), (3,10), (5,6)
------------------------
Iteración 10
-----------
Abiertos = (5,7), (3,5), (4,7), (1,7), (2,9), (1,8), (5,5), (2,8), (2,9), (2,10), (5,7)
Cerrados = (3,8), (3,7), (3,9), (3,6), (4,6), (2,7), (2,8), (3,10), (5,6), (4,7)
------------------------
Iteración 11
-----------
Abiertos = (3,5), (4,7), (1,7), (2,9), (1,8), (5,5), (2,8), (2,9), (2,10), (5,7), (5,8)
Cerrados = (3,8), (3,7), (3,9), (3,6), (4,6), (2,7), (2,8), (3,10), (5,6), (4,7), (5,7)
------------------------
Iteración 12
-----------
Abiertos = (1,7), (2,9), (1,8), (5,5), (2,5), (2,8), (2,9), (2,10), (5,7), (5,8)
Cerrados = (3,8), (3,7), (3,9), (3,6), (4,6), (2,7), (2,8), (3,10), (5,6), (4,7), (5,7), (3,5)
------------------------
Iteración 13
-----------
Abiertos = (1,8), (2,9), (5,5), (2,5), (2,8), (2,9), (1,8), (2,10), (5,7), (5,8)
Cerrados = (3,8), (3,7), (3,9), (3,6), (4,6), (2,7), (2,8), (3,10), (5,6), (4,7), (5,7), (3,5), (1,7)
------------------------
Iteración 14
-----------
Abiertos = (2,9), (5,5), (2,5), (2,8), (2,9), (1,8), (1,9), (2,10), (5,7), (5,8)
Cerrados = (3,8), (3,7), (3,9), (3,6), (4,6), (2,7), (2,8), (3,10), (5,6), (4,7), (5,7), (3,5), (1,7), (1,8)
------------------------
Iteración 15
-----------
Abiertos = (5,5), (2,5), (2,8), (2,9), (1,8), (1,9), (2,10), (1,9), (5,7), (2,10), (5,8)
Cerrados = (3,8), (3,7), (3,9), (3,6), (4,6), (2,7), (2,8), (3,10), (5,6), (4,7), (5,7), (3,5), (1,7), (1,8), (2,9)
------------------------
Iteración 16
-----------
Abiertos = (2,5), (2,8), (2,9), (6,5), (5,4), (1,8), (1,9), (1,9), (2,10), (5,7), (2,10), (5,8)
Cerrados = (3,8), (3,7), (3,9), (3,6), (4,6), (2,7), (2,8), (3,10), (5,6), (4,7), (5,7), (3,5), (1,7), (1,8), (2,9), (5,5)
------------------------
Iteración 17
-----------
Abiertos = (2,8), (2,9), (6,5), (5,4), (1,8), (1,9), (1,9), (2,10), (5,7), (1,5), (2,10), (5,8)
Cerrados = (3,8), (3,7), (3,9), (3,6), (4,6), (2,7), (2,8), (3,10), (5,6), (4,7), (5,7), (3,5), (1,7), (1,8), (2,9), (5,5), (2,5)
------------------------
Iteración 18
-----------
Abiertos = (2,8), (5,4), (1,8), (1,9), (1,9), (2,10), (5,7), (1,5), (7,5), (2,10), (5,8)
Cerrados = (3,8), (3,7), (3,9), (3,6), (4,6), (2,7), (2,8), (3,10), (5,6), (4,7), (5,7), (3,5), (1,7), (1,8), (2,9), (5,5), (2,5), (6,5)
------------------------
Iteración 19
-----------
Abiertos = (2,8), (1,8), (1,9), (1,9), (2,10), (5,7), (1,5), (7,5), (5,3), (2,10), (5,8)
Cerrados = (3,8), (3,7), (3,9), (3,6), (4,6), (2,7), (2,8), (3,10), (5,6), (4,7), (5,7), (3,5), (1,7), (1,8), (2,9), (5,5), (2,5), (6,5), (5,4)
------------------------
Iteración 20
-----------
Abiertos = (2,8), (1,9), (2,10), (5,7), (1,5), (7,5), (5,3), (2,10), (1,10), (5,8)
Cerrados = (3,8), (3,7), (3,9), (3,6), (4,6), (2,7), (2,8), (3,10), (5,6), (4,7), (5,7), (3,5), (1,7), (1,8), (2,9), (5,5), (2,5), (6,5), (5,4), (1,9)
------------------------
Iteración 21
-----------
Abiertos = (2,8), (5,7), (1,5), (7,5), (5,3), (2,10), (1,10), (1,10), (5,8)
Cerrados = (3,8), (3,7), (3,9), (3,6), (4,6), (2,7), (2,8), (3,10), (5,6), (4,7), (5,7), (3,5), (1,7), (1,8), (2,9), (5,5), (2,5), (6,5), (5,4), (1,9), (2,10)
------------------------
Iteración 22
-----------
Abiertos = (2,8), (1,4), (7,5), (5,3), (2,10), (1,10), (1,10), (5,8)
Cerrados = (3,8), (3,7), (3,9), (3,6), (4,6), (2,7), (2,8), (3,10), (5,6), (4,7), (5,7), (3,5), (1,7), (1,8), (2,9), (5,5), (2,5), (6,5), (5,4), (1,9), (2,10), (1,5)
------------------------
Iteración 23
-----------
Abiertos = (1,3), (5,3), (7,5), (2,10), (1,10), (1,10), (5,8)
Cerrados = (3,8), (3,7), (3,9), (3,6), (4,6), (2,7), (2,8), (3,10), (5,6), (4,7), (5,7), (3,5), (1,7), (1,8), (2,9), (5,5), (2,5), (6,5), (5,4), (1,9), (2,10), (1,5), (1,4)
------------------------
Iteración 24
-----------
Abiertos = (1,3), (5,2), (7,5), (2,10), (1,10), (1,10), (4,3), (5,8)
Cerrados = (3,8), (3,7), (3,9), (3,6), (4,6), (2,7), (2,8), (3,10), (5,6), (4,7), (5,7), (3,5), (1,7), (1,8), (2,9), (5,5), (2,5), (6,5), (5,4), (1,9), (2,10), (1,5), (1,4), (5,3)
------------------------
Iteración 25
-----------
Abiertos = (1,3), (7,5), (2,10), (1,10), (1,10), (6,2), (4,2), (4,3), (5,8)
Cerrados = (3,8), (3,7), (3,9), (3,6), (4,6), (2,7), (2,8), (3,10), (5,6), (4,7), (5,7), (3,5), (1,7), (1,8), (2,9), (5,5), (2,5), (6,5), (5,4), (1,9), (2,10), (1,5), (1,4), (5,3), (5,2)
------------------------
Iteración 26
-----------
Abiertos = (1,3), (8,5), (2,10), (1,10), (1,10), (6,2), (7,4), (4,2), (4,3), (5,8)
Cerrados = (3,8), (3,7), (3,9), (3,6), (4,6), (2,7), (2,8), (3,10), (5,6), (4,7), (5,7), (3,5), (1,7), (1,8), (2,9), (5,5), (2,5), (6,5), (5,4), (1,9), (2,10), (1,5), (1,4), (5,3), (5,2), (7,5)
------------------------
Iteración 27
-----------
Abiertos = (1,3), (8,4), (2,10), (1,10), (1,10), (6,2), (7,4), (4,2), (8,6), (4,3), (5,8)
Cerrados = (3,8), (3,7), (3,9), (3,6), (4,6), (2,7), (2,8), (3,10), (5,6), (4,7), (5,7), (3,5), (1,7), (1,8), (2,9), (5,5), (2,5), (6,5), (5,4), (1,9), (2,10), (1,5), (1,4), (5,3), (5,2), (7,5), (8,5)
------------------------
Iteración 28
-----------
Abiertos = (1,2), (8,4), (2,10), (1,10), (1,10), (2,3), (6,2), (7,4), (4,2), (8,6), (4,3), (5,8)
Cerrados = (3,8), (3,7), (3,9), (3,6), (4,6), (2,7), (2,8), (3,10), (5,6), (4,7), (5,7), (3,5), (1,7), (1,8), (2,9), (5,5), (2,5), (6,5), (5,4), (1,9), (2,10), (1,5), (1,4), (5,3), (5,2), (7,5), (8,5), (1,3)
------------------------
Iteración 29
-----------
Abiertos = (8,4), (2,10), (1,10), (1,10), (2,2), (2,3), (6,2), (7,4), (1,1), (8,6), (4,2), (4,3), (5,8)
Cerrados = (3,8), (3,7), (3,9), (3,6), (4,6), (2,7), (2,8), (3,10), (5,6), (4,7), (5,7), (3,5), (1,7), (1,8), (2,9), (5,5), (2,5), (6,5), (5,4), (1,9), (2,10), (1,5), (1,4), (5,3), (5,2), (7,5), (8,5), (1,3), (1,2)
------------------------
Iteración 30
-----------
Abiertos = (8,3), (1,10), (1,10), (2,2), (2,3), (6,2), (7,4), (1,1), (8,6), (4,2), (4,3), (5,8), (7,4)
Cerrados = (3,8), (3,7), (3,9), (3,6), (4,6), (2,7), (2,8), (3,10), (5,6), (4,7), (5,7), (3,5), (1,7), (1,8), (2,9), (5,5), (2,5), (6,5), (5,4), (1,9), (2,10), (1,5), (1,4), (5,3), (5,2), (7,5), (8,5), (1,3), (1,2), (8,4)
------------------------
Iteración 31
-----------
Abiertos = (8,2), (9,3), (1,10), (1,10), (2,2), (2,3), (6,2), (7,4), (1,1), (4,2), (8,6), (4,3), (5,8), (7,3), (7,4)
Cerrados = (3,8), (3,7), (3,9), (3,6), (4,6), (2,7), (2,8), (3,10), (5,6), (4,7), (5,7), (3,5), (1,7), (1,8), (2,9), (5,5), (2,5), (6,5), (5,4), (1,9), (2,10), (1,5), (1,4), (5,3), (5,2), (7,5), (8,5), (1,3), (1,2), (8,4), (8,3)
------------------------
Iteración 32
-----------
Abiertos = (9,3), (1,10), (1,10), (2,2), (2,3), (6,2), (7,4), (1,1), (8,1), (8,6), (4,2), (4,3), (5,8), (7,2), (7,3), (7,4)
Cerrados = (3,8), (3,7), (3,9), (3,6), (4,6), (2,7), (2,8), (3,10), (5,6), (4,7), (5,7), (3,5), (1,7), (1,8), (2,9), (5,5), (2,5), (6,5), (5,4), (1,9), (2,10), (1,5), (1,4), (5,3), (5,2), (7,5), (8,5), (1,3), (1,2), (8,4), (8,3), (8,2)
------------------------
Iteración 33
-----------
Abiertos = (9,3), (1,10), (2,2), (2,3), (6,2), (7,4), (1,1), (8,1), (8,6), (4,2), (4,3), (5,8), (7,2), (7,3), (7,4)
Cerrados = (3,8), (3,7), (3,9), (3,6), (4,6), (2,7), (2,8), (3,10), (5,6), (4,7), (5,7), (3,5), (1,7), (1,8), (2,9), (5,5), (2,5), (6,5), (5,4), (1,9), (2,10), (1,5), (1,4), (5,3), (5,2), (7,5), (8,5), (1,3), (1,2), (8,4), (8,3), (8,2), (1,10)
------------------------
Iteración 34
-----------
Abiertos = (1,10), (2,2), (2,3), (10,3), (6,2), (7,4), (1,1), (8,1), (8,6), (4,2), (4,3), (5,8), (7,2), (7,3), (7,4)
Cerrados = (3,8), (3,7), (3,9), (3,6), (4,6), (2,7), (2,8), (3,10), (5,6), (4,7), (5,7), (3,5), (1,7), (1,8), (2,9), (5,5), (2,5), (6,5), (5,4), (1,9), (2,10), (1,5), (1,4), (5,3), (5,2), (7,5), (8,5), (1,3), (1,2), (8,4), (8,3), (8,2), (1,10), (9,3)
------------------------
Iteración 35
-----------
Abiertos = (2,2), (10,3), (6,2), (7,4), (1,1), (8,1), (8,6), (4,2), (4,3), (2,2), (3,3), (5,8), (7,2), (7,3), (7,4)
Cerrados = (3,8), (3,7), (3,9), (3,6), (4,6), (2,7), (2,8), (3,10), (5,6), (4,7), (5,7), (3,5), (1,7), (1,8), (2,9), (5,5), (2,5), (6,5), (5,4), (1,9), (2,10), (1,5), (1,4), (5,3), (5,2), (7,5), (8,5), (1,3), (1,2), (8,4), (8,3), (8,2), (1,10), (9,3), (2,3)
------------------------
Iteración 36
-----------
Abiertos = (10,3), (6,2), (7,4), (1,1), (8,1), (8,6), (4,2), (4,3), (2,2), (3,3), (5,8), (2,1), (7,2), (7,3), (7,4)
Cerrados = (3,8), (3,7), (3,9), (3,6), (4,6), (2,7), (2,8), (3,10), (5,6), (4,7), (5,7), (3,5), (1,7), (1,8), (2,9), (5,5), (2,5), (6,5), (5,4), (1,9), (2,10), (1,5), (1,4), (5,3), (5,2), (7,5), (8,5), (1,3), (1,2), (8,4), (8,3), (8,2), (1,10), (9,3), (2,3), (2,2)
------------------------
Iteración 37
-----------
Abiertos = (10,2), (6,2), (7,4), (1,1), (8,1), (8,6), (4,2), (4,3), (2,2), (3,3), (5,8), (2,1), (11,3), (7,2), (7,3), (7,4), (10,4)
Cerrados = (3,8), (3,7), (3,9), (3,6), (4,6), (2,7), (2,8), (3,10), (5,6), (4,7), (5,7), (3,5), (1,7), (1,8), (2,9), (5,5), (2,5), (6,5), (5,4), (1,9), (2,10), (1,5), (1,4), (5,3), (5,2), (7,5), (8,5), (1,3), (1,2), (8,4), (8,3), (8,2), (1,10), (9,3), (2,3), (2,2), (10,3)
------------------------
Iteración 38
-----------
Abiertos = (10,2), (7,4), (1,1), (8,1), (8,6), (4,2), (4,3), (2,2), (3,3), (5,8), (7,2), (2,1), (11,3), (7,2), (7,3), (7,4), (10,4), (6,1)
Cerrados = (3,8), (3,7), (3,9), (3,6), (4,6), (2,7), (2,8), (3,10), (5,6), (4,7), (5,7), (3,5), (1,7), (1,8), (2,9), (5,5), (2,5), (6,5), (5,4), (1,9), (2,10), (1,5), (1,4), (5,3), (5,2), (7,5), (8,5), (1,3), (1,2), (8,4), (8,3), (8,2), (1,10), (9,3), (2,3), (2,2), (10,3), (6,2)
------------------------
Camino: (3,8) -> (3,7) -> (3,6) -> (4,6) -> (5,6) -> (5,5) -> (6,5) -> (7,5) -> (8,5) -> (8,4) -> (8,3) -> (9,3) -> (10,3) -> (10,2)
Coste: 47
Iteración 0
-----------
Abiertos = (3,8)
Cerrados = 
------------------------
Iteración 1
-----------
Abiertos = (3,7), (3,9), (2,8)
Cerrados = (3,8)
------------------------
Iteración 2
-----------
Abiertos = (3,7), (2,8), (3,10), (2,9)
Cerrados = (3,8), (3,9)
------------------------
Iteración 3
-----------
Abiertos = (3,7), (2,7), (3,10), (2,9), (1,8), (2,9)
Cerrados = (3,8), (3,9), (2,8)
------------------------
Iteración 4
-----------
Abiertos = (4,7), (3,6), (2,7), (2,7), (3,10), (1,8), (2,9), (2,9)
Cerrados = (3,8), (3,9), (2,8), (3,7)
------------------------
Iteración 5
-----------
Abiertos = (4,7), (4,6), (2,7), (2,7), (3,10), (3,5), (2,9), (1,8), (2,9)
Cerrados = (3,8), (3,9), (2,8), (3,7), (3,6)
------------------------
Iteración 6
-----------
Abiertos = (4,7), (2,7), (2,7), (3,10), (5,6), (3,5), (4,7), (1,8), (2,9), (2,9)
Cerrados = (3,8), (3,9), (2,8), (3,7), (3,6), (4,6)
------------------------
Iteración 7
-----------
Abiertos = (4,7), (2,7), (3,10), (5,6), (3,5), (4,7), (1,7), (1,8), (2,9), (2,9)
Cerrados = (3,8), (3,9), (2,8), (3,7), (3,6), (4,6), (2,7)
------------------------
Iteración 8
-----------
Abiertos = (5,7), (2,7), (3,10), (5,6), (3,5), (4,7), (1,7), (1,8), (2,9), (2,9)
Cerrados = (3,8), (3,9), (2,8), (3,7), (3,6), (4,6), (2,7), (4,7)
------------------------
Iteración 9
-----------
Abiertos = (2,7), (3,10), (5,6), (5,6), (3,5), (4,7), (1,7), (1,8), (2,9), (5,8), (2,9)
Cerrados = (3,8), (3,9), (2,8), (3,7), (3,6), (4,6), (2,7), (4,7), (5,7)
------------------------
Iteración 10
-----------
Abiertos = (2,7), (5,6), (5,6), (3,5), (4,7), (1,7), (1,8), (2,9), (5,8), (2,9), (2,10)
Cerrados = (3,8), (3,9), (2,8), (3,7), (3,6), (4,6), (2,7), (4,7), (5,7), (3,10)
------------------------
Iteración 11
-----------
Abiertos = (5,6), (3,5), (4,7), (1,7), (1,8), (2,9), (5,5), (5,8), (2,9), (2,10)
Cerrados = (3,8), (3,9), (2,8), (3,7), (3,6), (4,6), (2,7), (4,7), (5,7), (3,10), (5,6)
------------------------
Iteración 12
-----------
Abiertos = (5,6), (4,7), (1,7), (1,8), (2,9), (5,5), (5,8), (2,5), (2,9), (2,10)
Cerrados = (3,8), (3,9), (2,8), (3,7), (3,6), (4,6), (2,7), (4,7), (5,7), (3,10), (5,6), (3,5)
------------------------
Iteración 13
-----------
Abiertos = (5,6), (1,8), (2,9), (5,5), (5,8), (2,5), (2,9), (1,8), (2,10)
Cerrados = (3,8), (3,9), (2,8), (3,7), (3,6), (4,6), (2,7), (4,7), (5,7), (3,10), (5,6), (3,5), (1,7)
------------------------
Iteración 14
-----------
Abiertos = (5,6), (2,9), (5,5), (5,8), (2,5), (2,9), (1,8), (1,9), (2,10)
Cerrados = (3,8), (3,9), (2,8), (3,7), (3,6), (4,6), (2,7), (4,7), (5,7), (3,10), (5,6), (3,5), (1,7), (1,8)
------------------------
Iteración 15
-----------
Abiertos = (5,6), (5,5), (5,8), (2,5), (2,9), (1,8), (2,10), (1,9), (1,9), (2,10)
Cerrados = (3,8), (3,9), (2,8), (3,7), (3,6), (4,6), (2,7), (4,7), (5,7), (3,10), (5,6), (3,5), (1,7), (1,8), (2,9)
------------------------
Iteración 16
-----------
Abiertos = (5,5), (2,5), (2,9), (1,8), (2,10), (1,9), (1,9), (2,10), (5,9)
Cerrados = (3,8), (3,9), (2,8), (3,7), (3,6), (4,6), (2,7), (4,7), (5,7), (3,10), (5,6), (3,5), (1,7), (1,8), (2,9), (5,8)
------------------------
Iteración 17
-----------
Abiertos = (2,5), (2,9), (6,5), (5,4), (1,8), (2,10), (1,9), (1,9), (2,10), (5,9)
Cerrados = (3,8), (3,9), (2,8), (3,7), (3,6), (4,6), (2,7), (4,7), (5,7), (3,10), (5,6), (3,5), (1,7), (1,8), (2,9), (5,8), (5,5)
------------------------
Iteración 18
-----------
Abiertos = (2,5), (5,4), (1,8), (2,10), (1,9), (1,9), (7,5), (2,10), (5,9)
Cerrados = (3,8), (3,9), (2,8), (3,7), (3,6), (4,6), (2,7), (4,7), (5,7), (3,10), (5,6), (3,5), (1,7), (1,8), (2,9), (5,8), (5,5), (6,5)
------------------------
Iteración 19
-----------
Abiertos = (2,5), (1,8), (2,10), (1,9), (1,9), (5,3), (7,5), (2,10), (5,9)
Cerrados = (3,8), (3,9), (2,8), (3,7), (3,6), (4,6), (2,7), (4,7), (5,7), (3,10), (5,6), (3,5), (1,7), (1,8), (2,9), (5,8), (5,5), (6,5), (5,4)
------------------------
Iteración 20
-----------
Abiertos = (1,9), (2,10), (1,9), (1,5), (5,3), (7,5), (2,10), (5,9)
Cerrados = (3,8), (3,9), (2,8), (3,7), (3,6), (4,6), (2,7), (4,7), (5,7), (3,10), (5,6), (3,5), (1,7), (1,8), (2,9), (5,8), (5,5), (6,5), (5,4), (2,5)
------------------------
Iteración 21
-----------
Abiertos = (1,9), (1,9), (1,5), (5,3), (7,5), (2,10), (1,10), (5,9)
Cerrados = (3,8), (3,9), (2,8), (3,7), (3,6), (4,6), (2,7), (4,7), (5,7), (3,10), (5,6), (3,5), (1,7), (1,8), (2,9), (5,8), (5,5), (6,5), (5,4), (2,5), (2,10)
------------------------
Iteración 22
-----------
Abiertos = (1,9), (1,5), (5,3), (7,5), (2,10), (1,10), (1,10), (5,9)
Cerrados = (3,8), (3,9), (2,8), (3,7), (3,6), (4,6), (2,7), (4,7), (5,7), (3,10), (5,6), (3,5), (1,7), (1,8), (2,9), (5,8), (5,5), (6,5), (5,4), (2,5), (2,10), (1,9)
------------------------
Iteración 23
-----------
Abiertos = (1,4), (7,5), (5,3), (2,10), (1,10), (1,10), (5,9)
Cerrados = (3,8), (3,9), (2,8), (3,7), (3,6), (4,6), (2,7), (4,7), (5,7), (3,10), (5,6), (3,5), (1,7), (1,8), (2,9), (5,8), (5,5), (6,5), (5,4), (2,5), (2,10), (1,9), (1,5)
------------------------
Iteración 24
-----------
Abiertos = (1,4), (8,5), (5,3), (2,10), (1,10), (1,10), (7,4), (5,9)
Cerrados = (3,8), (3,9), (2,8), (3,7), (3,6), (4,6), (2,7), (4,7), (5,7), (3,10), (5,6), (3,5), (1,7), (1,8), (2,9), (5,8), (5,5), (6,5), (5,4), (2,5), (2,10), (1,9), (1,5), (7,5)
------------------------
Iteración 25
-----------
Abiertos = (1,4), (8,4), (5,3), (2,10), (1,10), (1,10), (7,4), (8,6), (5,9)
Cerrados = (3,8), (3,9), (2,8), (3,7), (3,6), (4,6), (2,7), (4,7), (5,7), (3,10), (5,6), (3,5), (1,7), (1,8), (2,9), (5,8), (5,5), (6,5), (5,4), (2,5), (2,10), (1,9), (1,5), (7,5), (8,5)
------------------------
Iteración 26
-----------
Abiertos = (1,4), (8,3), (5,3), (2,10), (1,10), (1,10), (7,4), (8,6), (5,9), (7,4)
Cerrados = (3,8), (3,9), (2,8), (3,7), (3,6), (4,6), (2,7), (4,7), (5,7), (3,10), (5,6), (3,5), (1,7), (1,8), (2,9), (5,8), (5,5), (6,5), (5,4), (2,5), (2,10), (1,9), (1,5), (7,5), (8,5), (8,4)
------------------------
Iteración 27
-----------
Abiertos = (1,4), (8,2), (9,3), (5,3), (2,10), (1,10), (1,10), (7,4), (8,6), (5,9), (7,3), (7,4)
Cerrados = (3,8), (3,9), (2,8), (3,7), (3,6), (4,6), (2,7), (4,7), (5,7), (3,10), (5,6), (3,5), (1,7), (1,8), (2,9), (5,8), (5,5), (6,5), (5,4), (2,5), (2,10), (1,9), (1,5), (7,5), (8,5), (8,4), (8,3)
------------------------
Iteración 28
-----------
Abiertos = (1,3), (9,3), (8,2), (5,3), (2,10), (1,10), (1,10), (7,4), (8,6), (5,9), (7,3), (7,4)
Cerrados = (3,8), (3,9), (2,8), (3,7), (3,6), (4,6), (2,7), (4,7), (5,7), (3,10), (5,6), (3,5), (1,7), (1,8), (2,9), (5,8), (5,5), (6,5), (5,4), (2,5), (2,10), (1,9), (1,5), (7,5), (8,5), (8,4), (8,3), (1,4)
------------------------
Iteración 29
-----------
Abiertos = (1,3), (8,2), (5,3), (2,10), (1,10), (1,10), (10,3), (7,4), (8,6), (5,9), (7,3), (7,4)
Cerrados = (3,8), (3,9), (2,8), (3,7), (3,6), (4,6), (2,7), (4,7), (5,7), (3,10), (5,6), (3,5), (1,7), (1,8), (2,9), (5,8), (5,5), (6,5), (5,4), (2,5), (2,10), (1,9), (1,5), (7,5), (8,5), (8,4), (8,3), (1,4), (9,3)
------------------------
Iteración 30
-----------
Abiertos = (1,3), (5,3), (2,10), (1,10), (1,10), (10,3), (7,4), (8,1), (8,6), (5,9), (7,2), (7,3), (7,4)
Cerrados = (3,8), (3,9), (2,8), (3,7), (3,6), (4,6), (2,7), (4,7), (5,7), (3,10), (5,6), (3,5), (1,7), (1,8), (2,9), (5,8), (5,5), (6,5), (5,4), (2,5), (2,10), (1,9), (1,5), (7,5), (8,5), (8,4), (8,3), (1,4), (9,3), (8,2)
------------------------
Iteración 31
-----------
Abiertos = (1,2), (5,3), (2,10), (1,10), (1,10), (2,3), (10,3), (7,4), (8,1), (8,6), (5,9), (7,2), (7,3), (7,4)
Cerrados = (3,8), (3,9), (2,8), (3,7), (3,6), (4,6), (2,7), (4,7), (5,7), (3,10), (5,6), (3,5), (1,7), (1,8), (2,9), (5,8), (5,5), (6,5), (5,4), (2,5), (2,10), (1,9), (1,5), (7,5), (8,5), (8,4), (8,3), (1,4), (9,3), (8,2), (1,3)
------------------------
Iteración 32
-----------
Abiertos = (1,2), (5,2), (2,10), (1,10), (1,10), (2,3), (10,3), (7,4), (8,1), (8,6), (4,3), (5,9), (7,2), (7,3), (7,4)
Cerrados = (3,8), (3,9), (2,8), (3,7), (3,6), (4,6), (2,7), (4,7), (5,7), (3,10), (5,6), (3,5), (1,7), (1,8), (2,9), (5,8), (5,5), (6,5), (5,4), (2,5), (2,10), (1,9), (1,5), (7,5), (8,5), (8,4), (8,3), (1,4), (9,3), (8,2), (1,3), (5,3)
------------------------
Iteración 33
-----------
Abiertos = (5,2), (2,10), (1,10), (1,10), (2,2), (2,3), (10,3), (7,4), (1,1), (8,1), (8,6), (4,3), (5,9), (7,2), (7,3), (7,4)
Cerrados = (3,8), (3,9), (2,8), (3,7), (3,6), (4,6), (2,7), (4,7), (5,7), (3,10), (5,6), (3,5), (1,7), (1,8), (2,9), (5,8), (5,5), (6,5), (5,4), (2,5), (2,10), (1,9), (1,5), (7,5), (8,5), (8,4), (8,3), (1,4), (9,3), (8,2), (1,3), (5,3), (1,2)
------------------------
Iteración 34
-----------
Abiertos = (1,10), (1,10), (2,2), (2,3), (10,3), (6,2), (7,4), (1,1), (8,1), (8,6), (4,2), (4,3), (5,9), (7,2), (7,3), (7,4)
Cerrados = (3,8), (3,9), (2,8), (3,7), (3,6), (4,6), (2,7), (4,7), (5,7), (3,10), (5,6), (3,5), (1,7), (1,8), (2,9), (5,8), (5,5), (6,5), (5,4), (2,5), (2,10), (1,9), (1,5), (7,5), (8,5), (8,4), (8,3), (1,4), (9,3), (8,2), (1,3), (5,3), (1,2), (5,2)
------------------------
Iteración 35
-----------
Abiertos = (1,10), (2,2), (2,3), (10,3), (6,2), (7,4), (1,1), (8,1), (8,6), (4,2), (4,3), (5,9), (7,2), (7,3), (7,4)
Cerrados = (3,8), (3,9), (2,8), (3,7), (3,6), (4,6), (2,7), (4,7), (5,7), (3,10), (5,6), (3,5), (1,7), (1,8), (2,9), (5,8), (5,5), (6,5), (5,4), (2,5), (2,10), (1,9), (1,5), (7,5), (8,5), (8,4), (8,3), (1,4), (9,3), (8,2), (1,3), (5,3), (1,2), (5,2), (1,10)
------------------------
Iteración 36
-----------
Abiertos = (2,3), (10,3), (6,2), (7,4), (1,1), (8,1), (8,6), (4,2), (4,3), (5,9), (2,1), (7,2), (7,3), (7,4), (2,3)
Cerrados = (3,8), (3,9), (2,8), (3,7), (3,6), (4,6), (2,7), (4,7), (5,7), (3,10), (5,6), (3,5), (1,7), (1,8), (2,9), (5,8), (5,5), (6,5), (5,4), (2,5), (2,10), (1,9), (1,5), (7,5), (8,5), (8,4), (8,3), (1,4), (9,3), (8,2), (1,3), (5,3), (1,2), (5,2), (1,10), (2,2)
------------------------
Iteración 37
-----------
Abiertos = (2,3), (10,2), (6,2), (7,4), (1,1), (8,1), (8,6), (4,2), (4,3), (5,9), (2,1), (11,3), (7,2), (7,3), (7,4), (2,3), (10,4)
Cerrados = (3,8), (3,9), (2,8), (3,7), (3,6), (4,6), (2,7), (4,7), (5,7), (3,10), (5,6), (3,5), (1,7), (1,8), (2,9), (5,8), (5,5), (6,5), (5,4), (2,5), (2,10), (1,9), (1,5), (7,5), (8,5), (8,4), (8,3), (1,4), (9,3), (8,2), (1,3), (5,3), (1,2), (5,2), (1,10), (2,2), (10,3)
------------------------
Camino: (3,8) -> (3,7) -> (3,6) -> (4,6) -> (5,6) -> (5,5) -> (6,5) -> (7,5) -> (8,5) -> (8,4) -> (8,3) -> (9,3) -> (10,3) -> (10,2)
Coste: 47
Iteración 0
-----------
Abiertos = (3,8)
Cerrados = 
------------------------
Iteración 1
-----------
Abiertos = (3,7), (3,9), (2,8)
Cerrados = (3,8)
------------------------
Iteración 2
-----------
Abiertos = (4,7), (3,9), (3,6), (2,7), (2,8)
Cerrados = (3,8), (3,7)
------------------------
Iteración 3
-----------
Abiertos = (4,7), (3,6), (2,7), (2,8), (3,10), (2,9)
Cerrados = (3,8), (3,7), (3,9)
------------------------
Iteración 4
-----------
Abiertos = (4,7), (4,6), (2,7), (2,8), (3,10), (3,5), (2,9)
Cerrados = (3,8), (3,7), (3,9), (3,6)
------------------------
Iteración 5
-----------
Abiertos = (4,6), (4,6), (5,7), (2,7), (2,8), (3,10), (3,5), (2,9)
Cerrados = (3,8), (3,7), (3,9), (3,6), (4,7)
------------------------
Iteración 6
-----------
Abiertos = (5,7), (4,6), (2,7), (2,8), (3,10), (5,6), (3,5), (2,9)
Cerrados = (3,8), (3,7), (3,9), (3,6), (4,7), (4,6)
------------------------
Iteración 7
-----------
Abiertos = (5,7), (2,8), (3,10), (5,6), (3,5), (1,7), (2,9), (2,8)
Cerrados = (3,8), (3,7), (3,9), (3,6), (4,7), (4,6), (2,7)
------------------------
Iteración 8
-----------
Abiertos = (2,8), (3,10), (5,6), (5,6), (3,5), (1,7), (2,9), (5,8), (2,8)
Cerrados = (3,8), (3,7), (3,9), (3,6), (4,7), (4,6), (2,7), (5,7)
------------------------
Iteración 9
-----------
Abiertos = (3,10), (5,6), (5,6), (3,5), (1,7), (2,9), (1,8), (5,8), (2,8), (2,9)
Cerrados = (3,8), (3,7), (3,9), (3,6), (4,7), (4,6), (2,7), (5,7), (2,8)
------------------------
Iteración 10
-----------
Abiertos = (5,6), (5,6), (3,5), (1,7), (2,9), (1,8), (5,8), (2,8), (2,9), (2,10)
Cerrados = (3,8), (3,7), (3,9), (3,6), (4,7), (4,6), (2,7), (5,7), (2,8), (3,10)
------------------------
Iteración 11
-----------
Abiertos = (5,6), (3,5), (1,7), (2,9), (1,8), (5,5), (5,8), (2,8), (2,9), (2,10)
Cerrados = (3,8), (3,7), (3,9), (3,6), (4,7), (4,6), (2,7), (5,7), (2,8), (3,10), (5,6)
------------------------
Iteración 12
-----------
Abiertos = (5,6), (1,7), (2,9), (1,8), (5,5), (5,8), (2,5), (2,8), (2,9), (2,10)
Cerrados = (3,8), (3,7), (3,9), (3,6), (4,7), (4,6), (2,7), (5,7), (2,8), (3,10), (5,6), (3,5)
------------------------
Iteración 13
-----------
Abiertos = (1,7), (1,8), (5,5), (5,8), (2,5), (2,8), (2,9), (2,10), (1,9), (2,10)
Cerrados = (3,8), (3,7), (3,9), (3,6), (4,7), (4,6), (2,7), (5,7), (2,8), (3,10), (5,6), (3,5), (2,9)
------------------------
Iteración 14
-----------
Abiertos = (1,8), (5,5), (5,8), (2,5), (2,8), (2,9), (1,8), (2,10), (1,9), (2,10)
Cerrados = (3,8), (3,7), (3,9), (3,6), (4,7), (4,6), (2,7), (5,7), (2,8), (3,10), (5,6), (3,5), (2,9), (1,7)
------------------------
Iteración 15
-----------
Abiertos = (5,5), (5,8), (2,5), (2,8), (2,9), (1,8), (2,10), (1,9), (1,9), (2,10)
Cerrados = (3,8), (3,7), (3,9), (3,6), (4,7), (4,6), (2,7), (5,7), (2,8), (3,10), (5,6), (3,5), (2,9), (1,7), (1,8)
------------------------
Iteración 16
-----------
Abiertos = (2,5), (5,8), (2,8), (2,9), (5,4), (6,5), (1,8), (2,10), (1,9), (1,9), (2,10)
Cerrados = (3,8), (3,7), (3,9), (3,6), (4,7), (4,6), (2,7), (5,7), (2,8), (3,10), (5,6), (3,5), (2,9), (1,7), (1,8), (5,5)
------------------------
Iteración 17
-----------
Abiertos = (2,5), (2,8), (2,9), (5,4), (6,5), (1,8), (2,10), (1,9), (1,9), (2,10), (5,9)
Cerrados = (3,8), (3,7), (3,9), (3,6), (4,7), (4,6), (2,7), (5,7), (2,8), (3,10), (5,6), (3,5), (2,9), (1,7), (1,8), (5,5), (5,8)
------------------------
Iteración 18
-----------
Abiertos = (2,9), (5,4), (6,5), (1,8), (2,10), (1,9), (1,9), (1,5), (2,10), (5,9)
Cerrados = (3,8), (3,7), (3,9), (3,6), (4,7), (4,6), (2,7), (5,7), (2,8), (3,10), (5,6), (3,5), (2,9), (1,7), (1,8), (5,5), (5,8), (2,5)
------------------------
Iteración 19
-----------
Abiertos = (2,9), (6,5), (1,8), (2,10), (1,9), (1,9), (1,5), (5,3), (2,10), (5,9)
Cerrados = (3,8), (3,7), (3,9), (3,6), (4,7), (4,6), (2,7), (5,7), (2,8), (3,10), (5,6), (3,5), (2,9), (1,7), (1,8), (5,5), (5,8), (2,5), (5,4)
------------------------
Iteración 20
-----------
Abiertos = (2,10), (1,9), (1,9), (1,5), (5,3), (7,5), (2,10), (5,9)
Cerrados = (3,8), (3,7), (3,9), (3,6), (4,7), (4,6), (2,7), (5,7), (2,8), (3,10), (5,6), (3,5), (2,9), (1,7), (1,8), (5,5), (5,8), (2,5), (5,4), (6,5)
------------------------
Iteración 21
-----------
Abiertos = (1,9), (2,10), (1,5), (5,3), (7,5), (2,10), (1,10), (5,9)
Cerrados = (3,8), (3,7), (3,9), (3,6), (4,7), (4,6), (2,7), (5,7), (2,8), (3,10), (5,6), (3,5), (2,9), (1,7), (1,8), (5,5), (5,8), (2,5), (5,4), (6,5), (1,9)
------------------------
Iteración 22
-----------
Abiertos = (2,10), (1,4), (5,3), (7,5), (2,10), (1,10), (5,9)
Cerrados = (3,8), (3,7), (3,9), (3,6), (4,7), (4,6), (2,7), (5,7), (2,8), (3,10), (5,6), (3,5), (2,9), (1,7), (1,8), (5,5), (5,8), (2,5), (5,4), (6,5), (1,9), (1,5)
------------------------
Iteración 23
-----------
Abiertos = (2,10), (1,3), (5,3), (7,5), (2,10), (1,10), (5,9)
Cerrados = (3,8), (3,7), (3,9), (3,6), (4,7), (4,6), (2,7), (5,7), (2,8), (3,10), (5,6), (3,5), (2,9), (1,7), (1,8), (5,5), (5,8), (2,5), (5,4), (6,5), (1,9), (1,5), (1,4)
------------------------
Iteración 24
-----------
Abiertos = (2,10), (1,2), (5,3), (7,5), (2,10), (1,10), (2,3), (5,9)
Cerrados = (3,8), (3,7), (3,9), (3,6), (4,7), (4,6), (2,7), (5,7), (2,8), (3,10), (5,6), (3,5), (2,9), (1,7), (1,8), (5,5), (5,8), (2,5), (5,4), (6,5), (1,9), (1,5), (1,4), (1,3)
------------------------
Iteración 25
-----------
Abiertos = (2,10), (5,3), (7,5), (2,10), (1,10), (2,2), (2,3), (1,1), (5,9)
Cerrados = (3,8), (3,7), (3,9), (3,6), (4,7), (4,6), (2,7), (5,7), (2,8), (3,10), (5,6), (3,5), (2,9), (1,7), (1,8), (5,5), (5,8), (2,5), (5,4), (6,5), (1,9), (1,5), (1,4), (1,3), (1,2)
------------------------
Iteración 26
-----------
Abiertos = (7,5), (5,3), (2,10), (1,10), (1,10), (2,2), (2,3), (1,1), (5,9)
Cerrados = (3,8), (3,7), (3,9), (3,6), (4,7), (4,6), (2,7), (5,7), (2,8), (3,10), (5,6), (3,5), (2,9), (1,7), (1,8), (5,5), (5,8), (2,5), (5,4), (6,5), (1,9), (1,5), (1,4), (1,3), (1,2), (2,10)
------------------------
Iteración 27
-----------
Abiertos = (5,2), (7,5), (2,10), (1,10), (1,10), (2,2), (2,3), (1,1), (4,3), (5,9)
Cerrados = (3,8), (3,7), (3,9), (3,6), (4,7), (4,6), (2,7), (5,7), (2,8), (3,10), (5,6), (3,5), (2,9), (1,7), (1,8), (5,5), (5,8), (2,5), (5,4), (6,5), (1,9), (1,5), (1,4), (1,3), (1,2), (2,10), (5,3)
------------------------
Iteración 28
-----------
Abiertos = (7,5), (2,10), (1,10), (1,10), (2,2), (2,3), (6,2), (1,1), (4,2), (4,3), (5,9)
Cerrados = (3,8), (3,7), (3,9), (3,6), (4,7), (4,6), (2,7), (5,7), (2,8), (3,10), (5,6), (3,5), (2,9), (1,7), (1,8), (5,5), (5,8), (2,5), (5,4), (6,5), (1,9), (1,5), (1,4), (1,3), (1,2), (2,10), (5,3), (5,2)
------------------------
Iteración 29
-----------
Abiertos = (7,5), (1,10), (2,2), (2,3), (6,2), (1,1), (4,2), (4,3), (5,9)
Cerrados = (3,8), (3,7), (3,9), (3,6), (4,7), (4,6), (2,7), (5,7), (2,8), (3,10), (5,6), (3,5), (2,9), (1,7), (1,8), (5,5), (5,8), (2,5), (5,4), (6,5), (1,9), (1,5), (1,4), (1,3), (1,2), (2,10), (5,3), (5,2), (1,10)
------------------------
Iteración 30
-----------
Abiertos = (7,5), (2,3), (6,2), (1,1), (4,2), (4,3), (5,9), (2,1), (2,3)
Cerrados = (3,8), (3,7), (3,9), (3,6), (4,7), (4,6), (2,7), (5,7), (2,8), (3,10), (5,6), (3,5), (2,9), (1,7), (1,8), (5,5), (5,8), (2,5), (5,4), (6,5), (1,9), (1,5), (1,4), (1,3), (1,2), (2,10), (5,3), (5,2), (1,10), (2,2)
------------------------
Iteración 31
-----------
Abiertos = (7,5), (6,2), (1,1), (4,2), (4,3), (3,3), (5,9), (2,1), (2,3)
Cerrados = (3,8), (3,7), (3,9), (3,6), (4,7), (4,6), (2,7), (5,7), (2,8), (3,10), (5,6), (3,5), (2,9), (1,7), (1,8), (5,5), (5,8), (2,5), (5,4), (6,5), (1,9), (1,5), (1,4), (1,3), (1,2), (2,10), (5,3), (5,2), (1,10), (2,2), (2,3)
------------------------
Iteración 32
-----------
Abiertos = (7,5), (1,1), (4,2), (4,3), (3,3), (5,9), (7,2), (2,1), (2,3), (6,1)
Cerrados = (3,8), (3,7), (3,9), (3,6), (4,7), (4,6), (2,7), (5,7), (2,8), (3,10), (5,6), (3,5), (2,9), (1,7), (1,8), (5,5), (5,8), (2,5), (5,4), (6,5), (1,9), (1,5), (1,4), (1,3), (1,2), (2,10), (5,3), (5,2), (1,10), (2,2), (2,3), (6,2)
------------------------
Iteración 33
-----------
Abiertos = (7,5), (2,1), (4,2), (4,3), (3,3), (5,9), (7,2), (2,1), (2,3), (6,1)
Cerrados = (3,8), (3,7), (3,9), (3,6), (4,7), (4,6), (2,7), (5,7), (2,8), (3,10), (5,6), (3,5), (2,9), (1,7), (1,8), (5,5), (5,8), (2,5), (5,4), (6,5), (1,9), (1,5), (1,4), (1,3), (1,2), (2,10), (5,3), (5,2), (1,10), (2,2), (2,3), (6,2), (1,1)
------------------------
Iteración 34
-----------
Abiertos = (8,5), (7,4), (2,1), (4,2), (4,3), (3,3), (5,9), (7,2), (2,1), (2,3), (6,1)
Cerrados = (3,8), (3,7), (3,9), (3,6), (4,7), (4,6), (2,7), (5,7), (2,8), (3,10), (5,6), (3,5), (2,9), (1,7), (1,8), (5,5), (5,8), (2,5), (5,4), (6,5), (1,9), (1,5), (1,4), (1,3), (1,2), (2,10), (5,3), (5,2), (1,10), (2,2), (2,3), (6,2), (1,1), (7,5)
------------------------
Iteración 35
-----------
Abiertos = (8,4), (7,4), (2,1), (8,6), (4,2), (4,3), (3,3), (5,9), (7,2), (2,1), (2,3), (6,1)
Cerrados = (3,8), (3,7), (3,9), (3,6), (4,7), (4,6), (2,7), (5,7), (2,8), (3,10), (5,6), (3,5), (2,9), (1,7), (1,8), (5,5), (5,8), (2,5), (5,4), (6,5), (1,9), (1,5), (1,4), (1,3), (1,2), (2,10), (5,3), (5,2), (1,10), (2,2), (2,3), (6,2), (1,1), (7,5), (8,5)
------------------------
Iteración 36
-----------
Abiertos = (8,4), (8,4), (2,1), (8,6), (4,2), (4,3), (3,3), (5,9), (7,2), (7,3), (2,1), (2,3), (6,1)
Cerrados = (3,8), (3,7), (3,9), (3,6), (4,7), (4,6), (2,7), (5,7), (2,8), (3,10), (5,6), (3,5), (2,9), (1,7), (1,8), (5,5), (5,8), (2,5), (5,4), (6,5), (1,9), (1,5), (1,4), (1,3), (1,2), (2,10), (5,3), (5,2), (1,10), (2,2), (2,3), (6,2), (1,1), (7,5), (8,5), (7,4)
------------------------
Iteración 37
-----------
Abiertos = (8,3), (8,4), (2,1), (8,6), (4,2), (4,3), (3,3), (5,9), (7,2), (7,3), (2,1), (2,3), (6,1)
Cerrados = (3,8), (3,7), (3,9), (3,6), (4,7), (4,6), (2,7), (5,7), (2,8), (3,10), (5,6), (3,5), (2,9), (1,7), (1,8), (5,5), (5,8), (2,5), (5,4), (6,5), (1,9), (1,5), (1,4), (1,3), (1,2), (2,10), (5,3), (5,2), (1,10), (2,2), (2,3), (6,2), (1,1), (7,5), (8,5), (7,4), (8,4)
------------------------
Iteración 38
-----------
Abiertos = (8,2), (9,3), (2,1), (8,6), (4,2), (4,3), (3,3), (5,9), (7,2), (7,3), (2,1), (7,3), (2,3), (6,1)
Cerrados = (3,8), (3,7), (3,9), (3,6), (4,7), (4,6), (2,7), (5,7), (2,8), (3,10), (5,6), (3,5), (2,9), (1,7), (1,8), (5,5), (5,8), (2,5), (5,4), (6,5), (1,9), (1,5), (1,4), (1,3), (1,2), (2,10), (5,3), (5,2), (1,10), (2,2), (2,3), (6,2), (1,1), (7,5), (8,5), (7,4), (8,4), (8,3)
------------------------
Iteración 39
-----------
Abiertos = (9,3), (2,1), (8,1), (8,6), (4,2), (4,3), (3,3), (5,9), (7,2), (7,3), (2,1), (7,2), (7,3), (2,3), (6,1)
Cerrados = (3,8), (3,7), (3,9), (3,6), (4,7), (4,6), (2,7), (5,7), (2,8), (3,10), (5,6), (3,5), (2,9), (1,7), (1,8), (5,5), (5,8), (2,5), (5,4), (6,5), (1,9), (1,5), (1,4), (1,3), (1,2), (2,10), (5,3), (5,2), (1,10), (2,2), (2,3), (6,2), (1,1), (7,5), (8,5), (7,4), (8,4), (8,3), (8,2)
------------------------
Iteración 40
-----------
Abiertos = (10,3), (2,1), (8,1), (8,6), (4,2), (4,3), (3,3), (5,9), (7,2), (7,3), (2,1), (7,2), (7,3), (2,3), (6,1)
Cerrados = (3,8), (3,7), (3,9), (3,6), (4,7), (4,6), (2,7), (5,7), (2,8), (3,10), (5,6), (3,5), (2,9), (1,7), (1,8), (5,5), (5,8), (2,5), (5,4), (6,5), (1,9), (1,5), (1,4), (1,3), (1,2), (2,10), (5,3), (5,2), (1,10), (2,2), (2,3), (6,2), (1,1), (7,5), (8,5), (7,4), (8,4), (8,3), (8,2), (9,3)
------------------------
Iteración 41
-----------
Abiertos = (10,3), (8,1), (8,6), (4,2), (4,3), (3,3), (5,9), (7,2), (7,3), (3,1), (2,1), (7,2), (7,3), (2,3), (6,1)
Cerrados = (3,8), (3,7), (3,9), (3,6), (4,7), (4,6), (2,7), (5,7), (2,8), (3,10), (5,6), (3,5), (2,9), (1,7), (1,8), (5,5), (5,8), (2,5), (5,4), (6,5), (1,9), (1,5), (1,4), (1,3), (1,2), (2,10), (5,3), (5,2), (1,10), (2,2), (2,3), (6,2), (1,1), (7,5), (8,5), (7,4), (8,4), (8,3), (8,2), (9,3), (2,1)
------------------------
Iteración 42
-----------
Abiertos = (10,3), (9,1), (8,6), (4,2), (4,3), (3,3), (5,9), (7,2), (7,3), (3,1), (2,1), (7,2), (7,3), (7,1), (2,3), (6,1)
Cerrados = (3,8), (3,7), (3,9), (3,6), (4,7), (4,6), (2,7), (5,7), (2,8), (3,10), (5,6), (3,5), (2,9), (1,7), (1,8), (5,5), (5,8), (2,5), (5,4), (6,5), (1,9), (1,5), (1,4), (1,3), (1,2), (2,10), (5,3), (5,2), (1,10), (2,2), (2,3), (6,2), (1,1), (7,5), (8,5), (7,4), (8,4), (8,3), (8,2), (9,3), (2,1), (8,1)
------------------------
Iteración 43
-----------
Abiertos = (10,3), (10,1), (8,6), (4,2), (4,3), (3,3), (5,9), (7,2), (7,3), (3,1), (2,1), (7,2), (7,3), (7,1), (2,3), (6,1)
Cerrados = (3,8), (3,7), (3,9), (3,6), (4,7), (4,6), (2,7), (5,7), (2,8), (3,10), (5,6), (3,5), (2,9), (1,7), (1,8), (5,5), (5,8), (2,5), (5,4), (6,5), (1,9), (1,5), (1,4), (1,3), (1,2), (2,10), (5,3), (5,2), (1,10), (2,2), (2,3), (6,2), (1,1), (7,5), (8,5), (7,4), (8,4), (8,3), (8,2), (9,3), (2,1), (8,1), (9,1)
------------------------
Iteración 44
-----------
Abiertos = (10,2), (10,1), (8,6), (4,2), (4,3), (3,3), (5,9), (7,2), (7,3), (3,1), (2,1), (11,3), (7,2), (7,3), (7,1), (2,3), (10,4), (6,1)
Cerrados = (3,8), (3,7), (3,9), (3,6), (4,7), (4,6), (2,7), (5,7), (2,8), (3,10), (5,6), (3,5), (2,9), (1,7), (1,8), (5,5), (5,8), (2,5), (5,4), (6,5), (1,9), (1,5), (1,4), (1,3), (1,2), (2,10), (5,3), (5,2), (1,10), (2,2), (2,3), (6,2), (1,1), (7,5), (8,5), (7,4), (8,4), (8,3), (8,2), (9,3), (2,1), (8,1), (9,1), (10,3)
------------------------
Camino: (3,8) -> (3,7) -> (3,6) -> (4,6) -> (5,6) -> (5,5) -> (6,5) -> (7,5) -> (8,5) -> (8,4) -> (8,3) -> (9,3) -> (10,3) -> (10,2)
Coste: 47
Iteración 0
-----------
Abiertos = (3,8)
Cerrados = 
------------------------
Iteración 1
-----------
Abiertos = (3,7), (3,9), (2,8)
Cerrados = (3,8)
------------------------
Iteración 2
-----------
Abiertos = (4,7), (3,9), (3,6), (2,7), (2,8)
Cerrados = (3,8), (3,7)
------------------------
Iteración 3
-----------
Abiertos = (4,6), (3,9), (5,7), (3,6), (2,7), (2,8)
Cerrados = (3,8), (3,7), (4,7)
------------------------
Iteración 4
-----------
Abiertos = (3,9), (5,6), (5,7), (3,6), (2,7), (2,8), (3,6)
Cerrados = (3,8), (3,7), (4,7), (4,6)
------------------------
Iteración 5
-----------
Abiertos = (3,9), (5,7), (3,6), (2,7), (2,8), (5,5), (3,6), (5,7)
Cerrados = (3,8), (3,7), (4,7), (4,6), (5,6)
------------------------
Iteración 6
-----------
Abiertos = (3,9), (3,6), (2,7), (2,8), (5,5), (3,6), (5,7), (5,8)
Cerrados = (3,8), (3,7), (4,7), (4,6), (5,6), (5,7)
------------------------
Iteración 7
-----------
Abiertos = (3,6), (2,7), (2,8), (3,10), (5,5), (3,6), (2,9), (5,7), (5,8)
Cerrados = (3,8), (3,7), (4,7), (4,6), (5,6), (5,7), (3,9)
------------------------
Iteración 8
-----------
Abiertos = (3,6), (2,8), (3,10), (5,5), (3,6), (1,7), (2,9), (5,7), (5,8), (2,8)
Cerrados = (3,8), (3,7), (4,7), (4,6), (5,6), (5,7), (3,9), (2,7)
------------------------
Iteración 9
-----------
Abiertos = (2,8), (3,10), (5,5), (3,5), (3,6), (1,7), (2,9), (5,7), (5,8), (2,8)
Cerrados = (3,8), (3,7), (4,7), (4,6), (5,6), (5,7), (3,9), (2,7), (3,6)
------------------------
Iteración 10
-----------
Abiertos = (3,10), (5,5), (3,5), (3,6), (1,7), (2,9), (1,8), (5,7), (5,8), (2,8), (2,9)
Cerrados = (3,8), (3,7), (4,7), (4,6), (5,6), (5,7), (3,9), (2,7), (3,6), (2,8)
------------------------
Iteración 11
-----------
Abiertos = (3,10), (3,5), (3,6), (1,7), (2,9), (1,8), (6,5), (5,4), (5,7), (5,8), (2,8), (2,9)
Cerrados = (3,8), (3,7), (4,7), (4,6), (5,6), (5,7), (3,9), (2,7), (3,6), (2,8), (5,5)
------------------------
Iteración 12
-----------
Abiertos = (3,5), (3,6), (1,7), (2,9), (1,8), (6,5), (5,4), (5,7), (5,8), (2,8), (2,9), (2,10)
Cerrados = (3,8), (3,7), (4,7), (4,6), (5,6), (5,7), (3,9), (2,7), (3,6), (2,8), (5,5), (3,10)
------------------------
Iteración 13
-----------
Abiertos = (1,7), (2,9), (1,8), (6,5), (5,4), (5,7), (5,8), (2,5), (2,8), (2,9), (2,10)
Cerrados = (3,8), (3,7), (4,7), (4,6), (5,6), (5,7), (3,9), (2,7), (3,6), (2,8), (5,5), (3,10), (3,5)
------------------------
Iteración 14
-----------
Abiertos = (1,7), (1,8), (6,5), (5,4), (5,7), (5,8), (2,5), (2,8), (2,9), (1,9), (2,10), (2,10)
Cerrados = (3,8), (3,7), (4,7), (4,6), (5,6), (5,7), (3,9), (2,7), (3,6), (2,8), (5,5), (3,10), (3,5), (2,9)
------------------------
Iteración 15
-----------
Abiertos = (1,8), (6,5), (5,4), (5,7), (5,8), (2,5), (2,8), (2,9), (1,8), (1,9), (2,10), (2,10)
Cerrados = (3,8), (3,7), (4,7), (4,6), (5,6), (5,7), (3,9), (2,7), (3,6), (2,8), (5,5), (3,10), (3,5), (2,9), (1,7)
------------------------
Iteración 16
-----------
Abiertos = (5,4), (6,5), (5,7), (5,8), (2,5), (2,8), (2,9), (1,8), (1,9), (2,10), (1,9), (2,10)
Cerrados = (3,8), (3,7), (4,7), (4,6), (5,6), (5,7), (3,9), (2,7), (3,6), (2,8), (5,5), (3,10), (3,5), (2,9), (1,7), (1,8)
------------------------
Iteración 17
-----------
Abiertos = (6,5), (5,7), (5,8), (2,5), (2,8), (2,9), (5,3), (1,8), (1,9), (2,10), (1,9), (2,10)
Cerrados = (3,8), (3,7), (4,7), (4,6), (5,6), (5,7), (3,9), (2,7), (3,6), (2,8), (5,5), (3,10), (3,5), (2,9), (1,7), (1,8), (5,4)
------------------------
Iteración 18
-----------
Abiertos = (5,7), (5,8), (2,5), (2,8), (2,9), (5,3), (7,5), (1,8), (2,10), (1,9), (1,9), (2,10)
Cerrados = (3,8), (3,7), (4,7), (4,6), (5,6), (5,7), (3,9), (2,7), (3,6), (2,8), (5,5), (3,10), (3,5), (2,9), (1,7), (1,8), (5,4), (6,5)
------------------------
Iteración 19
-----------
Abiertos = (2,5), (2,8), (2,9), (5,3), (7,5), (1,8), (1,9), (1,9), (2,10), (2,10), (5,9)
Cerrados = (3,8), (3,7), (4,7), (4,6), (5,6), (5,7), (3,9), (2,7), (3,6), (2,8), (5,5), (3,10), (3,5), (2,9), (1,7), (1,8), (5,4), (6,5), (5,8)
------------------------
Iteración 20
-----------
Abiertos = (2,8), (2,9), (5,3), (7,5), (1,8), (1,9), (1,9), (2,10), (1,5), (2,10), (5,9)
Cerrados = (3,8), (3,7), (4,7), (4,6), (5,6), (5,7), (3,9), (2,7), (3,6), (2,8), (5,5), (3,10), (3,5), (2,9), (1,7), (1,8), (5,4), (6,5), (5,8), (2,5)
------------------------
Iteración 21
-----------
Abiertos = (2,9), (8,5), (5,3), (1,8), (1,9), (1,9), (2,10), (1,5), (7,4), (2,10), (5,9)
Cerrados = (3,8), (3,7), (4,7), (4,6), (5,6), (5,7), (3,9), (2,7), (3,6), (2,8), (5,5), (3,10), (3,5), (2,9), (1,7), (1,8), (5,4), (6,5), (5,8), (2,5), (7,5)
------------------------
Iteración 22
-----------
Abiertos = (8,4), (5,3), (1,8), (1,9), (1,9), (2,10), (1,5), (7,4), (2,10), (8,6), (5,9)
Cerrados = (3,8), (3,7), (4,7), (4,6), (5,6), (5,7), (3,9), (2,7), (3,6), (2,8), (5,5), (3,10), (3,5), (2,9), (1,7), (1,8), (5,4), (6,5), (5,8), (2,5), (7,5), (8,5)
------------------------
Iteración 23
-----------
Abiertos = (8,4), (5,2), (1,8), (1,9), (1,9), (2,10), (1,5), (7,4), (2,10), (8,6), (4,3), (5,9)
Cerrados = (3,8), (3,7), (4,7), (4,6), (5,6), (5,7), (3,9), (2,7), (3,6), (2,8), (5,5), (3,10), (3,5), (2,9), (1,7), (1,8), (5,4), (6,5), (5,8), (2,5), (7,5), (8,5), (5,3)
------------------------
Iteración 24
-----------
Abiertos = (8,4), (1,8), (1,9), (1,9), (2,10), (1,5), (6,2), (7,4), (2,10), (8,6), (4,2), (4,3), (5,9)
Cerrados = (3,8), (3,7), (4,7), (4,6), (5,6), (5,7), (3,9), (2,7), (3,6), (2,8), (5,5), (3,10), (3,5), (2,9), (1,7), (1,8), (5,4), (6,5), (5,8), (2,5), (7,5), (8,5), (5,3), (5,2)
------------------------
Iteración 25
-----------
Abiertos = (8,3), (1,8), (1,9), (1,9), (2,10), (1,5), (6,2), (7,4), (2,10), (8,6), (4,2), (4,3), (7,4), (5,9)
Cerrados = (3,8), (3,7), (4,7), (4,6), (5,6), (5,7), (3,9), (2,7), (3,6), (2,8), (5,5), (3,10), (3,5), (2,9), (1,7), (1,8), (5,4), (6,5), (5,8), (2,5), (7,5), (8,5), (5,3), (5,2), (8,4)
------------------------
Iteración 26
-----------
Abiertos = (8,2), (9,3), (1,9), (1,9), (2,10), (1,5), (6,2), (7,4), (2,10), (4,2), (8,6), (4,3), (7,3), (7,4), (5,9)
Cerrados = (3,8), (3,7), (4,7), (4,6), (5,6), (5,7), (3,9), (2,7), (3,6), (2,8), (5,5), (3,10), (3,5), (2,9), (1,7), (1,8), (5,4), (6,5), (5,8), (2,5), (7,5), (8,5), (5,3), (5,2), (8,4), (8,3)
------------------------
Iteración 27
-----------
Abiertos = (8,2), (1,9), (1,9), (2,10), (1,5), (10,3), (6,2), (7,4), (2,10), (4,2), (8,6), (4,3), (7,3), (7,4), (5,9)
Cerrados = (3,8), (3,7), (4,7), (4,6), (5,6), (5,7), (3,9), (2,7), (3,6), (2,8), (5,5), (3,10), (3,5), (2,9), (1,7), (1,8), (5,4), (6,5), (5,8), (2,5), (7,5), (8,5), (5,3), (5,2), (8,4), (8,3), (9,3)
------------------------
Iteración 28
-----------
Abiertos = (8,2), (1,9), (2,10), (1,5), (10,3), (6,2), (7,4), (2,10), (4,2), (8,6), (4,3), (1,10), (7,3), (7,4), (5,9)
Cerrados = (3,8), (3,7), (4,7), (4,6), (5,6), (5,7), (3,9), (2,7), (3,6), (2,8), (5,5), (3,10), (3,5), (2,9), (1,7), (1,8), (5,4), (6,5), (5,8), (2,5), (7,5), (8,5), (5,3), (5,2), (8,4), (8,3), (9,3), (1,9)
------------------------
Iteración 29
-----------
Abiertos = (2,10), (1,5), (10,3), (6,2), (7,4), (2,10), (8,1), (4,2), (8,6), (4,3), (1,10), (7,2), (7,3), (7,4), (5,9)
Cerrados = (3,8), (3,7), (4,7), (4,6), (5,6), (5,7), (3,9), (2,7), (3,6), (2,8), (5,5), (3,10), (3,5), (2,9), (1,7), (1,8), (5,4), (6,5), (5,8), (2,5), (7,5), (8,5), (5,3), (5,2), (8,4), (8,3), (9,3), (1,9), (8,2)
------------------------
Iteración 30
-----------
Abiertos = (2,10), (1,4), (10,3), (6,2), (7,4), (2,10), (8,1), (4,2), (8,6), (4,3), (1,10), (7,2), (7,3), (7,4), (5,9)
Cerrados = (3,8), (3,7), (4,7), (4,6), (5,6), (5,7), (3,9), (2,7), (3,6), (2,8), (5,5), (3,10), (3,5), (2,9), (1,7), (1,8), (5,4), (6,5), (5,8), (2,5), (7,5), (8,5), (5,3), (5,2), (8,4), (8,3), (9,3), (1,9), (8,2), (1,5)
------------------------
Iteración 31
-----------
Abiertos = (2,10), (1,3), (10,3), (6,2), (7,4), (2,10), (8,1), (4,2), (8,6), (4,3), (1,10), (7,2), (7,3), (7,4), (5,9)
Cerrados = (3,8), (3,7), (4,7), (4,6), (5,6), (5,7), (3,9), (2,7), (3,6), (2,8), (5,5), (3,10), (3,5), (2,9), (1,7), (1,8), (5,4), (6,5), (5,8), (2,5), (7,5), (8,5), (5,3), (5,2), (8,4), (8,3), (9,3), (1,9), (8,2), (1,5), (1,4)
------------------------
Iteración 32
-----------
Abiertos = (1,3), (10,3), (6,2), (7,4), (2,10), (8,1), (4,2), (8,6), (4,3), (1,10), (1,10), (7,2), (7,3), (7,4), (5,9)
Cerrados = (3,8), (3,7), (4,7), (4,6), (5,6), (5,7), (3,9), (2,7), (3,6), (2,8), (5,5), (3,10), (3,5), (2,9), (1,7), (1,8), (5,4), (6,5), (5,8), (2,5), (7,5), (8,5), (5,3), (5,2), (8,4), (8,3), (9,3), (1,9), (8,2), (1,5), (1,4), (2,10)
------------------------
Iteración 33
-----------
Abiertos = (1,2), (10,3), (6,2), (7,4), (2,10), (8,1), (4,2), (8,6), (4,3), (1,10), (1,10), (2,3), (7,2), (7,3), (7,4), (5,9)
Cerrados = (3,8), (3,7), (4,7), (4,6), (5,6), (5,7), (3,9), (2,7), (3,6), (2,8), (5,5), (3,10), (3,5), (2,9), (1,7), (1,8), (5,4), (6,5), (5,8), (2,5), (7,5), (8,5), (5,3), (5,2), (8,4), (8,3), (9,3), (1,9), (8,2), (1,5), (1,4), (2,10), (1,3)
------------------------
Iteración 34
-----------
Abiertos = (10,3), (6,2), (7,4), (2,10), (8,1), (4,2), (8,6), (4,3), (1,10), (1,10), (2,2), (2,3), (1,1), (7,2), (7,3), (7,4), (5,9)
Cerrados = (3,8), (3,7), (4,7), (4,6), (5,6), (5,7), (3,9), (2,7), (3,6), (2,8), (5,5), (3,10), (3,5), (2,9), (1,7), (1,8), (5,4), (6,5), (5,8), (2,5), (7,5), (8,5), (5,3), (5,2), (8,4), (8,3), (9,3), (1,9), (8,2), (1,5), (1,4), (2,10), (1,3), (1,2)
------------------------
Iteración 35
-----------
Abiertos = (10,3), (7,4), (2,10), (8,1), (4,2), (8,6), (4,3), (1,10), (1,10), (2,2), (2,3), (7,2), (1,1), (7,2), (7,3), (7,4), (5,9), (6,1)
Cerrados = (3,8), (3,7), (4,7), (4,6), (5,6), (5,7), (3,9), (2,7), (3,6), (2,8), (5,5), (3,10), (3,5), (2,9), (1,7), (1,8), (5,4), (6,5), (5,8), (2,5), (7,5), (8,5), (5,3), (5,2), (8,4), (8,3), (9,3), (1,9), (8,2), (1,5), (1,4), (2,10), (1,3), (1,2), (6,2)
------------------------
Iteración 36
-----------
Abiertos = (10,2), (7,4), (2,10), (8,1), (4,2), (8,6), (4,3), (1,10), (1,10), (2,2), (2,3), (7,2), (1,1), (11,3), (7,2), (7,3), (7,4), (5,9), (10,4), (6,1)
Cerrados = (3,8), (3,7), (4,7), (4,6), (5,6), (5,7), (3,9), (2,7), (3,6), (2,8), (5,5), (3,10), (3,5), (2,9), (1,7), (1,8), (5,4), (6,5), (5,8), (2,5), (7,5), (8,5), (5,3), (5,2), (8,4), (8,3), (9,3), (1,9), (8,2), (1,5), (1,4), (2,10), (1,3), (1,2), (6,2), (10,3)
------------------------
Iteración 37
-----------
Abiertos = (10,2), (2,10), (8,1), (4,2), (8,6), (4,3), (1,10), (1,10), (2,2), (2,3), (7,2), (7,3), (1,1), (11,3), (7,2), (7,3), (7,4), (5,9), (10,4), (6,1)
Cerrados = (3,8), (3,7), (4,7), (4,6), (5,6), (5,7), (3,9), (2,7), (3,6), (2,8), (5,5), (3,10), (3,5), (2,9), (1,7), (1,8), (5,4), (6,5), (5,8), (2,5), (7,5), (8,5), (5,3), (5,2), (8,4), (8,3), (9,3), (1,9), (8,2), (1,5), (1,4), (2,10), (1,3), (1,2), (6,2), (10,3), (7,4)
------------------------
Camino: (3,8) -> (3,7) -> (4,7) -> (4,6) -> (5,6) -> (5,5) -> (6,5) -> (7,5) -> (8,5) -> (8,4) -> (8,3) -> (9,3) -> (10,3) -> (10,2)
Coste: 44
Iteración 0
-----------
Abiertos = (3,8)
Cerrados = 
------------------------
Iteración 1
-----------
Abiertos = (3,7), (3,9), (2,8)
Cerrados = (3,8)
------------------------
Iteración 2
-----------
Abiertos = (3,7), (2,8), (3,10), (2,9)
Cerrados = (3,8), (3,9)
------------------------
Iteración 3
-----------
Abiertos = (4,7), (3,6), (2,7), (2,8), (3,10), (2,9)
Cerrados = (3,8), (3,9), (3,7)
------------------------
Iteración 4
-----------
Abiertos = (4,7), (4,6), (2,7), (2,8), (3,10), (3,5), (2,9)
Cerrados = (3,8), (3,9), (3,7), (3,6)
------------------------
Iteración 5
-----------
Abiertos = (4,6), (4,6), (5,7), (2,7), (2,8), (3,10), (3,5), (2,9)
Cerrados = (3,8), (3,9), (3,7), (3,6), (4,7)
------------------------
Iteración 6
-----------
Abiertos = (5,7), (4,6), (2,7), (2,8), (3,10), (5,6), (3,5), (2,9)
Cerrados = (3,8), (3,9), (3,7), (3,6), (4,7), (4,6)
------------------------
Iteración 7
-----------
Abiertos = (4,6), (2,7), (2,8), (3,10), (5,6), (5,6), (3,5), (2,9), (5,8)
Cerrados = (3,8), (3,9), (3,7), (3,6), (4,7), (4,6), (5,7)
------------------------
Iteración 8
-----------
Abiertos = (2,7), (2,7), (3,10), (5,6), (5,6), (3,5), (2,9), (1,8), (5,8), (2,9)
Cerrados = (3,8), (3,9), (3,7), (3,6), (4,7), (4,6), (5,7), (2,8)
------------------------
Iteración 9
-----------
Abiertos = (2,7), (3,10), (5,6), (5,6), (3,5), (1,7), (2,9), (1,8), (5,8), (2,9)
Cerrados = (3,8), (3,9), (3,7), (3,6), (4,7), (4,6), (5,7), (2,8), (2,7)
------------------------
Iteración 10
-----------
Abiertos = (2,7), (5,6), (5,6), (3,5), (1,7), (2,9), (1,8), (5,8), (2,9), (2,10)
Cerrados = (3,8), (3,9), (3,7), (3,6), (4,7), (4,6), (5,7), (2,8), (2,7), (3,10)
------------------------
Iteración 11
-----------
Abiertos = (2,7), (5,6), (3,5), (1,7), (2,9), (1,8), (5,5), (5,8), (2,9), (2,10)
Cerrados = (3,8), (3,9), (3,7), (3,6), (4,7), (4,6), (5,7), (2,8), (2,7), (3,10), (5,6)
------------------------
Iteración 12
-----------
Abiertos = (5,6), (1,7), (2,9), (1,8), (5,5), (5,8), (2,5), (2,9), (2,10)
Cerrados = (3,8), (3,9), (3,7), (3,6), (4,7), (4,6), (5,7), (2,8), (2,7), (3,10), (5,6), (3,5)
------------------------
Iteración 13
-----------
Abiertos = (5,6), (2,9), (1,8), (5,5), (5,8), (2,5), (2,9), (1,8), (2,10)
Cerrados = (3,8), (3,9), (3,7), (3,6), (4,7), (4,6), (5,7), (2,8), (2,7), (3,10), (5,6), (3,5), (1,7)
------------------------
Iteración 14
-----------
Abiertos = (2,9), (5,5), (5,8), (2,5), (2,9), (1,8), (1,9), (2,10)
Cerrados = (3,8), (3,9), (3,7), (3,6), (4,7), (4,6), (5,7), (2,8), (2,7), (3,10), (5,6), (3,5), (1,7), (1,8)
------------------------
Iteración 15
-----------
Abiertos = (2,9), (5,8), (2,5), (2,9), (6,5), (5,4), (1,8), (2,10), (1,9)
Cerrados = (3,8), (3,9), (3,7), (3,6), (4,7), (4,6), (5,7), (2,8), (2,7), (3,10), (5,6), (3,5), (1,7), (1,8), (5,5)
------------------------
Iteración 16
-----------
Abiertos = (2,5), (5,8), (2,9), (6,5), (5,4), (1,8), (2,10), (1,9), (1,9), (2,10)
Cerrados = (3,8), (3,9), (3,7), (3,6), (4,7), (4,6), (5,7), (2,8), (2,7), (3,10), (5,6), (3,5), (1,7), (1,8), (5,5), (2,9)
------------------------
Iteración 17
-----------
Abiertos = (5,8), (2,9), (6,5), (5,4), (1,8), (2,10), (1,9), (1,9), (1,5), (2,10)
Cerrados = (3,8), (3,9), (3,7), (3,6), (4,7), (4,6), (5,7), (2,8), (2,7), (3,10), (5,6), (3,5), (1,7), (1,8), (5,5), (2,9), (2,5)
------------------------
Iteración 18
-----------
Abiertos = (2,9), (6,5), (5,4), (1,8), (2,10), (1,9), (1,9), (1,5), (2,10), (5,9)
Cerrados = (3,8), (3,9), (3,7), (3,6), (4,7), (4,6), (5,7), (2,8), (2,7), (3,10), (5,6), (3,5), (1,7), (1,8), (5,5), (2,9), (2,5), (5,8)
------------------------
Iteración 19
-----------
Abiertos = (5,4), (1,8), (2,10), (1,9), (1,9), (1,5), (7,5), (2,10), (5,9)
Cerrados = (3,8), (3,9), (3,7), (3,6), (4,7), (4,6), (5,7), (2,8), (2,7), (3,10), (5,6), (3,5), (1,7), (1,8), (5,5), (2,9), (2,5), (5,8), (6,5)
------------------------
Iteración 20
-----------
Abiertos = (1,8), (1,9), (2,10), (1,9), (1,5), (7,5), (5,3), (2,10), (5,9)
Cerrados = (3,8), (3,9), (3,7), (3,6), (4,7), (4,6), (5,7), (2,8), (2,7), (3,10), (5,6), (3,5), (1,7), (1,8), (5,5), (2,9), (2,5), (5,8), (6,5), (5,4)
------------------------
Iteración 21
-----------
Abiertos = (1,9), (2,10), (1,5), (7,5), (5,3), (2,10), (1,10), (5,9)
Cerrados = (3,8), (3,9), (3,7), (3,6), (4,7), (4,6), (5,7), (2,8), (2,7), (3,10), (5,6), (3,5), (1,7), (1,8), (5,5), (2,9), (2,5), (5,8), (6,5), (5,4), (1,9)
------------------------
Iteración 22
-----------
Abiertos = (1,9), (1,5), (7,5), (5,3), (2,10), (1,10), (1,10), (5,9)
Cerrados = (3,8), (3,9), (3,7), (3,6), (4,7), (4,6), (5,7), (2,8), (2,7), (3,10), (5,6), (3,5), (1,7), (1,8), (5,5), (2,9), (2,5), (5,8), (6,5), (5,4), (1,9), (2,10)
------------------------
Iteración 23
-----------
Abiertos = (1,5), (8,5), (5,3), (2,10), (1,10), (1,10), (7,4), (5,9)
Cerrados = (3,8), (3,9), (3,7), (3,6), (4,7), (4,6), (5,7), (2,8), (2,7), (3,10), (5,6), (3,5), (1,7), (1,8), (5,5), (2,9), (2,5), (5,8), (6,5), (5,4), (1,9), (2,10), (7,5)
------------------------
Iteración 24
-----------
Abiertos = (1,4), (8,5), (5,3), (2,10), (1,10), (1,10), (7,4), (5,9)
Cerrados = (3,8), (3,9), (3,7), (3,6), (4,7), (4,6), (5,7), (2,8), (2,7), (3,10), (5,6), (3,5), (1,7), (1,8), (5,5), (2,9), (2,5), (5,8), (6,5), (5,4), (1,9), (2,10), (7,5), (1,5)
------------------------
Iteración 25
-----------
Abiertos = (1,3), (8,5), (5,3), (2,10), (1,10), (1,10), (7,4), (5,9)
Cerrados = (3,8), (3,9), (3,7), (3,6), (4,7), (4,6), (5,7), (2,8), (2,7), (3,10), (5,6), (3,5), (1,7), (1,8), (5,5), (2,9), (2,5), (5,8), (6,5), (5,4), (1,9), (2,10), (7,5), (1,5), (1,4)
------------------------
Iteración 26
-----------
Abiertos = (1,2), (8,5), (5,3), (2,10), (1,10), (1,10), (2,3), (7,4), (5,9)
Cerrados = (3,8), (3,9), (3,7), (3,6), (4,7), (4,6), (5,7), (2,8), (2,7), (3,10), (5,6), (3,5), (1,7), (1,8), (5,5), (2,9), (2,5), (5,8), (6,5), (5,4), (1,9), (2,10), (7,5), (1,5), (1,4), (1,3)
------------------------
Iteración 27
-----------
Abiertos = (1,2), (8,4), (5,3), (2,10), (1,10), (1,10), (2,3), (7,4), (8,6), (5,9)
Cerrados = (3,8), (3,9), (3,7), (3,6), (4,7), (4,6), (5,7), (2,8), (2,7), (3,10), (5,6), (3,5), (1,7), (1,8), (5,5), (2,9), (2,5), (5,8), (6,5), (5,4), (1,9), (2,10), (7,5), (1,5), (1,4), (1,3), (8,5)
------------------------
Iteración 28
-----------
Abiertos = (1,2), (8,3), (5,3), (2,10), (1,10), (1,10), (2,3), (7,4), (8,6), (5,9), (7,4)
Cerrados = (3,8), (3,9), (3,7), (3,6), (4,7), (4,6), (5,7), (2,8), (2,7), (3,10), (5,6), (3,5), (1,7), (1,8), (5,5), (2,9), (2,5), (5,8), (6,5), (5,4), (1,9), (2,10), (7,5), (1,5), (1,4), (1,3), (8,5), (8,4)
------------------------
Iteración 29
-----------
Abiertos = (1,2), (9,3), (8,2), (5,3), (2,10), (1,10), (1,10), (2,3), (7,4), (8,6), (5,9), (7,3), (7,4)
Cerrados = (3,8), (3,9), (3,7), (3,6), (4,7), (4,6), (5,7), (2,8), (2,7), (3,10), (5,6), (3,5), (1,7), (1,8), (5,5), (2,9), (2,5), (5,8), (6,5), (5,4), (1,9), (2,10), (7,5), (1,5), (1,4), (1,3), (8,5), (8,4), (8,3)
------------------------
Iteración 30
-----------
Abiertos = (1,2), (8,2), (5,3), (2,10), (1,10), (1,10), (2,3), (10,3), (7,4), (8,6), (5,9), (7,3), (7,4)
Cerrados = (3,8), (3,9), (3,7), (3,6), (4,7), (4,6), (5,7), (2,8), (2,7), (3,10), (5,6), (3,5), (1,7), (1,8), (5,5), (2,9), (2,5), (5,8), (6,5), (5,4), (1,9), (2,10), (7,5), (1,5), (1,4), (1,3), (8,5), (8,4), (8,3), (9,3)
------------------------
Iteración 31
-----------
Abiertos = (1,2), (5,3), (2,10), (1,10), (1,10), (2,3), (10,3), (7,4), (8,1), (8,6), (5,9), (7,2), (7,3), (7,4)
Cerrados = (3,8), (3,9), (3,7), (3,6), (4,7), (4,6), (5,7), (2,8), (2,7), (3,10), (5,6), (3,5), (1,7), (1,8), (5,5), (2,9), (2,5), (5,8), (6,5), (5,4), (1,9), (2,10), (7,5), (1,5), (1,4), (1,3), (8,5), (8,4), (8,3), (9,3), (8,2)
------------------------
Iteración 32
-----------
Abiertos = (5,3), (2,10), (1,10), (1,10), (2,2), (2,3), (10,3), (7,4), (1,1), (8,1), (8,6), (5,9), (7,2), (7,3), (7,4)
Cerrados = (3,8), (3,9), (3,7), (3,6), (4,7), (4,6), (5,7), (2,8), (2,7), (3,10), (5,6), (3,5), (1,7), (1,8), (5,5), (2,9), (2,5), (5,8), (6,5), (5,4), (1,9), (2,10), (7,5), (1,5), (1,4), (1,3), (8,5), (8,4), (8,3), (9,3), (8,2), (1,2)
------------------------
Iteración 33
-----------
Abiertos = (5,2), (1,10), (1,10), (2,2), (2,3), (10,3), (7,4), (1,1), (8,1), (8,6), (4,3), (5,9), (7,2), (7,3), (7,4)
Cerrados = (3,8), (3,9), (3,7), (3,6), (4,7), (4,6), (5,7), (2,8), (2,7), (3,10), (5,6), (3,5), (1,7), (1,8), (5,5), (2,9), (2,5), (5,8), (6,5), (5,4), (1,9), (2,10), (7,5), (1,5), (1,4), (1,3), (8,5), (8,4), (8,3), (9,3), (8,2), (1,2), (5,3)
------------------------
Iteración 34
-----------
Abiertos = (5,2), (1,10), (2,2), (2,3), (10,3), (7,4), (1,1), (8,1), (8,6), (4,3), (5,9), (7,2), (7,3), (7,4)
Cerrados = (3,8), (3,9), (3,7), (3,6), (4,7), (4,6), (5,7), (2,8), (2,7), (3,10), (5,6), (3,5), (1,7), (1,8), (5,5), (2,9), (2,5), (5,8), (6,5), (5,4), (1,9), (2,10), (7,5), (1,5), (1,4), (1,3), (8,5), (8,4), (8,3), (9,3), (8,2), (1,2), (5,3), (1,10)
------------------------
Iteración 35
-----------
Abiertos = (1,10), (2,2), (2,3), (10,3), (6,2), (7,4), (1,1), (8,1), (4,2), (8,6), (4,3), (5,9), (7,2), (7,3), (7,4)
Cerrados = (3,8), (3,9), (3,7), (3,6), (4,7), (4,6), (5,7), (2,8), (2,7), (3,10), (5,6), (3,5), (1,7), (1,8), (5,5), (2,9), (2,5), (5,8), (6,5), (5,4), (1,9), (2,10), (7,5), (1,5), (1,4), (1,3), (8,5), (8,4), (8,3), (9,3), (8,2), (1,2), (5,3), (1,10), (5,2)
------------------------
Iteración 36
-----------
Abiertos = (2,3), (10,3), (6,2), (7,4), (1,1), (8,1), (4,2), (8,6), (4,3), (5,9), (2,1), (7,2), (7,3), (7,4), (2,3)
Cerrados = (3,8), (3,9), (3,7), (3,6), (4,7), (4,6), (5,7), (2,8), (2,7), (3,10), (5,6), (3,5), (1,7), (1,8), (5,5), (2,9), (2,5), (5,8), (6,5), (5,4), (1,9), (2,10), (7,5), (1,5), (1,4), (1,3), (8,5), (8,4), (8,3), (9,3), (8,2), (1,2), (5,3), (1,10), (5,2), (2,2)
------------------------
Iteración 37
-----------
Abiertos = (2,3), (10,2), (6,2), (7,4), (1,1), (8,1), (4,2), (8,6), (4,3), (5,9), (2,1), (11,3), (7,2), (7,3), (7,4), (2,3), (10,4)
Cerrados = (3,8), (3,9), (3,7), (3,6), (4,7), (4,6), (5,7), (2,8), (2,7), (3,10), (5,6), (3,5), (1,7), (1,8), (5,5), (2,9), (2,5), (5,8), (6,5), (5,4), (1,9), (2,10), (7,5), (1,5), (1,4), (1,3), (8,5), (8,4), (8,3), (9,3), (8,2), (1,2), (5,3), (1,10), (5,2), (2,2), (10,3)
------------------------
Iteración 38
-----------
Abiertos = (10,2), (6,2), (7,4), (1,1), (8,1), (4,2), (8,6), (4,3), (3,3), (5,9), (2,1), (11,3), (7,2), (7,3), (7,4), (2,3), (10,4)
Cerrados = (3,8), (3,9), (3,7), (3,6), (4,7), (4,6), (5,7), (2,8), (2,7), (3,10), (5,6), (3,5), (1,7), (1,8), (5,5), (2,9), (2,5), (5,8), (6,5), (5,4), (1,9), (2,10), (7,5), (1,5), (1,4), (1,3), (8,5), (8,4), (8,3), (9,3), (8,2), (1,2), (5,3), (1,10), (5,2), (2,2), (10,3), (2,3)
------------------------
Iteración 39
-----------
Abiertos = (10,2), (7,4), (1,1), (8,1), (4,2), (8,6), (4,3), (3,3), (5,9), (7,2), (2,1), (11,3), (7,2), (7,3), (7,4), (2,3), (10,4), (6,1)
Cerrados = (3,8), (3,9), (3,7), (3,6), (4,7), (4,6), (5,7), (2,8), (2,7), (3,10), (5,6), (3,5), (1,7), (1,8), (5,5), (2,9), (2,5), (5,8), (6,5), (5,4), (1,9), (2,10), (7,5), (1,5), (1,4), (1,3), (8,5), (8,4), (8,3), (9,3), (8,2), (1,2), (5,3), (1,10), (5,2), (2,2), (10,3), (2,3), (6,2)
------------------------
Iteración 40
-----------
Abiertos = (10,2), (1,1), (8,1), (4,2), (8,6), (4,3), (3,3), (5,9), (7,2), (7,3), (2,1), (11,3), (7,2), (7,3), (7,4), (2,3), (10,4), (6,1)
Cerrados = (3,8), (3,9), (3,7), (3,6), (4,7), (4,6), (5,7), (2,8), (2,7), (3,10), (5,6), (3,5), (1,7), (1,8), (5,5), (2,9), (2,5), (5,8), (6,5), (5,4), (1,9), (2,10), (7,5), (1,5), (1,4), (1,3), (8,5), (8,4), (8,3), (9,3), (8,2), (1,2), (5,3), (1,10), (5,2), (2,2), (10,3), (2,3), (6,2), (7,4)
------------------------
Camino: (3,8) -> (3,7) -> (3,6) -> (4,6) -> (5,6) -> (5,5) -> (6,5) -> (7,5) -> (8,5) -> (8,4) -> (8,3) -> (9,3) -> (10,3) -> (10,2)
Coste: 47
Iteración 0
-----------
Abiertos = (3,8)
Cerrados = 
------------------------
Iteración 1
-----------
Abiertos = (3,7), (3,9), (2,8)
Cerrados = (3,8)
------------------------
Iteración 2
-----------
Abiertos = (4,7), (3,9), (3,6), (2,7), (2,8)
Cerrados = (3,8), (3,7)
------------------------
Iteración 3
-----------
Abiertos = (4,6), (3,9), (5,7), (3,6), (2,7), (2,8)
Cerrados = (3,8), (3,7), (4,7)
------------------------
Iteración 4
-----------
Abiertos = (3,9), (5,6), (5,7), (3,6), (2,7), (2,8), (3,6)
Cerrados = (3,8), (3,7), (4,7), (4,6)
------------------------
Iteración 5
-----------
Abiertos = (3,9), (5,7), (3,6), (2,7), (2,8), (5,5), (3,6), (5,7)
Cerrados = (3,8), (3,7), (4,7), (4,6), (5,6)
------------------------
Iteración 6
-----------
Abiertos = (3,9), (3,6), (2,7), (2,8), (5,5), (3,6), (5,7), (5,8)
Cerrados = (3,8), (3,7), (4,7), (4,6), (5,6), (5,7)
------------------------
Iteración 7
-----------
Abiertos = (3,6), (2,7), (2,8), (3,10), (5,5), (3,6), (2,9), (5,7), (5,8)
Cerrados = (3,8), (3,7), (4,7), (4,6), (5,6), (5,7), (3,9)
------------------------
Iteración 8
-----------
Abiertos = (3,6), (2,8), (3,10), (5,5), (3,6), (1,7), (2,9), (5,7), (5,8), (2,8)
Cerrados = (3,8), (3,7), (4,7), (4,6), (5,6), (5,7), (3,9), (2,7)
------------------------
Iteración 9
-----------
Abiertos = (2,8), (3,10), (5,5), (3,5), (3,6), (1,7), (2,9), (5,7), (5,8), (2,8)
Cerrados = (3,8), (3,7), (4,7), (4,6), (5,6), (5,7), (3,9), (2,7), (3,6)
------------------------
Iteración 10
-----------
Abiertos = (3,10), (5,5), (3,5), (3,6), (1,7), (2,9), (1,8), (5,7), (5,8), (2,8), (2,9)
Cerrados = (3,8), (3,7), (4,7), (4,6), (5,6), (5,7), (3,9), (2,7), (3,6), (2,8)
------------------------
Iteración 11
-----------
Abiertos = (5,5), (3,5), (3,6), (1,7), (2,9), (1,8), (5,7), (5,8), (2,8), (2,9), (2,10)
Cerrados = (3,8), (3,7), (4,7), (4,6), (5,6), (5,7), (3,9), (2,7), (3,6), (2,8), (3,10)
------------------------
Iteración 12
-----------
Abiertos = (5,5), (3,6), (1,7), (2,9), (1,8), (5,7), (5,8), (2,5), (2,8), (2,9), (2,10)
Cerrados = (3,8), (3,7), (4,7), (4,6), (5,6), (5,7), (3,9), (2,7), (3,6), (2,8), (3,10), (3,5)
------------------------
Iteración 13
-----------
Abiertos = (3,6), (1,7), (2,9), (1,8), (6,5), (5,4), (5,7), (5,8), (2,5), (2,8), (2,9), (2,10)
Cerrados = (3,8), (3,7), (4,7), (4,6), (5,6), (5,7), (3,9), (2,7), (3,6), (2,8), (3,10), (3,5), (5,5)
------------------------
Iteración 14
-----------
Abiertos = (1,7), (1,8), (6,5), (5,4), (5,7), (5,8), (2,5), (2,8), (2,9), (1,9), (2,10), (2,10)
Cerrados = (3,8), (3,7), (4,7), (4,6), (5,6), (5,7), (3,9), (2,7), (3,6), (2,8), (3,10), (3,5), (5,5), (2,9)
------------------------
Iteración 15
-----------
Abiertos = (1,8), (6,5), (5,4), (5,7), (5,8), (2,5), (2,8), (2,9), (1,8), (1,9), (2,10), (2,10)
Cerrados = (3,8), (3,7), (4,7), (4,6), (5,6), (5,7), (3,9), (2,7), (3,6), (2,8), (3,10), (3,5), (5,5), (2,9), (1,7)
------------------------
Iteración 16
-----------
Abiertos = (5,4), (6,5), (5,7), (5,8), (2,5), (2,8), (2,9), (1,8), (1,9), (2,10), (1,9), (2,10)
Cerrados = (3,8), (3,7), (4,7), (4,6), (5,6), (5,7), (3,9), (2,7), (3,6), (2,8), (3,10), (3,5), (5,5), (2,9), (1,7), (1,8)
------------------------
Iteración 17
-----------
Abiertos = (5,4), (5,7), (5,8), (2,5), (2,8), (2,9), (7,5), (1,8), (1,9), (2,10), (1,9), (2,10)
Cerrados = (3,8), (3,7), (4,7), (4,6), (5,6), (5,7), (3,9), (2,7), (3,6), (2,8), (3,10), (3,5), (5,5), (2,9), (1,7), (1,8), (6,5)
------------------------
Iteración 18
-----------
Abiertos = (5,7), (5,8), (2,5), (2,8), (2,9), (7,5), (5,3), (1,8), (2,10), (1,9), (1,9), (2,10)
Cerrados = (3,8), (3,7), (4,7), (4,6), (5,6), (5,7), (3,9), (2,7), (3,6), (2,8), (3,10), (3,5), (5,5), (2,9), (1,7), (1,8), (6,5), (5,4)
------------------------
Iteración 19
-----------
Abiertos = (5,7), (2,5), (2,8), (2,9), (7,5), (5,3), (1,8), (1,9), (1,9), (2,10), (2,10), (5,9)
Cerrados = (3,8), (3,7), (4,7), (4,6), (5,6), (5,7), (3,9), (2,7), (3,6), (2,8), (3,10), (3,5), (5,5), (2,9), (1,7), (1,8), (6,5), (5,4), (5,8)
------------------------
Iteración 20
-----------
Abiertos = (2,5), (5,2), (7,5), (1,8), (1,9), (1,9), (2,10), (2,10), (4,3), (5,9)
Cerrados = (3,8), (3,7), (4,7), (4,6), (5,6), (5,7), (3,9), (2,7), (3,6), (2,8), (3,10), (3,5), (5,5), (2,9), (1,7), (1,8), (6,5), (5,4), (5,8), (5,3)
------------------------
Iteración 21
-----------
Abiertos = (5,2), (7,5), (1,8), (1,9), (1,9), (2,10), (1,5), (2,10), (4,3), (5,9)
Cerrados = (3,8), (3,7), (4,7), (4,6), (5,6), (5,7), (3,9), (2,7), (3,6), (2,8), (3,10), (3,5), (5,5), (2,9), (1,7), (1,8), (6,5), (5,4), (5,8), (5,3), (2,5)
------------------------
Iteración 22
-----------
Abiertos = (5,2), (8,5), (1,8), (1,9), (1,9), (2,10), (1,5), (7,4), (2,10), (4,3), (5,9)
Cerrados = (3,8), (3,7), (4,7), (4,6), (5,6), (5,7), (3,9), (2,7), (3,6), (2,8), (3,10), (3,5), (5,5), (2,9), (1,7), (1,8), (6,5), (5,4), (5,8), (5,3), (2,5), (7,5)
------------------------
Iteración 23
-----------
Abiertos = (8,5), (1,8), (1,9), (1,9), (2,10), (1,5), (6,2), (7,4), (2,10), (4,2), (4,3), (5,9)
Cerrados = (3,8), (3,7), (4,7), (4,6), (5,6), (5,7), (3,9), (2,7), (3,6), (2,8), (3,10), (3,5), (5,5), (2,9), (1,7), (1,8), (6,5), (5,4), (5,8), (5,3), (2,5), (7,5), (5,2)
------------------------
Iteración 24
-----------
Abiertos = (8,4), (1,9), (2,10), (1,9), (1,5), (6,2), (7,4), (2,10), (4,2), (8,6), (4,3), (5,9)
Cerrados = (3,8), (3,7), (4,7), (4,6), (5,6), (5,7), (3,9), (2,7), (3,6), (2,8), (3,10), (3,5), (5,5), (2,9), (1,7), (1,8), (6,5), (5,4), (5,8), (5,3), (2,5), (7,5), (5,2), (8,5)
------------------------
Iteración 25
-----------
Abiertos = (8,4), (2,10), (1,9), (1,5), (6,2), (7,4), (2,10), (4,2), (8,6), (4,3), (1,10), (5,9)
Cerrados = (3,8), (3,7), (4,7), (4,6), (5,6), (5,7), (3,9), (2,7), (3,6), (2,8), (3,10), (3,5), (5,5), (2,9), (1,7), (1,8), (6,5), (5,4), (5,8), (5,3), (2,5), (7,5), (5,2), (8,5), (1,9)
------------------------
Iteración 26
-----------
Abiertos = (8,4), (1,9), (1,5), (6,2), (7,4), (2,10), (4,2), (8,6), (4,3), (1,10), (1,10), (5,9)
Cerrados = (3,8), (3,7), (4,7), (4,6), (5,6), (5,7), (3,9), (2,7), (3,6), (2,8), (3,10), (3,5), (5,5), (2,9), (1,7), (1,8), (6,5), (5,4), (5,8), (5,3), (2,5), (7,5), (5,2), (8,5), (1,9), (2,10)
------------------------
Iteración 27
-----------
Abiertos = (8,3), (1,5), (6,2), (7,4), (2,10), (4,2), (8,6), (4,3), (1,10), (1,10), (7,4), (5,9)
Cerrados = (3,8), (3,7), (4,7), (4,6), (5,6), (5,7), (3,9), (2,7), (3,6), (2,8), (3,10), (3,5), (5,5), (2,9), (1,7), (1,8), (6,5), (5,4), (5,8), (5,3), (2,5), (7,5), (5,2), (8,5), (1,9), (2,10), (8,4)
------------------------
Iteración 28
-----------
Abiertos = (8,2), (9,3), (1,5), (6,2), (7,4), (2,10), (4,2), (8,6), (4,3), (1,10), (1,10), (7,3), (7,4), (5,9)
Cerrados = (3,8), (3,7), (4,7), (4,6), (5,6), (5,7), (3,9), (2,7), (3,6), (2,8), (3,10), (3,5), (5,5), (2,9), (1,7), (1,8), (6,5), (5,4), (5,8), (5,3), (2,5), (7,5), (5,2), (8,5), (1,9), (2,10), (8,4), (8,3)
------------------------
Iteración 29
-----------
Abiertos = (9,3), (1,5), (6,2), (7,4), (2,10), (8,1), (4,2), (8,6), (4,3), (1,10), (1,10), (7,2), (7,3), (7,4), (5,9)
Cerrados = (3,8), (3,7), (4,7), (4,6), (5,6), (5,7), (3,9), (2,7), (3,6), (2,8), (3,10), (3,5), (5,5), (2,9), (1,7), (1,8), (6,5), (5,4), (5,8), (5,3), (2,5), (7,5), (5,2), (8,5), (1,9), (2,10), (8,4), (8,3), (8,2)
------------------------
Iteración 30
-----------
Abiertos = (9,3), (1,4), (6,2), (7,4), (2,10), (8,1), (4,2), (8,6), (4,3), (1,10), (1,10), (7,2), (7,3), (7,4), (5,9)
Cerrados = (3,8), (3,7), (4,7), (4,6), (5,6), (5,7), (3,9), (2,7), (3,6), (2,8), (3,10), (3,5), (5,5), (2,9), (1,7), (1,8), (6,5), (5,4), (5,8), (5,3), (2,5), (7,5), (5,2), (8,5), (1,9), (2,10), (8,4), (8,3), (8,2), (1,5)
------------------------
Iteración 31
-----------
Abiertos = (1,4), (10,3), (6,2), (7,4), (2,10), (8,1), (4,2), (8,6), (4,3), (1,10), (1,10), (7,2), (7,3), (7,4), (5,9)
Cerrados = (3,8), (3,7), (4,7), (4,6), (5,6), (5,7), (3,9), (2,7), (3,6), (2,8), (3,10), (3,5), (5,5), (2,9), (1,7), (1,8), (6,5), (5,4), (5,8), (5,3), (2,5), (7,5), (5,2), (8,5), (1,9), (2,10), (8,4), (8,3), (8,2), (1,5), (9,3)
------------------------
Iteración 32
-----------
Abiertos = (1,4), (10,2), (6,2), (7,4), (2,10), (8,1), (4,2), (8,6), (4,3), (1,10), (1,10), (11,3), (7,2), (7,3), (7,4), (5,9), (10,4)
Cerrados = (3,8), (3,7), (4,7), (4,6), (5,6), (5,7), (3,9), (2,7), (3,6), (2,8), (3,10), (3,5), (5,5), (2,9), (1,7), (1,8), (6,5), (5,4), (5,8), (5,3), (2,5), (7,5), (5,2), (8,5), (1,9), (2,10), (8,4), (8,3), (8,2), (1,5), (9,3), (10,3)
------------------------
Iteración 33
-----------
Abiertos = (1,3), (10,2), (6,2), (7,4), (2,10), (8,1), (4,2), (8,6), (4,3), (1,10), (1,10), (11,3), (7,2), (7,3), (7,4), (5,9), (10,4)
Cerrados = (3,8), (3,7), (4,7), (4,6), (5,6), (5,7), (3,9), (2,7), (3,6), (2,8), (3,10), (3,5), (5,5), (2,9), (1,7), (1,8), (6,5), (5,4), (5,8), (5,3), (2,5), (7,5), (5,2), (8,5), (1,9), (2,10), (8,4), (8,3), (8,2), (1,5), (9,3), (10,3), (1,4)
------------------------
Iteración 34
-----------
Abiertos = (1,2), (10,2), (6,2), (7,4), (2,10), (8,1), (4,2), (8,6), (4,3), (1,10), (1,10), (2,3), (11,3), (7,2), (7,3), (7,4), (5,9), (10,4)
Cerrados = (3,8), (3,7), (4,7), (4,6), (5,6), (5,7), (3,9), (2,7), (3,6), (2,8), (3,10), (3,5), (5,5), (2,9), (1,7), (1,8), (6,5), (5,4), (5,8), (5,3), (2,5), (7,5), (5,2), (8,5), (1,9), (2,10), (8,4), (8,3), (8,2), (1,5), (9,3), (10,3), (1,4), (1,3)
------------------------
Iteración 35
-----------
Abiertos = (10,2), (6,2), (7,4), (2,10), (8,1), (4,2), (8,6), (4,3), (1,10), (1,10), (2,2), (2,3), (1,1), (11,3), (7,2), (7,3), (7,4), (5,9), (10,4)
Cerrados = (3,8), (3,7), (4,7), (4,6), (5,6), (5,7), (3,9), (2,7), (3,6), (2,8), (3,10), (3,5), (5,5), (2,9), (1,7), (1,8), (6,5), (5,4), (5,8), (5,3), (2,5), (7,5), (5,2), (8,5), (1,9), (2,10), (8,4), (8,3), (8,2), (1,5), (9,3), (10,3), (1,4), (1,3), (1,2)
------------------------
Iteración 36
-----------
Abiertos = (10,2), (7,4), (2,10), (8,1), (4,2), (8,6), (4,3), (1,10), (1,10), (2,2), (2,3), (7,2), (1,1), (11,3), (7,2), (7,3), (7,4), (5,9), (10,4), (6,1)
Cerrados = (3,8), (3,7), (4,7), (4,6), (5,6), (5,7), (3,9), (2,7), (3,6), (2,8), (3,10), (3,5), (5,5), (2,9), (1,7), (1,8), (6,5), (5,4), (5,8), (5,3), (2,5), (7,5), (5,2), (8,5), (1,9), (2,10), (8,4), (8,3), (8,2), (1,5), (9,3), (10,3), (1,4), (1,3), (1,2), (6,2)
------------------------
Camino: (3,8) -> (3,7) -> (4,7) -> (4,6) -> (5,6) -> (5,5) -> (6,5) -> (7,5) -> (8,5) -> (8,4) -> (8,3) -> (9,3) -> (10,3) -> (10,2)
Coste: 44
Iteración 0
-----------
Abiertos = (3,8)
Cerrados = 
------------------------
Iteración 1
-----------
Abiertos = (3,7), (3,9), (2,8)
Cerrados = (3,8)
------------------------
Iteración 2
-----------
Abiertos = (4,7), (3,9), (3,6), (2,7), (2,8)
Cerrados = (3,8), (3,7)
------------------------
Iteración 3
-----------
Abiertos = (4,7), (3,6), (2,7), (2,8), (3,10), (2,9)
Cerrados = (3,8), (3,7), (3,9)
------------------------
Iteración 4
-----------
Abiertos = (4,7), (4,6), (2,7), (2,8), (3,10), (3,5), (2,9)
Cerrados = (3,8), (3,7), (3,9), (3,6)
------------------------
Iteración 5
-----------
Abiertos = (4,7), (2,7), (2,8), (3,10), (5,6), (3,5), (4,7), (2,9)
Cerrados = (3,8), (3,7), (3,9), (3,6), (4,6)
------------------------
Iteración 6
-----------
Abiertos = (4,7), (2,8), (3,10), (5,6), (3,5), (4,7), (1,7), (2,9), (2,8)
Cerrados = (3,8), (3,7), (3,9), (3,6), (4,6), (2,7)
------------------------
Iteración 7
-----------
Abiertos = (4,7), (3,10), (5,6), (3,5), (4,7), (1,7), (2,9), (1,8), (2,8), (2,9)
Cerrados = (3,8), (3,7), (3,9), (3,6), (4,6), (2,7), (2,8)
------------------------
Iteración 8
-----------
Abiertos = (4,7), (5,6), (3,5), (4,7), (1,7), (2,9), (1,8), (2,8), (2,9), (2,10)
Cerrados = (3,8), (3,7), (3,9), (3,6), (4,6), (2,7), (2,8), (3,10)
------------------------
Iteración 9
-----------
Abiertos = (4,7), (3,5), (4,7), (1,7), (2,9), (1,8), (5,5), (2,8), (2,9), (2,10), (5,7)
Cerrados = (3,8), (3,7), (3,9), (3,6), (4,6), (2,7), (2,8), (3,10), (5,6)
------------------------
Iteración 10
-----------
Abiertos = (5,7), (3,5), (4,7), (1,7), (2,9), (1,8), (5,5), (2,8), (2,9), (2,10), (5,7)
Cerrados = (3,8), (3,7), (3,9), (3,6), (4,6), (2,7), (2,8), (3,10), (5,6), (4,7)
------------------------
Iteración 11
-----------
Abiertos = (3,5), (4,7), (1,7), (2,9), (1,8), (5,5), (2,8), (2,9), (2,10), (5,7), (5,8)
Cerrados = (3,8), (3,7), (3,9), (3,6), (4,6), (2,7), (2,8), (3,10), (5,6), (4,7), (5,7)
------------------------
Iteración 12
-----------
Abiertos = (1,7), (2,9), (1,8), (5,5), (2,5), (2,8), (2,9), (2,10), (5,7), (5,8)
Cerrados = (3,8), (3,7), (3,9), (3,6), (4,6), (2,7), (2,8), (3,10), (5,6), (4,7), (5,7), (3,5)
------------------------
Iteración 13
-----------
Abiertos = (1,8), (2,9), (5,5), (2,5), (2,8), (2,9), (1,8), (2,10), (5,7), (5,8)
Cerrados = (3,8), (3,7), (3,9), (3,6), (4,6), (2,7), (2,8), (3,10), (5,6), (4,7), (5,7), (3,5), (1,7)
------------------------
Iteración 14
-----------
Abiertos = (2,9), (5,5), (2,5), (2,8), (2,9), (1,8), (1,9), (2,10), (5,7), (5,8)
Cerrados = (3,8), (3,7), (3,9), (3,6), (4,6), (2,7), (2,8), (3,10), (5,6), (4,7), (5,7), (3,5), (1,7), (1,8)
------------------------
Iteración 15
-----------
Abiertos = (5,5), (2,5), (2,8), (2,9), (1,8), (1,9), (2,10), (1,9), (5,7), (2,10), (5,8)
Cerrados = (3,8), (3,7), (3,9), (3,6), (4,6), (2,7), (2,8), (3,10), (5,6), (4,7), (5,7), (3,5), (1,7), (1,8), (2,9)
------------------------
Iteración 16
-----------
Abiertos = (2,5), (2,8), (2,9), (6,5), (5,4), (1,8), (1,9), (1,9), (2,10), (5,7), (2,10), (5,8)
Cerrados = (3,8), (3,7), (3,9), (3,6), (4,6), (2,7), (2,8), (3,10), (5,6), (4,7), (5,7), (3,5), (1,7), (1,8), (2,9), (5,5)
------------------------
Iteración 17
-----------
Abiertos = (2,8), (2,9), (6,5), (5,4), (1,8), (1,9), (1,9), (2,10), (5,7), (1,5), (2,10), (5,8)
Cerrados = (3,8), (3,7), (3,9), (3,6), (4,6), (2,7), (2,8), (3,10), (5,6), (4,7), (5,7), (3,5), (1,7), (1,8), (2,9), (5,5), (2,5)
------------------------
Iteración 18
-----------
Abiertos = (2,8), (5,4), (1,8), (1,9), (1,9), (2,10), (5,7), (1,5), (7,5), (2,10), (5,8)
Cerrados = (3,8), (3,7), (3,9), (3,6), (4,6), (2,7), (2,8), (3,10), (5,6), (4,7), (5,7), (3,5), (1,7), (1,8), (2,9), (5,5), (2,5), (6,5)
------------------------
Iteración 19
-----------
Abiertos = (2,8), (1,8), (1,9), (1,9), (2,10), (5,7), (1,5), (7,5), (5,3), (2,10), (5,8)
Cerrados = (3,8), (3,7), (3,9), (3,6), (4,6), (2,7), (2,8), (3,10), (5,6), (4,7), (5,7), (3,5), (1,7), (1,8), (2,9), (5,5), (2,5), (6,5), (5,4)
------------------------
Iteración 20
-----------
Abiertos = (2,8), (1,9), (2,10), (5,7), (1,5), (7,5), (5,3), (2,10), (1,10), (5,8)
Cerrados = (3,8), (3,7), (3,9), (3,6), (4,6), (2,7), (2,8), (3,10), (5,6), (4,7), (5,7), (3,5), (1,7), (1,8), (2,9), (5,5), (2,5), (6,5), (5,4), (1,9)
------------------------
Iteración 21
-----------
Abiertos = (2,8), (5,7), (1,5), (7,5), (5,3), (2,10), (1,10), (1,10), (5,8)
Cerrados = (3,8), (3,7), (3,9), (3,6), (4,6), (2,7), (2,8), (3,10), (5,6), (4,7), (5,7), (3,5), (1,7), (1,8), (2,9), (5,5), (2,5), (6,5), (5,4), (1,9), (2,10)
------------------------
Iteración 22
-----------
Abiertos = (2,8), (1,4), (7,5), (5,3), (2,10), (1,10), (1,10), (5,8)
Cerrados = (3,8), (3,7), (3,9), (3,6), (4,6), (2,7), (2,8), (3,10), (5,6), (4,7), (5,7), (3,5), (1,7), (1,8), (2,9), (5,5), (2,5), (6,5), (5,4), (1,9), (2,10), (1,5)
------------------------
Iteración 23
-----------
Abiertos = (1,3), (5,3), (7,5), (2,10), (1,10), (1,10), (5,8)
Cerrados = (3,8), (3,7), (3,9), (3,6), (4,6), (2,7), (2,8), (3,10), (5,6), (4,7), (5,7), (3,5), (1,7), (1,8), (2,9), (5,5), (2,5), (6,5), (5,4), (1,9), (2,10), (1,5), (1,4)
------------------------
Iteración 24
-----------
Abiertos = (1,3), (5,2), (7,5), (2,10), (1,10), (1,10), (4,3), (5,8)
Cerrados = (3,8), (3,7), (3,9), (3,6), (4,6), (2,7), (2,8), (3,10), (5,6), (4,7), (5,7), (3,5), (1,7), (1,8), (2,9), (5,5), (2,5), (6,5), (5,4), (1,9), (2,10), (1,5), (1,4), (5,3)
------------------------
Iteración 25
-----------
Abiertos = (1,3), (7,5), (2,10), (1,10), (1,10), (6,2), (4,2), (4,3), (5,8)
Cerrados = (3,8), (3,7), (3,9), (3,6), (4,6), (2,7), (2,8), (3,10), (5,6), (4,7), (5,7), (3,5), (1,7), (1,8), (2,9), (5,5), (2,5), (6,5), (5,4), (1,9), (2,10), (1,5), (1,4), (5,3), (5,2)
------------------------
Iteración 26
-----------
Abiertos = (1,3), (8,5), (2,10), (1,10), (1,10), (6,2), (7,4), (4,2), (4,3), (5,8)
Cerrados = (3,8), (3,7), (3,9), (3,6), (4,6), (2,7), (2,8), (3,10), (5,6), (4,7), (5,7), (3,5), (1,7), (1,8), (2,9), (5,5), (2,5), (6,5), (5,4), (1,9), (2,10), (1,5), (1,4), (5,3), (5,2), (7,5)
------------------------
Iteración 27
-----------
Abiertos = (1,3), (8,4), (2,10), (1,10), (1,10), (6,2), (7,4), (4,2), (8,6), (4,3), (5,8)
Cerrados = (3,8), (3,7), (3,9), (3,6), (4,6), (2,7), (2,8), (3,10), (5,6), (4,7), (5,7), (3,5), (1,7), (1,8), (2,9), (5,5), (2,5), (6,5), (5,4), (1,9), (2,10), (1,5), (1,4), (5,3), (5,2), (7,5), (8,5)
------------------------
Iteración 28
-----------
Abiertos = (1,2), (8,4), (2,10), (1,10), (1,10), (2,3), (6,2), (7,4), (4,2), (8,6), (4,3), (5,8)
Cerrados = (3,8), (3,7), (3,9), (3,6), (4,6), (2,7), (2,8), (3,10), (5,6), (4,7), (5,7), (3,5), (1,7), (1,8), (2,9), (5,5), (2,5), (6,5), (5,4), (1,9), (2,10), (1,5), (1,4), (5,3), (5,2), (7,5), (8,5), (1,3)
------------------------
Iteración 29
-----------
Abiertos = (8,4), (2,10), (1,10), (1,10), (2,2), (2,3), (6,2), (7,4), (1,1), (8,6), (4,2), (4,3), (5,8)
Cerrados = (3,8), (3,7), (3,9), (3,6), (4,6), (2,7), (2,8), (3,10), (5,6), (4,7), (5,7), (3,5), (1,7), (1,8), (2,9), (5,5), (2,5), (6,5), (5,4), (1,9), (2,10), (1,5), (1,4), (5,3), (5,2), (7,5), (8,5), (1,3), (1,2)
------------------------
Iteración 30
-----------
Abiertos = (8,3), (1,10), (1,10), (2,2), (2,3), (6,2), (7,4), (1,1), (8,6), (4,2), (4,3), (5,8), (7,4)
Cerrados = (3,8), (3,7), (3,9), (3,6), (4,6), (2,7), (2,8), (3,10), (5,6), (4,7), (5,7), (3,5), (1,7), (1,8), (2,9), (5,5), (2,5), (6,5), (5,4), (1,9), (2,10), (1,5), (1,4), (5,3), (5,2), (7,5), (8,5), (1,3), (1,2), (8,4)
------------------------
Iteración 31
-----------
Abiertos = (8,2), (9,3), (1,10), (1,10), (2,2), (2,3), (6,2), (7,4), (1,1), (4,2), (8,6), (4,3), (5,8), (7,3), (7,4)
Cerrados = (3,8), (3,7), (3,9), (3,6), (4,6), (2,7), (2,8), (3,10), (5,6), (4,7), (5,7), (3,5), (1,7), (1,8), (2,9), (5,5), (2,5), (6,5), (5,4), (1,9), (2,10), (1,5), (1,4), (5,3), (5,2), (7,5), (8,5), (1,3), (1,2), (8,4), (8,3)
------------------------
Iteración 32
-----------
Abiertos = (9,3), (1,10), (1,10), (2,2), (2,3), (6,2), (7,4), (1,1), (8,1), (8,6), (4,2), (4,3), (5,8), (7,2), (7,3), (7,4)
Cerrados = (3,8), (3,7), (3,9), (3,6), (4,6), (2,7), (2,8), (3,10), (5,6), (4,7), (5,7), (3,5), (1,7), (1,8), (2,9), (5,5), (2,5), (6,5), (5,4), (1,9), (2,10), (1,5), (1,4), (5,3), (5,2), (7,5), (8,5), (1,3), (1,2), (8,4), (8,3), (8,2)
------------------------
Iteración 33
-----------
Abiertos = (9,3), (1,10), (2,2), (2,3), (6,2), (7,4), (1,1), (8,1), (8,6), (4,2), (4,3), (5,8), (7,2), (7,3), (7,4)
Cerrados = (3,8), (3,7), (3,9), (3,6), (4,6), (2,7), (2,8), (3,10), (5,6), (4,7), (5,7), (3,5), (1,7), (1,8), (2,9), (5,5), (2,5), (6,5), (5,4), (1,9), (2,10), (1,5), (1,4), (5,3), (5,2), (7,5), (8,5), (1,3), (1,2), (8,4), (8,3), (8,2), (1,10)
------------------------
Iteración 34
-----------
Abiertos = (1,10), (2,2), (2,3), (10,3), (6,2), (7,4), (1,1), (8,1), (8,6), (4,2), (4,3), (5,8), (7,2), (7,3), (7,4)
Cerrados = (3,8), (3,7), (3,9), (3,6), (4,6), (2,7), (2,8), (3,10), (5,6), (4,7), (5,7), (3,5), (1,7), (1,8), (2,9), (5,5), (2,5), (6,5), (5,4), (1,9), (2,10), (1,5), (1,4), (5,3), (5,2), (7,5), (8,5), (1,3), (1,2), (8,4), (8,3), (8,2), (1,10), (9,3)
------------------------
Iteración 35
-----------
Abiertos = (2,2), (10,3), (6,2), (7,4), (1,1), (8,1), (8,6), (4,2), (4,3), (2,2), (3,3), (5,8), (7,2), (7,3), (7,4)
Cerrados = (3,8), (3,7), (3,9), (3,6), (4,6), (2,7), (2,8), (3,10), (5,6), (4,7), (5,7), (3,5), (1,7), (1,8), (2,9), (5,5), (2,5), (6,5), (5,4), (1,9), (2,10), (1,5), (1,4), (5,3), (5,2), (7,5), (8,5), (1,3), (1,2), (8,4), (8,3), (8,2), (1,10), (9,3), (2,3)
------------------------
Iteración 36
-----------
Abiertos = (10,3), (6,2), (7,4), (1,1), (8,1), (8,6), (4,2), (4,3), (2,2), (3,3), (5,8), (2,1), (7,2), (7,3), (7,4)
Cerrados = (3,8), (3,7), (3,9), (3,6), (4,6), (2,7), (2,8), (3,10), (5,6), (4,7), (5,7), (3,5), (1,7), (1,8), (2,9), (5,5), (2,5), (6,5), (5,4), (1,9), (2,10), (1,5), (1,4), (5,3), (5,2), (7,5), (8,5), (1,3), (1,2), (8,4), (8,3), (8,2), (1,10), (9,3), (2,3), (2,2)
------------------------
Iteración 37
-----------
Abiertos = (10,2), (6,2), (7,4), (1,1), (8,1), (8,6), (4,2), (4,3), (2,2), (3,3), (5,8), (2,1), (11,3), (7,2), (7,3), (7,4), (10,4)
Cerrados = (3,8), (3,7), (3,9), (3,6), (4,6), (2,7), (2,8), (3,10), (5,6), (4,7), (5,7), (3,5), (1,7), (1,8), (2,9), (5,5), (2,5), (6,5), (5,4), (1,9), (2,10), (1,5), (1,4), (5,3), (5,2), (7,5), (8,5), (1,3), (1,2), (8,4), (8,3), (8,2), (1,10), (9,3), (2,3), (2,2), (10,3)
------------------------
Iteración 38
-----------
Abiertos = (10,2), (7,4), (1,1), (8,1), (8,6), (4,2), (4,3), (2,2), (3,3), (5,8), (7,2), (2,1), (11,3), (7,2), (7,3), (7,4), (10,4), (6,1)
Cerrados = (3,8), (3,7), (3,9), (3,6), (4,6), (2,7), (2,8), (3,10), (5,6), (4,7), (5,7), (3,5), (1,7), (1,8), (2,9), (5,5), (2,5), (6,5), (5,4), (1,9), (2,10), (1,5), (1,4), (5,3), (5,2), (7,5), (8,5), (1,3), (1,2), (8,4), (8,3), (8,2), (1,10), (9,3), (2,3), (2,2), (10,3), (6,2)
------------------------
Camino: (3,8) -> (3,7) -> (3,6) -> (4,6) -> (5,6) -> (5,5) -> (6,5) -> (7,5) -> (8,5) -> (8,4) -> (8,3) -> (9,3) -> (10,3) -> (10,2)
Coste: 47
Iteración 0
-----------
Abiertos = (3,8)
Cerrados = 
------------------------
Iteración 1
-----------
Abiertos = (3,7), (3,9), (2,8)
Cerrados = (3,8)
------------------------
Iteración 2
-----------
Abiertos = (3,7), (2,8), (3,10), (2,9)
Cerrados = (3,8), (3,9)
------------------------
Iteración 3
-----------
Abiertos = (3,7), (2,7), (3,10), (2,9), (1,8), (2,9)
Cerrados = (3,8), (3,9), (2,8)
------------------------
Iteración 4
-----------
Abiertos = (4,7), (3,6), (2,7), (2,7), (3,10), (1,8), (2,9), (2,9)
Cerrados = (3,8), (3,9), (2,8), (3,7)
------------------------
Iteración 5
-----------
Abiertos = (4,7), (4,6), (2,7), (2,7), (3,10), (3,5), (2,9), (1,8), (2,9)
Cerrados = (3,8), (3,9), (2,8), (3,7), (3,6)
------------------------
Iteración 6
-----------
Abiertos = (4,7), (2,7), (2,7), (3,10), (5,6), (3,5), (4,7), (1,8), (2,9), (2,9)
Cerrados = (3,8), (3,9), (2,8), (3,7), (3,6), (4,6)
------------------------
Iteración 7
-----------
Abiertos = (4,7), (2,7), (3,10), (5,6), (3,5), (4,7), (1,7), (1,8), (2,9), (2,9)
Cerrados = (3,8), (3,9), (2,8), (3,7), (3,6), (4,6), (2,7)
------------------------
Iteración 8
-----------
Abiertos = (5,7), (2,7), (3,10), (5,6), (3,5), (4,7), (1,7), (1,8), (2,9), (2,9)
Cerrados = (3,8), (3,9), (2,8), (3,7), (3,6), (4,6), (2,7), (4,7)
------------------------
Iteración 9
-----------
Abiertos = (2,7), (3,10), (5,6), (5,6), (3,5), (4,7), (1,7), (1,8), (2,9), (5,8), (2,9)
Cerrados = (3,8), (3,9), (2,8), (3,7), (3,6), (4,6), (2,7), (4,7), (5,7)
------------------------
Iteración 10
-----------
Abiertos = (2,7), (5,6), (5,6), (3,5), (4,7), (1,7), (1,8), (2,9), (5,8), (2,9), (2,10)
Cerrados = (3,8), (3,9), (2,8), (3,7), (3,6), (4,6), (2,7), (4,7), (5,7), (3,10)
------------------------
Iteración 11
-----------
Abiertos = (5,6), (3,5), (4,7), (1,7), (1,8), (2,9), (5,5), (5,8), (2,9), (2,10)
Cerrados = (3,8), (3,9), (2,8), (3,7), (3,6), (4,6), (2,7), (4,7), (5,7), (3,10), (5,6)
------------------------
Iteración 12
-----------
Abiertos = (5,6), (4,7), (1,7), (1,8), (2,9), (5,5), (5,8), (2,5), (2,9), (2,10)
Cerrados = (3,8), (3,9), (2,8), (3,7), (3,6), (4,6), (2,7), (4,7), (5,7), (3,10), (5,6), (3,5)
------------------------
Iteración 13
-----------
Abiertos = (5,6), (1,8), (2,9), (5,5), (5,8), (2,5), (2,9), (1,8), (2,10)
Cerrados = (3,8), (3,9), (2,8), (3,7), (3,6), (4,6), (2,7), (4,7), (5,7), (3,10), (5,6), (3,5), (1,7)
------------------------
Iteración 14
-----------
Abiertos = (5,6), (2,9), (5,5), (5,8), (2,5), (2,9), (1,8), (1,9), (2,10)
Cerrados = (3,8), (3,9), (2,8), (3,7), (3,6), (4,6), (2,7), (4,7), (5,7), (3,10), (5,6), (3,5), (1,7), (1,8)
------------------------
Iteración 15
-----------
Abiertos = (5,6), (5,5), (5,8), (2,5), (2,9), (1,8), (2,10), (1,9), (1,9), (2,10)
Cerrados = (3,8), (3,9), (2,8), (3,7), (3,6), (4,6), (2,7), (4,7), (5,7), (3,10), (5,6), (3,5), (1,7), (1,8), (2,9)
------------------------
Iteración 16
-----------
Abiertos = (5,5), (2,5), (2,9), (1,8), (2,10), (1,9), (1,9), (2,10), (5,9)
Cerrados = (3,8), (3,9), (2,8), (3,7), (3,6), (4,6), (2,7), (4,7), (5,7), (3,10), (5,6), (3,5), (1,7), (1,8), (2,9), (5,8)
------------------------
Iteración 17
-----------
Abiertos = (2,5), (2,9), (6,5), (5,4), (1,8), (2,10), (1,9), (1,9), (2,10), (5,9)
Cerrados = (3,8), (3,9), (2,8), (3,7), (3,6), (4,6), (2,7), (4,7), (5,7), (3,10), (5,6), (3,5), (1,7), (1,8), (2,9), (5,8), (5,5)
------------------------
Iteración 18
-----------
Abiertos = (2,5), (5,4), (1,8), (2,10), (1,9), (1,9), (7,5), (2,10), (5,9)
Cerrados = (3,8), (3,9), (2,8), (3,7), (3,6), (4,6), (2,7), (4,7), (5,7), (3,10), (5,6), (3,5), (1,7), (1,8), (2,9), (5,8), (5,5), (6,5)
------------------------
Iteración 19
-----------
Abiertos = (2,5), (1,8), (2,10), (1,9), (1,9), (5,3), (7,5), (2,10), (5,9)
Cerrados = (3,8), (3,9), (2,8), (3,7), (3,6), (4,6), (2,7), (4,7), (5,7), (3,10), (5,6), (3,5), (1,7), (1,8), (2,9), (5,8), (5,5), (6,5), (5,4)
------------------------
Iteración 20
-----------
Abiertos = (1,9), (2,10), (1,9), (1,5), (5,3), (7,5), (2,10), (5,9)
Cerrados = (3,8), (3,9), (2,8), (3,7), (3,6), (4,6), (2,7), (4,7), (5,7), (3,10), (5,6), (3,5), (1,7), (1,8), (2,9), (5,8), (5,5), (6,5), (5,4), (2,5)
------------------------
Iteración 21
-----------
Abiertos = (1,9), (1,9), (1,5), (5,3), (7,5), (2,10), (1,10), (5,9)
Cerrados = (3,8), (3,9), (2,8), (3,7), (3,6), (4,6), (2,7), (4,7), (5,7), (3,10), (5,6), (3,5), (1,7), (1,8), (2,9), (5,8), (5,5), (6,5), (5,4), (2,5), (2,10)
------------------------
Iteración 22
-----------
Abiertos = (1,9), (1,5), (5,3), (7,5), (2,10), (1,10), (1,10), (5,9)
Cerrados = (3,8), (3,9), (2,8), (3,7), (3,6), (4,6), (2,7), (4,7), (5,7), (3,10), (5,6), (3,5), (1,7), (1,8), (2,9), (5,8), (5,5), (6,5), (5,4), (2,5), (2,10), (1,9)
------------------------
Iteración 23
-----------
Abiertos = (1,4), (7,5), (5,3), (2,10), (1,10), (1,10), (5,9)
Cerrados = (3,8), (3,9), (2,8), (3,7), (3,6), (4,6), (2,7), (4,7), (5,7), (3,10), (5,6), (3,5), (1,7), (1,8), (2,9), (5,8), (5,5), (6,5), (5,4), (2,5), (2,10), (1,9), (1,5)
------------------------
Iteración 24
-----------
Abiertos = (1,4), (8,5), (5,3), (2,10), (1,10), (1,10), (7,4), (5,9)
Cerrados = (3,8), (3,9), (2,8), (3,7), (3,6), (4,6), (2,7), (4,7), (5,7), (3,10), (5,6), (3,5), (1,7), (1,8), (2,9), (5,8), (5,5), (6,5), (5,4), (2,5), (2,10), (1,9), (1,5), (7,5)
------------------------
Iteración 25
-----------
Abiertos = (1,4), (8,4), (5,3), (2,10), (1,10), (1,10), (7,4), (8,6), (5,9)
Cerrados = (3,8), (3,9), (2,8), (3,7), (3,6), (4,6), (2,7), (4,7), (5,7), (3,10), (5,6), (3,5), (1,7), (1,8), (2,9), (5,8), (5,5), (6,5), (5,4), (2,5), (2,10), (1,9), (1,5), (7,5), (8,5)
------------------------
Iteración 26
-----------
Abiertos = (1,4), (8,3), (5,3), (2,10), (1,10), (1,10), (7,4), (8,6), (5,9), (7,4)
Cerrados = (3,8), (3,9), (2,8), (3,7), (3,6), (4,6), (2,7), (4,7), (5,7), (3,10), (5,6), (3,5), (1,7), (1,8), (2,9), (5,8), (5,5), (6,5), (5,4), (2,5), (2,10), (1,9), (1,5), (7,5), (8,5), (8,4)
------------------------
Iteración 27
-----------
Abiertos = (1,4), (8,2), (9,3), (5,3), (2,10), (1,10), (1,10), (7,4), (8,6), (5,9), (7,3), (7,4)
Cerrados = (3,8), (3,9), (2,8), (3,7), (3,6), (4,6), (2,7), (4,7), (5,7), (3,10), (5,6), (3,5), (1,7), (1,8), (2,9), (5,8), (5,5), (6,5), (5,4), (2,5), (2,10), (1,9), (1,5), (7,5), (8,5), (8,4), (8,3)
------------------------
Iteración 28
-----------
Abiertos = (1,3), (9,3), (8,2), (5,3), (2,10), (1,10), (1,10), (7,4), (8,6), (5,9), (7,3), (7,4)
Cerrados = (3,8), (3,9), (2,8), (3,7), (3,6), (4,6), (2,7), (4,7), (5,7), (3,10), (5,6), (3,5), (1,7), (1,8), (2,9), (5,8), (5,5), (6,5), (5,4), (2,5), (2,10), (1,9), (1,5), (7,5), (8,5), (8,4), (8,3), (1,4)
------------------------
Iteración 29
-----------
Abiertos = (1,3), (8,2), (5,3), (2,10), (1,10), (1,10), (10,3), (7,4), (8,6), (5,9), (7,3), (7,4)
Cerrados = (3,8), (3,9), (2,8), (3,7), (3,6), (4,6), (2,7), (4,7), (5,7), (3,10), (5,6), (3,5), (1,7), (1,8), (2,9), (5,8), (5,5), (6,5), (5,4), (2,5), (2,10), (1,9), (1,5), (7,5), (8,5), (8,4), (8,3), (1,4), (9,3)
------------------------
Iteración 30
-----------
Abiertos = (1,3), (5,3), (2,10), (1,10), (1,10), (10,3), (7,4), (8,1), (8,6), (5,9), (7,2), (7,3), (7,4)
Cerrados = (3,8), (3,9), (2,8), (3,7), (3,6), (4,6), (2,7), (4,7), (5,7), (3,10), (5,6), (3,5), (1,7), (1,8), (2,9), (5,8), (5,5), (6,5), (5,4), (2,5), (2,10), (1,9), (1,5), (7,5), (8,5), (8,4), (8,3), (1,4), (9,3), (8,2)
------------------------
Iteración 31
-----------
Abiertos = (1,2), (5,3), (2,10), (1,10), (1,10), (2,3), (10,3), (7,4), (8,1), (8,6), (5,9), (7,2), (7,3), (7,4)
Cerrados = (3,8), (3,9), (2,8), (3,7), (3,6), (4,6), (2,7), (4,7), (5,7), (3,10), (5,6), (3,5), (1,7), (1,8), (2,9), (5,8), (5,5), (6,5), (5,4), (2,5), (2,10), (1,9), (1,5), (7,5), (8,5), (8,4), (8,3), (1,4), (9,3), (8,2), (1,3)
------------------------
Iteración 32
-----------
Abiertos = (1,2), (5,2), (2,10), (1,10), (1,10), (2,3), (10,3), (7,4), (8,1), (8,6), (4,3), (5,9), (7,2), (7,3), (7,4)
Cerrados = (3,8), (3,9), (2,8), (3,7), (3,6), (4,6), (2,7), (4,7), (5,7), (3,10), (5,6), (3,5), (1,7), (1,8), (2,9), (5,8), (5,5), (6,5), (5,4), (2,5), (2,10), (1,9), (1,5), (7,5), (8,5), (8,4), (8,3), (1,4), (9,3), (8,2), (1,3), (5,3)
------------------------
Iteración 33
-----------
Abiertos = (5,2), (2,10), (1,10), (1,10), (2,2), (2,3), (10,3), (7,4), (1,1), (8,1), (8,6), (4,3), (5,9), (7,2), (7,3), (7,4)
Cerrados = (3,8), (3,9), (2,8), (3,7), (3,6), (4,6), (2,7), (4,7), (5,7), (3,10), (5,6), (3,5), (1,7), (1,8), (2,9), (5,8), (5,5), (6,5), (5,4), (2,5), (2,10), (1,9), (1,5), (7,5), (8,5), (8,4), (8,3), (1,4), (9,3), (8,2), (1,3), (5,3), (1,2)
------------------------
Iteración 34
-----------
Abiertos = (1,10), (1,10), (2,2), (2,3), (10,3), (6,2), (7,4), (1,1), (8,1), (8,6), (4,2), (4,3), (5,9), (7,2), (7,3), (7,4)
Cerrados = (3,8), (3,9), (2,8), (3,7), (3,6), (4,6), (2,7), (4,7), (5,7), (3,10), (5,6), (3,5), (1,7), (1,8), (2,9), (5,8), (5,5), (6,5), (5,4), (2,5), (2,10), (1,9), (1,5), (7,5), (8,5), (8,4), (8,3), (1,4), (9,3), (8,2), (1,3), (5,3), (1,2), (5,2)
------------------------
Iteración 35
-----------
Abiertos = (1,10), (2,2), (2,3), (10,3), (6,2), (7,4), (1,1), (8,1), (8,6), (4,2), (4,3), (5,9), (7,2), (7,3), (7,4)
Cerrados = (3,8), (3,9), (2,8), (3,7), (3,6), (4,6), (2,7), (4,7), (5,7), (3,10), (5,6), (3,5), (1,7), (1,8), (2,9), (5,8), (5,5), (6,5), (5,4), (2,5), (2,10), (1,9), (1,5), (7,5), (8,5), (8,4), (8,3), (1,4), (9,3), (8,2), (1,3), (5,3), (1,2), (5,2), (1,10)
------------------------
Iteración 36
-----------
Abiertos = (2,3), (10,3), (6,2), (7,4), (1,1), (8,1), (8,6), (4,2), (4,3), (5,9), (2,1), (7,2), (7,3), (7,4), (2,3)
Cerrados = (3,8), (3,9), (2,8), (3,7), (3,6), (4,6), (2,7), (4,7), (5,7), (3,10), (5,6), (3,5), (1,7), (1,8), (2,9), (5,8), (5,5), (6,5), (5,4), (2,5), (2,10), (1,9), (1,5), (7,5), (8,5), (8,4), (8,3), (1,4), (9,3), (8,2), (1,3), (5,3), (1,2), (5,2), (1,10), (2,2)
------------------------
Iteración 37
-----------
Abiertos = (2,3), (10,2), (6,2), (7,4), (1,1), (8,1), (8,6), (4,2), (4,3), (5,9), (2,1), (11,3), (7,2), (7,3), (7,4), (2,3), (10,4)
Cerrados = (3,8), (3,9), (2,8), (3,7), (3,6), (4,6), (2,7), (4,7), (5,7), (3,10), (5,6), (3,5), (1,7), (1,8), (2,9), (5,8), (5,5), (6,5), (5,4), (2,5), (2,10), (1,9), (1,5), (7,5), (8,5), (8,4), (8,3), (1,4), (9,3), (8,2), (1,3), (5,3), (1,2), (5,2), (1,10), (2,2), (10,3)
------------------------
Camino: (3,8) -> (3,7) -> (3,6) -> (4,6) -> (5,6) -> (5,5) -> (6,5) -> (7,5) -> (8,5) -> (8,4) -> (8,3) -> (9,3) -> (10,3) -> (10,2)
Coste: 47
Iteración 0
-----------
Abiertos = (3,8)
Cerrados = 
------------------------
Iteración 1
-----------
Abiertos = (3,7), (3,9), (2,8)
Cerrados = (3,8)
------------------------
Iteración 2
-----------
Abiertos = (4,7), (3,9), (3,6), (2,7), (2,8)
Cerrados = (3,8), (3,7)
------------------------
Iteración 3
-----------
Abiertos = (4,7), (3,6), (2,7), (2,8), (3,10), (2,9)
Cerrados = (3,8), (3,7), (3,9)
------------------------
Iteración 4
-----------
Abiertos = (4,7), (4,6), (2,7), (2,8), (3,10), (3,5), (2,9)
Cerrados = (3,8), (3,7), (3,9), (3,6)
------------------------
Iteración 5
-----------
Abiertos = (4,6), (4,6), (5,7), (2,7), (2,8), (3,10), (3,5), (2,9)
Cerrados = (3,8), (3,7), (3,9), (3,6), (4,7)
------------------------
Iteración 6
-----------
Abiertos = (5,7), (4,6), (2,7), (2,8), (3,10), (5,6), (3,5), (2,9)
Cerrados = (3,8), (3,7), (3,9), (3,6), (4,7), (4,6)
------------------------
Iteración 7
-----------
Abiertos = (5,7), (2,8), (3,10), (5,6), (3,5), (1,7), (2,9), (2,8)
Cerrados = (3,8), (3,7), (3,9), (3,6), (4,7), (4,6), (2,7)
------------------------
Iteración 8
-----------
Abiertos = (2,8), (3,10), (5,6), (5,6), (3,5), (1,7), (2,9), (5,8), (2,8)
Cerrados = (3,8), (3,7), (3,9), (3,6), (4,7), (4,6), (2,7), (5,7)
------------------------
Iteración 9
-----------
Abiertos = (3,10), (5,6), (5,6), (3,5), (1,7), (2,9), (1,8), (5,8), (2,8), (2,9)
Cerrados = (3,8), (3,7), (3,9), (3,6), (4,7), (4,6), (2,7), (5,7), (2,8)
------------------------
Iteración 10
-----------
Abiertos = (5,6), (5,6), (3,5), (1,7), (2,9), (1,8), (5,8), (2,8), (2,9), (2,10)
Cerrados = (3,8), (3,7), (3,9), (3,6), (4,7), (4,6), (2,7), (5,7), (2,8), (3,10)
------------------------
Iteración 11
-----------
Abiertos = (5,6), (3,5), (1,7), (2,9), (1,8), (5,5), (5,8), (2,8), (2,9), (2,10)
Cerrados = (3,8), (3,7), (3,9), (3,6), (4,7), (4,6), (2,7), (5,7), (2,8), (3,10), (5,6)
------------------------
Iteración 12
-----------
Abiertos = (5,6), (1,7), (2,9), (1,8), (5,5), (5,8), (2,5), (2,8), (2,9), (2,10)
Cerrados = (3,8), (3,7), (3,9), (3,6), (4,7), (4,6), (2,7), (5,7), (2,8), (3,10), (5,6), (3,5)
------------------------
Iteración 13
-----------
Abiertos = (1,7), (1,8), (5,5), (5,8), (2,5), (2,8), (2,9), (2,10), (1,9), (2,10)
Cerrados = (3,8), (3,7), (3,9), (3,6), (4,7), (4,6), (2,7), (5,7), (2,8), (3,10), (5,6), (3,5), (2,9)
------------------------
Iteración 14
-----------
Abiertos = (1,8), (5,5), (5,8), (2,5), (2,8), (2,9), (1,8), (2,10), (1,9), (2,10)
Cerrados = (3,8), (3,7), (3,9), (3,6), (4,7), (4,6), (2,7), (5,7), (2,8), (3,10), (5,6), (3,5), (2,9), (1,7)
------------------------
Iteración 15
-----------
Abiertos = (5,5), (5,8), (2,5), (2,8), (2,9), (1,8), (2,10), (1,9), (1,9), (2,10)
Cerrados = (3,8), (3,7), (3,9), (3,6), (4,7), (4,6), (2,7), (5,7), (2,8), (3,10), (5,6), (3,5), (2,9), (1,7), (1,8)
------------------------
Iteración 16
-----------
Abiertos = (2,5), (5,8), (2,8), (2,9), (5,4), (6,5), (1,8), (2,10), (1,9), (1,9), (2,10)
Cerrados = (3,8), (3,7), (3,9), (3,6), (4,7), (4,6), (2,7), (5,7), (2,8), (3,10), (5,6), (3,5), (2,9), (1,7), (1,8), (5,5)
------------------------
Iteración 17
-----------
Abiertos = (2,5), (2,8), (2,9), (5,4), (6,5), (1,8), (2,10), (1,9), (1,9), (2,10), (5,9)
Cerrados = (3,8), (3,7), (3,9), (3,6), (4,7), (4,6), (2,7), (5,7), (2,8), (3,10), (5,6), (3,5), (2,9), (1,7), (1,8), (5,5), (5,8)
------------------------
Iteración 18
-----------
Abiertos = (2,9), (5,4), (6,5), (1,8), (2,10), (1,9), (1,9), (1,5), (2,10), (5,9)
Cerrados = (3,8), (3,7), (3,9), (3,6), (4,7), (4,6), (2,7), (5,7), (2,8), (3,10), (5,6), (3,5), (2,9), (1,7), (1,8), (5,5), (5,8), (2,5)
------------------------
Iteración 19
-----------
Abiertos = (2,9), (6,5), (1,8), (2,10), (1,9), (1,9), (1,5), (5,3), (2,10), (5,9)
Cerrados = (3,8), (3,7), (3,9), (3,6), (4,7), (4,6), (2,7), (5,7), (2,8), (3,10), (5,6), (3,5), (2,9), (1,7), (1,8), (5,5), (5,8), (2,5), (5,4)
------------------------
Iteración 20
-----------
Abiertos = (2,10), (1,9), (1,9), (1,5), (5,3), (7,5), (2,10), (5,9)
Cerrados = (3,8), (3,7), (3,9), (3,6), (4,7), (4,6), (2,7), (5,7), (2,8), (3,10), (5,6), (3,5), (2,9), (1,7), (1,8), (5,5), (5,8), (2,5), (5,4), (6,5)
------------------------
Iteración 21
-----------
Abiertos = (1,9), (2,10), (1,5), (5,3), (7,5), (2,10), (1,10), (5,9)
Cerrados = (3,8), (3,7), (3,9), (3,6), (4,7), (4,6), (2,7), (5,7), (2,8), (3,10), (5,6), (3,5), (2,9), (1,7), (1,8), (5,5), (5,8), (2,5), (5,4), (6,5), (1,9)
------------------------
Iteración 22
-----------
Abiertos = (2,10), (1,4), (5,3), (7,5), (2,10), (1,10), (5,9)
Cerrados = (3,8), (3,7), (3,9), (3,6), (4,7), (4,6), (2,7), (5,7), (2,8), (3,10), (5,6), (3,5), (2,9), (1,7), (1,8), (5,5), (5,8), (2,5), (5,4), (6,5), (1,9), (1,5)
------------------------
Iteración 23
-----------
Abiertos = (2,10), (1,3), (5,3), (7,5), (2,10), (1,10), (5,9)
Cerrados = (3,8), (3,7), (3,9), (3,6), (4,7), (4,6), (2,7), (5,7), (2,8), (3,10), (5,6), (3,5), (2,9), (1,7), (1,8), (5,5), (5,8), (2,5), (5,4), (6,5), (1,9), (1,5), (1,4)
------------------------
Iteración 24
-----------
Abiertos = (2,10), (1,2), (5,3), (7,5), (2,10), (1,10), (2,3), (5,9)
Cerrados = (3,8), (3,7), (3,9), (3,6), (4,7), (4,6), (2,7), (5,7), (2,8), (3,10), (5,6), (3,5), (2,9), (1,7), (1,8), (5,5), (5,8), (2,5), (5,4), (6,5), (1,9), (1,5), (1,4), (1,3)
------------------------
Iteración 25
-----------
Abiertos = (2,10), (5,3), (7,5), (2,10), (1,10), (2,2), (2,3), (1,1), (5,9)
Cerrados = (3,8), (3,7), (3,9), (3,6), (4,7), (4,6), (2,7), (5,7), (2,8), (3,10), (5,6), (3,5), (2,9), (1,7), (1,8), (5,5), (5,8), (2,5), (5,4), (6,5), (1,9), (1,5), (1,4), (1,3), (1,2)
------------------------
Iteración 26
-----------
Abiertos = (7,5), (5,3), (2,10), (1,10), (1,10), (2,2), (2,3), (1,1), (5,9)
Cerrados = (3,8), (3,7), (3,9), (3,6), (4,7), (4,6), (2,7), (5,7), (2,8), (3,10), (5,6), (3,5), (2,9), (1,7), (1,8), (5,5), (5,8), (2,5), (5,4), (6,5), (1,9), (1,5), (1,4), (1,3), (1,2), (2,10)
------------------------
Iteración 27
-----------
Abiertos = (5,2), (7,5), (2,10), (1,10), (1,10), (2,2), (2,3), (1,1), (4,3), (5,9)
Cerrados = (3,8), (3,7), (3,9), (3,6), (4,7), (4,6), (2,7), (5,7), (2,8), (3,10), (5,6), (3,5), (2,9), (1,7), (1,8), (5,5), (5,8), (2,5), (5,4), (6,5), (1,9), (1,5), (1,4), (1,3), (1,2), (2,10), (5,3)
------------------------
Iteración 28
-----------
Abiertos = (7,5), (2,10), (1,10), (1,10), (2,2), (2,3), (6,2), (1,1), (4,2), (4,3), (5,9)
Cerrados = (3,8), (3,7), (3,9), (3,6), (4,7), (4,6), (2,7), (5,7), (2,8), (3,10), (5,6), (3,5), (2,9), (1,7), (1,8), (5,5), (5,8), (2,5), (5,4), (6,5), (1,9), (1,5), (1,4), (1,3), (1,2), (2,10), (5,3), (5,2)
------------------------
Iteración 29
-----------
Abiertos = (7,5), (1,10), (2,2), (2,3), (6,2), (1,1), (4,2), (4,3), (5,9)
Cerrados = (3,8), (3,7), (3,9), (3,6), (4,7), (4,6), (2,7), (5,7), (2,8), (3,10), (5,6), (3,5), (2,9), (1,7), (1,8), (5,5), (5,8), (2,5), (5,4), (6,5), (1,9), (1,5), (1,4), (1,3), (1,2), (2,10), (5,3), (5,2), (1,10)
------------------------
Iteración 30
-----------
Abiertos = (7,5), (2,3), (6,2), (1,1), (4,2), (4,3), (5,9), (2,1), (2,3)
Cerrados = (3,8), (3,7), (3,9), (3,6), (4,7), (4,6), (2,7), (5,7), (2,8), (3,10), (5,6), (3,5), (2,9), (1,7), (1,8), (5,5), (5,8), (2,5), (5,4), (6,5), (1,9), (1,5), (1,4), (1,3), (1,2), (2,10), (5,3), (5,2), (1,10), (2,2)
------------------------
Iteración 31
-----------
Abiertos = (7,5), (6,2), (1,1), (4,2), (4,3), (3,3), (5,9), (2,1), (2,3)
Cerrados = (3,8), (3,7), (3,9), (3,6), (4,7), (4,6), (2,7), (5,7), (2,8), (3,10), (5,6), (3,5), (2,9), (1,7), (1,8), (5,5), (5,8), (2,5), (5,4), (6,5), (1,9), (1,5), (1,4), (1,3), (1,2), (2,10), (5,3), (5,2), (1,10), (2,2), (2,3)
------------------------
Iteración 32
-----------
Abiertos = (7,5), (1,1), (4,2), (4,3), (3,3), (5,9), (7,2), (2,1), (2,3), (6,1)
Cerrados = (3,8), (3,7), (3,9), (3,6), (4,7), (4,6), (2,7), (5,7), (2,8), (3,10), (5,6), (3,5), (2,9), (1,7), (1,8), (5,5), (5,8), (2,5), (5,4), (6,5), (1,9), (1,5), (1,4), (1,3), (1,2), (2,10), (5,3), (5,2), (1,10), (2,2), (2,3), (6,2)
------------------------
Iteración 33
-----------
Abiertos = (7,5), (2,1), (4,2), (4,3), (3,3), (5,9), (7,2), (2,1), (2,3), (6,1)
Cerrados = (3,8), (3,7), (3,9), (3,6), (4,7), (4,6), (2,7), (5,7), (2,8), (3,10), (5,6), (3,5), (2,9), (1,7), (1,8), (5,5), (5,8), (2,5), (5,4), (6,5), (1,9), (1,5), (1,4), (1,3), (1,2), (2,10), (5,3), (5,2), (1,10), (2,2), (2,3), (6,2), (1,1)
------------------------
Iteración 34
-----------
Abiertos = (8,5), (7,4), (2,1), (4,2), (4,3), (3,3), (5,9), (7,2), (2,1), (2,3), (6,1)
Cerrados = (3,8), (3,7), (3,9), (3,6), (4,7), (4,6), (2,7), (5,7), (2,8), (3,10), (5,6), (3,5), (2,9), (1,7), (1,8), (5,5), (5,8), (2,5), (5,4), (6,5), (1,9), (1,5), (1,4), (1,3), (1,2), (2,10), (5,3), (5,2), (1,10), (2,2), (2,3), (6,2), (1,1), (7,5)
------------------------
Iteración 35
-----------
Abiertos = (8,4), (7,4), (2,1), (8,6), (4,2), (4,3), (3,3), (5,9), (7,2), (2,1), (2,3), (6,1)
Cerrados = (3,8), (3,7), (3,9), (3,6), (4,7), (4,6), (2,7), (5,7), (2,8), (3,10), (5,6), (3,5), (2,9), (1,7), (1,8), (5,5), (5,8), (2,5), (5,4), (6,5), (1,9), (1,5), (1,4), (1,3), (1,2), (2,10), (5,3), (5,2), (1,10), (2,2), (2,3), (6,2), (1,1), (7,5), (8,5)
------------------------
Iteración 36
-----------
Abiertos = (8,4), (8,4), (2,1), (8,6), (4,2), (4,3), (3,3), (5,9), (7,2), (7,3), (2,1), (2,3), (6,1)
Cerrados = (3,8), (3,7), (3,9), (3,6), (4,7), (4,6), (2,7), (5,7), (2,8), (3,10), (5,6), (3,5), (2,9), (1,7), (1,8), (5,5), (5,8), (2,5), (5,4), (6,5), (1,9), (1,5), (1,4), (1,3), (1,2), (2,10), (5,3), (5,2), (1,10), (2,2), (2,3), (6,2), (1,1), (7,5), (8,5), (7,4)
------------------------
Iteración 37
-----------
Abiertos = (8,3), (8,4), (2,1), (8,6), (4,2), (4,3), (3,3), (5,9), (7,2), (7,3), (2,1), (2,3), (6,1)
Cerrados = (3,8), (3,7), (3,9), (3,6), (4,7), (4,6), (2,7), (5,7), (2,8), (3,10), (5,6), (3,5), (2,9), (1,7), (1,8), (5,5), (5,8), (2,5), (5,4), (6,5), (1,9), (1,5), (1,4), (1,3), (1,2), (2,10), (5,3), (5,2), (1,10), (2,2), (2,3), (6,2), (1,1), (7,5), (8,5), (7,4), (8,4)
------------------------
Iteración 38
-----------
Abiertos = (8,2), (9,3), (2,1), (8,6), (4,2), (4,3), (3,3), (5,9), (7,2), (7,3), (2,1), (7,3), (2,3), (6,1)
Cerrados = (3,8), (3,7), (3,9), (3,6), (4,7), (4,6), (2,7), (5,7), (2,8), (3,10), (5,6), (3,5), (2,9), (1,7), (1,8), (5,5), (5,8), (2,5), (5,4), (6,5), (1,9), (1,5), (1,4), (1,3), (1,2), (2,10), (5,3), (5,2), (1,10), (2,2), (2,3), (6,2), (1,1), (7,5), (8,5), (7,4), (8,4), (8,3)
------------------------
Iteración 39
-----------
Abiertos = (9,3), (2,1), (8,1), (8,6), (4,2), (4,3), (3,3), (5,9), (7,2), (7,3), (2,1), (7,2), (7,3), (2,3), (6,1)
Cerrados = (3,8), (3,7), (3,9), (3,6), (4,7), (4,6), (2,7), (5,7), (2,8), (3,10), (5,6), (3,5), (2,9), (1,7), (1,8), (5,5), (5,8), (2,5), (5,4), (6,5), (1,9), (1,5), (1,4), (1,3), (1,2), (2,10), (5,3), (5,2), (1,10), (2,2), (2,3), (6,2), (1,1), (7,5), (8,5), (7,4), (8,4), (8,3), (8,2)
------------------------
Iteración 40
-----------
Abiertos = (10,3), (2,1), (8,1), (8,6), (4,2), (4,3), (3,3), (5,9), (7,2), (7,3), (2,1), (7,2), (7,3), (2,3), (6,1)
Cerrados = (3,8), (3,7), (3,9), (3,6), (4,7), (4,6), (2,7), (5,7), (2,8), (3,10), (5,6), (3,5), (2,9), (1,7), (1,8), (5,5), (5,8), (2,5), (5,4), (6,5), (1,9), (1,5), (1,4), (1,3), (1,2), (2,10), (5,3), (5,2), (1,10), (2,2), (2,3), (6,2), (1,1), (7,5), (8,5), (7,4), (8,4), (8,3), (8,2), (9,3)
------------------------
Iteración 41
-----------
Abiertos = (10,3), (8,1), (8,6), (4,2), (4,3), (3,3), (5,9), (7,2), (7,3), (3,1), (2,1), (7,2), (7,3), (2,3), (6,1)
Cerrados = (3,8), (3,7), (3,9), (3,6), (4,7), (4,6), (2,7), (5,7), (2,8), (3,10), (5,6), (3,5), (2,9), (1,7), (1,8), (5,5), (5,8), (2,5), (5,4), (6,5), (1,9), (1,5), (1,4), (1,3), (1,2), (2,10), (5,3), (5,2), (1,10), (2,2), (2,3), (6,2), (1,1), (7,5), (8,5), (7,4), (8,4), (8,3), (8,2), (9,3), (2,1)
------------------------
Iteración 42
-----------
Abiertos = (10,3), (9,1), (8,6), (4,2), (4,3), (3,3), (5,9), (7,2), (7,3), (3,1), (2,1), (7,2), (7,3), (7,1), (2,3), (6,1)
Cerrados = (3,8), (3,7), (3,9), (3,6), (4,7), (4,6), (2,7), (5,7), (2,8), (3,10), (5,6), (3,5), (2,9), (1,7), (1,8), (5,5), (5,8), (2,5), (5,4), (6,5), (1,9), (1,5), (1,4), (1,3), (1,2), (2,10), (5,3), (5,2), (1,10), (2,2), (2,3), (6,2), (1,1), (7,5), (8,5), (7,4), (8,4), (8,3), (8,2), (9,3), (2,1), (8,1)
------------------------
Iteración 43
-----------
Abiertos = (10,3), (10,1), (8,6), (4,2), (4,3), (3,3), (5,9), (7,2), (7,3), (3,1), (2,1), (7,2), (7,3), (7,1), (2,3), (6,1)
Cerrados = (3,8), (3,7), (3,9), (3,6), (4,7), (4,6), (2,7), (5,7), (2,8), (3,10), (5,6), (3,5), (2,9), (1,7), (1,8), (5,5), (5,8), (2,5), (5,4), (6,5), (1,9), (1,5), (1,4), (1,3), (1,2), (2,10), (5,3), (5,2), (1,10), (2,2), (2,3), (6,2), (1,1), (7,5), (8,5), (7,4), (8,4), (8,3), (8,2), (9,3), (2,1), (8,1), (9,1)
------------------------
Iteración 44
-----------
Abiertos = (10,2), (10,1), (8,6), (4,2), (4,3), (3,3), (5,9), (7,2), (7,3), (3,1), (2,1), (11,3), (7,2), (7,3), (7,1), (2,3), (10,4), (6,1)
Cerrados = (3,8), (3,7), (3,9), (3,6), (4,7), (4,6), (2,7), (5,7), (2,8), (3,10), (5,6), (3,5), (2,9), (1,7), (1,8), (5,5), (5,8), (2,5), (5,4), (6,5), (1,9), (1,5), (1,4), (1,3), (1,2), (2,10), (5,3), (5,2), (1,10), (2,2), (2,3), (6,2), (1,1), (7,5), (8,5), (7,4), (8,4), (8,3), (8,2), (9,3), (2,1), (8,1), (9,1), (10,3)
------------------------
Camino: (3,8) -> (3,7) -> (3,6) -> (4,6) -> (5,6) -> (5,5) -> (6,5) -> (7,5) -> (8,5) -> (8,4) -> (8,3) -> (9,3) -> (10,3) -> (10,2)
Coste: 47
Iteración 0
-----------
Abiertos = (3,8)
Cerrados = 
------------------------
Iteración 1
-----------
Abiertos = (3,7), (3,9), (2,8)
Cerrados = (3,8)
------------------------
Iteración 2
-----------
Abiertos = (4,7), (3,9), (3,6), (2,7), (2,8)
Cerrados = (3,8), (3,7)
------------------------
Iteración 3
-----------
Abiertos = (4,6), (3,9), (5,7), (3,6), (2,7), (2,8)
Cerrados = (3,8), (3,7), (4,7)
------------------------
Iteración 4
-----------
Abiertos = (3,9), (5,6), (5,7), (3,6), (2,7), (2,8), (3,6)
Cerrados = (3,8), (3,7), (4,7), (4,6)
------------------------
Iteración 5
-----------
Abiertos = (3,9), (5,7), (3,6), (2,7), (2,8), (5,5), (3,6), (5,7)
Cerrados = (3,8), (3,7), (4,7), (4,6), (5,6)
------------------------
Iteración 6
-----------
Abiertos = (3,9), (3,6), (2,7), (2,8), (5,5), (3,6), (5,7), (5,8)
Cerrados = (3,8), (3,7), (4,7), (4,6), (5,6), (5,7)
------------------------
Iteración 7
-----------
Abiertos = (3,6), (2,7), (2,8), (3,10), (5,5), (3,6), (2,9), (5,7), (5,8)
Cerrados = (3,8), (3,7), (4,7), (4,6), (5,6), (5,7), (3,9)
------------------------
Iteración 8
-----------
Abiertos = (3,6), (2,8), (3,10), (5,5), (3,6), (1,7), (2,9), (5,7), (5,8), (2,8)
Cerrados = (3,8), (3,7), (4,7), (4,6), (5,6), (5,7), (3,9), (2,7)
------------------------
Iteración 9
-----------
Abiertos = (2,8), (3,10), (5,5), (3,5), (3,6), (1,7), (2,9), (5,7), (5,8), (2,8)
Cerrados = (3,8), (3,7), (4,7), (4,6), (5,6), (5,7), (3,9), (2,7), (3,6)
------------------------
Iteración 10
-----------
Abiertos = (3,10), (5,5), (3,5), (3,6), (1,7), (2,9), (1,8), (5,7), (5,8), (2,8), (2,9)
Cerrados = (3,8), (3,7), (4,7), (4,6), (5,6), (5,7), (3,9), (2,7), (3,6), (2,8)
------------------------
Iteración 11
-----------
Abiertos = (3,10), (3,5), (3,6), (1,7), (2,9), (1,8), (6,5), (5,4), (5,7), (5,8), (2,8), (2,9)
Cerrados = (3,8), (3,7), (4,7), (4,6), (5,6), (5,7), (3,9), (2,7), (3,6), (2,8), (5,5)
------------------------
Iteración 12
-----------
Abiertos = (3,5), (3,6), (1,7), (2,9), (1,8), (6,5), (5,4), (5,7), (5,8), (2,8), (2,9), (2,10)
Cerrados = (3,8), (3,7), (4,7), (4,6), (5,6), (5,7), (3,9), (2,7), (3,6), (2,8), (5,5), (3,10)
------------------------
Iteración 13
-----------
Abiertos = (1,7), (2,9), (1,8), (6,5), (5,4), (5,7), (5,8), (2,5), (2,8), (2,9), (2,10)
Cerrados = (3,8), (3,7), (4,7), (4,6), (5,6), (5,7), (3,9), (2,7), (3,6), (2,8), (5,5), (3,10), (3,5)
------------------------
Iteración 14
-----------
Abiertos = (1,7), (1,8), (6,5), (5,4), (5,7), (5,8), (2,5), (2,8), (2,9), (1,9), (2,10), (2,10)
Cerrados = (3,8), (3,7), (4,7), (4,6), (5,6), (5,7), (3,9), (2,7), (3,6), (2,8), (5,5), (3,10), (3,5), (2,9)
------------------------
Iteración 15
-----------
Abiertos = (1,8), (6,5), (5,4), (5,7), (5,8), (2,5), (2,8), (2,9), (1,8), (1,9), (2,10), (2,10)
Cerrados = (3,8), (3,7), (4,7), (4,6), (5,6), (5,7), (3,9), (2,7), (3,6), (2,8), (5,5), (3,10), (3,5), (2,9), (1,7)
------------------------
Iteración 16
-----------
Abiertos = (5,4), (6,5), (5,7), (5,8), (2,5), (2,8), (2,9), (1,8), (1,9), (2,10), (1,9), (2,10)
Cerrados = (3,8), (3,7), (4,7), (4,6), (5,6), (5,7), (3,9), (2,7), (3,6), (2,8), (5,5), (3,10), (3,5), (2,9), (1,7), (1,8)
------------------------
Iteración 17
-----------
Abiertos = (6,5), (5,7), (5,8), (2,5), (2,8), (2,9), (5,3), (1,8), (1,9), (2,10), (1,9), (2,10)
Cerrados = (3,8), (3,7), (4,7), (4,6), (5,6), (5,7), (3,9), (2,7), (3,6), (2,8), (5,5), (3,10), (3,5), (2,9), (1,7), (1,8), (5,4)
------------------------
Iteración 18
-----------
Abiertos = (5,7), (5,8), (2,5), (2,8), (2,9), (5,3), (7,5), (1,8), (2,10), (1,9), (1,9), (2,10)
Cerrados = (3,8), (3,7), (4,7), (4,6), (5,6), (5,7), (3,9), (2,7), (3,6), (2,8), (5,5), (3,10), (3,5), (2,9), (1,7), (1,8), (5,4), (6,5)
------------------------
Iteración 19
-----------
Abiertos = (2,5), (2,8), (2,9), (5,3), (7,5), (1,8), (1,9), (1,9), (2,10), (2,10), (5,9)
Cerrados = (3,8), (3,7), (4,7), (4,6), (5,6), (5,7), (3,9), (2,7), (3,6), (2,8), (5,5), (3,10), (3,5), (2,9), (1,7), (1,8), (5,4), (6,5), (5,8)
------------------------
Iteración 20
-----------
Abiertos = (2,8), (2,9), (5,3), (7,5), (1,8), (1,9), (1,9), (2,10), (1,5), (2,10), (5,9)
Cerrados = (3,8), (3,7), (4,7), (4,6), (5,6), (5,7), (3,9), (2,7), (3,6), (2,8), (5,5), (3,10), (3,5), (2,9), (1,7), (1,8), (5,4), (6,5), (5,8), (2,5)
------------------------
Iteración 21
-----------
Abiertos = (2,9), (8,5), (5,3), (1,8), (1,9), (1,9), (2,10), (1,5), (7,4), (2,10), (5,9)
Cerrados = (3,8), (3,7), (4,7), (4,6), (5,6), (5,7), (3,9), (2,7), (3,6), (2,8), (5,5), (3,10), (3,5), (2,9), (1,7), (1,8), (5,4), (6,5), (5,8), (2,5), (7,5)
------------------------
Iteración 22
-----------
Abiertos = (8,4), (5,3), (1,8), (1,9), (1,9), (2,10), (1,5), (7,4), (2,10), (8,6), (5,9)
Cerrados = (3,8), (3,7), (4,7), (4,6), (5,6), (5,7), (3,9), (2,7), (3,6), (2,8), (5,5), (3,10), (3,5), (2,9), (1,7), (1,8), (5,4), (6,5), (5,8), (2,5), (7,5), (8,5)
------------------------
Iteración 23
-----------
Abiertos = (8,4), (5,2), (1,8), (1,9), (1,9), (2,10), (1,5), (7,4), (2,10), (8,6), (4,3), (5,9)
Cerrados = (3,8), (3,7), (4,7), (4,6), (5,6), (5,7), (3,9), (2,7), (3,6), (2,8), (5,5), (3,10), (3,5), (2,9), (1,7), (1,8), (5,4), (6,5), (5,8), (2,5), (7,5), (8,5), (5,3)
------------------------
Iteración 24
-----------
Abiertos = (8,4), (1,8), (1,9), (1,9), (2,10), (1,5), (6,2), (7,4), (2,10), (8,6), (4,2), (4,3), (5,9)
Cerrados = (3,8), (3,7), (4,7), (4,6), (5,6), (5,7), (3,9), (2,7), (3,6), (2,8), (5,5), (3,10), (3,5), (2,9), (1,7), (1,8), (5,4), (6,5), (5,8), (2,5), (7,5), (8,5), (5,3), (5,2)
------------------------
Iteración 25
-----------
Abiertos = (8,3), (1,8), (1,9), (1,9), (2,10), (1,5), (6,2), (7,4), (2,10), (8,6), (4,2), (4,3), (7,4), (5,9)
Cerrados = (3,8), (3,7), (4,7), (4,6), (5,6), (5,7), (3,9), (2,7), (3,6), (2,8), (5,5), (3,10), (3,5), (2,9), (1,7), (1,8), (5,4), (6,5), (5,8), (2,5), (7,5), (8,5), (5,3), (5,2), (8,4)
------------------------
Iteración 26
-----------
Abiertos = (8,2), (9,3), (1,9), (1,9), (2,10), (1,5), (6,2), (7,4), (2,10), (4,2), (8,6), (4,3), (7,3), (7,4), (5,9)
Cerrados = (3,8), (3,7), (4,7), (4,6), (5,6), (5,7), (3,9), (2,7), (3,6), (2,8), (5,5), (3,10), (3,5), (2,9), (1,7), (1,8), (5,4), (6,5), (5,8), (2,5), (7,5), (8,5), (5,3), (5,2), (8,4), (8,3)
------------------------
Iteración 27
-----------
Abiertos = (8,2), (1,9), (1,9), (2,10), (1,5), (10,3), (6,2), (7,4), (2,10), (4,2), (8,6), (4,3), (7,3), (7,4), (5,9)
Cerrados = (3,8), (3,7), (4,7), (4,6), (5,6), (5,7), (3,9), (2,7), (3,6), (2,8), (5,5), (3,10), (3,5), (2,9), (1,7), (1,8), (5,4), (6,5), (5,8), (2,5), (7,5), (8,5), (5,3), (5,2), (8,4), (8,3), (9,3)
------------------------
Iteración 28
-----------
Abiertos = (8,2), (1,9), (2,10), (1,5), (10,3), (6,2), (7,4), (2,10), (4,2), (8,6), (4,3), (1,10), (7,3), (7,4), (5,9)
Cerrados = (3,8), (3,7), (4,7), (4,6), (5,6), (5,7), (3,9), (2,7), (3,6), (2,8), (5,5), (3,10), (3,5), (2,9), (1,7), (1,8), (5,4), (6,5), (5,8), (2,5), (7,5), (8,5), (5,3), (5,2), (8,4), (8,3), (9,3), (1,9)
------------------------
Iteración 29
-----------
Abiertos = (2,10), (1,5), (10,3), (6,2), (7,4), (2,10), (8,1), (4,2), (8,6), (4,3), (1,10), (7,2), (7,3), (7,4), (5,9)
Cerrados = (3,8), (3,7), (4,7), (4,6), (5,6), (5,7), (3,9), (2,7), (3,6), (2,8), (5,5), (3,10), (3,5), (2,9), (1,7), (1,8), (5,4), (6,5), (5,8), (2,5), (7,5), (8,5), (5,3), (5,2), (8,4), (8,3), (9,3), (1,9), (8,2)
------------------------
Iteración 30
-----------
Abiertos = (2,10), (1,4), (10,3), (6,2), (7,4), (2,10), (8,1), (4,2), (8,6), (4,3), (1,10), (7,2), (7,3), (7,4), (5,9)
Cerrados = (3,8), (3,7), (4,7), (4,6), (5,6), (5,7), (3,9), (2,7), (3,6), (2,8), (5,5), (3,10), (3,5), (2,9), (1,7), (1,8), (5,4), (6,5), (5,8), (2,5), (7,5), (8,5), (5,3), (5,2), (8,4), (8,3), (9,3), (1,9), (8,2), (1,5)
------------------------
Iteración 31
-----------
Abiertos = (2,10), (1,3), (10,3), (6,2), (7,4), (2,10), (8,1), (4,2), (8,6), (4,3), (1,10), (7,2), (7,3), (7,4), (5,9)
Cerrados = (3,8), (3,7), (4,7), (4,6), (5,6), (5,7), (3,9), (2,7), (3,6), (2,8), (5,5), (3,10), (3,5), (2,9), (1,7), (1,8), (5,4), (6,5), (5,8), (2,5), (7,5), (8,5), (5,3), (5,2), (8,4), (8,3), (9,3), (1,9), (8,2), (1,5), (1,4)
------------------------
Iteración 32
-----------
Abiertos = (1,3), (10,3), (6,2), (7,4), (2,10), (8,1), (4,2), (8,6), (4,3), (1,10), (1,10), (7,2), (7,3), (7,4), (5,9)
Cerrados = (3,8), (3,7), (4,7), (4,6), (5,6), (5,7), (3,9), (2,7), (3,6), (2,8), (5,5), (3,10), (3,5), (2,9), (1,7), (1,8), (5,4), (6,5), (5,8), (2,5), (7,5), (8,5), (5,3), (5,2), (8,4), (8,3), (9,3), (1,9), (8,2), (1,5), (1,4), (2,10)
------------------------
Iteración 33
-----------
Abiertos = (1,2), (10,3), (6,2), (7,4), (2,10), (8,1), (4,2), (8,6), (4,3), (1,10), (1,10), (2,3), (7,2), (7,3), (7,4), (5,9)
Cerrados = (3,8), (3,7), (4,7), (4,6), (5,6), (5,7), (3,9), (2,7), (3,6), (2,8), (5,5), (3,10), (3,5), (2,9), (1,7), (1,8), (5,4), (6,5), (5,8), (2,5), (7,5), (8,5), (5,3), (5,2), (8,4), (8,3), (9,3), (1,9), (8,2), (1,5), (1,4), (2,10), (1,3)
------------------------
Iteración 34
-----------
Abiertos = (10,3), (6,2), (7,4), (2,10), (8,1), (4,2), (8,6), (4,3), (1,10), (1,10), (2,2), (2,3), (1,1), (7,2), (7,3), (7,4), (5,9)
Cerrados = (3,8), (3,7), (4,7), (4,6), (5,6), (5,7), (3,9), (2,7), (3,6), (2,8), (5,5), (3,10), (3,5), (2,9), (1,7), (1,8), (5,4), (6,5), (5,8), (2,5), (7,5), (8,5), (5,3), (5,2), (8,4), (8,3), (9,3), (1,9), (8,2), (1,5), (1,4), (2,10), (1,3), (1,2)
------------------------
Iteración 35
-----------
Abiertos = (10,3), (7,4), (2,10), (8,1), (4,2), (8,6), (4,3), (1,10), (1,10), (2,2), (2,3), (7,2), (1,1), (7,2), (7,3), (7,4), (5,9), (6,1)
Cerrados = (3,8), (3,7), (4,7), (4,6), (5,6), (5,7), (3,9), (2,7), (3,6), (2,8), (5,5), (3,10), (3,5), (2,9), (1,7), (1,8), (5,4), (6,5), (5,8), (2,5), (7,5), (8,5), (5,3), (5,2), (8,4), (8,3), (9,3), (1,9), (8,2), (1,5), (1,4), (2,10), (1,3), (1,2), (6,2)
------------------------
Iteración 36
-----------
Abiertos = (10,2), (7,4), (2,10), (8,1), (4,2), (8,6), (4,3), (1,10), (1,10), (2,2), (2,3), (7,2), (1,1), (11,3), (7,2), (7,3), (7,4), (5,9), (10,4), (6,1)
Cerrados = (3,8), (3,7), (4,7), (4,6), (5,6), (5,7), (3,9), (2,7), (3,6), (2,8), (5,5), (3,10), (3,5), (2,9), (1,7), (1,8), (5,4), (6,5), (5,8), (2,5), (7,5), (8,5), (5,3), (5,2), (8,4), (8,3), (9,3), (1,9), (8,2), (1,5), (1,4), (2,10), (1,3), (1,2), (6,2), (10,3)
------------------------
Iteración 37
-----------
Abiertos = (10,2), (2,10), (8,1), (4,2), (8,6), (4,3), (1,10), (1,10), (2,2), (2,3), (7,2), (7,3), (1,1), (11,3), (7,2), (7,3), (7,4), (5,9), (10,4), (6,1)
Cerrados = (3,8), (3,7), (4,7), (4,6), (5,6), (5,7), (3,9), (2,7), (3,6), (2,8), (5,5), (3,10), (3,5), (2,9), (1,7), (1,8), (5,4), (6,5), (5,8), (2,5), (7,5), (8,5), (5,3), (5,2), (8,4), (8,3), (9,3), (1,9), (8,2), (1,5), (1,4), (2,10), (1,3), (1,2), (6,2), (10,3), (7,4)
------------------------
Camino: (3,8) -> (3,7) -> (4,7) -> (4,6) -> (5,6) -> (5,5) -> (6,5) -> (7,5) -> (8,5) -> (8,4) -> (8,3) -> (9,3) -> (10,3) -> (10,2)
Coste: 44
Iteración 0
-----------
Abiertos = (3,8)
Cerrados = 
------------------------
Iteración 1
-----------
Abiertos = (3,7), (3,9), (2,8)
Cerrados = (3,8)
------------------------
Iteración 2
-----------
Abiertos = (3,7), (2,8), (3,10), (2,9)
Cerrados = (3,8), (3,9)
------------------------
Iteración 3
-----------
Abiertos = (4,7), (3,6), (2,7), (2,8), (3,10), (2,9)
Cerrados = (3,8), (3,9), (3,7)
------------------------
Iteración 4
-----------
Abiertos = (4,7), (4,6), (2,7), (2,8), (3,10), (3,5), (2,9)
Cerrados = (3,8), (3,9), (3,7), (3,6)
------------------------
Iteración 5
-----------
Abiertos = (4,6), (4,6), (5,7), (2,7), (2,8), (3,10), (3,5), (2,9)
Cerrados = (3,8), (3,9), (3,7), (3,6), (4,7)
------------------------
Iteración 6
-----------
Abiertos = (5,7), (4,6), (2,7), (2,8), (3,10), (5,6), (3,5), (2,9)
Cerrados = (3,8), (3,9), (3,7), (3,6), (4,7), (4,6)
------------------------
Iteración 7
-----------
Abiertos = (4,6), (2,7), (2,8), (3,10), (5,6), (5,6), (3,5), (2,9), (5,8)
Cerrados = (3,8), (3,9), (3,7), (3,6), (4,7), (4,6), (5,7)
------------------------
Iteración 8
-----------
Abiertos = (2,7), (2,7), (3,10), (5,6), (5,6), (3,5), (2,9), (1,8), (5,8), (2,9)
Cerrados = (3,8), (3,9), (3,7), (3,6), (4,7), (4,6), (5,7), (2,8)
------------------------
Iteración 9
-----------
Abiertos = (2,7), (3,10), (5,6), (5,6), (3,5), (1,7), (2,9), (1,8), (5,8), (2,9)
Cerrados = (3,8), (3,9), (3,7), (3,6), (4,7), (4,6), (5,7), (2,8), (2,7)
------------------------
Iteración 10
-----------
Abiertos = (2,7), (5,6), (5,6), (3,5), (1,7), (2,9), (1,8), (5,8), (2,9), (2,10)
Cerrados = (3,8), (3,9), (3,7), (3,6), (4,7), (4,6), (5,7), (2,8), (2,7), (3,10)
------------------------
Iteración 11
-----------
Abiertos = (2,7), (5,6), (3,5), (1,7), (2,9), (1,8), (5,5), (5,8), (2,9), (2,10)
Cerrados = (3,8), (3,9), (3,7), (3,6), (4,7), (4,6), (5,7), (2,8), (2,7), (3,10), (5,6)
------------------------
Iteración 12
-----------
Abiertos = (5,6), (1,7), (2,9), (1,8), (5,5), (5,8), (2,5), (2,9), (2,10)
Cerrados = (3,8), (3,9), (3,7), (3,6), (4,7), (4,6), (5,7), (2,8), (2,7), (3,10), (5,6), (3,5)
------------------------
Iteración 13
-----------
Abiertos = (5,6), (2,9), (1,8), (5,5), (5,8), (2,5), (2,9), (1,8), (2,10)
Cerrados = (3,8), (3,9), (3,7), (3,6), (4,7), (4,6), (5,7), (2,8), (2,7), (3,10), (5,6), (3,5), (1,7)
------------------------
Iteración 14
-----------
Abiertos = (2,9), (5,5), (5,8), (2,5), (2,9), (1,8), (1,9), (2,10)
Cerrados = (3,8), (3,9), (3,7), (3,6), (4,7), (4,6), (5,7), (2,8), (2,7), (3,10), (5,6), (3,5), (1,7), (1,8)
------------------------
Iteración 15
-----------
Abiertos = (2,9), (5,8), (2,5), (2,9), (6,5), (5,4), (1,8), (2,10), (1,9)
Cerrados = (3,8), (3,9), (3,7), (3,6), (4,7), (4,6), (5,7), (2,8), (2,7), (3,10), (5,6), (3,5), (1,7), (1,8), (5,5)
------------------------
Iteración 16
-----------
Abiertos = (2,5), (5,8), (2,9), (6,5), (5,4), (1,8), (2,10), (1,9), (1,9), (2,10)
Cerrados = (3,8), (3,9), (3,7), (3,6), (4,7), (4,6), (5,7), (2,8), (2,7), (3,10), (5,6), (3,5), (1,7), (1,8), (5,5), (2,9)
------------------------
Iteración 17
-----------
Abiertos = (5,8), (2,9), (6,5), (5,4), (1,8), (2,10), (1,9), (1,9), (1,5), (2,10)
Cerrados = (3,8), (3,9), (3,7), (3,6), (4,7), (4,6), (5,7), (2,8), (2,7), (3,10), (5,6), (3,5), (1,7), (1,8), (5,5), (2,9), (2,5)
------------------------
Iteración 18
-----------
Abiertos = (2,9), (6,5), (5,4), (1,8), (2,10), (1,9), (1,9), (1,5), (2,10), (5,9)
Cerrados = (3,8), (3,9), (3,7), (3,6), (4,7), (4,6), (5,7), (2,8), (2,7), (3,10), (5,6), (3,5), (1,7), (1,8), (5,5), (2,9), (2,5), (5,8)
------------------------
Iteración 19
-----------
Abiertos = (5,4), (1,8), (2,10), (1,9), (1,9), (1,5), (7,5), (2,10), (5,9)
Cerrados = (3,8), (3,9), (3,7), (3,6), (4,7), (4,6), (5,7), (2,8), (2,7), (3,10), (5,6), (3,5), (1,7), (1,8), (5,5), (2,9), (2,5), (5,8), (6,5)
------------------------
Iteración 20
-----------
Abiertos = (1,8), (1,9), (2,10), (1,9), (1,5), (7,5), (5,3), (2,10), (5,9)
Cerrados = (3,8), (3,9), (3,7), (3,6), (4,7), (4,6), (5,7), (2,8), (2,7), (3,10), (5,6), (3,5), (1,7), (1,8), (5,5), (2,9), (2,5), (5,8), (6,5), (5,4)
------------------------
Iteración 21
-----------
Abiertos = (1,9), (2,10), (1,5), (7,5), (5,3), (2,10), (1,10), (5,9)
Cerrados = (3,8), (3,9), (3,7), (3,6), (4,7), (4,6), (5,7), (2,8), (2,7), (3,10), (5,6), (3,5), (1,7), (1,8), (5,5), (2,9), (2,5), (5,8), (6,5), (5,4), (1,9)
------------------------
Iteración 22
-----------
Abiertos = (1,9), (1,5), (7,5), (5,3), (2,10), (1,10), (1,10), (5,9)
Cerrados = (3,8), (3,9), (3,7), (3,6), (4,7), (4,6), (5,7), (2,8), (2,7), (3,10), (5,6), (3,5), (1,7), (1,8), (5,5), (2,9), (2,5), (5,8), (6,5), (5,4), (1,9), (2,10)
------------------------
Iteración 23
-----------
Abiertos = (1,5), (8,5), (5,3), (2,10), (1,10), (1,10), (7,4), (5,9)
Cerrados = (3,8), (3,9), (3,7), (3,6), (4,7), (4,6), (5,7), (2,8), (2,7), (3,10), (5,6), (3,5), (1,7), (1,8), (5,5), (2,9), (2,5), (5,8), (6,5), (5,4), (1,9), (2,10), (7,5)
------------------------
Iteración 24
-----------
Abiertos = (1,4), (8,5), (5,3), (2,10), (1,10), (1,10), (7,4), (5,9)
Cerrados = (3,8), (3,9), (3,7), (3,6), (4,7), (4,6), (5,7), (2,8), (2,7), (3,10), (5,6), (3,5), (1,7), (1,8), (5,5), (2,9), (2,5), (5,8), (6,5), (5,4), (1,9), (2,10), (7,5), (1,5)
------------------------
Iteración 25
-----------
Abiertos = (1,3), (8,5), (5,3), (2,10), (1,10), (1,10), (7,4), (5,9)
Cerrados = (3,8), (3,9), (3,7), (3,6), (4,7), (4,6), (5,7), (2,8), (2,7), (3,10), (5,6), (3,5), (1,7), (1,8), (5,5), (2,9), (2,5), (5,8), (6,5), (5,4), (1,9), (2,10), (7,5), (1,5), (1,4)
------------------------
Iteración 26
-----------
Abiertos = (1,2), (8,5), (5,3), (2,10), (1,10), (1,10), (2,3), (7,4), (5,9)
Cerrados = (3,8), (3,9), (3,7), (3,6), (4,7), (4,6), (5,7), (2,8), (2,7), (3,10), (5,6), (3,5), (1,7), (1,8), (5,5), (2,9), (2,5), (5,8), (6,5), (5,4), (1,9), (2,10), (7,5), (1,5), (1,4), (1,3)
------------------------
Iteración 27
-----------
Abiertos = (1,2), (8,4), (5,3), (2,10), (1,10), (1,10), (2,3), (7,4), (8,6), (5,9)
Cerrados = (3,8), (3,9), (3,7), (3,6), (4,7), (4,6), (5,7), (2,8), (2,7), (3,10), (5,6), (3,5), (1,7), (1,8), (5,5), (2,9), (2,5), (5,8), (6,5), (5,4), (1,9), (2,10), (7,5), (1,5), (1,4), (1,3), (8,5)
------------------------
Iteración 28
-----------
Abiertos = (1,2), (8,3), (5,3), (2,10), (1,10), (1,10), (2,3), (7,4), (8,6), (5,9), (7,4)
Cerrados = (3,8), (3,9), (3,7), (3,6), (4,7), (4,6), (5,7), (2,8), (2,7), (3,10), (5,6), (3,5), (1,7), (1,8), (5,5), (2,9), (2,5), (5,8), (6,5), (5,4), (1,9), (2,10), (7,5), (1,5), (1,4), (1,3), (8,5), (8,4)
------------------------
Iteración 29
-----------
Abiertos = (1,2), (9,3), (8,2), (5,3), (2,10), (1,10), (1,10), (2,3), (7,4), (8,6), (5,9), (7,3), (7,4)
Cerrados = (3,8), (3,9), (3,7), (3,6), (4,7), (4,6), (5,7), (2,8), (2,7), (3,10), (5,6), (3,5), (1,7), (1,8), (5,5), (2,9), (2,5), (5,8), (6,5), (5,4), (1,9), (2,10), (7,5), (1,5), (1,4), (1,3), (8,5), (8,4), (8,3)
------------------------
Iteración 30
-----------
Abiertos = (1,2), (8,2), (5,3), (2,10), (1,10), (1,10), (2,3), (10,3), (7,4), (8,6), (5,9), (7,3), (7,4)
Cerrados = (3,8), (3,9), (3,7), (3,6), (4,7), (4,6), (5,7), (2,8), (2,7), (3,10), (5,6), (3,5), (1,7), (1,8), (5,5), (2,9), (2,5), (5,8), (6,5), (5,4), (1,9), (2,10), (7,5), (1,5), (1,4), (1,3), (8,5), (8,4), (8,3), (9,3)
------------------------
Iteración 31
-----------
Abiertos = (1,2), (5,3), (2,10), (1,10), (1,10), (2,3), (10,3), (7,4), (8,1), (8,6), (5,9), (7,2), (7,3), (7,4)
Cerrados = (3,8), (3,9), (3,7), (3,6), (4,7), (4,6), (5,7), (2,8), (2,7), (3,10), (5,6), (3,5), (1,7), (1,8), (5,5), (2,9), (2,5), (5,8), (6,5), (5,4), (1,9), (2,10), (7,5), (1,5), (1,4), (1,3), (8,5), (8,4), (8,3), (9,3), (8,2)
------------------------
Iteración 32
-----------
Abiertos = (5,3), (2,10), (1,10), (1,10), (2,2), (2,3), (10,3), (7,4), (1,1), (8,1), (8,6), (5,9), (7,2), (7,3), (7,4)
Cerrados = (3,8), (3,9), (3,7), (3,6), (4,7), (4,6), (5,7), (2,8), (2,7), (3,10), (5,6), (3,5), (1,7), (1,8), (5,5), (2,9), (2,5), (5,8), (6,5), (5,4), (1,9), (2,10), (7,5), (1,5), (1,4), (1,3), (8,5), (8,4), (8,3), (9,3), (8,2), (1,2)
------------------------
Iteración 33
-----------
Abiertos = (5,2), (1,10), (1,10), (2,2), (2,3), (10,3), (7,4), (1,1), (8,1), (8,6), (4,3), (5,9), (7,2), (7,3), (7,4)
Cerrados = (3,8), (3,9), (3,7), (3,6), (4,7), (4,6), (5,7), (2,8), (2,7), (3,10), (5,6), (3,5), (1,7), (1,8), (5,5), (2,9), (2,5), (5,8), (6,5), (5,4), (1,9), (2,10), (7,5), (1,5), (1,4), (1,3), (8,5), (8,4), (8,3), (9,3), (8,2), (1,2), (5,3)
------------------------
Iteración 34
-----------
Abiertos = (5,2), (1,10), (2,2), (2,3), (10,3), (7,4), (1,1), (8,1), (8,6), (4,3), (5,9), (7,2), (7,3), (7,4)
Cerrados = (3,8), (3,9), (3,7), (3,6), (4,7), (4,6), (5,7), (2,8), (2,7), (3,10), (5,6), (3,5), (1,7), (1,8), (5,5), (2,9), (2,5), (5,8), (6,5), (5,4), (1,9), (2,10), (7,5), (1,5), (1,4), (1,3), (8,5), (8,4), (8,3), (9,3), (8,2), (1,2), (5,3), (1,10)
------------------------
Iteración 35
-----------
Abiertos = (1,10), (2,2), (2,3), (10,3), (6,2), (7,4), (1,1), (8,1), (4,2), (8,6), (4,3), (5,9), (7,2), (7,3), (7,4)
Cerrados = (3,8), (3,9), (3,7), (3,6), (4,7), (4,6), (5,7), (2,8), (2,7), (3,10), (5,6), (3,5), (1,7), (1,8), (5,5), (2,9), (2,5), (5,8), (6,5), (5,4), (1,9), (2,10), (7,5), (1,5), (1,4), (1,3), (8,5), (8,4), (8,3), (9,3), (8,2), (1,2), (5,3), (1,10), (5,2)
------------------------
Iteración 36
-----------
Abiertos = (2,3), (10,3), (6,2), (7,4), (1,1), (8,1), (4,2), (8,6), (4,3), (5,9), (2,1), (7,2), (7,3), (7,4), (2,3)
Cerrados = (3,8), (3,9), (3,7), (3,6), (4,7), (4,6), (5,7), (2,8), (2,7), (3,10), (5,6), (3,5), (1,7), (1,8), (5,5), (2,9), (2,5), (5,8), (6,5), (5,4), (1,9), (2,10), (7,5), (1,5), (1,4), (1,3), (8,5), (8,4), (8,3), (9,3), (8,2), (1,2), (5,3), (1,10), (5,2), (2,2)
------------------------
Iteración 37
-----------
Abiertos = (2,3), (10,2), (6,2), (7,4), (1,1), (8,1), (4,2), (8,6), (4,3), (5,9), (2,1), (11,3), (7,2), (7,3), (7,4), (2,3), (10,4)
Cerrados = (3,8), (3,9), (3,7), (3,6), (4,7), (4,6), (5,7), (2,8), (2,7), (3,10), (5,6), (3,5), (1,7), (1,8), (5,5), (2,9), (2,5), (5,8), (6,5), (5,4), (1,9), (2,10), (7,5), (1,5), (1,4), (1,3), (8,5), (8,4), (8,3), (9,3), (8,2), (1,2), (5,3), (1,10), (5,2), (2,2), (10,3)
------------------------
Iteración 38
-----------
Abiertos = (10,2), (6,2), (7,4), (1,1), (8,1), (4,2), (8,6), (4,3), (3,3), (5,9), (2,1), (11,3), (7,2), (7,3), (7,4), (2,3), (10,4)
Cerrados = (3,8), (3,9), (3,7), (3,6), (4,7), (4,6), (5,7), (2,8), (2,7), (3,10), (5,6), (3,5), (1,7), (1,8), (5,5), (2,9), (2,5), (5,8), (6,5), (5,4), (1,9), (2,10), (7,5), (1,5), (1,4), (1,3), (8,5), (8,4), (8,3), (9,3), (8,2), (1,2), (5,3), (1,10), (5,2), (2,2), (10,3), (2,3)
------------------------
Iteración 39
-----------
Abiertos = (10,2), (7,4), (1,1), (8,1), (4,2), (8,6), (4,3), (3,3), (5,9), (7,2), (2,1), (11,3), (7,2), (7,3), (7,4), (2,3), (10,4), (6,1)
Cerrados = (3,8), (3,9), (3,7), (3,6), (4,7), (4,6), (5,7), (2,8), (2,7), (3,10), (5,6), (3,5), (1,7), (1,8), (5,5), (2,9), (2,5), (5,8), (6,5), (5,4), (1,9), (2,10), (7,5), (1,5), (1,4), (1,3), (8,5), (8,4), (8,3), (9,3), (8,2), (1,2), (5,3), (1,10), (5,2), (2,2), (10,3), (2,3), (6,2)
------------------------
Iteración 40
-----------
Abiertos = (10,2), (1,1), (8,1), (4,2), (8,6), (4,3), (3,3), (5,9), (7,2), (7,3), (2,1), (11,3), (7,2), (7,3), (7,4), (2,3), (10,4), (6,1)
Cerrados = (3,8), (3,9), (3,7), (3,6), (4,7), (4,6), (5,7), (2,8), (2,7), (3,10), (5,6), (3,5), (1,7), (1,8), (5,5), (2,9), (2,5), (5,8), (6,5), (5,4), (1,9), (2,10), (7,5), (1,5), (1,4), (1,3), (8,5), (8,4), (8,3), (9,3), (8,2), (1,2), (5,3), (1,10), (5,2), (2,2), (10,3), (2,3), (6,2), (7,4)
------------------------
Camino: (3,8) -> (3,7) -> (3,6) -> (4,6) -> (5,6) -> (5,5) -> (6,5) -> (7,5) -> (8,5) -> (8,4) -> (8,3) -> (9,3) -> (10,3) -> (10,2)
Coste: 47
Iteración 0
-----------
Abiertos = (3,8)
Cerrados = 
------------------------
Iteración 1
-----------
Abiertos = (3,7), (3,9), (2,8)
Cerrados = (3,8)
------------------------
Iteración 2
-----------
Abiertos = (3,7), (2,8), (3,10), (2,9)
Cerrados = (3,8), (3,9)
------------------------
Iteración 3
-----------
Abiertos = (3,7), (2,7), (3,10), (2,9), (1,8), (2,9)
Cerrados = (3,8), (3,9), (2,8)
------------------------
Iteración 4
-----------
Abiertos = (3,7), (3,10), (3,7), (1,7), (1,8), (2,9), (2,9)
Cerrados = (3,8), (3,9), (2,8), (2,7)
------------------------
Iteración 5
-----------
Abiertos = (4,7), (3,6), (3,10), (3,7), (1,7), (1,8), (2,9), (2,9)
Cerrados = (3,8), (3,9), (2,8), (2,7), (3,7)
------------------------
Iteración 6
-----------
Abiertos = (4,7), (4,6), (3,10), (3,5), (3,7), (1,7), (1,8), (2,9), (2,9)
Cerrados = (3,8), (3,9), (2,8), (2,7), (3,7), (3,6)
------------------------
Iteración 7
-----------
Abiertos = (4,7), (3,10), (5,6), (3,5), (4,7), (3,7), (1,7), (1,8), (2,9), (2,9)
Cerrados = (3,8), (3,9), (2,8), (2,7), (3,7), (3,6), (4,6)
------------------------
Iteración 8
-----------
Abiertos = (5,7), (3,10), (5,6), (3,5), (4,7), (3,7), (1,7), (1,8), (2,9), (2,9)
Cerrados = (3,8), (3,9), (2,8), (2,7), (3,7), (3,6), (4,6), (4,7)
------------------------
Iteración 9
-----------
Abiertos = (5,7), (5,6), (3,5), (4,7), (3,7), (1,7), (1,8), (2,9), (2,9), (2,10)
Cerrados = (3,8), (3,9), (2,8), (2,7), (3,7), (3,6), (4,6), (4,7), (3,10)
------------------------
Iteración 10
-----------
Abiertos = (5,6), (5,6), (3,5), (4,7), (3,7), (1,7), (1,8), (2,9), (5,8), (2,9), (2,10)
Cerrados = (3,8), (3,9), (2,8), (2,7), (3,7), (3,6), (4,6), (4,7), (3,10), (5,7)
------------------------
Iteración 11
-----------
Abiertos = (5,6), (3,5), (4,7), (3,7), (1,7), (1,8), (2,9), (5,5), (5,8), (2,9), (2,10)
Cerrados = (3,8), (3,9), (2,8), (2,7), (3,7), (3,6), (4,6), (4,7), (3,10), (5,7), (5,6)
------------------------
Iteración 12
-----------
Abiertos = (5,6), (4,7), (3,7), (1,7), (1,8), (2,9), (5,5), (2,5), (5,8), (2,9), (2,10)
Cerrados = (3,8), (3,9), (2,8), (2,7), (3,7), (3,6), (4,6), (4,7), (3,10), (5,7), (5,6), (3,5)
------------------------
Iteración 13
-----------
Abiertos = (3,7), (1,8), (2,9), (5,5), (2,5), (5,8), (2,9), (1,8), (2,10)
Cerrados = (3,8), (3,9), (2,8), (2,7), (3,7), (3,6), (4,6), (4,7), (3,10), (5,7), (5,6), (3,5), (1,7)
------------------------
Iteración 14
-----------
Abiertos = (3,7), (2,9), (5,5), (2,5), (5,8), (2,9), (1,8), (2,10), (1,9)
Cerrados = (3,8), (3,9), (2,8), (2,7), (3,7), (3,6), (4,6), (4,7), (3,10), (5,7), (5,6), (3,5), (1,7), (1,8)
------------------------
Iteración 15
-----------
Abiertos = (3,7), (5,5), (2,5), (5,8), (2,9), (1,8), (2,10), (1,9), (1,9), (2,10)
Cerrados = (3,8), (3,9), (2,8), (2,7), (3,7), (3,6), (4,6), (4,7), (3,10), (5,7), (5,6), (3,5), (1,7), (1,8), (2,9)
------------------------
Iteración 16
-----------
Abiertos = (5,8), (2,5), (2,9), (6,5), (5,4), (1,8), (1,9), (1,9), (2,10), (2,10)
Cerrados = (3,8), (3,9), (2,8), (2,7), (3,7), (3,6), (4,6), (4,7), (3,10), (5,7), (5,6), (3,5), (1,7), (1,8), (2,9), (5,5)
------------------------
Iteración 17
-----------
Abiertos = (2,5), (2,9), (6,5), (5,4), (1,8), (2,10), (1,9), (1,9), (2,10), (5,9)
Cerrados = (3,8), (3,9), (2,8), (2,7), (3,7), (3,6), (4,6), (4,7), (3,10), (5,7), (5,6), (3,5), (1,7), (1,8), (2,9), (5,5), (5,8)
------------------------
Iteración 18
-----------
Abiertos = (2,5), (5,4), (1,8), (2,10), (1,9), (1,9), (7,5), (2,10), (5,9)
Cerrados = (3,8), (3,9), (2,8), (2,7), (3,7), (3,6), (4,6), (4,7), (3,10), (5,7), (5,6), (3,5), (1,7), (1,8), (2,9), (5,5), (5,8), (6,5)
------------------------
Iteración 19
-----------
Abiertos = (2,5), (1,8), (2,10), (1,9), (1,9), (7,5), (5,3), (2,10), (5,9)
Cerrados = (3,8), (3,9), (2,8), (2,7), (3,7), (3,6), (4,6), (4,7), (3,10), (5,7), (5,6), (3,5), (1,7), (1,8), (2,9), (5,5), (5,8), (6,5), (5,4)
------------------------
Iteración 20
-----------
Abiertos = (1,8), (2,10), (1,9), (1,9), (1,5), (7,5), (5,3), (2,10), (5,9)
Cerrados = (3,8), (3,9), (2,8), (2,7), (3,7), (3,6), (4,6), (4,7), (3,10), (5,7), (5,6), (3,5), (1,7), (1,8), (2,9), (5,5), (5,8), (6,5), (5,4), (2,5)
------------------------
Iteración 21
-----------
Abiertos = (1,8), (1,9), (1,9), (1,5), (7,5), (5,3), (2,10), (1,10), (5,9)
Cerrados = (3,8), (3,9), (2,8), (2,7), (3,7), (3,6), (4,6), (4,7), (3,10), (5,7), (5,6), (3,5), (1,7), (1,8), (2,9), (5,5), (5,8), (6,5), (5,4), (2,5), (2,10)
------------------------
Iteración 22
-----------
Abiertos = (1,8), (1,9), (1,5), (7,5), (5,3), (2,10), (1,10), (1,10), (5,9)
Cerrados = (3,8), (3,9), (2,8), (2,7), (3,7), (3,6), (4,6), (4,7), (3,10), (5,7), (5,6), (3,5), (1,7), (1,8), (2,9), (5,5), (5,8), (6,5), (5,4), (2,5), (2,10), (1,9)
------------------------
Iteración 23
-----------
Abiertos = (1,5), (8,5), (5,3), (2,10), (1,10), (1,10), (7,4), (5,9)
Cerrados = (3,8), (3,9), (2,8), (2,7), (3,7), (3,6), (4,6), (4,7), (3,10), (5,7), (5,6), (3,5), (1,7), (1,8), (2,9), (5,5), (5,8), (6,5), (5,4), (2,5), (2,10), (1,9), (7,5)
------------------------
Iteración 24
-----------
Abiertos = (1,5), (8,4), (5,3), (2,10), (1,10), (1,10), (7,4), (8,6), (5,9)
Cerrados = (3,8), (3,9), (2,8), (2,7), (3,7), (3,6), (4,6), (4,7), (3,10), (5,7), (5,6), (3,5), (1,7), (1,8), (2,9), (5,5), (5,8), (6,5), (5,4), (2,5), (2,10), (1,9), (7,5), (8,5)
------------------------
Iteración 25
-----------
Abiertos = (1,5), (8,3), (5,3), (2,10), (1,10), (1,10), (7,4), (8,6), (5,9), (7,4)
Cerrados = (3,8), (3,9), (2,8), (2,7), (3,7), (3,6), (4,6), (4,7), (3,10), (5,7), (5,6), (3,5), (1,7), (1,8), (2,9), (5,5), (5,8), (6,5), (5,4), (2,5), (2,10), (1,9), (7,5), (8,5), (8,4)
------------------------
Iteración 26
-----------
Abiertos = (1,4), (8,3), (5,3), (2,10), (1,10), (1,10), (7,4), (8,6), (5,9), (7,4)
Cerrados = (3,8), (3,9), (2,8), (2,7), (3,7), (3,6), (4,6), (4,7), (3,10), (5,7), (5,6), (3,5), (1,7), (1,8), (2,9), (5,5), (5,8), (6,5), (5,4), (2,5), (2,10), (1,9), (7,5), (8,5), (8,4), (1,5)
------------------------
Iteración 27
-----------
Abiertos = (1,4), (8,2), (9,3), (5,3), (2,10), (1,10), (1,10), (7,4), (8,6), (5,9), (7,3), (7,4)
Cerrados = (3,8), (3,9), (2,8), (2,7), (3,7), (3,6), (4,6), (4,7), (3,10), (5,7), (5,6), (3,5), (1,7), (1,8), (2,9), (5,5), (5,8), (6,5), (5,4), (2,5), (2,10), (1,9), (7,5), (8,5), (8,4), (1,5), (8,3)
------------------------
Iteración 28
-----------
Abiertos = (1,3), (9,3), (8,2), (5,3), (2,10), (1,10), (1,10), (7,4), (8,6), (5,9), (7,3), (7,4)
Cerrados = (3,8), (3,9), (2,8), (2,7), (3,7), (3,6), (4,6), (4,7), (3,10), (5,7), (5,6), (3,5), (1,7), (1,8), (2,9), (5,5), (5,8), (6,5), (5,4), (2,5), (2,10), (1,9), (7,5), (8,5), (8,4), (1,5), (8,3), (1,4)
------------------------
Iteración 29
-----------
Abiertos = (1,3), (8,2), (5,3), (2,10), (1,10), (1,10), (10,3), (7,4), (8,6), (5,9), (7,3), (7,4)
Cerrados = (3,8), (3,9), (2,8), (2,7), (3,7), (3,6), (4,6), (4,7), (3,10), (5,7), (5,6), (3,5), (1,7), (1,8), (2,9), (5,5), (5,8), (6,5), (5,4), (2,5), (2,10), (1,9), (7,5), (8,5), (8,4), (1,5), (8,3), (1,4), (9,3)
------------------------
Iteración 30
-----------
Abiertos = (1,3), (5,3), (2,10), (1,10), (1,10), (10,3), (7,4), (8,1), (8,6), (5,9), (7,2), (7,3), (7,4)
Cerrados = (3,8), (3,9), (2,8), (2,7), (3,7), (3,6), (4,6), (4,7), (3,10), (5,7), (5,6), (3,5), (1,7), (1,8), (2,9), (5,5), (5,8), (6,5), (5,4), (2,5), (2,10), (1,9), (7,5), (8,5), (8,4), (1,5), (8,3), (1,4), (9,3), (8,2)
------------------------
Iteración 31
-----------
Abiertos = (1,3), (5,2), (2,10), (1,10), (1,10), (10,3), (7,4), (8,1), (8,6), (4,3), (5,9), (7,2), (7,3), (7,4)
Cerrados = (3,8), (3,9), (2,8), (2,7), (3,7), (3,6), (4,6), (4,7), (3,10), (5,7), (5,6), (3,5), (1,7), (1,8), (2,9), (5,5), (5,8), (6,5), (5,4), (2,5), (2,10), (1,9), (7,5), (8,5), (8,4), (1,5), (8,3), (1,4), (9,3), (8,2), (5,3)
------------------------
Iteración 32
-----------
Abiertos = (1,3), (2,10), (1,10), (1,10), (10,3), (6,2), (7,4), (8,1), (4,2), (8,6), (4,3), (5,9), (7,2), (7,3), (7,4)
Cerrados = (3,8), (3,9), (2,8), (2,7), (3,7), (3,6), (4,6), (4,7), (3,10), (5,7), (5,6), (3,5), (1,7), (1,8), (2,9), (5,5), (5,8), (6,5), (5,4), (2,5), (2,10), (1,9), (7,5), (8,5), (8,4), (1,5), (8,3), (1,4), (9,3), (8,2), (5,3), (5,2)
------------------------
Iteración 33
-----------
Abiertos = (1,2), (2,10), (1,10), (1,10), (2,3), (10,3), (6,2), (7,4), (8,1), (4,2), (8,6), (4,3), (5,9), (7,2), (7,3), (7,4)
Cerrados = (3,8), (3,9), (2,8), (2,7), (3,7), (3,6), (4,6), (4,7), (3,10), (5,7), (5,6), (3,5), (1,7), (1,8), (2,9), (5,5), (5,8), (6,5), (5,4), (2,5), (2,10), (1,9), (7,5), (8,5), (8,4), (1,5), (8,3), (1,4), (9,3), (8,2), (5,3), (5,2), (1,3)
------------------------
Iteración 34
-----------
Abiertos = (2,10), (1,10), (1,10), (2,2), (2,3), (10,3), (6,2), (7,4), (1,1), (8,1), (4,2), (8,6), (4,3), (5,9), (7,2), (7,3), (7,4)
Cerrados = (3,8), (3,9), (2,8), (2,7), (3,7), (3,6), (4,6), (4,7), (3,10), (5,7), (5,6), (3,5), (1,7), (1,8), (2,9), (5,5), (5,8), (6,5), (5,4), (2,5), (2,10), (1,9), (7,5), (8,5), (8,4), (1,5), (8,3), (1,4), (9,3), (8,2), (5,3), (5,2), (1,3), (1,2)
------------------------
Iteración 35
-----------
Abiertos = (2,10), (1,10), (2,2), (2,3), (10,3), (6,2), (7,4), (1,1), (8,1), (4,2), (8,6), (4,3), (5,9), (7,2), (7,3), (7,4)
Cerrados = (3,8), (3,9), (2,8), (2,7), (3,7), (3,6), (4,6), (4,7), (3,10), (5,7), (5,6), (3,5), (1,7), (1,8), (2,9), (5,5), (5,8), (6,5), (5,4), (2,5), (2,10), (1,9), (7,5), (8,5), (8,4), (1,5), (8,3), (1,4), (9,3), (8,2), (5,3), (5,2), (1,3), (1,2), (1,10)
------------------------
Iteración 36
-----------
Abiertos = (2,3), (10,3), (6,2), (7,4), (1,1), (8,1), (4,2), (8,6), (4,3), (5,9), (2,1), (7,2), (7,3), (7,4), (2,3)
Cerrados = (3,8), (3,9), (2,8), (2,7), (3,7), (3,6), (4,6), (4,7), (3,10), (5,7), (5,6), (3,5), (1,7), (1,8), (2,9), (5,5), (5,8), (6,5), (5,4), (2,5), (2,10), (1,9), (7,5), (8,5), (8,4), (1,5), (8,3), (1,4), (9,3), (8,2), (5,3), (5,2), (1,3), (1,2), (1,10), (2,2)
------------------------
Iteración 37
-----------
Abiertos = (2,3), (10,2), (6,2), (7,4), (1,1), (8,1), (4,2), (8,6), (4,3), (5,9), (2,1), (11,3), (7,2), (7,3), (7,4), (2,3), (10,4)
Cerrados = (3,8), (3,9), (2,8), (2,7), (3,7), (3,6), (4,6), (4,7), (3,10), (5,7), (5,6), (3,5), (1,7), (1,8), (2,9), (5,5), (5,8), (6,5), (5,4), (2,5), (2,10), (1,9), (7,5), (8,5), (8,4), (1,5), (8,3), (1,4), (9,3), (8,2), (5,3), (5,2), (1,3), (1,2), (1,10), (2,2), (10,3)
------------------------
Camino: (3,8) -> (3,7) -> (3,6) -> (4,6) -> (5,6) -> (5,5) -> (6,5) -> (7,5) -> (8,5) -> (8,4) -> (8,3) -> (9,3) -> (10,3) -> (10,2)
Coste: 47
Iteración 0
-----------
Abiertos = (3,8)
Cerrados = 
------------------------
Iteración 1
-----------
Abiertos = (3,7), (3,9), (2,8)
Cerrados = (3,8)
------------------------
Iteración 2
-----------
Abiertos = (4,7), (3,9), (3,6), (2,7), (2,8)
Cerrados = (3,8), (3,7)
------------------------
Iteración 3
-----------
Abiertos = (4,6), (3,9), (5,7), (3,6), (2,7), (2,8)
Cerrados = (3,8), (3,7), (4,7)
------------------------
Iteración 4
-----------
Abiertos = (3,9), (5,6), (5,7), (3,6), (2,7), (2,8), (3,6)
Cerrados = (3,8), (3,7), (4,7), (4,6)
------------------------
Iteración 5
-----------
Abiertos = (3,9), (5,7), (3,6), (2,7), (2,8), (5,5), (3,6), (5,7)
Cerrados = (3,8), (3,7), (4,7), (4,6), (5,6)
------------------------
Iteración 6
-----------
Abiertos = (3,9), (3,6), (2,7), (2,8), (5,5), (3,6), (5,7), (5,8)
Cerrados = (3,8), (3,7), (4,7), (4,6), (5,6), (5,7)
------------------------
Iteración 7
-----------
Abiertos = (3,6), (2,7), (2,8), (3,10), (5,5), (3,6), (2,9), (5,7), (5,8)
Cerrados = (3,8), (3,7), (4,7), (4,6), (5,6), (5,7), (3,9)
------------------------
Iteración 8
-----------
Abiertos = (3,6), (2,8), (3,10), (5,5), (3,6), (1,7), (2,9), (5,7), (5,8), (2,8)
Cerrados = (3,8), (3,7), (4,7), (4,6), (5,6), (5,7), (3,9), (2,7)
------------------------
Iteración 9
-----------
Abiertos = (2,8), (3,10), (5,5), (3,5), (3,6), (1,7), (2,9), (5,7), (5,8), (2,8)
Cerrados = (3,8), (3,7), (4,7), (4,6), (5,6), (5,7), (3,9), (2,7), (3,6)
------------------------
Iteración 10
-----------
Abiertos = (3,10), (5,5), (3,5), (3,6), (1,7), (2,9), (1,8), (5,7), (5,8), (2,8), (2,9)
Cerrados = (3,8), (3,7), (4,7), (4,6), (5,6), (5,7), (3,9), (2,7), (3,6), (2,8)
------------------------
Iteración 11
-----------
Abiertos = (5,5), (3,5), (3,6), (1,7), (2,9), (1,8), (5,7), (5,8), (2,8), (2,9), (2,10)
Cerrados = (3,8), (3,7), (4,7), (4,6), (5,6), (5,7), (3,9), (2,7), (3,6), (2,8), (3,10)
------------------------
Iteración 12
-----------
Abiertos = (5,5), (3,6), (1,7), (2,9), (1,8), (5,7), (5,8), (2,5), (2,8), (2,9), (2,10)
Cerrados = (3,8), (3,7), (4,7), (4,6), (5,6), (5,7), (3,9), (2,7), (3,6), (2,8), (3,10), (3,5)
------------------------
Iteración 13
-----------
Abiertos = (3,6), (1,7), (2,9), (1,8), (6,5), (5,4), (5,7), (5,8), (2,5), (2,8), (2,9), (2,10)
Cerrados = (3,8), (3,7), (4,7), (4,6), (5,6), (5,7), (3,9), (2,7), (3,6), (2,8), (3,10), (3,5), (5,5)
------------------------
Iteración 14
-----------
Abiertos = (1,7), (1,8), (6,5), (5,4), (5,7), (5,8), (2,5), (2,8), (2,9), (1,9), (2,10), (2,10)
Cerrados = (3,8), (3,7), (4,7), (4,6), (5,6), (5,7), (3,9), (2,7), (3,6), (2,8), (3,10), (3,5), (5,5), (2,9)
------------------------
Iteración 15
-----------
Abiertos = (1,8), (6,5), (5,4), (5,7), (5,8), (2,5), (2,8), (2,9), (1,8), (1,9), (2,10), (2,10)
Cerrados = (3,8), (3,7), (4,7), (4,6), (5,6), (5,7), (3,9), (2,7), (3,6), (2,8), (3,10), (3,5), (5,5), (2,9), (1,7)
------------------------
Iteración 16
-----------
Abiertos = (5,4), (6,5), (5,7), (5,8), (2,5), (2,8), (2,9), (1,8), (1,9), (2,10), (1,9), (2,10)
Cerrados = (3,8), (3,7), (4,7), (4,6), (5,6), (5,7), (3,9), (2,7), (3,6), (2,8), (3,10), (3,5), (5,5), (2,9), (1,7), (1,8)
------------------------
Iteración 17
-----------
Abiertos = (5,4), (5,7), (5,8), (2,5), (2,8), (2,9), (7,5), (1,8), (1,9), (2,10), (1,9), (2,10)
Cerrados = (3,8), (3,7), (4,7), (4,6), (5,6), (5,7), (3,9), (2,7), (3,6), (2,8), (3,10), (3,5), (5,5), (2,9), (1,7), (1,8), (6,5)
------------------------
Iteración 18
-----------
Abiertos = (5,7), (5,8), (2,5), (2,8), (2,9), (7,5), (5,3), (1,8), (2,10), (1,9), (1,9), (2,10)
Cerrados = (3,8), (3,7), (4,7), (4,6), (5,6), (5,7), (3,9), (2,7), (3,6), (2,8), (3,10), (3,5), (5,5), (2,9), (1,7), (1,8), (6,5), (5,4)
------------------------
Iteración 19
-----------
Abiertos = (5,7), (2,5), (2,8), (2,9), (7,5), (5,3), (1,8), (1,9), (1,9), (2,10), (2,10), (5,9)
Cerrados = (3,8), (3,7), (4,7), (4,6), (5,6), (5,7), (3,9), (2,7), (3,6), (2,8), (3,10), (3,5), (5,5), (2,9), (1,7), (1,8), (6,5), (5,4), (5,8)
------------------------
Iteración 20
-----------
Abiertos = (2,5), (5,2), (7,5), (1,8), (1,9), (1,9), (2,10), (2,10), (4,3), (5,9)
Cerrados = (3,8), (3,7), (4,7), (4,6), (5,6), (5,7), (3,9), (2,7), (3,6), (2,8), (3,10), (3,5), (5,5), (2,9), (1,7), (1,8), (6,5), (5,4), (5,8), (5,3)
------------------------
Iteración 21
-----------
Abiertos = (5,2), (7,5), (1,8), (1,9), (1,9), (2,10), (1,5), (2,10), (4,3), (5,9)
Cerrados = (3,8), (3,7), (4,7), (4,6), (5,6), (5,7), (3,9), (2,7), (3,6), (2,8), (3,10), (3,5), (5,5), (2,9), (1,7), (1,8), (6,5), (5,4), (5,8), (5,3), (2,5)
------------------------
Iteración 22
-----------
Abiertos = (5,2), (8,5), (1,8), (1,9), (1,9), (2,10), (1,5), (7,4), (2,10), (4,3), (5,9)
Cerrados = (3,8), (3,7), (4,7), (4,6), (5,6), (5,7), (3,9), (2,7), (3,6), (2,8), (3,10), (3,5), (5,5), (2,9), (1,7), (1,8), (6,5), (5,4), (5,8), (5,3), (2,5), (7,5)
------------------------
Iteración 23
-----------
Abiertos = (8,5), (1,8), (1,9), (1,9), (2,10), (1,5), (6,2), (7,4), (2,10), (4,2), (4,3), (5,9)
Cerrados = (3,8), (3,7), (4,7), (4,6), (5,6), (5,7), (3,9), (2,7), (3,6), (2,8), (3,10), (3,5), (5,5), (2,9), (1,7), (1,8), (6,5), (5,4), (5,8), (5,3), (2,5), (7,5), (5,2)
------------------------
Iteración 24
-----------
Abiertos = (8,4), (1,9), (2,10), (1,9), (1,5), (6,2), (7,4), (2,10), (4,2), (8,6), (4,3), (5,9)
Cerrados = (3,8), (3,7), (4,7), (4,6), (5,6), (5,7), (3,9), (2,7), (3,6), (2,8), (3,10), (3,5), (5,5), (2,9), (1,7), (1,8), (6,5), (5,4), (5,8), (5,3), (2,5), (7,5), (5,2), (8,5)
------------------------
Iteración 25
-----------
Abiertos = (8,4), (2,10), (1,9), (1,5), (6,2), (7,4), (2,10), (4,2), (8,6), (4,3), (1,10), (5,9)
Cerrados = (3,8), (3,7), (4,7), (4,6), (5,6), (5,7), (3,9), (2,7), (3,6), (2,8), (3,10), (3,5), (5,5), (2,9), (1,7), (1,8), (6,5), (5,4), (5,8), (5,3), (2,5), (7,5), (5,2), (8,5), (1,9)
------------------------
Iteración 26
-----------
Abiertos = (8,4), (1,9), (1,5), (6,2), (7,4), (2,10), (4,2), (8,6), (4,3), (1,10), (1,10), (5,9)
Cerrados = (3,8), (3,7), (4,7), (4,6), (5,6), (5,7), (3,9), (2,7), (3,6), (2,8), (3,10), (3,5), (5,5), (2,9), (1,7), (1,8), (6,5), (5,4), (5,8), (5,3), (2,5), (7,5), (5,2), (8,5), (1,9), (2,10)
------------------------
Iteración 27
-----------
Abiertos = (8,3), (1,5), (6,2), (7,4), (2,10), (4,2), (8,6), (4,3), (1,10), (1,10), (7,4), (5,9)
Cerrados = (3,8), (3,7), (4,7), (4,6), (5,6), (5,7), (3,9), (2,7), (3,6), (2,8), (3,10), (3,5), (5,5), (2,9), (1,7), (1,8), (6,5), (5,4), (5,8), (5,3), (2,5), (7,5), (5,2), (8,5), (1,9), (2,10), (8,4)
------------------------
Iteración 28
-----------
Abiertos = (8,2), (9,3), (1,5), (6,2), (7,4), (2,10), (4,2), (8,6), (4,3), (1,10), (1,10), (7,3), (7,4), (5,9)
Cerrados = (3,8), (3,7), (4,7), (4,6), (5,6), (5,7), (3,9), (2,7), (3,6), (2,8), (3,10), (3,5), (5,5), (2,9), (1,7), (1,8), (6,5), (5,4), (5,8), (5,3), (2,5), (7,5), (5,2), (8,5), (1,9), (2,10), (8,4), (8,3)
------------------------
Iteración 29
-----------
Abiertos = (9,3), (1,5), (6,2), (7,4), (2,10), (8,1), (4,2), (8,6), (4,3), (1,10), (1,10), (7,2), (7,3), (7,4), (5,9)
Cerrados = (3,8), (3,7), (4,7), (4,6), (5,6), (5,7), (3,9), (2,7), (3,6), (2,8), (3,10), (3,5), (5,5), (2,9), (1,7), (1,8), (6,5), (5,4), (5,8), (5,3), (2,5), (7,5), (5,2), (8,5), (1,9), (2,10), (8,4), (8,3), (8,2)
------------------------
Iteración 30
-----------
Abiertos = (9,3), (1,4), (6,2), (7,4), (2,10), (8,1), (4,2), (8,6), (4,3), (1,10), (1,10), (7,2), (7,3), (7,4), (5,9)
Cerrados = (3,8), (3,7), (4,7), (4,6), (5,6), (5,7), (3,9), (2,7), (3,6), (2,8), (3,10), (3,5), (5,5), (2,9), (1,7), (1,8), (6,5), (5,4), (5,8), (5,3), (2,5), (7,5), (5,2), (8,5), (1,9), (2,10), (8,4), (8,3), (8,2), (1,5)
------------------------
Iteración 31
-----------
Abiertos = (1,4), (10,3), (6,2), (7,4), (2,10), (8,1), (4,2), (8,6), (4,3), (1,10), (1,10), (7,2), (7,3), (7,4), (5,9)
Cerrados = (3,8), (3,7), (4,7), (4,6), (5,6), (5,7), (3,9), (2,7), (3,6), (2,8), (3,10), (3,5), (5,5), (2,9), (1,7), (1,8), (6,5), (5,4), (5,8), (5,3), (2,5), (7,5), (5,2), (8,5), (1,9), (2,10), (8,4), (8,3), (8,2), (1,5), (9,3)
------------------------
Iteración 32
-----------
Abiertos = (1,4), (10,2), (6,2), (7,4), (2,10), (8,1), (4,2), (8,6), (4,3), (1,10), (1,10), (11,3), (7,2), (7,3), (7,4), (5,9), (10,4)
Cerrados = (3,8), (3,7), (4,7), (4,6), (5,6), (5,7), (3,9), (2,7), (3,6), (2,8), (3,10), (3,5), (5,5), (2,9), (1,7), (1,8), (6,5), (5,4), (5,8), (5,3), (2,5), (7,5), (5,2), (8,5), (1,9), (2,10), (8,4), (8,3), (8,2), (1,5), (9,3), (10,3)
------------------------
Iteración 33
-----------
Abiertos = (1,3), (10,2), (6,2), (7,4), (2,10), (8,1), (4,2), (8,6), (4,3), (1,10), (1,10), (11,3), (7,2), (7,3), (7,4), (5,9), (10,4)
Cerrados = (3,8), (3,7), (4,7), (4,6), (5,6), (5,7), (3,9), (2,7), (3,6), (2,8), (3,10), (3,5), (5,5), (2,9), (1,7), (1,8), (6,5), (5,4), (5,8), (5,3), (2,5), (7,5), (5,2), (8,5), (1,9), (2,10), (8,4), (8,3), (8,2), (1,5), (9,3), (10,3), (1,4)
------------------------
Iteración 34
-----------
Abiertos = (1,2), (10,2), (6,2), (7,4), (2,10), (8,1), (4,2), (8,6), (4,3), (1,10), (1,10), (2,3), (11,3), (7,2), (7,3), (7,4), (5,9), (10,4)
Cerrados = (3,8), (3,7), (4,7), (4,6), (5,6), (5,7), (3,9), (2,7), (3,6), (2,8), (3,10), (3,5), (5,5), (2,9), (1,7), (1,8), (6,5), (5,4), (5,8), (5,3), (2,5), (7,5), (5,2), (8,5), (1,9), (2,10), (8,4), (8,3), (8,2), (1,5), (9,3), (10,3), (1,4), (1,3)
------------------------
Iteración 35
-----------
Abiertos = (10,2), (6,2), (7,4), (2,10), (8,1), (4,2), (8,6), (4,3), (1,10), (1,10), (2,2), (2,3), (1,1), (11,3), (7,2), (7,3), (7,4), (5,9), (10,4)
Cerrados = (3,8), (3,7), (4,7), (4,6), (5,6), (5,7), (3,9), (2,7), (3,6), (2,8), (3,10), (3,5), (5,5), (2,9), (1,7), (1,8), (6,5), (5,4), (5,8), (5,3), (2,5), (7,5), (5,2), (8,5), (1,9), (2,10), (8,4), (8,3), (8,2), (1,5), (9,3), (10,3), (1,4), (1,3), (1,2)
------------------------
Iteración 36
-----------
Abiertos = (10,2), (7,4), (2,10), (8,1), (4,2), (8,6), (4,3), (1,10), (1,10), (2,2), (2,3), (7,2), (1,1), (11,3), (7,2), (7,3), (7,4), (5,9), (10,4), (6,1)
Cerrados = (3,8), (3,7), (4,7), (4,6), (5,6), (5,7), (3,9), (2,7), (3,6), (2,8), (3,10), (3,5), (5,5), (2,9), (1,7), (1,8), (6,5), (5,4), (5,8), (5,3), (2,5), (7,5), (5,2), (8,5), (1,9), (2,10), (8,4), (8,3), (8,2), (1,5), (9,3), (10,3), (1,4), (1,3), (1,2), (6,2)
------------------------
Camino: (3,8) -> (3,7) -> (4,7) -> (4,6) -> (5,6) -> (5,5) -> (6,5) -> (7,5) -> (8,5) -> (8,4) -> (8,3) -> (9,3) -> (10,3) -> (10,2)
Coste: 44
Iteración 0
-----------
Abiertos = (3,8)
Cerrados = 
------------------------
Iteración 1
-----------
Abiertos = (3,7), (3,9), (2,8)
Cerrados = (3,8)
------------------------
Iteración 2
-----------
Abiertos = (4,7), (3,9), (3,6), (2,7), (2,8)
Cerrados = (3,8), (3,7)
------------------------
Iteración 3
-----------
Abiertos = (4,7), (3,6), (2,7), (2,8), (3,10), (2,9)
Cerrados = (3,8), (3,7), (3,9)
------------------------
Iteración 4
-----------
Abiertos = (4,7), (4,6), (2,7), (2,8), (3,10), (3,5), (2,9)
Cerrados = (3,8), (3,7), (3,9), (3,6)
------------------------
Iteración 5
-----------
Abiertos = (4,7), (2,7), (2,8), (3,10), (5,6), (3,5), (4,7), (2,9)
Cerrados = (3,8), (3,7), (3,9), (3,6), (4,6)
------------------------
Iteración 6
-----------
Abiertos = (4,7), (2,8), (3,10), (5,6), (3,5), (4,7), (1,7), (2,9), (2,8)
Cerrados = (3,8), (3,7), (3,9), (3,6), (4,6), (2,7)
------------------------
Iteración 7
-----------
Abiertos = (4,7), (3,10), (5,6), (3,5), (4,7), (1,7), (2,9), (1,8), (2,8), (2,9)
Cerrados = (3,8), (3,7), (3,9), (3,6), (4,6), (2,7), (2,8)
------------------------
Iteración 8
-----------
Abiertos = (4,7), (5,6), (3,5), (4,7), (1,7), (2,9), (1,8), (2,8), (2,9), (2,10)
Cerrados = (3,8), (3,7), (3,9), (3,6), (4,6), (2,7), (2,8), (3,10)
------------------------
Iteración 9
-----------
Abiertos = (4,7), (3,5), (4,7), (1,7), (2,9), (1,8), (5,5), (2,8), (2,9), (2,10), (5,7)
Cerrados = (3,8), (3,7), (3,9), (3,6), (4,6), (2,7), (2,8), (3,10), (5,6)
------------------------
Iteración 10
-----------
Abiertos = (5,7), (3,5), (4,7), (1,7), (2,9), (1,8), (5,5), (2,8), (2,9), (2,10), (5,7)
Cerrados = (3,8), (3,7), (3,9), (3,6), (4,6), (2,7), (2,8), (3,10), (5,6), (4,7)
------------------------
Iteración 11
-----------
Abiertos = (3,5), (4,7), (1,7), (2,9), (1,8), (5,5), (2,8), (2,9), (2,10), (5,7), (5,8)
Cerrados = (3,8), (3,7), (3,9), (3,6), (4,6), (2,7), (2,8), (3,10), (5,6), (4,7), (5,7)
------------------------
Iteración 12
-----------
Abiertos = (1,7), (2,9), (1,8), (5,5), (2,5), (2,8), (2,9), (2,10), (5,7), (5,8)
Cerrados = (3,8), (3,7), (3,9), (3,6), (4,6), (2,7), (2,8), (3,10), (5,6), (4,7), (5,7), (3,5)
------------------------
Iteración 13
-----------
Abiertos = (1,8), (2,9), (5,5), (2,5), (2,8), (2,9), (1,8), (2,10), (5,7), (5,8)
Cerrados = (3,8), (3,7), (3,9), (3,6), (4,6), (2,7), (2,8), (3,10), (5,6), (4,7), (5,7), (3,5), (1,7)
------------------------
Iteración 14
-----------
Abiertos = (2,9), (5,5), (2,5), (2,8), (2,9), (1,8), (1,9), (2,10), (5,7), (5,8)
Cerrados = (3,8), (3,7), (3,9), (3,6), (4,6), (2,7), (2,8), (3,10), (5,6), (4,7), (5,7), (3,5), (1,7), (1,8)
------------------------
Iteración 15
-----------
Abiertos = (5,5), (2,5), (2,8), (2,9), (1,8), (1,9), (2,10), (1,9), (5,7), (2,10), (5,8)
Cerrados = (3,8), (3,7), (3,9), (3,6), (4,6), (2,7), (2,8), (3,10), (5,6), (4,7), (5,7), (3,5), (1,7), (1,8), (2,9)
------------------------
Iteración 16
-----------
Abiertos = (2,5), (2,8), (2,9), (6,5), (5,4), (1,8), (1,9), (1,9), (2,10), (5,7), (2,10), (5,8)
Cerrados = (3,8), (3,7), (3,9), (3,6), (4,6), (2,7), (2,8), (3,10), (5,6), (4,7), (5,7), (3,5), (1,7), (1,8), (2,9), (5,5)
------------------------
Iteración 17
-----------
Abiertos = (2,8), (2,9), (6,5), (5,4), (1,8), (1,9), (1,9), (2,10), (5,7), (1,5), (2,10), (5,8)
Cerrados = (3,8), (3,7), (3,9), (3,6), (4,6), (2,7), (2,8), (3,10), (5,6), (4,7), (5,7), (3,5), (1,7), (1,8), (2,9), (5,5), (2,5)
------------------------
Iteración 18
-----------
Abiertos = (2,8), (5,4), (1,8), (1,9), (1,9), (2,10), (5,7), (1,5), (7,5), (2,10), (5,8)
Cerrados = (3,8), (3,7), (3,9), (3,6), (4,6), (2,7), (2,8), (3,10), (5,6), (4,7), (5,7), (3,5), (1,7), (1,8), (2,9), (5,5), (2,5), (6,5)
------------------------
Iteración 19
-----------
Abiertos = (2,8), (1,8), (1,9), (1,9), (2,10), (5,7), (1,5), (7,5), (5,3), (2,10), (5,8)
Cerrados = (3,8), (3,7), (3,9), (3,6), (4,6), (2,7), (2,8), (3,10), (5,6), (4,7), (5,7), (3,5), (1,7), (1,8), (2,9), (5,5), (2,5), (6,5), (5,4)
------------------------
Iteración 20
-----------
Abiertos = (2,8), (1,9), (2,10), (5,7), (1,5), (7,5), (5,3), (2,10), (1,10), (5,8)
Cerrados = (3,8), (3,7), (3,9), (3,6), (4,6), (2,7), (2,8), (3,10), (5,6), (4,7), (5,7), (3,5), (1,7), (1,8), (2,9), (5,5), (2,5), (6,5), (5,4), (1,9)
------------------------
Iteración 21
-----------
Abiertos = (2,8), (5,7), (1,5), (7,5), (5,3), (2,10), (1,10), (1,10), (5,8)
Cerrados = (3,8), (3,7), (3,9), (3,6), (4,6), (2,7), (2,8), (3,10), (5,6), (4,7), (5,7), (3,5), (1,7), (1,8), (2,9), (5,5), (2,5), (6,5), (5,4), (1,9), (2,10)
------------------------
Iteración 22
-----------
Abiertos = (2,8), (1,4), (7,5), (5,3), (2,10), (1,10), (1,10), (5,8)
Cerrados = (3,8), (3,7), (3,9), (3,6), (4,6), (2,7), (2,8), (3,10), (5,6), (4,7), (5,7), (3,5), (1,7), (1,8), (2,9), (5,5), (2,5), (6,5), (5,4), (1,9), (2,10), (1,5)
------------------------
Iteración 23
-----------
Abiertos = (1,3), (5,3), (7,5), (2,10), (1,10), (1,10), (5,8)
Cerrados = (3,8), (3,7), (3,9), (3,6), (4,6), (2,7), (2,8), (3,10), (5,6), (4,7), (5,7), (3,5), (1,7), (1,8), (2,9), (5,5), (2,5), (6,5), (5,4), (1,9), (2,10), (1,5), (1,4)
------------------------
Iteración 24
-----------
Abiertos = (1,3), (5,2), (7,5), (2,10), (1,10), (1,10), (4,3), (5,8)
Cerrados = (3,8), (3,7), (3,9), (3,6), (4,6), (2,7), (2,8), (3,10), (5,6), (4,7), (5,7), (3,5), (1,7), (1,8), (2,9), (5,5), (2,5), (6,5), (5,4), (1,9), (2,10), (1,5), (1,4), (5,3)
------------------------
Iteración 25
-----------
Abiertos = (1,3), (7,5), (2,10), (1,10), (1,10), (6,2), (4,2), (4,3), (5,8)
Cerrados = (3,8), (3,7), (3,9), (3,6), (4,6), (2,7), (2,8), (3,10), (5,6), (4,7), (5,7), (3,5), (1,7), (1,8), (2,9), (5,5), (2,5), (6,5), (5,4), (1,9), (2,10), (1,5), (1,4), (5,3), (5,2)
------------------------
Iteración 26
-----------
Abiertos = (1,3), (8,5), (2,10), (1,10), (1,10), (6,2), (7,4), (4,2), (4,3), (5,8)
Cerrados = (3,8), (3,7), (3,9), (3,6), (4,6), (2,7), (2,8), (3,10), (5,6), (4,7), (5,7), (3,5), (1,7), (1,8), (2,9), (5,5), (2,5), (6,5), (5,4), (1,9), (2,10), (1,5), (1,4), (5,3), (5,2), (7,5)
------------------------
Iteración 27
-----------
Abiertos = (1,3), (8,4), (2,10), (1,10), (1,10), (6,2), (7,4), (4,2), (8,6), (4,3), (5,8)
Cerrados = (3,8), (3,7), (3,9), (3,6), (4,6), (2,7), (2,8), (3,10), (5,6), (4,7), (5,7), (3,5), (1,7), (1,8), (2,9), (5,5), (2,5), (6,5), (5,4), (1,9), (2,10), (1,5), (1,4), (5,3), (5,2), (7,5), (8,5)
------------------------
Iteración 28
-----------
Abiertos = (1,2), (8,4), (2,10), (1,10), (1,10), (2,3), (6,2), (7,4), (4,2), (8,6), (4,3), (5,8)
Cerrados = (3,8), (3,7), (3,9), (3,6), (4,6), (2,7), (2,8), (3,10), (5,6), (4,7), (5,7), (3,5), (1,7), (1,8), (2,9), (5,5), (2,5), (6,5), (5,4), (1,9), (2,10), (1,5), (1,4), (5,3), (5,2), (7,5), (8,5), (1,3)
------------------------
Iteración 29
-----------
Abiertos = (8,4), (2,10), (1,10), (1,10), (2,2), (2,3), (6,2), (7,4), (1,1), (8,6), (4,2), (4,3), (5,8)
Cerrados = (3,8), (3,7), (3,9), (3,6), (4,6), (2,7), (2,8), (3,10), (5,6), (4,7), (5,7), (3,5), (1,7), (1,8), (2,9), (5,5), (2,5), (6,5), (5,4), (1,9), (2,10), (1,5), (1,4), (5,3), (5,2), (7,5), (8,5), (1,3), (1,2)
------------------------
Iteración 30
-----------
Abiertos = (8,3), (1,10), (1,10), (2,2), (2,3), (6,2), (7,4), (1,1), (8,6), (4,2), (4,3), (5,8), (7,4)
Cerrados = (3,8), (3,7), (3,9), (3,6), (4,6), (2,7), (2,8), (3,10), (5,6), (4,7), (5,7), (3,5), (1,7), (1,8), (2,9), (5,5), (2,5), (6,5), (5,4), (1,9), (2,10), (1,5), (1,4), (5,3), (5,2), (7,5), (8,5), (1,3), (1,2), (8,4)
------------------------
Iteración 31
-----------
Abiertos = (8,2), (9,3), (1,10), (1,10), (2,2), (2,3), (6,2), (7,4), (1,1), (4,2), (8,6), (4,3), (5,8), (7,3), (7,4)
Cerrados = (3,8), (3,7), (3,9), (3,6), (4,6), (2,7), (2,8), (3,10), (5,6), (4,7), (5,7), (3,5), (1,7), (1,8), (2,9), (5,5), (2,5), (6,5), (5,4), (1,9), (2,10), (1,5), (1,4), (5,3), (5,2), (7,5), (8,5), (1,3), (1,2), (8,4), (8,3)
------------------------
Iteración 32
-----------
Abiertos = (9,3), (1,10), (1,10), (2,2), (2,3), (6,2), (7,4), (1,1), (8,1), (8,6), (4,2), (4,3), (5,8), (7,2), (7,3), (7,4)
Cerrados = (3,8), (3,7), (3,9), (3,6), (4,6), (2,7), (2,8), (3,10), (5,6), (4,7), (5,7), (3,5), (1,7), (1,8), (2,9), (5,5), (2,5), (6,5), (5,4), (1,9), (2,10), (1,5), (1,4), (5,3), (5,2), (7,5), (8,5), (1,3), (1,2), (8,4), (8,3), (8,2)
------------------------
Iteración 33
-----------
Abiertos = (9,3), (1,10), (2,2), (2,3), (6,2), (7,4), (1,1), (8,1), (8,6), (4,2), (4,3), (5,8), (7,2), (7,3), (7,4)
Cerrados = (3,8), (3,7), (3,9), (3,6), (4,6), (2,7), (2,8), (3,10), (5,6), (4,7), (5,7), (3,5), (1,7), (1,8), (2,9), (5,5), (2,5), (6,5), (5,4), (1,9), (2,10), (1,5), (1,4), (5,3), (5,2), (7,5), (8,5), (1,3), (1,2), (8,4), (8,3), (8,2), (1,10)
------------------------
Iteración 34
-----------
Abiertos = (1,10), (2,2), (2,3), (10,3), (6,2), (7,4), (1,1), (8,1), (8,6), (4,2), (4,3), (5,8), (7,2), (7,3), (7,4)
Cerrados = (3,8), (3,7), (3,9), (3,6), (4,6), (2,7), (2,8), (3,10), (5,6), (4,7), (5,7), (3,5), (1,7), (1,8), (2,9), (5,5), (2,5), (6,5), (5,4), (1,9), (2,10), (1,5), (1,4), (5,3), (5,2), (7,5), (8,5), (1,3), (1,2), (8,4), (8,3), (8,2), (1,10), (9,3)
------------------------
Iteración 35
-----------
Abiertos = (2,2), (10,3), (6,2), (7,4), (1,1), (8,1), (8,6), (4,2), (4,3), (2,2), (3,3), (5,8), (7,2), (7,3), (7,4)
Cerrados = (3,8), (3,7), (3,9), (3,6), (4,6), (2,7), (2,8), (3,10), (5,6), (4,7), (5,7), (3,5), (1,7), (1,8), (2,9), (5,5), (2,5), (6,5), (5,4), (1,9), (2,10), (1,5), (1,4), (5,3), (5,2), (7,5), (8,5), (1,3), (1,2), (8,4), (8,3), (8,2), (1,10), (9,3), (2,3)
------------------------
Iteración 36
-----------
Abiertos = (10,3), (6,2), (7,4), (1,1), (8,1), (8,6), (4,2), (4,3), (2,2), (3,3), (5,8), (2,1), (7,2), (7,3), (7,4)
Cerrados = (3,8), (3,7), (3,9), (3,6), (4,6), (2,7), (2,8), (3,10), (5,6), (4,7), (5,7), (3,5), (1,7), (1,8), (2,9), (5,5), (2,5), (6,5), (5,4), (1,9), (2,10), (1,5), (1,4), (5,3), (5,2), (7,5), (8,5), (1,3), (1,2), (8,4), (8,3), (8,2), (1,10), (9,3), (2,3), (2,2)
------------------------
Iteración 37
-----------
Abiertos = (10,2), (6,2), (7,4), (1,1), (8,1), (8,6), (4,2), (4,3), (2,2), (3,3), (5,8), (2,1), (11,3), (7,2), (7,3), (7,4), (10,4)
Cerrados = (3,8), (3,7), (3,9), (3,6), (4,6), (2,7), (2,8), (3,10), (5,6), (4,7), (5,7), (3,5), (1,7), (1,8), (2,9), (5,5), (2,5), (6,5), (5,4), (1,9), (2,10), (1,5), (1,4), (5,3), (5,2), (7,5), (8,5), (1,3), (1,2), (8,4), (8,3), (8,2), (1,10), (9,3), (2,3), (2,2), (10,3)
------------------------
Iteración 38
-----------
Abiertos = (10,2), (7,4), (1,1), (8,1), (8,6), (4,2), (4,3), (2,2), (3,3), (5,8), (7,2), (2,1), (11,3), (7,2), (7,3), (7,4), (10,4), (6,1)
Cerrados = (3,8), (3,7), (3,9), (3,6), (4,6), (2,7), (2,8), (3,10), (5,6), (4,7), (5,7), (3,5), (1,7), (1,8), (2,9), (5,5), (2,5), (6,5), (5,4), (1,9), (2,10), (1,5), (1,4), (5,3), (5,2), (7,5), (8,5), (1,3), (1,2), (8,4), (8,3), (8,2), (1,10), (9,3), (2,3), (2,2), (10,3), (6,2)
------------------------
Camino: (3,8) -> (3,7) -> (3,6) -> (4,6) -> (5,6) -> (5,5) -> (6,5) -> (7,5) -> (8,5) -> (8,4) -> (8,3) -> (9,3) -> (10,3) -> (10,2)
Coste: 47
Iteración 0
-----------
Abiertos = (3,8)
Cerrados = 
------------------------
Iteración 1
-----------
Abiertos = (3,7), (3,9), (2,8)
Cerrados = (3,8)
------------------------
Iteración 2
-----------
Abiertos = (3,7), (2,8), (3,10), (2,9)
Cerrados = (3,8), (3,9)
------------------------
Iteración 3
-----------
Abiertos = (3,7), (2,7), (3,10), (2,9), (1,8), (2,9)
Cerrados = (3,8), (3,9), (2,8)
------------------------
Iteración 4
-----------
Abiertos = (4,7), (3,6), (2,7), (2,7), (3,10), (1,8), (2,9), (2,9)
Cerrados = (3,8), (3,9), (2,8), (3,7)
------------------------
Iteración 5
-----------
Abiertos = (4,7), (4,6), (2,7), (2,7), (3,10), (3,5), (2,9), (1,8), (2,9)
Cerrados = (3,8), (3,9), (2,8), (3,7), (3,6)
------------------------
Iteración 6
-----------
Abiertos = (4,7), (2,7), (2,7), (3,10), (5,6), (3,5), (4,7), (1,8), (2,9), (2,9)
Cerrados = (3,8), (3,9), (2,8), (3,7), (3,6), (4,6)
------------------------
Iteración 7
-----------
Abiertos = (4,7), (2,7), (3,10), (5,6), (3,5), (4,7), (1,7), (1,8), (2,9), (2,9)
Cerrados = (3,8), (3,9), (2,8), (3,7), (3,6), (4,6), (2,7)
------------------------
Iteración 8
-----------
Abiertos = (5,7), (2,7), (3,10), (5,6), (3,5), (4,7), (1,7), (1,8), (2,9), (2,9)
Cerrados = (3,8), (3,9), (2,8), (3,7), (3,6), (4,6), (2,7), (4,7)
------------------------
Iteración 9
-----------
Abiertos = (2,7), (3,10), (5,6), (5,6), (3,5), (4,7), (1,7), (1,8), (2,9), (5,8), (2,9)
Cerrados = (3,8), (3,9), (2,8), (3,7), (3,6), (4,6), (2,7), (4,7), (5,7)
------------------------
Iteración 10
-----------
Abiertos = (2,7), (5,6), (5,6), (3,5), (4,7), (1,7), (1,8), (2,9), (5,8), (2,9), (2,10)
Cerrados = (3,8), (3,9), (2,8), (3,7), (3,6), (4,6), (2,7), (4,7), (5,7), (3,10)
------------------------
Iteración 11
-----------
Abiertos = (5,6), (3,5), (4,7), (1,7), (1,8), (2,9), (5,5), (5,8), (2,9), (2,10)
Cerrados = (3,8), (3,9), (2,8), (3,7), (3,6), (4,6), (2,7), (4,7), (5,7), (3,10), (5,6)
------------------------
Iteración 12
-----------
Abiertos = (5,6), (4,7), (1,7), (1,8), (2,9), (5,5), (5,8), (2,5), (2,9), (2,10)
Cerrados = (3,8), (3,9), (2,8), (3,7), (3,6), (4,6), (2,7), (4,7), (5,7), (3,10), (5,6), (3,5)
------------------------
Iteración 13
-----------
Abiertos = (5,6), (1,8), (2,9), (5,5), (5,8), (2,5), (2,9), (1,8), (2,10)
Cerrados = (3,8), (3,9), (2,8), (3,7), (3,6), (4,6), (2,7), (4,7), (5,7), (3,10), (5,6), (3,5), (1,7)
------------------------
Iteración 14
-----------
Abiertos = (5,6), (2,9), (5,5), (5,8), (2,5), (2,9), (1,8), (1,9), (2,10)
Cerrados = (3,8), (3,9), (2,8), (3,7), (3,6), (4,6), (2,7), (4,7), (5,7), (3,10), (5,6), (3,5), (1,7), (1,8)
------------------------
Iteración 15
-----------
Abiertos = (5,6), (5,5), (5,8), (2,5), (2,9), (1,8), (2,10), (1,9), (1,9), (2,10)
Cerrados = (3,8), (3,9), (2,8), (3,7), (3,6), (4,6), (2,7), (4,7), (5,7), (3,10), (5,6), (3,5), (1,7), (1,8), (2,9)
------------------------
Iteración 16
-----------
Abiertos = (5,5), (2,5), (2,9), (1,8), (2,10), (1,9), (1,9), (2,10), (5,9)
Cerrados = (3,8), (3,9), (2,8), (3,7), (3,6), (4,6), (2,7), (4,7), (5,7), (3,10), (5,6), (3,5), (1,7), (1,8), (2,9), (5,8)
------------------------
Iteración 17
-----------
Abiertos = (2,5), (2,9), (6,5), (5,4), (1,8), (2,10), (1,9), (1,9), (2,10), (5,9)
Cerrados = (3,8), (3,9), (2,8), (3,7), (3,6), (4,6), (2,7), (4,7), (5,7), (3,10), (5,6), (3,5), (1,7), (1,8), (2,9), (5,8), (5,5)
------------------------
Iteración 18
-----------
Abiertos = (2,5), (5,4), (1,8), (2,10), (1,9), (1,9), (7,5), (2,10), (5,9)
Cerrados = (3,8), (3,9), (2,8), (3,7), (3,6), (4,6), (2,7), (4,7), (5,7), (3,10), (5,6), (3,5), (1,7), (1,8), (2,9), (5,8), (5,5), (6,5)
------------------------
Iteración 19
-----------
Abiertos = (2,5), (1,8), (2,10), (1,9), (1,9), (5,3), (7,5), (2,10), (5,9)
Cerrados = (3,8), (3,9), (2,8), (3,7), (3,6), (4,6), (2,7), (4,7), (5,7), (3,10), (5,6), (3,5), (1,7), (1,8), (2,9), (5,8), (5,5), (6,5), (5,4)
------------------------
Iteración 20
-----------
Abiertos = (1,9), (2,10), (1,9), (1,5), (5,3), (7,5), (2,10), (5,9)
Cerrados = (3,8), (3,9), (2,8), (3,7), (3,6), (4,6), (2,7), (4,7), (5,7), (3,10), (5,6), (3,5), (1,7), (1,8), (2,9), (5,8), (5,5), (6,5), (5,4), (2,5)
------------------------
Iteración 21
-----------
Abiertos = (1,9), (1,9), (1,5), (5,3), (7,5), (2,10), (1,10), (5,9)
Cerrados = (3,8), (3,9), (2,8), (3,7), (3,6), (4,6), (2,7), (4,7), (5,7), (3,10), (5,6), (3,5), (1,7), (1,8), (2,9), (5,8), (5,5), (6,5), (5,4), (2,5), (2,10)
------------------------
Iteración 22
-----------
Abiertos = (1,9), (1,5), (5,3), (7,5), (2,10), (1,10), (1,10), (5,9)
Cerrados = (3,8), (3,9), (2,8), (3,7), (3,6), (4,6), (2,7), (4,7), (5,7), (3,10), (5,6), (3,5), (1,7), (1,8), (2,9), (5,8), (5,5), (6,5), (5,4), (2,5), (2,10), (1,9)
------------------------
Iteración 23
-----------
Abiertos = (1,4), (7,5), (5,3), (2,10), (1,10), (1,10), (5,9)
Cerrados = (3,8), (3,9), (2,8), (3,7), (3,6), (4,6), (2,7), (4,7), (5,7), (3,10), (5,6), (3,5), (1,7), (1,8), (2,9), (5,8), (5,5), (6,5), (5,4), (2,5), (2,10), (1,9), (1,5)
------------------------
Iteración 24
-----------
Abiertos = (1,4), (8,5), (5,3), (2,10), (1,10), (1,10), (7,4), (5,9)
Cerrados = (3,8), (3,9), (2,8), (3,7), (3,6), (4,6), (2,7), (4,7), (5,7), (3,10), (5,6), (3,5), (1,7), (1,8), (2,9), (5,8), (5,5), (6,5), (5,4), (2,5), (2,10), (1,9), (1,5), (7,5)
------------------------
Iteración 25
-----------
Abiertos = (1,4), (8,4), (5,3), (2,10), (1,10), (1,10), (7,4), (8,6), (5,9)
Cerrados = (3,8), (3,9), (2,8), (3,7), (3,6), (4,6), (2,7), (4,7), (5,7), (3,10), (5,6), (3,5), (1,7), (1,8), (2,9), (5,8), (5,5), (6,5), (5,4), (2,5), (2,10), (1,9), (1,5), (7,5), (8,5)
------------------------
Iteración 26
-----------
Abiertos = (1,4), (8,3), (5,3), (2,10), (1,10), (1,10), (7,4), (8,6), (5,9), (7,4)
Cerrados = (3,8), (3,9), (2,8), (3,7), (3,6), (4,6), (2,7), (4,7), (5,7), (3,10), (5,6), (3,5), (1,7), (1,8), (2,9), (5,8), (5,5), (6,5), (5,4), (2,5), (2,10), (1,9), (1,5), (7,5), (8,5), (8,4)
------------------------
Iteración 27
-----------
Abiertos = (1,4), (8,2), (9,3), (5,3), (2,10), (1,10), (1,10), (7,4), (8,6), (5,9), (7,3), (7,4)
Cerrados = (3,8), (3,9), (2,8), (3,7), (3,6), (4,6), (2,7), (4,7), (5,7), (3,10), (5,6), (3,5), (1,7), (1,8), (2,9), (5,8), (5,5), (6,5), (5,4), (2,5), (2,10), (1,9), (1,5), (7,5), (8,5), (8,4), (8,3)
------------------------
Iteración 28
-----------
Abiertos = (1,3), (9,3), (8,2), (5,3), (2,10), (1,10), (1,10), (7,4), (8,6), (5,9), (7,3), (7,4)
Cerrados = (3,8), (3,9), (2,8), (3,7), (3,6), (4,6), (2,7), (4,7), (5,7), (3,10), (5,6), (3,5), (1,7), (1,8), (2,9), (5,8), (5,5), (6,5), (5,4), (2,5), (2,10), (1,9), (1,5), (7,5), (8,5), (8,4), (8,3), (1,4)
------------------------
Iteración 29
-----------
Abiertos = (1,3), (8,2), (5,3), (2,10), (1,10), (1,10), (10,3), (7,4), (8,6), (5,9), (7,3), (7,4)
Cerrados = (3,8), (3,9), (2,8), (3,7), (3,6), (4,6), (2,7), (4,7), (5,7), (3,10), (5,6), (3,5), (1,7), (1,8), (2,9), (5,8), (5,5), (6,5), (5,4), (2,5), (2,10), (1,9), (1,5), (7,5), (8,5), (8,4), (8,3), (1,4), (9,3)
------------------------
Iteración 30
-----------
Abiertos = (1,3), (5,3), (2,10), (1,10), (1,10), (10,3), (7,4), (8,1), (8,6), (5,9), (7,2), (7,3), (7,4)
Cerrados = (3,8), (3,9), (2,8), (3,7), (3,6), (4,6), (2,7), (4,7), (5,7), (3,10), (5,6), (3,5), (1,7), (1,8), (2,9), (5,8), (5,5), (6,5), (5,4), (2,5), (2,10), (1,9), (1,5), (7,5), (8,5), (8,4), (8,3), (1,4), (9,3), (8,2)
------------------------
Iteración 31
-----------
Abiertos = (1,2), (5,3), (2,10), (1,10), (1,10), (2,3), (10,3), (7,4), (8,1), (8,6), (5,9), (7,2), (7,3), (7,4)
Cerrados = (3,8), (3,9), (2,8), (3,7), (3,6), (4,6), (2,7), (4,7), (5,7), (3,10), (5,6), (3,5), (1,7), (1,8), (2,9), (5,8), (5,5), (6,5), (5,4), (2,5), (2,10), (1,9), (1,5), (7,5), (8,5), (8,4), (8,3), (1,4), (9,3), (8,2), (1,3)
------------------------
Iteración 32
-----------
Abiertos = (1,2), (5,2), (2,10), (1,10), (1,10), (2,3), (10,3), (7,4), (8,1), (8,6), (4,3), (5,9), (7,2), (7,3), (7,4)
Cerrados = (3,8), (3,9), (2,8), (3,7), (3,6), (4,6), (2,7), (4,7), (5,7), (3,10), (5,6), (3,5), (1,7), (1,8), (2,9), (5,8), (5,5), (6,5), (5,4), (2,5), (2,10), (1,9), (1,5), (7,5), (8,5), (8,4), (8,3), (1,4), (9,3), (8,2), (1,3), (5,3)
------------------------
Iteración 33
-----------
Abiertos = (5,2), (2,10), (1,10), (1,10), (2,2), (2,3), (10,3), (7,4), (1,1), (8,1), (8,6), (4,3), (5,9), (7,2), (7,3), (7,4)
Cerrados = (3,8), (3,9), (2,8), (3,7), (3,6), (4,6), (2,7), (4,7), (5,7), (3,10), (5,6), (3,5), (1,7), (1,8), (2,9), (5,8), (5,5), (6,5), (5,4), (2,5), (2,10), (1,9), (1,5), (7,5), (8,5), (8,4), (8,3), (1,4), (9,3), (8,2), (1,3), (5,3), (1,2)
------------------------
Iteración 34
-----------
Abiertos = (1,10), (1,10), (2,2), (2,3), (10,3), (6,2), (7,4), (1,1), (8,1), (8,6), (4,2), (4,3), (5,9), (7,2), (7,3), (7,4)
Cerrados = (3,8), (3,9), (2,8), (3,7), (3,6), (4,6), (2,7), (4,7), (5,7), (3,10), (5,6), (3,5), (1,7), (1,8), (2,9), (5,8), (5,5), (6,5), (5,4), (2,5), (2,10), (1,9), (1,5), (7,5), (8,5), (8,4), (8,3), (1,4), (9,3), (8,2), (1,3), (5,3), (1,2), (5,2)
------------------------
Iteración 35
-----------
Abiertos = (1,10), (2,2), (2,3), (10,3), (6,2), (7,4), (1,1), (8,1), (8,6), (4,2), (4,3), (5,9), (7,2), (7,3), (7,4)
Cerrados = (3,8), (3,9), (2,8), (3,7), (3,6), (4,6), (2,7), (4,7), (5,7), (3,10), (5,6), (3,5), (1,7), (1,8), (2,9), (5,8), (5,5), (6,5), (5,4), (2,5), (2,10), (1,9), (1,5), (7,5), (8,5), (8,4), (8,3), (1,4), (9,3), (8,2), (1,3), (5,3), (1,2), (5,2), (1,10)
------------------------
Iteración 36
-----------
Abiertos = (2,3), (10,3), (6,2), (7,4), (1,1), (8,1), (8,6), (4,2), (4,3), (5,9), (2,1), (7,2), (7,3), (7,4), (2,3)
Cerrados = (3,8), (3,9), (2,8), (3,7), (3,6), (4,6), (2,7), (4,7), (5,7), (3,10), (5,6), (3,5), (1,7), (1,8), (2,9), (5,8), (5,5), (6,5), (5,4), (2,5), (2,10), (1,9), (1,5), (7,5), (8,5), (8,4), (8,3), (1,4), (9,3), (8,2), (1,3), (5,3), (1,2), (5,2), (1,10), (2,2)
------------------------
Iteración 37
-----------
Abiertos = (2,3), (10,2), (6,2), (7,4), (1,1), (8,1), (8,6), (4,2), (4,3), (5,9), (2,1), (11,3), (7,2), (7,3), (7,4), (2,3), (10,4)
Cerrados = (3,8), (3,9), (2,8), (3,7), (3,6), (4,6), (2,7), (4,7), (5,7), (3,10), (5,6), (3,5), (1,7), (1,8), (2,9), (5,8), (5,5), (6,5), (5,4), (2,5), (2,10), (1,9), (1,5), (7,5), (8,5), (8,4), (8,3), (1,4), (9,3), (8,2), (1,3), (5,3), (1,2), (5,2), (1,10), (2,2), (10,3)
------------------------
Camino: (3,8) -> (3,7) -> (3,6) -> (4,6) -> (5,6) -> (5,5) -> (6,5) -> (7,5) -> (8,5) -> (8,4) -> (8,3) -> (9,3) -> (10,3) -> (10,2)
Coste: 47
Iteración 0
-----------
Abiertos = (3,8)
Cerrados = 
------------------------
Iteración 1
-----------
Abiertos = (3,7), (3,9), (2,8)
Cerrados = (3,8)
------------------------
Iteración 2
-----------
Abiertos = (4,7), (3,9), (3,6), (2,7), (2,8)
Cerrados = (3,8), (3,7)
------------------------
Iteración 3
-----------
Abiertos = (4,7), (3,6), (2,7), (2,8), (3,10), (2,9)
Cerrados = (3,8), (3,7), (3,9)
------------------------
Iteración 4
-----------
Abiertos = (4,7), (4,6), (2,7), (2,8), (3,10), (3,5), (2,9)
Cerrados = (3,8), (3,7), (3,9), (3,6)
------------------------
Iteración 5
-----------
Abiertos = (4,6), (4,6), (5,7), (2,7), (2,8), (3,10), (3,5), (2,9)
Cerrados = (3,8), (3,7), (3,9), (3,6), (4,7)
------------------------
Iteración 6
-----------
Abiertos = (5,7), (4,6), (2,7), (2,8), (3,10), (5,6), (3,5), (2,9)
Cerrados = (3,8), (3,7), (3,9), (3,6), (4,7), (4,6)
------------------------
Iteración 7
-----------
Abiertos = (5,7), (2,8), (3,10), (5,6), (3,5), (1,7), (2,9), (2,8)
Cerrados = (3,8), (3,7), (3,9), (3,6), (4,7), (4,6), (2,7)
------------------------
Iteración 8
-----------
Abiertos = (2,8), (3,10), (5,6), (5,6), (3,5), (1,7), (2,9), (5,8), (2,8)
Cerrados = (3,8), (3,7), (3,9), (3,6), (4,7), (4,6), (2,7), (5,7)
------------------------
Iteración 9
-----------
Abiertos = (3,10), (5,6), (5,6), (3,5), (1,7), (2,9), (1,8), (5,8), (2,8), (2,9)
Cerrados = (3,8), (3,7), (3,9), (3,6), (4,7), (4,6), (2,7), (5,7), (2,8)
------------------------
Iteración 10
-----------
Abiertos = (5,6), (5,6), (3,5), (1,7), (2,9), (1,8), (5,8), (2,8), (2,9), (2,10)
Cerrados = (3,8), (3,7), (3,9), (3,6), (4,7), (4,6), (2,7), (5,7), (2,8), (3,10)
------------------------
Iteración 11
-----------
Abiertos = (5,6), (3,5), (1,7), (2,9), (1,8), (5,5), (5,8), (2,8), (2,9), (2,10)
Cerrados = (3,8), (3,7), (3,9), (3,6), (4,7), (4,6), (2,7), (5,7), (2,8), (3,10), (5,6)
------------------------
Iteración 12
-----------
Abiertos = (5,6), (1,7), (2,9), (1,8), (5,5), (5,8), (2,5), (2,8), (2,9), (2,10)
Cerrados = (3,8), (3,7), (3,9), (3,6), (4,7), (4,6), (2,7), (5,7), (2,8), (3,10), (5,6), (3,5)
------------------------
Iteración 13
-----------
Abiertos = (1,7), (1,8), (5,5), (5,8), (2,5), (2,8), (2,9), (2,10), (1,9), (2,10)
Cerrados = (3,8), (3,7), (3,9), (3,6), (4,7), (4,6), (2,7), (5,7), (2,8), (3,10), (5,6), (3,5), (2,9)
------------------------
Iteración 14
-----------
Abiertos = (1,8), (5,5), (5,8), (2,5), (2,8), (2,9), (1,8), (2,10), (1,9), (2,10)
Cerrados = (3,8), (3,7), (3,9), (3,6), (4,7), (4,6), (2,7), (5,7), (2,8), (3,10), (5,6), (3,5), (2,9), (1,7)
------------------------
Iteración 15
-----------
Abiertos = (5,5), (5,8), (2,5), (2,8), (2,9), (1,8), (2,10), (1,9), (1,9), (2,10)
Cerrados = (3,8), (3,7), (3,9), (3,6), (4,7), (4,6), (2,7), (5,7), (2,8), (3,10), (5,6), (3,5), (2,9), (1,7), (1,8)
------------------------
Iteración 16
-----------
Abiertos = (2,5), (5,8), (2,8), (2,9), (5,4), (6,5), (1,8), (2,10), (1,9), (1,9), (2,10)
Cerrados = (3,8), (3,7), (3,9), (3,6), (4,7), (4,6), (2,7), (5,7), (2,8), (3,10), (5,6), (3,5), (2,9), (1,7), (1,8), (5,5)
------------------------
Iteración 17
-----------
Abiertos = (2,5), (2,8), (2,9), (5,4), (6,5), (1,8), (2,10), (1,9), (1,9), (2,10), (5,9)
Cerrados = (3,8), (3,7), (3,9), (3,6), (4,7), (4,6), (2,7), (5,7), (2,8), (3,10), (5,6), (3,5), (2,9), (1,7), (1,8), (5,5), (5,8)
------------------------
Iteración 18
-----------
Abiertos = (2,9), (5,4), (6,5), (1,8), (2,10), (1,9), (1,9), (1,5), (2,10), (5,9)
Cerrados = (3,8), (3,7), (3,9), (3,6), (4,7), (4,6), (2,7), (5,7), (2,8), (3,10), (5,6), (3,5), (2,9), (1,7), (1,8), (5,5), (5,8), (2,5)
------------------------
Iteración 19
-----------
Abiertos = (2,9), (6,5), (1,8), (2,10), (1,9), (1,9), (1,5), (5,3), (2,10), (5,9)
Cerrados = (3,8), (3,7), (3,9), (3,6), (4,7), (4,6), (2,7), (5,7), (2,8), (3,10), (5,6), (3,5), (2,9), (1,7), (1,8), (5,5), (5,8), (2,5), (5,4)
------------------------
Iteración 20
-----------
Abiertos = (2,10), (1,9), (1,9), (1,5), (5,3), (7,5), (2,10), (5,9)
Cerrados = (3,8), (3,7), (3,9), (3,6), (4,7), (4,6), (2,7), (5,7), (2,8), (3,10), (5,6), (3,5), (2,9), (1,7), (1,8), (5,5), (5,8), (2,5), (5,4), (6,5)
------------------------
Iteración 21
-----------
Abiertos = (1,9), (2,10), (1,5), (5,3), (7,5), (2,10), (1,10), (5,9)
Cerrados = (3,8), (3,7), (3,9), (3,6), (4,7), (4,6), (2,7), (5,7), (2,8), (3,10), (5,6), (3,5), (2,9), (1,7), (1,8), (5,5), (5,8), (2,5), (5,4), (6,5), (1,9)
------------------------
Iteración 22
-----------
Abiertos = (2,10), (1,4), (5,3), (7,5), (2,10), (1,10), (5,9)
Cerrados = (3,8), (3,7), (3,9), (3,6), (4,7), (4,6), (2,7), (5,7), (2,8), (3,10), (5,6), (3,5), (2,9), (1,7), (1,8), (5,5), (5,8), (2,5), (5,4), (6,5), (1,9), (1,5)
------------------------
Iteración 23
-----------
Abiertos = (2,10), (1,3), (5,3), (7,5), (2,10), (1,10), (5,9)
Cerrados = (3,8), (3,7), (3,9), (3,6), (4,7), (4,6), (2,7), (5,7), (2,8), (3,10), (5,6), (3,5), (2,9), (1,7), (1,8), (5,5), (5,8), (2,5), (5,4), (6,5), (1,9), (1,5), (1,4)
------------------------
Iteración 24
-----------
Abiertos = (2,10), (1,2), (5,3), (7,5), (2,10), (1,10), (2,3), (5,9)
Cerrados = (3,8), (3,7), (3,9), (3,6), (4,7), (4,6), (2,7), (5,7), (2,8), (3,10), (5,6), (3,5), (2,9), (1,7), (1,8), (5,5), (5,8), (2,5), (5,4), (6,5), (1,9), (1,5), (1,4), (1,3)
------------------------
Iteración 25
-----------
Abiertos = (2,10), (5,3), (7,5), (2,10), (1,10), (2,2), (2,3), (1,1), (5,9)
Cerrados = (3,8), (3,7), (3,9), (3,6), (4,7), (4,6), (2,7), (5,7), (2,8), (3,10), (5,6), (3,5), (2,9), (1,7), (1,8), (5,5), (5,8), (2,5), (5,4), (6,5), (1,9), (1,5), (1,4), (1,3), (1,2)
------------------------
Iteración 26
-----------
Abiertos = (7,5), (5,3), (2,10), (1,10), (1,10), (2,2), (2,3), (1,1), (5,9)
Cerrados = (3,8), (3,7), (3,9), (3,6), (4,7), (4,6), (2,7), (5,7), (2,8), (3,10), (5,6), (3,5), (2,9), (1,7), (1,8), (5,5), (5,8), (2,5), (5,4), (6,5), (1,9), (1,5), (1,4), (1,3), (1,2), (2,10)
------------------------
Iteración 27
-----------
Abiertos = (5,2), (7,5), (2,10), (1,10), (1,10), (2,2), (2,3), (1,1), (4,3), (5,9)
Cerrados = (3,8), (3,7), (3,9), (3,6), (4,7), (4,6), (2,7), (5,7), (2,8), (3,10), (5,6), (3,5), (2,9), (1,7), (1,8), (5,5), (5,8), (2,5), (5,4), (6,5), (1,9), (1,5), (1,4), (1,3), (1,2), (2,10), (5,3)
------------------------
Iteración 28
-----------
Abiertos = (7,5), (2,10), (1,10), (1,10), (2,2), (2,3), (6,2), (1,1), (4,2), (4,3), (5,9)
Cerrados = (3,8), (3,7), (3,9), (3,6), (4,7), (4,6), (2,7), (5,7), (2,8), (3,10), (5,6), (3,5), (2,9), (1,7), (1,8), (5,5), (5,8), (2,5), (5,4), (6,5), (1,9), (1,5), (1,4), (1,3), (1,2), (2,10), (5,3), (5,2)
------------------------
Iteración 29
-----------
Abiertos = (7,5), (1,10), (2,2), (2,3), (6,2), (1,1), (4,2), (4,3), (5,9)
Cerrados = (3,8), (3,7), (3,9), (3,6), (4,7), (4,6), (2,7), (5,7), (2,8), (3,10), (5,6), (3,5), (2,9), (1,7), (1,8), (5,5), (5,8), (2,5), (5,4), (6,5), (1,9), (1,5), (1,4), (1,3), (1,2), (2,10), (5,3), (5,2), (1,10)
------------------------
Iteración 30
-----------
Abiertos = (7,5), (2,3), (6,2), (1,1), (4,2), (4,3), (5,9), (2,1), (2,3)
Cerrados = (3,8), (3,7), (3,9), (3,6), (4,7), (4,6), (2,7), (5,7), (2,8), (3,10), (5,6), (3,5), (2,9), (1,7), (1,8), (5,5), (5,8), (2,5), (5,4), (6,5), (1,9), (1,5), (1,4), (1,3), (1,2), (2,10), (5,3), (5,2), (1,10), (2,2)
------------------------
Iteración 31
-----------
Abiertos = (7,5), (6,2), (1,1), (4,2), (4,3), (3,3), (5,9), (2,1), (2,3)
Cerrados = (3,8), (3,7), (3,9), (3,6), (4,7), (4,6), (2,7), (5,7), (2,8), (3,10), (5,6), (3,5), (2,9), (1,7), (1,8), (5,5), (5,8), (2,5), (5,4), (6,5), (1,9), (1,5), (1,4), (1,3), (1,2), (2,10), (5,3), (5,2), (1,10), (2,2), (2,3)
------------------------
Iteración 32
-----------
Abiertos = (7,5), (1,1), (4,2), (4,3), (3,3), (5,9), (7,2), (2,1), (2,3), (6,1)
Cerrados = (3,8), (3,7), (3,9), (3,6), (4,7), (4,6), (2,7), (5,7), (2,8), (3,10), (5,6), (3,5), (2,9), (1,7), (1,8), (5,5), (5,8), (2,5), (5,4), (6,5), (1,9), (1,5), (1,4), (1,3), (1,2), (2,10), (5,3), (5,2), (1,10), (2,2), (2,3), (6,2)
------------------------
Iteración 33
-----------
Abiertos = (7,5), (2,1), (4,2), (4,3), (3,3), (5,9), (7,2), (2,1), (2,3), (6,1)
Cerrados = (3,8), (3,7), (3,9), (3,6), (4,7), (4,6), (2,7), (5,7), (2,8), (3,10), (5,6), (3,5), (2,9), (1,7), (1,8), (5,5), (5,8), (2,5), (5,4), (6,5), (1,9), (1,5), (1,4), (1,3), (1,2), (2,10), (5,3), (5,2), (1,10), (2,2), (2,3), (6,2), (1,1)
------------------------
Iteración 34
-----------
Abiertos = (8,5), (7,4), (2,1), (4,2), (4,3), (3,3), (5,9), (7,2), (2,1), (2,3), (6,1)
Cerrados = (3,8), (3,7), (3,9), (3,6), (4,7), (4,6), (2,7), (5,7), (2,8), (3,10), (5,6), (3,5), (2,9), (1,7), (1,8), (5,5), (5,8), (2,5), (5,4), (6,5), (1,9), (1,5), (1,4), (1,3), (1,2), (2,10), (5,3), (5,2), (1,10), (2,2), (2,3), (6,2), (1,1), (7,5)
------------------------
Iteración 35
-----------
Abiertos = (8,4), (7,4), (2,1), (8,6), (4,2), (4,3), (3,3), (5,9), (7,2), (2,1), (2,3), (6,1)
Cerrados = (3,8), (3,7), (3,9), (3,6), (4,7), (4,6), (2,7), (5,7), (2,8), (3,10), (5,6), (3,5), (2,9), (1,7), (1,8), (5,5), (5,8), (2,5), (5,4), (6,5), (1,9), (1,5), (1,4), (1,3), (1,2), (2,10), (5,3), (5,2), (1,10), (2,2), (2,3), (6,2), (1,1), (7,5), (8,5)
------------------------
Iteración 36
-----------
Abiertos = (8,4), (8,4), (2,1), (8,6), (4,2), (4,3), (3,3), (5,9), (7,2), (7,3), (2,1), (2,3), (6,1)
Cerrados = (3,8), (3,7), (3,9), (3,6), (4,7), (4,6), (2,7), (5,7), (2,8), (3,10), (5,6), (3,5), (2,9), (1,7), (1,8), (5,5), (5,8), (2,5), (5,4), (6,5), (1,9), (1,5), (1,4), (1,3), (1,2), (2,10), (5,3), (5,2), (1,10), (2,2), (2,3), (6,2), (1,1), (7,5), (8,5), (7,4)
------------------------
Iteración 37
-----------
Abiertos = (8,3), (8,4), (2,1), (8,6), (4,2), (4,3), (3,3), (5,9), (7,2), (7,3), (2,1), (2,3), (6,1)
Cerrados = (3,8), (3,7), (3,9), (3,6), (4,7), (4,6), (2,7), (5,7), (2,8), (3,10), (5,6), (3,5), (2,9), (1,7), (1,8), (5,5), (5,8), (2,5), (5,4), (6,5), (1,9), (1,5), (1,4), (1,3), (1,2), (2,10), (5,3), (5,2), (1,10), (2,2), (2,3), (6,2), (1,1), (7,5), (8,5), (7,4), (8,4)
------------------------
Iteración 38
-----------
Abiertos = (8,2), (9,3), (2,1), (8,6), (4,2), (4,3), (3,3), (5,9), (7,2), (7,3), (2,1), (7,3), (2,3), (6,1)
Cerrados = (3,8), (3,7), (3,9), (3,6), (4,7), (4,6), (2,7), (5,7), (2,8), (3,10), (5,6), (3,5), (2,9), (1,7), (1,8), (5,5), (5,8), (2,5), (5,4), (6,5), (1,9), (1,5), (1,4), (1,3), (1,2), (2,10), (5,3), (5,2), (1,10), (2,2), (2,3), (6,2), (1,1), (7,5), (8,5), (7,4), (8,4), (8,3)
------------------------
Iteración 39
-----------
Abiertos = (9,3), (2,1), (8,1), (8,6), (4,2), (4,3), (3,3), (5,9), (7,2), (7,3), (2,1), (7,2), (7,3), (2,3), (6,1)
Cerrados = (3,8), (3,7), (3,9), (3,6), (4,7), (4,6), (2,7), (5,7), (2,8), (3,10), (5,6), (3,5), (2,9), (1,7), (1,8), (5,5), (5,8), (2,5), (5,4), (6,5), (1,9), (1,5), (1,4), (1,3), (1,2), (2,10), (5,3), (5,2), (1,10), (2,2), (2,3), (6,2), (1,1), (7,5), (8,5), (7,4), (8,4), (8,3), (8,2)
------------------------
Iteración 40
-----------
Abiertos = (10,3), (2,1), (8,1), (8,6), (4,2), (4,3), (3,3), (5,9), (7,2), (7,3), (2,1), (7,2), (7,3), (2,3), (6,1)
Cerrados = (3,8), (3,7), (3,9), (3,6), (4,7), (4,6), (2,7), (5,7), (2,8), (3,10), (5,6), (3,5), (2,9), (1,7), (1,8), (5,5), (5,8), (2,5), (5,4), (6,5), (1,9), (1,5), (1,4), (1,3), (1,2), (2,10), (5,3), (5,2), (1,10), (2,2), (2,3), (6,2), (1,1), (7,5), (8,5), (7,4), (8,4), (8,3), (8,2), (9,3)
------------------------
Iteración 41
-----------
Abiertos = (10,3), (8,1), (8,6), (4,2), (4,3), (3,3), (5,9), (7,2), (7,3), (3,1), (2,1), (7,2), (7,3), (2,3), (6,1)
Cerrados = (3,8), (3,7), (3,9), (3,6), (4,7), (4,6), (2,7), (5,7), (2,8), (3,10), (5,6), (3,5), (2,9), (1,7), (1,8), (5,5), (5,8), (2,5), (5,4), (6,5), (1,9), (1,5), (1,4), (1,3), (1,2), (2,10), (5,3), (5,2), (1,10), (2,2), (2,3), (6,2), (1,1), (7,5), (8,5), (7,4), (8,4), (8,3), (8,2), (9,3), (2,1)
------------------------
Iteración 42
-----------
Abiertos = (10,3), (9,1), (8,6), (4,2), (4,3), (3,3), (5,9), (7,2), (7,3), (3,1), (2,1), (7,2), (7,3), (7,1), (2,3), (6,1)
Cerrados = (3,8), (3,7), (3,9), (3,6), (4,7), (4,6), (2,7), (5,7), (2,8), (3,10), (5,6), (3,5), (2,9), (1,7), (1,8), (5,5), (5,8), (2,5), (5,4), (6,5), (1,9), (1,5), (1,4), (1,3), (1,2), (2,10), (5,3), (5,2), (1,10), (2,2), (2,3), (6,2), (1,1), (7,5), (8,5), (7,4), (8,4), (8,3), (8,2), (9,3), (2,1), (8,1)
------------------------
Iteración 43
-----------
Abiertos = (10,3), (10,1), (8,6), (4,2), (4,3), (3,3), (5,9), (7,2), (7,3), (3,1), (2,1), (7,2), (7,3), (7,1), (2,3), (6,1)
Cerrados = (3,8), (3,7), (3,9), (3,6), (4,7), (4,6), (2,7), (5,7), (2,8), (3,10), (5,6), (3,5), (2,9), (1,7), (1,8), (5,5), (5,8), (2,5), (5,4), (6,5), (1,9), (1,5), (1,4), (1,3), (1,2), (2,10), (5,3), (5,2), (1,10), (2,2), (2,3), (6,2), (1,1), (7,5), (8,5), (7,4), (8,4), (8,3), (8,2), (9,3), (2,1), (8,1), (9,1)
------------------------
Iteración 44
-----------
Abiertos = (10,2), (10,1), (8,6), (4,2), (4,3), (3,3), (5,9), (7,2), (7,3), (3,1), (2,1), (11,3), (7,2), (7,3), (7,1), (2,3), (10,4), (6,1)
Cerrados = (3,8), (3,7), (3,9), (3,6), (4,7), (4,6), (2,7), (5,7), (2,8), (3,10), (5,6), (3,5), (2,9), (1,7), (1,8), (5,5), (5,8), (2,5), (5,4), (6,5), (1,9), (1,5), (1,4), (1,3), (1,2), (2,10), (5,3), (5,2), (1,10), (2,2), (2,3), (6,2), (1,1), (7,5), (8,5), (7,4), (8,4), (8,3), (8,2), (9,3), (2,1), (8,1), (9,1), (10,3)
------------------------
Camino: (3,8) -> (3,7) -> (3,6) -> (4,6) -> (5,6) -> (5,5) -> (6,5) -> (7,5) -> (8,5) -> (8,4) -> (8,3) -> (9,3) -> (10,3) -> (10,2)
Coste: 47
Iteración 0
-----------
Abiertos = (3,8)
Cerrados = 
------------------------
Iteración 1
-----------
Abiertos = (3,7), (3,9), (2,8)
Cerrados = (3,8)
------------------------
Iteración 2
-----------
Abiertos = (4,7), (3,9), (3,6), (2,7), (2,8)
Cerrados = (3,8), (3,7)
------------------------
Iteración 3
-----------
Abiertos = (4,6), (3,9), (5,7), (3,6), (2,7), (2,8)
Cerrados = (3,8), (3,7), (4,7)
------------------------
Iteración 4
-----------
Abiertos = (3,9), (5,6), (5,7), (3,6), (2,7), (2,8), (3,6)
Cerrados = (3,8), (3,7), (4,7), (4,6)
------------------------
Iteración 5
-----------
Abiertos = (3,9), (5,7), (3,6), (2,7), (2,8), (5,5), (3,6), (5,7)
Cerrados = (3,8), (3,7), (4,7), (4,6), (5,6)
------------------------
Iteración 6
-----------
Abiertos = (3,9), (3,6), (2,7), (2,8), (5,5), (3,6), (5,7), (5,8)
Cerrados = (3,8), (3,7), (4,7), (4,6), (5,6), (5,7)
------------------------
Iteración 7
-----------
Abiertos = (3,6), (2,7), (2,8), (3,10), (5,5), (3,6), (2,9), (5,7), (5,8)
Cerrados = (3,8), (3,7), (4,7), (4,6), (5,6), (5,7), (3,9)
------------------------
Iteración 8
-----------
Abiertos = (3,6), (2,8), (3,10), (5,5), (3,6), (1,7), (2,9), (5,7), (5,8), (2,8)
Cerrados = (3,8), (3,7), (4,7), (4,6), (5,6), (5,7), (3,9), (2,7)
------------------------
Iteración 9
-----------
Abiertos = (2,8), (3,10), (5,5), (3,5), (3,6), (1,7), (2,9), (5,7), (5,8), (2,8)
Cerrados = (3,8), (3,7), (4,7), (4,6), (5,6), (5,7), (3,9), (2,7), (3,6)
------------------------
Iteración 10
-----------
Abiertos = (3,10), (5,5), (3,5), (3,6), (1,7), (2,9), (1,8), (5,7), (5,8), (2,8), (2,9)
Cerrados = (3,8), (3,7), (4,7), (4,6), (5,6), (5,7), (3,9), (2,7), (3,6), (2,8)
------------------------
Iteración 11
-----------
Abiertos = (3,10), (3,5), (3,6), (1,7), (2,9), (1,8), (6,5), (5,4), (5,7), (5,8), (2,8), (2,9)
Cerrados = (3,8), (3,7), (4,7), (4,6), (5,6), (5,7), (3,9), (2,7), (3,6), (2,8), (5,5)
------------------------
Iteración 12
-----------
Abiertos = (3,5), (3,6), (1,7), (2,9), (1,8), (6,5), (5,4), (5,7), (5,8), (2,8), (2,9), (2,10)
Cerrados = (3,8), (3,7), (4,7), (4,6), (5,6), (5,7), (3,9), (2,7), (3,6), (2,8), (5,5), (3,10)
------------------------
Iteración 13
-----------
Abiertos = (1,7), (2,9), (1,8), (6,5), (5,4), (5,7), (5,8), (2,5), (2,8), (2,9), (2,10)
Cerrados = (3,8), (3,7), (4,7), (4,6), (5,6), (5,7), (3,9), (2,7), (3,6), (2,8), (5,5), (3,10), (3,5)
------------------------
Iteración 14
-----------
Abiertos = (1,7), (1,8), (6,5), (5,4), (5,7), (5,8), (2,5), (2,8), (2,9), (1,9), (2,10), (2,10)
Cerrados = (3,8), (3,7), (4,7), (4,6), (5,6), (5,7), (3,9), (2,7), (3,6), (2,8), (5,5), (3,10), (3,5), (2,9)
------------------------
Iteración 15
-----------
Abiertos = (1,8), (6,5), (5,4), (5,7), (5,8), (2,5), (2,8), (2,9), (1,8), (1,9), (2,10), (2,10)
Cerrados = (3,8), (3,7), (4,7), (4,6), (5,6), (5,7), (3,9), (2,7), (3,6), (2,8), (5,5), (3,10), (3,5), (2,9), (1,7)
------------------------
Iteración 16
-----------
Abiertos = (5,4), (6,5), (5,7), (5,8), (2,5), (2,8), (2,9), (1,8), (1,9), (2,10), (1,9), (2,10)
Cerrados = (3,8), (3,7), (4,7), (4,6), (5,6), (5,7), (3,9), (2,7), (3,6), (2,8), (5,5), (3,10), (3,5), (2,9), (1,7), (1,8)
------------------------
Iteración 17
-----------
Abiertos = (6,5), (5,7), (5,8), (2,5), (2,8), (2,9), (5,3), (1,8), (1,9), (2,10), (1,9), (2,10)
Cerrados = (3,8), (3,7), (4,7), (4,6), (5,6), (5,7), (3,9), (2,7), (3,6), (2,8), (5,5), (3,10), (3,5), (2,9), (1,7), (1,8), (5,4)
------------------------
Iteración 18
-----------
Abiertos = (5,7), (5,8), (2,5), (2,8), (2,9), (5,3), (7,5), (1,8), (2,10), (1,9), (1,9), (2,10)
Cerrados = (3,8), (3,7), (4,7), (4,6), (5,6), (5,7), (3,9), (2,7), (3,6), (2,8), (5,5), (3,10), (3,5), (2,9), (1,7), (1,8), (5,4), (6,5)
------------------------
Iteración 19
-----------
Abiertos = (2,5), (2,8), (2,9), (5,3), (7,5), (1,8), (1,9), (1,9), (2,10), (2,10), (5,9)
Cerrados = (3,8), (3,7), (4,7), (4,6), (5,6), (5,7), (3,9), (2,7), (3,6), (2,8), (5,5), (3,10), (3,5), (2,9), (1,7), (1,8), (5,4), (6,5), (5,8)
------------------------
Iteración 20
-----------
Abiertos = (2,8), (2,9), (5,3), (7,5), (1,8), (1,9), (1,9), (2,10), (1,5), (2,10), (5,9)
Cerrados = (3,8), (3,7), (4,7), (4,6), (5,6), (5,7), (3,9), (2,7), (3,6), (2,8), (5,5), (3,10), (3,5), (2,9), (1,7), (1,8), (5,4), (6,5), (5,8), (2,5)
------------------------
Iteración 21
-----------
Abiertos = (2,9), (8,5), (5,3), (1,8), (1,9), (1,9), (2,10), (1,5), (7,4), (2,10), (5,9)
Cerrados = (3,8), (3,7), (4,7), (4,6), (5,6), (5,7), (3,9), (2,7), (3,6), (2,8), (5,5), (3,10), (3,5), (2,9), (1,7), (1,8), (5,4), (6,5), (5,8), (2,5), (7,5)
------------------------
Iteración 22
-----------
Abiertos = (8,4), (5,3), (1,8), (1,9), (1,9), (2,10), (1,5), (7,4), (2,10), (8,6), (5,9)
Cerrados = (3,8), (3,7), (4,7), (4,6), (5,6), (5,7), (3,9), (2,7), (3,6), (2,8), (5,5), (3,10), (3,5), (2,9), (1,7), (1,8), (5,4), (6,5), (5,8), (2,5), (7,5), (8,5)
------------------------
Iteración 23
-----------
Abiertos = (8,4), (5,2), (1,8), (1,9), (1,9), (2,10), (1,5), (7,4), (2,10), (8,6), (4,3), (5,9)
Cerrados = (3,8), (3,7), (4,7), (4,6), (5,6), (5,7), (3,9), (2,7), (3,6), (2,8), (5,5), (3,10), (3,5), (2,9), (1,7), (1,8), (5,4), (6,5), (5,8), (2,5), (7,5), (8,5), (5,3)
------------------------
Iteración 24
-----------
Abiertos = (8,4), (1,8), (1,9), (1,9), (2,10), (1,5), (6,2), (7,4), (2,10), (8,6), (4,2), (4,3), (5,9)
Cerrados = (3,8), (3,7), (4,7), (4,6), (5,6), (5,7), (3,9), (2,7), (3,6), (2,8), (5,5), (3,10), (3,5), (2,9), (1,7), (1,8), (5,4), (6,5), (5,8), (2,5), (7,5), (8,5), (5,3), (5,2)
------------------------
Iteración 25
-----------
Abiertos = (8,3), (1,8), (1,9), (1,9), (2,10), (1,5), (6,2), (7,4), (2,10), (8,6), (4,2), (4,3), (7,4), (5,9)
Cerrados = (3,8), (3,7), (4,7), (4,6), (5,6), (5,7), (3,9), (2,7), (3,6), (2,8), (5,5), (3,10), (3,5), (2,9), (1,7), (1,8), (5,4), (6,5), (5,8), (2,5), (7,5), (8,5), (5,3), (5,2), (8,4)
------------------------
Iteración 26
-----------
Abiertos = (8,2), (9,3), (1,9), (1,9), (2,10), (1,5), (6,2), (7,4), (2,10), (4,2), (8,6), (4,3), (7,3), (7,4), (5,9)
Cerrados = (3,8), (3,7), (4,7), (4,6), (5,6), (5,7), (3,9), (2,7), (3,6), (2,8), (5,5), (3,10), (3,5), (2,9), (1,7), (1,8), (5,4), (6,5), (5,8), (2,5), (7,5), (8,5), (5,3), (5,2), (8,4), (8,3)
------------------------
Iteración 27
-----------
Abiertos = (8,2), (1,9), (1,9), (2,10), (1,5), (10,3), (6,2), (7,4), (2,10), (4,2), (8,6), (4,3), (7,3), (7,4), (5,9)
Cerrados = (3,8), (3,7), (4,7), (4,6), (5,6), (5,7), (3,9), (2,7), (3,6), (2,8), (5,5), (3,10), (3,5), (2,9), (1,7), (1,8), (5,4), (6,5), (5,8), (2,5), (7,5), (8,5), (5,3), (5,2), (8,4), (8,3), (9,3)
------------------------
Iteración 28
-----------
Abiertos = (8,2), (1,9), (2,10), (1,5), (10,3), (6,2), (7,4), (2,10), (4,2), (8,6), (4,3), (1,10), (7,3), (7,4), (5,9)
Cerrados = (3,8), (3,7), (4,7), (4,6), (5,6), (5,7), (3,9), (2,7), (3,6), (2,8), (5,5), (3,10), (3,5), (2,9), (1,7), (1,8), (5,4), (6,5), (5,8), (2,5), (7,5), (8,5), (5,3), (5,2), (8,4), (8,3), (9,3), (1,9)
------------------------
Iteración 29
-----------
Abiertos = (2,10), (1,5), (10,3), (6,2), (7,4), (2,10), (8,1), (4,2), (8,6), (4,3), (1,10), (7,2), (7,3), (7,4), (5,9)
Cerrados = (3,8), (3,7), (4,7), (4,6), (5,6), (5,7), (3,9), (2,7), (3,6), (2,8), (5,5), (3,10), (3,5), (2,9), (1,7), (1,8), (5,4), (6,5), (5,8), (2,5), (7,5), (8,5), (5,3), (5,2), (8,4), (8,3), (9,3), (1,9), (8,2)
------------------------
Iteración 30
-----------
Abiertos = (2,10), (1,4), (10,3), (6,2), (7,4), (2,10), (8,1), (4,2), (8,6), (4,3), (1,10), (7,2), (7,3), (7,4), (5,9)
Cerrados = (3,8), (3,7), (4,7), (4,6), (5,6), (5,7), (3,9), (2,7), (3,6), (2,8), (5,5), (3,10), (3,5), (2,9), (1,7), (1,8), (5,4), (6,5), (5,8), (2,5), (7,5), (8,5), (5,3), (5,2), (8,4), (8,3), (9,3), (1,9), (8,2), (1,5)
------------------------
Iteración 31
-----------
Abiertos = (2,10), (1,3), (10,3), (6,2), (7,4), (2,10), (8,1), (4,2), (8,6), (4,3), (1,10), (7,2), (7,3), (7,4), (5,9)
Cerrados = (3,8), (3,7), (4,7), (4,6), (5,6), (5,7), (3,9), (2,7), (3,6), (2,8), (5,5), (3,10), (3,5), (2,9), (1,7), (1,8), (5,4), (6,5), (5,8), (2,5), (7,5), (8,5), (5,3), (5,2), (8,4), (8,3), (9,3), (1,9), (8,2), (1,5), (1,4)
------------------------
Iteración 32
-----------
Abiertos = (1,3), (10,3), (6,2), (7,4), (2,10), (8,1), (4,2), (8,6), (4,3), (1,10), (1,10), (7,2), (7,3), (7,4), (5,9)
Cerrados = (3,8), (3,7), (4,7), (4,6), (5,6), (5,7), (3,9), (2,7), (3,6), (2,8), (5,5), (3,10), (3,5), (2,9), (1,7), (1,8), (5,4), (6,5), (5,8), (2,5), (7,5), (8,5), (5,3), (5,2), (8,4), (8,3), (9,3), (1,9), (8,2), (1,5), (1,4), (2,10)
------------------------
Iteración 33
-----------
Abiertos = (1,2), (10,3), (6,2), (7,4), (2,10), (8,1), (4,2), (8,6), (4,3), (1,10), (1,10), (2,3), (7,2), (7,3), (7,4), (5,9)
Cerrados = (3,8), (3,7), (4,7), (4,6), (5,6), (5,7), (3,9), (2,7), (3,6), (2,8), (5,5), (3,10), (3,5), (2,9), (1,7), (1,8), (5,4), (6,5), (5,8), (2,5), (7,5), (8,5), (5,3), (5,2), (8,4), (8,3), (9,3), (1,9), (8,2), (1,5), (1,4), (2,10), (1,3)
------------------------
Iteración 34
-----------
Abiertos = (10,3), (6,2), (7,4), (2,10), (8,1), (4,2), (8,6), (4,3), (1,10), (1,10), (2,2), (2,3), (1,1), (7,2), (7,3), (7,4), (5,9)
Cerrados = (3,8), (3,7), (4,7), (4,6), (5,6), (5,7), (3,9), (2,7), (3,6), (2,8), (5,5), (3,10), (3,5), (2,9), (1,7), (1,8), (5,4), (6,5), (5,8), (2,5), (7,5), (8,5), (5,3), (5,2), (8,4), (8,3), (9,3), (1,9), (8,2), (1,5), (1,4), (2,10), (1,3), (1,2)
------------------------
Iteración 35
-----------
Abiertos = (10,3), (7,4), (2,10), (8,1), (4,2), (8,6), (4,3), (1,10), (1,10), (2,2), (2,3), (7,2), (1,1), (7,2), (7,3), (7,4), (5,9), (6,1)
Cerrados = (3,8), (3,7), (4,7), (4,6), (5,6), (5,7), (3,9), (2,7), (3,6), (2,8), (5,5), (3,10), (3,5), (2,9), (1,7), (1,8), (5,4), (6,5), (5,8), (2,5), (7,5), (8,5), (5,3), (5,2), (8,4), (8,3), (9,3), (1,9), (8,2), (1,5), (1,4), (2,10), (1,3), (1,2), (6,2)
------------------------
Iteración 36
-----------
Abiertos = (10,2), (7,4), (2,10), (8,1), (4,2), (8,6), (4,3), (1,10), (1,10), (2,2), (2,3), (7,2), (1,1), (11,3), (7,2), (7,3), (7,4), (5,9), (10,4), (6,1)
Cerrados = (3,8), (3,7), (4,7), (4,6), (5,6), (5,7), (3,9), (2,7), (3,6), (2,8), (5,5), (3,10), (3,5), (2,9), (1,7), (1,8), (5,4), (6,5), (5,8), (2,5), (7,5), (8,5), (5,3), (5,2), (8,4), (8,3), (9,3), (1,9), (8,2), (1,5), (1,4), (2,10), (1,3), (1,2), (6,2), (10,3)
------------------------
Iteración 37
-----------
Abiertos = (10,2), (2,10), (8,1), (4,2), (8,6), (4,3), (1,10), (1,10), (2,2), (2,3), (7,2), (7,3), (1,1), (11,3), (7,2), (7,3), (7,4), (5,9), (10,4), (6,1)
Cerrados = (3,8), (3,7), (4,7), (4,6), (5,6), (5,7), (3,9), (2,7), (3,6), (2,8), (5,5), (3,10), (3,5), (2,9), (1,7), (1,8), (5,4), (6,5), (5,8), (2,5), (7,5), (8,5), (5,3), (5,2), (8,4), (8,3), (9,3), (1,9), (8,2), (1,5), (1,4), (2,10), (1,3), (1,2), (6,2), (10,3), (7,4)
------------------------
Camino: (3,8) -> (3,7) -> (4,7) -> (4,6) -> (5,6) -> (5,5) -> (6,5) -> (7,5) -> (8,5) -> (8,4) -> (8,3) -> (9,3) -> (10,3) -> (10,2)
Coste: 44
Iteración 0
-----------
Abiertos = (3,8)
Cerrados = 
------------------------
Iteración 1
-----------
Abiertos = (3,7), (3,9), (2,8)
Cerrados = (3,8)
------------------------
Iteración 2
-----------
Abiertos = (3,7), (2,8), (3,10), (2,9)
Cerrados = (3,8), (3,9)
------------------------
Iteración 3
-----------
Abiertos = (4,7), (3,6), (2,7), (2,8), (3,10), (2,9)
Cerrados = (3,8), (3,9), (3,7)
------------------------
Iteración 4
-----------
Abiertos = (4,7), (4,6), (2,7), (2,8), (3,10), (3,5), (2,9)
Cerrados = (3,8), (3,9), (3,7), (3,6)
------------------------
Iteración 5
-----------
Abiertos = (4,6), (4,6), (5,7), (2,7), (2,8), (3,10), (3,5), (2,9)
Cerrados = (3,8), (3,9), (3,7), (3,6), (4,7)
------------------------
Iteración 6
-----------
Abiertos = (5,7), (4,6), (2,7), (2,8), (3,10), (5,6), (3,5), (2,9)
Cerrados = (3,8), (3,9), (3,7), (3,6), (4,7), (4,6)
------------------------
Iteración 7
-----------
Abiertos = (4,6), (2,7), (2,8), (3,10), (5,6), (5,6), (3,5), (2,9), (5,8)
Cerrados = (3,8), (3,9), (3,7), (3,6), (4,7), (4,6), (5,7)
------------------------
Iteración 8
-----------
Abiertos = (2,7), (2,7), (3,10), (5,6), (5,6), (3,5), (2,9), (1,8), (5,8), (2,9)
Cerrados = (3,8), (3,9), (3,7), (3,6), (4,7), (4,6), (5,7), (2,8)
------------------------
Iteración 9
-----------
Abiertos = (2,7), (3,10), (5,6), (5,6), (3,5), (1,7), (2,9), (1,8), (5,8), (2,9)
Cerrados = (3,8), (3,9), (3,7), (3,6), (4,7), (4,6), (5,7), (2,8), (2,7)
------------------------
Iteración 10
-----------
Abiertos = (2,7), (5,6), (5,6), (3,5), (1,7), (2,9), (1,8), (5,8), (2,9), (2,10)
Cerrados = (3,8), (3,9), (3,7), (3,6), (4,7), (4,6), (5,7), (2,8), (2,7), (3,10)
------------------------
Iteración 11
-----------
Abiertos = (2,7), (5,6), (3,5), (1,7), (2,9), (1,8), (5,5), (5,8), (2,9), (2,10)
Cerrados = (3,8), (3,9), (3,7), (3,6), (4,7), (4,6), (5,7), (2,8), (2,7), (3,10), (5,6)
------------------------
Iteración 12
-----------
Abiertos = (5,6), (1,7), (2,9), (1,8), (5,5), (5,8), (2,5), (2,9), (2,10)
Cerrados = (3,8), (3,9), (3,7), (3,6), (4,7), (4,6), (5,7), (2,8), (2,7), (3,10), (5,6), (3,5)
------------------------
Iteración 13
-----------
Abiertos = (5,6), (2,9), (1,8), (5,5), (5,8), (2,5), (2,9), (1,8), (2,10)
Cerrados = (3,8), (3,9), (3,7), (3,6), (4,7), (4,6), (5,7), (2,8), (2,7), (3,10), (5,6), (3,5), (1,7)
------------------------
Iteración 14
-----------
Abiertos = (2,9), (5,5), (5,8), (2,5), (2,9), (1,8), (1,9), (2,10)
Cerrados = (3,8), (3,9), (3,7), (3,6), (4,7), (4,6), (5,7), (2,8), (2,7), (3,10), (5,6), (3,5), (1,7), (1,8)
------------------------
Iteración 15
-----------
Abiertos = (2,9), (5,8), (2,5), (2,9), (6,5), (5,4), (1,8), (2,10), (1,9)
Cerrados = (3,8), (3,9), (3,7), (3,6), (4,7), (4,6), (5,7), (2,8), (2,7), (3,10), (5,6), (3,5), (1,7), (1,8), (5,5)
------------------------
Iteración 16
-----------
Abiertos = (2,5), (5,8), (2,9), (6,5), (5,4), (1,8), (2,10), (1,9), (1,9), (2,10)
Cerrados = (3,8), (3,9), (3,7), (3,6), (4,7), (4,6), (5,7), (2,8), (2,7), (3,10), (5,6), (3,5), (1,7), (1,8), (5,5), (2,9)
------------------------
Iteración 17
-----------
Abiertos = (5,8), (2,9), (6,5), (5,4), (1,8), (2,10), (1,9), (1,9), (1,5), (2,10)
Cerrados = (3,8), (3,9), (3,7), (3,6), (4,7), (4,6), (5,7), (2,8), (2,7), (3,10), (5,6), (3,5), (1,7), (1,8), (5,5), (2,9), (2,5)
------------------------
Iteración 18
-----------
Abiertos = (2,9), (6,5), (5,4), (1,8), (2,10), (1,9), (1,9), (1,5), (2,10), (5,9)
Cerrados = (3,8), (3,9), (3,7), (3,6), (4,7), (4,6), (5,7), (2,8), (2,7), (3,10), (5,6), (3,5), (1,7), (1,8), (5,5), (2,9), (2,5), (5,8)
------------------------
Iteración 19
-----------
Abiertos = (5,4), (1,8), (2,10), (1,9), (1,9), (1,5), (7,5), (2,10), (5,9)
Cerrados = (3,8), (3,9), (3,7), (3,6), (4,7), (4,6), (5,7), (2,8), (2,7), (3,10), (5,6), (3,5), (1,7), (1,8), (5,5), (2,9), (2,5), (5,8), (6,5)
------------------------
Iteración 20
-----------
Abiertos = (1,8), (1,9), (2,10), (1,9), (1,5), (7,5), (5,3), (2,10), (5,9)
Cerrados = (3,8), (3,9), (3,7), (3,6), (4,7), (4,6), (5,7), (2,8), (2,7), (3,10), (5,6), (3,5), (1,7), (1,8), (5,5), (2,9), (2,5), (5,8), (6,5), (5,4)
------------------------
Iteración 21
-----------
Abiertos = (1,9), (2,10), (1,5), (7,5), (5,3), (2,10), (1,10), (5,9)
Cerrados = (3,8), (3,9), (3,7), (3,6), (4,7), (4,6), (5,7), (2,8), (2,7), (3,10), (5,6), (3,5), (1,7), (1,8), (5,5), (2,9), (2,5), (5,8), (6,5), (5,4), (1,9)
------------------------
Iteración 22
-----------
Abiertos = (1,9), (1,5), (7,5), (5,3), (2,10), (1,10), (1,10), (5,9)
Cerrados = (3,8), (3,9), (3,7), (3,6), (4,7), (4,6), (5,7), (2,8), (2,7), (3,10), (5,6), (3,5), (1,7), (1,8), (5,5), (2,9), (2,5), (5,8), (6,5), (5,4), (1,9), (2,10)
------------------------
Iteración 23
-----------
Abiertos = (1,5), (8,5), (5,3), (2,10), (1,10), (1,10), (7,4), (5,9)
Cerrados = (3,8), (3,9), (3,7), (3,6), (4,7), (4,6), (5,7), (2,8), (2,7), (3,10), (5,6), (3,5), (1,7), (1,8), (5,5), (2,9), (2,5), (5,8), (6,5), (5,4), (1,9), (2,10), (7,5)
------------------------
Iteración 24
-----------
Abiertos = (1,4), (8,5), (5,3), (2,10), (1,10), (1,10), (7,4), (5,9)
Cerrados = (3,8), (3,9), (3,7), (3,6), (4,7), (4,6), (5,7), (2,8), (2,7), (3,10), (5,6), (3,5), (1,7), (1,8), (5,5), (2,9), (2,5), (5,8), (6,5), (5,4), (1,9), (2,10), (7,5), (1,5)
------------------------
Iteración 25
-----------
Abiertos = (1,3), (8,5), (5,3), (2,10), (1,10), (1,10), (7,4), (5,9)
Cerrados = (3,8), (3,9), (3,7), (3,6), (4,7), (4,6), (5,7), (2,8), (2,7), (3,10), (5,6), (3,5), (1,7), (1,8), (5,5), (2,9), (2,5), (5,8), (6,5), (5,4), (1,9), (2,10), (7,5), (1,5), (1,4)
------------------------
Iteración 26
-----------
Abiertos = (1,2), (8,5), (5,3), (2,10), (1,10), (1,10), (2,3), (7,4), (5,9)
Cerrados = (3,8), (3,9), (3,7), (3,6), (4,7), (4,6), (5,7), (2,8), (2,7), (3,10), (5,6), (3,5), (1,7), (1,8), (5,5), (2,9), (2,5), (5,8), (6,5), (5,4), (1,9), (2,10), (7,5), (1,5), (1,4), (1,3)
------------------------
Iteración 27
-----------
Abiertos = (1,2), (8,4), (5,3), (2,10), (1,10), (1,10), (2,3), (7,4), (8,6), (5,9)
Cerrados = (3,8), (3,9), (3,7), (3,6), (4,7), (4,6), (5,7), (2,8), (2,7), (3,10), (5,6), (3,5), (1,7), (1,8), (5,5), (2,9), (2,5), (5,8), (6,5), (5,4), (1,9), (2,10), (7,5), (1,5), (1,4), (1,3), (8,5)
------------------------
Iteración 28
-----------
Abiertos = (1,2), (8,3), (5,3), (2,10), (1,10), (1,10), (2,3), (7,4), (8,6), (5,9), (7,4)
Cerrados = (3,8), (3,9), (3,7), (3,6), (4,7), (4,6), (5,7), (2,8), (2,7), (3,10), (5,6), (3,5), (1,7), (1,8), (5,5), (2,9), (2,5), (5,8), (6,5), (5,4), (1,9), (2,10), (7,5), (1,5), (1,4), (1,3), (8,5), (8,4)
------------------------
Iteración 29
-----------
Abiertos = (1,2), (9,3), (8,2), (5,3), (2,10), (1,10), (1,10), (2,3), (7,4), (8,6), (5,9), (7,3), (7,4)
Cerrados = (3,8), (3,9), (3,7), (3,6), (4,7), (4,6), (5,7), (2,8), (2,7), (3,10), (5,6), (3,5), (1,7), (1,8), (5,5), (2,9), (2,5), (5,8), (6,5), (5,4), (1,9), (2,10), (7,5), (1,5), (1,4), (1,3), (8,5), (8,4), (8,3)
------------------------
Iteración 30
-----------
Abiertos = (1,2), (8,2), (5,3), (2,10), (1,10), (1,10), (2,3), (10,3), (7,4), (8,6), (5,9), (7,3), (7,4)
Cerrados = (3,8), (3,9), (3,7), (3,6), (4,7), (4,6), (5,7), (2,8), (2,7), (3,10), (5,6), (3,5), (1,7), (1,8), (5,5), (2,9), (2,5), (5,8), (6,5), (5,4), (1,9), (2,10), (7,5), (1,5), (1,4), (1,3), (8,5), (8,4), (8,3), (9,3)
------------------------
Iteración 31
-----------
Abiertos = (1,2), (5,3), (2,10), (1,10), (1,10), (2,3), (10,3), (7,4), (8,1), (8,6), (5,9), (7,2), (7,3), (7,4)
Cerrados = (3,8), (3,9), (3,7), (3,6), (4,7), (4,6), (5,7), (2,8), (2,7), (3,10), (5,6), (3,5), (1,7), (1,8), (5,5), (2,9), (2,5), (5,8), (6,5), (5,4), (1,9), (2,10), (7,5), (1,5), (1,4), (1,3), (8,5), (8,4), (8,3), (9,3), (8,2)
------------------------
Iteración 32
-----------
Abiertos = (5,3), (2,10), (1,10), (1,10), (2,2), (2,3), (10,3), (7,4), (1,1), (8,1), (8,6), (5,9), (7,2), (7,3), (7,4)
Cerrados = (3,8), (3,9), (3,7), (3,6), (4,7), (4,6), (5,7), (2,8), (2,7), (3,10), (5,6), (3,5), (1,7), (1,8), (5,5), (2,9), (2,5), (5,8), (6,5), (5,4), (1,9), (2,10), (7,5), (1,5), (1,4), (1,3), (8,5), (8,4), (8,3), (9,3), (8,2), (1,2)
------------------------
Iteración 33
-----------
Abiertos = (5,2), (1,10), (1,10), (2,2), (2,3), (10,3), (7,4), (1,1), (8,1), (8,6), (4,3), (5,9), (7,2), (7,3), (7,4)
Cerrados = (3,8), (3,9), (3,7), (3,6), (4,7), (4,6), (5,7), (2,8), (2,7), (3,10), (5,6), (3,5), (1,7), (1,8), (5,5), (2,9), (2,5), (5,8), (6,5), (5,4), (1,9), (2,10), (7,5), (1,5), (1,4), (1,3), (8,5), (8,4), (8,3), (9,3), (8,2), (1,2), (5,3)
------------------------
Iteración 34
-----------
Abiertos = (5,2), (1,10), (2,2), (2,3), (10,3), (7,4), (1,1), (8,1), (8,6), (4,3), (5,9), (7,2), (7,3), (7,4)
Cerrados = (3,8), (3,9), (3,7), (3,6), (4,7), (4,6), (5,7), (2,8), (2,7), (3,10), (5,6), (3,5), (1,7), (1,8), (5,5), (2,9), (2,5), (5,8), (6,5), (5,4), (1,9), (2,10), (7,5), (1,5), (1,4), (1,3), (8,5), (8,4), (8,3), (9,3), (8,2), (1,2), (5,3), (1,10)
------------------------
Iteración 35
-----------
Abiertos = (1,10), (2,2), (2,3), (10,3), (6,2), (7,4), (1,1), (8,1), (4,2), (8,6), (4,3), (5,9), (7,2), (7,3), (7,4)
Cerrados = (3,8), (3,9), (3,7), (3,6), (4,7), (4,6), (5,7), (2,8), (2,7), (3,10), (5,6), (3,5), (1,7), (1,8), (5,5), (2,9), (2,5), (5,8), (6,5), (5,4), (1,9), (2,10), (7,5), (1,5), (1,4), (1,3), (8,5), (8,4), (8,3), (9,3), (8,2), (1,2), (5,3), (1,10), (5,2)
------------------------
Iteración 36
-----------
Abiertos = (2,3), (10,3), (6,2), (7,4), (1,1), (8,1), (4,2), (8,6), (4,3), (5,9), (2,1), (7,2), (7,3), (7,4), (2,3)
Cerrados = (3,8), (3,9), (3,7), (3,6), (4,7), (4,6), (5,7), (2,8), (2,7), (3,10), (5,6), (3,5), (1,7), (1,8), (5,5), (2,9), (2,5), (5,8), (6,5), (5,4), (1,9), (2,10), (7,5), (1,5), (1,4), (1,3), (8,5), (8,4), (8,3), (9,3), (8,2), (1,2), (5,3), (1,10), (5,2), (2,2)
------------------------
Iteración 37
-----------
Abiertos = (2,3), (10,2), (6,2), (7,4), (1,1), (8,1), (4,2), (8,6), (4,3), (5,9), (2,1), (11,3), (7,2), (7,3), (7,4), (2,3), (10,4)
Cerrados = (3,8), (3,9), (3,7), (3,6), (4,7), (4,6), (5,7), (2,8), (2,7), (3,10), (5,6), (3,5), (1,7), (1,8), (5,5), (2,9), (2,5), (5,8), (6,5), (5,4), (1,9), (2,10), (7,5), (1,5), (1,4), (1,3), (8,5), (8,4), (8,3), (9,3), (8,2), (1,2), (5,3), (1,10), (5,2), (2,2), (10,3)
------------------------
Iteración 38
-----------
Abiertos = (10,2), (6,2), (7,4), (1,1), (8,1), (4,2), (8,6), (4,3), (3,3), (5,9), (2,1), (11,3), (7,2), (7,3), (7,4), (2,3), (10,4)
Cerrados = (3,8), (3,9), (3,7), (3,6), (4,7), (4,6), (5,7), (2,8), (2,7), (3,10), (5,6), (3,5), (1,7), (1,8), (5,5), (2,9), (2,5), (5,8), (6,5), (5,4), (1,9), (2,10), (7,5), (1,5), (1,4), (1,3), (8,5), (8,4), (8,3), (9,3), (8,2), (1,2), (5,3), (1,10), (5,2), (2,2), (10,3), (2,3)
------------------------
Iteración 39
-----------
Abiertos = (10,2), (7,4), (1,1), (8,1), (4,2), (8,6), (4,3), (3,3), (5,9), (7,2), (2,1), (11,3), (7,2), (7,3), (7,4), (2,3), (10,4), (6,1)
Cerrados = (3,8), (3,9), (3,7), (3,6), (4,7), (4,6), (5,7), (2,8), (2,7), (3,10), (5,6), (3,5), (1,7), (1,8), (5,5), (2,9), (2,5), (5,8), (6,5), (5,4), (1,9), (2,10), (7,5), (1,5), (1,4), (1,3), (8,5), (8,4), (8,3), (9,3), (8,2), (1,2), (5,3), (1,10), (5,2), (2,2), (10,3), (2,3), (6,2)
------------------------
Iteración 40
-----------
Abiertos = (10,2), (1,1), (8,1), (4,2), (8,6), (4,3), (3,3), (5,9), (7,2), (7,3), (2,1), (11,3), (7,2), (7,3), (7,4), (2,3), (10,4), (6,1)
Cerrados = (3,8), (3,9), (3,7), (3,6), (4,7), (4,6), (5,7), (2,8), (2,7), (3,10), (5,6), (3,5), (1,7), (1,8), (5,5), (2,9), (2,5), (5,8), (6,5), (5,4), (1,9), (2,10), (7,5), (1,5), (1,4), (1,3), (8,5), (8,4), (8,3), (9,3), (8,2), (1,2), (5,3), (1,10), (5,2), (2,2), (10,3), (2,3), (6,2), (7,4)
------------------------
Camino: (3,8) -> (3,7) -> (3,6) -> (4,6) -> (5,6) -> (5,5) -> (6,5) -> (7,5) -> (8,5) -> (8,4) -> (8,3) -> (9,3) -> (10,3) -> (10,2)
Coste: 47
Iteración 0
-----------
Abiertos = (3,8)
Cerrados = 
------------------------
Iteración 1
-----------
Abiertos = (3,7), (3,9), (2,8)
Cerrados = (3,8)
------------------------
Iteración 2
-----------
Abiertos = (3,7), (2,8), (3,10), (2,9)
Cerrados = (3,8), (3,9)
------------------------
Iteración 3
-----------
Abiertos = (3,7), (2,7), (3,10), (2,9), (1,8), (2,9)
Cerrados = (3,8), (3,9), (2,8)
------------------------
Iteración 4
-----------
Abiertos = (3,7), (3,10), (3,7), (1,7), (1,8), (2,9), (2,9)
Cerrados = (3,8), (3,9), (2,8), (2,7)
------------------------
Iteración 5
-----------
Abiertos = (4,7), (3,6), (3,10), (3,7), (1,7), (1,8), (2,9), (2,9)
Cerrados = (3,8), (3,9), (2,8), (2,7), (3,7)
------------------------
Iteración 6
-----------
Abiertos = (4,7), (4,6), (3,10), (3,5), (3,7), (1,7), (1,8), (2,9), (2,9)
Cerrados = (3,8), (3,9), (2,8), (2,7), (3,7), (3,6)
------------------------
Iteración 7
-----------
Abiertos = (4,7), (3,10), (5,6), (3,5), (4,7), (3,7), (1,7), (1,8), (2,9), (2,9)
Cerrados = (3,8), (3,9), (2,8), (2,7), (3,7), (3,6), (4,6)
------------------------
Iteración 8
-----------
Abiertos = (5,7), (3,10), (5,6), (3,5), (4,7), (3,7), (1,7), (1,8), (2,9), (2,9)
Cerrados = (3,8), (3,9), (2,8), (2,7), (3,7), (3,6), (4,6), (4,7)
------------------------
Iteración 9
-----------
Abiertos = (5,7), (5,6), (3,5), (4,7), (3,7), (1,7), (1,8), (2,9), (2,9), (2,10)
Cerrados = (3,8), (3,9), (2,8), (2,7), (3,7), (3,6), (4,6), (4,7), (3,10)
------------------------
Iteración 10
-----------
Abiertos = (5,6), (5,6), (3,5), (4,7), (3,7), (1,7), (1,8), (2,9), (5,8), (2,9), (2,10)
Cerrados = (3,8), (3,9), (2,8), (2,7), (3,7), (3,6), (4,6), (4,7), (3,10), (5,7)
------------------------
Iteración 11
-----------
Abiertos = (5,6), (3,5), (4,7), (3,7), (1,7), (1,8), (2,9), (5,5), (5,8), (2,9), (2,10)
Cerrados = (3,8), (3,9), (2,8), (2,7), (3,7), (3,6), (4,6), (4,7), (3,10), (5,7), (5,6)
------------------------
Iteración 12
-----------
Abiertos = (5,6), (4,7), (3,7), (1,7), (1,8), (2,9), (5,5), (2,5), (5,8), (2,9), (2,10)
Cerrados = (3,8), (3,9), (2,8), (2,7), (3,7), (3,6), (4,6), (4,7), (3,10), (5,7), (5,6), (3,5)
------------------------
Iteración 13
-----------
Abiertos = (3,7), (1,8), (2,9), (5,5), (2,5), (5,8), (2,9), (1,8), (2,10)
Cerrados = (3,8), (3,9), (2,8), (2,7), (3,7), (3,6), (4,6), (4,7), (3,10), (5,7), (5,6), (3,5), (1,7)
------------------------
Iteración 14
-----------
Abiertos = (3,7), (2,9), (5,5), (2,5), (5,8), (2,9), (1,8), (2,10), (1,9)
Cerrados = (3,8), (3,9), (2,8), (2,7), (3,7), (3,6), (4,6), (4,7), (3,10), (5,7), (5,6), (3,5), (1,7), (1,8)
------------------------
Iteración 15
-----------
Abiertos = (3,7), (5,5), (2,5), (5,8), (2,9), (1,8), (2,10), (1,9), (1,9), (2,10)
Cerrados = (3,8), (3,9), (2,8), (2,7), (3,7), (3,6), (4,6), (4,7), (3,10), (5,7), (5,6), (3,5), (1,7), (1,8), (2,9)
------------------------
Iteración 16
-----------
Abiertos = (5,8), (2,5), (2,9), (6,5), (5,4), (1,8), (1,9), (1,9), (2,10), (2,10)
Cerrados = (3,8), (3,9), (2,8), (2,7), (3,7), (3,6), (4,6), (4,7), (3,10), (5,7), (5,6), (3,5), (1,7), (1,8), (2,9), (5,5)
------------------------
Iteración 17
-----------
Abiertos = (2,5), (2,9), (6,5), (5,4), (1,8), (2,10), (1,9), (1,9), (2,10), (5,9)
Cerrados = (3,8), (3,9), (2,8), (2,7), (3,7), (3,6), (4,6), (4,7), (3,10), (5,7), (5,6), (3,5), (1,7), (1,8), (2,9), (5,5), (5,8)
------------------------
Iteración 18
-----------
Abiertos = (2,5), (5,4), (1,8), (2,10), (1,9), (1,9), (7,5), (2,10), (5,9)
Cerrados = (3,8), (3,9), (2,8), (2,7), (3,7), (3,6), (4,6), (4,7), (3,10), (5,7), (5,6), (3,5), (1,7), (1,8), (2,9), (5,5), (5,8), (6,5)
------------------------
Iteración 19
-----------
Abiertos = (2,5), (1,8), (2,10), (1,9), (1,9), (7,5), (5,3), (2,10), (5,9)
Cerrados = (3,8), (3,9), (2,8), (2,7), (3,7), (3,6), (4,6), (4,7), (3,10), (5,7), (5,6), (3,5), (1,7), (1,8), (2,9), (5,5), (5,8), (6,5), (5,4)
------------------------
Iteración 20
-----------
Abiertos = (1,8), (2,10), (1,9), (1,9), (1,5), (7,5), (5,3), (2,10), (5,9)
Cerrados = (3,8), (3,9), (2,8), (2,7), (3,7), (3,6), (4,6), (4,7), (3,10), (5,7), (5,6), (3,5), (1,7), (1,8), (2,9), (5,5), (5,8), (6,5), (5,4), (2,5)
------------------------
Iteración 21
-----------
Abiertos = (1,8), (1,9), (1,9), (1,5), (7,5), (5,3), (2,10), (1,10), (5,9)
Cerrados = (3,8), (3,9), (2,8), (2,7), (3,7), (3,6), (4,6), (4,7), (3,10), (5,7), (5,6), (3,5), (1,7), (1,8), (2,9), (5,5), (5,8), (6,5), (5,4), (2,5), (2,10)
------------------------
Iteración 22
-----------
Abiertos = (1,8), (1,9), (1,5), (7,5), (5,3), (2,10), (1,10), (1,10), (5,9)
Cerrados = (3,8), (3,9), (2,8), (2,7), (3,7), (3,6), (4,6), (4,7), (3,10), (5,7), (5,6), (3,5), (1,7), (1,8), (2,9), (5,5), (5,8), (6,5), (5,4), (2,5), (2,10), (1,9)
------------------------
Iteración 23
-----------
Abiertos = (1,5), (8,5), (5,3), (2,10), (1,10), (1,10), (7,4), (5,9)
Cerrados = (3,8), (3,9), (2,8), (2,7), (3,7), (3,6), (4,6), (4,7), (3,10), (5,7), (5,6), (3,5), (1,7), (1,8), (2,9), (5,5), (5,8), (6,5), (5,4), (2,5), (2,10), (1,9), (7,5)
------------------------
Iteración 24
-----------
Abiertos = (1,5), (8,4), (5,3), (2,10), (1,10), (1,10), (7,4), (8,6), (5,9)
Cerrados = (3,8), (3,9), (2,8), (2,7), (3,7), (3,6), (4,6), (4,7), (3,10), (5,7), (5,6), (3,5), (1,7), (1,8), (2,9), (5,5), (5,8), (6,5), (5,4), (2,5), (2,10), (1,9), (7,5), (8,5)
------------------------
Iteración 25
-----------
Abiertos = (1,5), (8,3), (5,3), (2,10), (1,10), (1,10), (7,4), (8,6), (5,9), (7,4)
Cerrados = (3,8), (3,9), (2,8), (2,7), (3,7), (3,6), (4,6), (4,7), (3,10), (5,7), (5,6), (3,5), (1,7), (1,8), (2,9), (5,5), (5,8), (6,5), (5,4), (2,5), (2,10), (1,9), (7,5), (8,5), (8,4)
------------------------
Iteración 26
-----------
Abiertos = (1,4), (8,3), (5,3), (2,10), (1,10), (1,10), (7,4), (8,6), (5,9), (7,4)
Cerrados = (3,8), (3,9), (2,8), (2,7), (3,7), (3,6), (4,6), (4,7), (3,10), (5,7), (5,6), (3,5), (1,7), (1,8), (2,9), (5,5), (5,8), (6,5), (5,4), (2,5), (2,10), (1,9), (7,5), (8,5), (8,4), (1,5)
------------------------
Iteración 27
-----------
Abiertos = (1,4), (8,2), (9,3), (5,3), (2,10), (1,10), (1,10), (7,4), (8,6), (5,9), (7,3), (7,4)
Cerrados = (3,8), (3,9), (2,8), (2,7), (3,7), (3,6), (4,6), (4,7), (3,10), (5,7), (5,6), (3,5), (1,7), (1,8), (2,9), (5,5), (5,8), (6,5), (5,4), (2,5), (2,10), (1,9), (7,5), (8,5), (8,4), (1,5), (8,3)
------------------------
Iteración 28
-----------
Abiertos = (1,3), (9,3), (8,2), (5,3), (2,10), (1,10), (1,10), (7,4), (8,6), (5,9), (7,3), (7,4)
Cerrados = (3,8), (3,9), (2,8), (2,7), (3,7), (3,6), (4,6), (4,7), (3,10), (5,7), (5,6), (3,5), (1,7), (1,8), (2,9), (5,5), (5,8), (6,5), (5,4), (2,5), (2,10), (1,9), (7,5), (8,5), (8,4), (1,5), (8,3), (1,4)
------------------------
Iteración 29
-----------
Abiertos = (1,3), (8,2), (5,3), (2,10), (1,10), (1,10), (10,3), (7,4), (8,6), (5,9), (7,3), (7,4)
Cerrados = (3,8), (3,9), (2,8), (2,7), (3,7), (3,6), (4,6), (4,7), (3,10), (5,7), (5,6), (3,5), (1,7), (1,8), (2,9), (5,5), (5,8), (6,5), (5,4), (2,5), (2,10), (1,9), (7,5), (8,5), (8,4), (1,5), (8,3), (1,4), (9,3)
------------------------
Iteración 30
-----------
Abiertos = (1,3), (5,3), (2,10), (1,10), (1,10), (10,3), (7,4), (8,1), (8,6), (5,9), (7,2), (7,3), (7,4)
Cerrados = (3,8), (3,9), (2,8), (2,7), (3,7), (3,6), (4,6), (4,7), (3,10), (5,7), (5,6), (3,5), (1,7), (1,8), (2,9), (5,5), (5,8), (6,5), (5,4), (2,5), (2,10), (1,9), (7,5), (8,5), (8,4), (1,5), (8,3), (1,4), (9,3), (8,2)
------------------------
Iteración 31
-----------
Abiertos = (1,3), (5,2), (2,10), (1,10), (1,10), (10,3), (7,4), (8,1), (8,6), (4,3), (5,9), (7,2), (7,3), (7,4)
Cerrados = (3,8), (3,9), (2,8), (2,7), (3,7), (3,6), (4,6), (4,7), (3,10), (5,7), (5,6), (3,5), (1,7), (1,8), (2,9), (5,5), (5,8), (6,5), (5,4), (2,5), (2,10), (1,9), (7,5), (8,5), (8,4), (1,5), (8,3), (1,4), (9,3), (8,2), (5,3)
------------------------
Iteración 32
-----------
Abiertos = (1,3), (2,10), (1,10), (1,10), (10,3), (6,2), (7,4), (8,1), (4,2), (8,6), (4,3), (5,9), (7,2), (7,3), (7,4)
Cerrados = (3,8), (3,9), (2,8), (2,7), (3,7), (3,6), (4,6), (4,7), (3,10), (5,7), (5,6), (3,5), (1,7), (1,8), (2,9), (5,5), (5,8), (6,5), (5,4), (2,5), (2,10), (1,9), (7,5), (8,5), (8,4), (1,5), (8,3), (1,4), (9,3), (8,2), (5,3), (5,2)
------------------------
Iteración 33
-----------
Abiertos = (1,2), (2,10), (1,10), (1,10), (2,3), (10,3), (6,2), (7,4), (8,1), (4,2), (8,6), (4,3), (5,9), (7,2), (7,3), (7,4)
Cerrados = (3,8), (3,9), (2,8), (2,7), (3,7), (3,6), (4,6), (4,7), (3,10), (5,7), (5,6), (3,5), (1,7), (1,8), (2,9), (5,5), (5,8), (6,5), (5,4), (2,5), (2,10), (1,9), (7,5), (8,5), (8,4), (1,5), (8,3), (1,4), (9,3), (8,2), (5,3), (5,2), (1,3)
------------------------
Iteración 34
-----------
Abiertos = (2,10), (1,10), (1,10), (2,2), (2,3), (10,3), (6,2), (7,4), (1,1), (8,1), (4,2), (8,6), (4,3), (5,9), (7,2), (7,3), (7,4)
Cerrados = (3,8), (3,9), (2,8), (2,7), (3,7), (3,6), (4,6), (4,7), (3,10), (5,7), (5,6), (3,5), (1,7), (1,8), (2,9), (5,5), (5,8), (6,5), (5,4), (2,5), (2,10), (1,9), (7,5), (8,5), (8,4), (1,5), (8,3), (1,4), (9,3), (8,2), (5,3), (5,2), (1,3), (1,2)
------------------------
Iteración 35
-----------
Abiertos = (2,10), (1,10), (2,2), (2,3), (10,3), (6,2), (7,4), (1,1), (8,1), (4,2), (8,6), (4,3), (5,9), (7,2), (7,3), (7,4)
Cerrados = (3,8), (3,9), (2,8), (2,7), (3,7), (3,6), (4,6), (4,7), (3,10), (5,7), (5,6), (3,5), (1,7), (1,8), (2,9), (5,5), (5,8), (6,5), (5,4), (2,5), (2,10), (1,9), (7,5), (8,5), (8,4), (1,5), (8,3), (1,4), (9,3), (8,2), (5,3), (5,2), (1,3), (1,2), (1,10)
------------------------
Iteración 36
-----------
Abiertos = (2,3), (10,3), (6,2), (7,4), (1,1), (8,1), (4,2), (8,6), (4,3), (5,9), (2,1), (7,2), (7,3), (7,4), (2,3)
Cerrados = (3,8), (3,9), (2,8), (2,7), (3,7), (3,6), (4,6), (4,7), (3,10), (5,7), (5,6), (3,5), (1,7), (1,8), (2,9), (5,5), (5,8), (6,5), (5,4), (2,5), (2,10), (1,9), (7,5), (8,5), (8,4), (1,5), (8,3), (1,4), (9,3), (8,2), (5,3), (5,2), (1,3), (1,2), (1,10), (2,2)
------------------------
Iteración 37
-----------
Abiertos = (2,3), (10,2), (6,2), (7,4), (1,1), (8,1), (4,2), (8,6), (4,3), (5,9), (2,1), (11,3), (7,2), (7,3), (7,4), (2,3), (10,4)
Cerrados = (3,8), (3,9), (2,8), (2,7), (3,7), (3,6), (4,6), (4,7), (3,10), (5,7), (5,6), (3,5), (1,7), (1,8), (2,9), (5,5), (5,8), (6,5), (5,4), (2,5), (2,10), (1,9), (7,5), (8,5), (8,4), (1,5), (8,3), (1,4), (9,3), (8,2), (5,3), (5,2), (1,3), (1,2), (1,10), (2,2), (10,3)
------------------------
Camino: (3,8) -> (3,7) -> (3,6) -> (4,6) -> (5,6) -> (5,5) -> (6,5) -> (7,5) -> (8,5) -> (8,4) -> (8,3) -> (9,3) -> (10,3) -> (10,2)
Coste: 47
Iteración 0
-----------
Abiertos = (3,8)
Cerrados = 
------------------------
Iteración 1
-----------
Abiertos = (3,7), (3,9), (2,8)
Cerrados = (3,8)
------------------------
Iteración 2
-----------
Abiertos = (4,7), (3,9), (3,6), (2,7), (2,8)
Cerrados = (3,8), (3,7)
------------------------
Iteración 3
-----------
Abiertos = (4,6), (3,9), (5,7), (3,6), (2,7), (2,8)
Cerrados = (3,8), (3,7), (4,7)
------------------------
Iteración 4
-----------
Abiertos = (3,9), (5,6), (5,7), (3,6), (2,7), (2,8), (3,6)
Cerrados = (3,8), (3,7), (4,7), (4,6)
------------------------
Iteración 5
-----------
Abiertos = (5,6), (5,7), (3,6), (2,7), (2,8), (3,10), (3,6), (2,9)
Cerrados = (3,8), (3,7), (4,7), (4,6), (3,9)
------------------------
Iteración 6
-----------
Abiertos = (5,7), (3,6), (2,7), (2,8), (3,10), (5,5), (3,6), (2,9), (5,7)
Cerrados = (3,8), (3,7), (4,7), (4,6), (3,9), (5,6)
------------------------
Iteración 7
-----------
Abiertos = (3,6), (2,7), (2,8), (3,10), (5,5), (3,6), (2,9), (5,7), (5,8)
Cerrados = (3,8), (3,7), (4,7), (4,6), (3,9), (5,6), (5,7)
------------------------
Iteración 8
-----------
Abiertos = (2,7), (2,8), (3,10), (5,5), (3,5), (3,6), (2,9), (5,7), (5,8)
Cerrados = (3,8), (3,7), (4,7), (4,6), (3,9), (5,6), (5,7), (3,6)
------------------------
Iteración 9
-----------
Abiertos = (2,7), (2,7), (3,10), (5,5), (3,5), (3,6), (2,9), (1,8), (5,7), (5,8), (2,9)
Cerrados = (3,8), (3,7), (4,7), (4,6), (3,9), (5,6), (5,7), (3,6), (2,8)
------------------------
Iteración 10
-----------
Abiertos = (2,7), (3,10), (5,5), (3,5), (3,6), (1,7), (2,9), (1,8), (5,7), (5,8), (2,9)
Cerrados = (3,8), (3,7), (4,7), (4,6), (3,9), (5,6), (5,7), (3,6), (2,8), (2,7)
------------------------
Iteración 11
-----------
Abiertos = (2,7), (5,5), (3,5), (3,6), (1,7), (2,9), (1,8), (5,7), (5,8), (2,9), (2,10)
Cerrados = (3,8), (3,7), (4,7), (4,6), (3,9), (5,6), (5,7), (3,6), (2,8), (2,7), (3,10)
------------------------
Iteración 12
-----------
Abiertos = (5,5), (3,6), (1,7), (2,9), (1,8), (5,7), (5,8), (2,5), (2,9), (2,10)
Cerrados = (3,8), (3,7), (4,7), (4,6), (3,9), (5,6), (5,7), (3,6), (2,8), (2,7), (3,10), (3,5)
------------------------
Iteración 13
-----------
Abiertos = (3,6), (1,7), (2,9), (1,8), (5,4), (6,5), (5,7), (5,8), (2,5), (2,9), (2,10)
Cerrados = (3,8), (3,7), (4,7), (4,6), (3,9), (5,6), (5,7), (3,6), (2,8), (2,7), (3,10), (3,5), (5,5)
------------------------
Iteración 14
-----------
Abiertos = (3,6), (2,9), (1,8), (5,4), (6,5), (5,7), (5,8), (2,5), (2,9), (1,8), (2,10)
Cerrados = (3,8), (3,7), (4,7), (4,6), (3,9), (5,6), (5,7), (3,6), (2,8), (2,7), (3,10), (3,5), (5,5), (1,7)
------------------------
Iteración 15
-----------
Abiertos = (1,8), (5,4), (6,5), (5,7), (2,5), (5,8), (2,9), (1,8), (2,10), (1,9), (2,10)
Cerrados = (3,8), (3,7), (4,7), (4,6), (3,9), (5,6), (5,7), (3,6), (2,8), (2,7), (3,10), (3,5), (5,5), (1,7), (2,9)
------------------------
Iteración 16
-----------
Abiertos = (1,8), (6,5), (5,7), (2,5), (5,8), (2,9), (5,3), (1,8), (2,10), (1,9), (2,10)
Cerrados = (3,8), (3,7), (4,7), (4,6), (3,9), (5,6), (5,7), (3,6), (2,8), (2,7), (3,10), (3,5), (5,5), (1,7), (2,9), (5,4)
------------------------
Iteración 17
-----------
Abiertos = (1,8), (5,7), (2,5), (5,8), (2,9), (7,5), (5,3), (1,8), (2,10), (1,9), (2,10)
Cerrados = (3,8), (3,7), (4,7), (4,6), (3,9), (5,6), (5,7), (3,6), (2,8), (2,7), (3,10), (3,5), (5,5), (1,7), (2,9), (5,4), (6,5)
------------------------
Iteración 18
-----------
Abiertos = (2,5), (5,8), (2,9), (7,5), (5,3), (1,8), (2,10), (1,9), (1,9), (2,10)
Cerrados = (3,8), (3,7), (4,7), (4,6), (3,9), (5,6), (5,7), (3,6), (2,8), (2,7), (3,10), (3,5), (5,5), (1,7), (2,9), (5,4), (6,5), (1,8)
------------------------
Iteración 19
-----------
Abiertos = (2,5), (2,9), (7,5), (5,3), (1,8), (2,10), (1,9), (1,9), (2,10), (5,9)
Cerrados = (3,8), (3,7), (4,7), (4,6), (3,9), (5,6), (5,7), (3,6), (2,8), (2,7), (3,10), (3,5), (5,5), (1,7), (2,9), (5,4), (6,5), (1,8), (5,8)
------------------------
Iteración 20
-----------
Abiertos = (7,5), (5,3), (1,8), (1,9), (1,9), (2,10), (1,5), (2,10), (5,9)
Cerrados = (3,8), (3,7), (4,7), (4,6), (3,9), (5,6), (5,7), (3,6), (2,8), (2,7), (3,10), (3,5), (5,5), (1,7), (2,9), (5,4), (6,5), (1,8), (5,8), (2,5)
------------------------
Iteración 21
-----------
Abiertos = (8,5), (5,3), (1,8), (1,9), (1,9), (2,10), (1,5), (7,4), (2,10), (5,9)
Cerrados = (3,8), (3,7), (4,7), (4,6), (3,9), (5,6), (5,7), (3,6), (2,8), (2,7), (3,10), (3,5), (5,5), (1,7), (2,9), (5,4), (6,5), (1,8), (5,8), (2,5), (7,5)
------------------------
Iteración 22
-----------
Abiertos = (8,5), (5,2), (1,8), (1,9), (1,9), (2,10), (1,5), (7,4), (2,10), (4,3), (5,9)
Cerrados = (3,8), (3,7), (4,7), (4,6), (3,9), (5,6), (5,7), (3,6), (2,8), (2,7), (3,10), (3,5), (5,5), (1,7), (2,9), (5,4), (6,5), (1,8), (5,8), (2,5), (7,5), (5,3)
------------------------
Iteración 23
-----------
Abiertos = (8,4), (5,2), (1,8), (1,9), (1,9), (2,10), (1,5), (7,4), (2,10), (8,6), (4,3), (5,9)
Cerrados = (3,8), (3,7), (4,7), (4,6), (3,9), (5,6), (5,7), (3,6), (2,8), (2,7), (3,10), (3,5), (5,5), (1,7), (2,9), (5,4), (6,5), (1,8), (5,8), (2,5), (7,5), (5,3), (8,5)
------------------------
Iteración 24
-----------
Abiertos = (8,3), (5,2), (1,8), (1,9), (1,9), (2,10), (1,5), (7,4), (2,10), (8,6), (4,3), (7,4), (5,9)
Cerrados = (3,8), (3,7), (4,7), (4,6), (3,9), (5,6), (5,7), (3,6), (2,8), (2,7), (3,10), (3,5), (5,5), (1,7), (2,9), (5,4), (6,5), (1,8), (5,8), (2,5), (7,5), (5,3), (8,5), (8,4)
------------------------
Iteración 25
-----------
Abiertos = (8,2), (9,3), (5,2), (1,8), (1,9), (1,9), (2,10), (1,5), (7,4), (2,10), (8,6), (4,3), (7,3), (7,4), (5,9)
Cerrados = (3,8), (3,7), (4,7), (4,6), (3,9), (5,6), (5,7), (3,6), (2,8), (2,7), (3,10), (3,5), (5,5), (1,7), (2,9), (5,4), (6,5), (1,8), (5,8), (2,5), (7,5), (5,3), (8,5), (8,4), (8,3)
------------------------
Iteración 26
-----------
Abiertos = (8,2), (5,2), (1,8), (1,9), (1,9), (2,10), (1,5), (10,3), (7,4), (2,10), (8,6), (4,3), (7,3), (7,4), (5,9)
Cerrados = (3,8), (3,7), (4,7), (4,6), (3,9), (5,6), (5,7), (3,6), (2,8), (2,7), (3,10), (3,5), (5,5), (1,7), (2,9), (5,4), (6,5), (1,8), (5,8), (2,5), (7,5), (5,3), (8,5), (8,4), (8,3), (9,3)
------------------------
Iteración 27
-----------
Abiertos = (8,2), (1,8), (1,9), (1,9), (2,10), (1,5), (10,3), (6,2), (7,4), (2,10), (8,6), (4,2), (4,3), (7,3), (7,4), (5,9)
Cerrados = (3,8), (3,7), (4,7), (4,6), (3,9), (5,6), (5,7), (3,6), (2,8), (2,7), (3,10), (3,5), (5,5), (1,7), (2,9), (5,4), (6,5), (1,8), (5,8), (2,5), (7,5), (5,3), (8,5), (8,4), (8,3), (9,3), (5,2)
------------------------
Iteración 28
-----------
Abiertos = (1,8), (1,9), (1,9), (2,10), (1,5), (10,3), (6,2), (7,4), (2,10), (8,1), (8,6), (4,2), (4,3), (7,2), (7,3), (7,4), (5,9)
Cerrados = (3,8), (3,7), (4,7), (4,6), (3,9), (5,6), (5,7), (3,6), (2,8), (2,7), (3,10), (3,5), (5,5), (1,7), (2,9), (5,4), (6,5), (1,8), (5,8), (2,5), (7,5), (5,3), (8,5), (8,4), (8,3), (9,3), (5,2), (8,2)
------------------------
Iteración 29
-----------
Abiertos = (1,9), (1,9), (1,5), (10,3), (6,2), (7,4), (2,10), (8,1), (4,2), (8,6), (4,3), (1,10), (7,2), (7,3), (7,4), (5,9)
Cerrados = (3,8), (3,7), (4,7), (4,6), (3,9), (5,6), (5,7), (3,6), (2,8), (2,7), (3,10), (3,5), (5,5), (1,7), (2,9), (5,4), (6,5), (1,8), (5,8), (2,5), (7,5), (5,3), (8,5), (8,4), (8,3), (9,3), (5,2), (8,2), (2,10)
------------------------
Iteración 30
-----------
Abiertos = (1,9), (1,5), (10,3), (6,2), (7,4), (2,10), (8,1), (4,2), (8,6), (4,3), (1,10), (1,10), (7,2), (7,3), (7,4), (5,9)
Cerrados = (3,8), (3,7), (4,7), (4,6), (3,9), (5,6), (5,7), (3,6), (2,8), (2,7), (3,10), (3,5), (5,5), (1,7), (2,9), (5,4), (6,5), (1,8), (5,8), (2,5), (7,5), (5,3), (8,5), (8,4), (8,3), (9,3), (5,2), (8,2), (2,10), (1,9)
------------------------
Iteración 31
-----------
Abiertos = (1,4), (10,3), (6,2), (7,4), (2,10), (8,1), (4,2), (8,6), (4,3), (1,10), (1,10), (7,2), (7,3), (7,4), (5,9)
Cerrados = (3,8), (3,7), (4,7), (4,6), (3,9), (5,6), (5,7), (3,6), (2,8), (2,7), (3,10), (3,5), (5,5), (1,7), (2,9), (5,4), (6,5), (1,8), (5,8), (2,5), (7,5), (5,3), (8,5), (8,4), (8,3), (9,3), (5,2), (8,2), (2,10), (1,9), (1,5)
------------------------
Iteración 32
-----------
Abiertos = (1,4), (10,2), (6,2), (7,4), (2,10), (8,1), (4,2), (8,6), (4,3), (1,10), (1,10), (11,3), (7,2), (7,3), (7,4), (5,9), (10,4)
Cerrados = (3,8), (3,7), (4,7), (4,6), (3,9), (5,6), (5,7), (3,6), (2,8), (2,7), (3,10), (3,5), (5,5), (1,7), (2,9), (5,4), (6,5), (1,8), (5,8), (2,5), (7,5), (5,3), (8,5), (8,4), (8,3), (9,3), (5,2), (8,2), (2,10), (1,9), (1,5), (10,3)
------------------------
Iteración 33
-----------
Abiertos = (1,3), (10,2), (6,2), (7,4), (2,10), (8,1), (4,2), (8,6), (4,3), (1,10), (1,10), (11,3), (7,2), (7,3), (7,4), (5,9), (10,4)
Cerrados = (3,8), (3,7), (4,7), (4,6), (3,9), (5,6), (5,7), (3,6), (2,8), (2,7), (3,10), (3,5), (5,5), (1,7), (2,9), (5,4), (6,5), (1,8), (5,8), (2,5), (7,5), (5,3), (8,5), (8,4), (8,3), (9,3), (5,2), (8,2), (2,10), (1,9), (1,5), (10,3), (1,4)
------------------------
Iteración 34
-----------
Abiertos = (1,2), (10,2), (6,2), (7,4), (2,10), (8,1), (4,2), (8,6), (4,3), (1,10), (1,10), (2,3), (11,3), (7,2), (7,3), (7,4), (5,9), (10,4)
Cerrados = (3,8), (3,7), (4,7), (4,6), (3,9), (5,6), (5,7), (3,6), (2,8), (2,7), (3,10), (3,5), (5,5), (1,7), (2,9), (5,4), (6,5), (1,8), (5,8), (2,5), (7,5), (5,3), (8,5), (8,4), (8,3), (9,3), (5,2), (8,2), (2,10), (1,9), (1,5), (10,3), (1,4), (1,3)
------------------------
Iteración 35
-----------
Abiertos = (10,2), (6,2), (7,4), (2,10), (8,1), (4,2), (8,6), (4,3), (1,10), (1,10), (2,2), (2,3), (1,1), (11,3), (7,2), (7,3), (7,4), (5,9), (10,4)
Cerrados = (3,8), (3,7), (4,7), (4,6), (3,9), (5,6), (5,7), (3,6), (2,8), (2,7), (3,10), (3,5), (5,5), (1,7), (2,9), (5,4), (6,5), (1,8), (5,8), (2,5), (7,5), (5,3), (8,5), (8,4), (8,3), (9,3), (5,2), (8,2), (2,10), (1,9), (1,5), (10,3), (1,4), (1,3), (1,2)
------------------------
Camino: (3,8) -> (3,7) -> (4,7) -> (4,6) -> (5,6) -> (5,5) -> (6,5) -> (7,5) -> (8,5) -> (8,4) -> (8,3) -> (9,3) -> (10,3) -> (10,2)
Coste: 44
Iteración 0
-----------
Abiertos = (3,8)
Cerrados = 
------------------------
Iteración 1
-----------
Abiertos = (3,7), (3,9), (2,8)
Cerrados = (3,8)
------------------------
Iteración 2
-----------
Abiertos = (4,7), (3,9), (3,6), (2,7), (2,8)
Cerrados = (3,8), (3,7)
------------------------
Iteración 3
-----------
Abiertos = (4,6), (3,9), (5,7), (3,6), (2,7), (2,8)
Cerrados = (3,8), (3,7), (4,7)
------------------------
Iteración 4
-----------
Abiertos = (3,9), (5,6), (5,7), (3,6), (2,7), (2,8), (3,6)
Cerrados = (3,8), (3,7), (4,7), (4,6)
------------------------
Iteración 5
-----------
Abiertos = (3,9), (5,7), (3,6), (2,7), (2,8), (5,5), (3,6), (5,7)
Cerrados = (3,8), (3,7), (4,7), (4,6), (5,6)
------------------------
Iteración 6
-----------
Abiertos = (3,9), (3,6), (2,7), (2,8), (5,5), (3,6), (5,7), (5,8)
Cerrados = (3,8), (3,7), (4,7), (4,6), (5,6), (5,7)
------------------------
Iteración 7
-----------
Abiertos = (3,6), (2,7), (2,8), (3,10), (5,5), (3,6), (2,9), (5,7), (5,8)
Cerrados = (3,8), (3,7), (4,7), (4,6), (5,6), (5,7), (3,9)
------------------------
Iteración 8
-----------
Abiertos = (3,6), (2,8), (3,10), (5,5), (3,6), (1,7), (2,9), (5,7), (5,8), (2,8)
Cerrados = (3,8), (3,7), (4,7), (4,6), (5,6), (5,7), (3,9), (2,7)
------------------------
Iteración 9
-----------
Abiertos = (2,8), (3,10), (5,5), (3,5), (3,6), (1,7), (2,9), (5,7), (5,8), (2,8)
Cerrados = (3,8), (3,7), (4,7), (4,6), (5,6), (5,7), (3,9), (2,7), (3,6)
------------------------
Iteración 10
-----------
Abiertos = (3,10), (5,5), (3,5), (3,6), (1,7), (2,9), (1,8), (5,7), (5,8), (2,8), (2,9)
Cerrados = (3,8), (3,7), (4,7), (4,6), (5,6), (5,7), (3,9), (2,7), (3,6), (2,8)
------------------------
Iteración 11
-----------
Abiertos = (5,5), (3,5), (3,6), (1,7), (2,9), (1,8), (5,7), (5,8), (2,8), (2,9), (2,10)
Cerrados = (3,8), (3,7), (4,7), (4,6), (5,6), (5,7), (3,9), (2,7), (3,6), (2,8), (3,10)
------------------------
Iteración 12
-----------
Abiertos = (5,5), (3,6), (1,7), (2,9), (1,8), (5,7), (5,8), (2,5), (2,8), (2,9), (2,10)
Cerrados = (3,8), (3,7), (4,7), (4,6), (5,6), (5,7), (3,9), (2,7), (3,6), (2,8), (3,10), (3,5)
------------------------
Iteración 13
-----------
Abiertos = (3,6), (1,7), (2,9), (1,8), (6,5), (5,4), (5,7), (5,8), (2,5), (2,8), (2,9), (2,10)
Cerrados = (3,8), (3,7), (4,7), (4,6), (5,6), (5,7), (3,9), (2,7), (3,6), (2,8), (3,10), (3,5), (5,5)
------------------------
Iteración 14
-----------
Abiertos = (1,7), (1,8), (6,5), (5,4), (5,7), (5,8), (2,5), (2,8), (2,9), (1,9), (2,10), (2,10)
Cerrados = (3,8), (3,7), (4,7), (4,6), (5,6), (5,7), (3,9), (2,7), (3,6), (2,8), (3,10), (3,5), (5,5), (2,9)
------------------------
Iteración 15
-----------
Abiertos = (1,8), (6,5), (5,4), (5,7), (5,8), (2,5), (2,8), (2,9), (1,8), (1,9), (2,10), (2,10)
Cerrados = (3,8), (3,7), (4,7), (4,6), (5,6), (5,7), (3,9), (2,7), (3,6), (2,8), (3,10), (3,5), (5,5), (2,9), (1,7)
------------------------
Iteración 16
-----------
Abiertos = (5,4), (6,5), (5,7), (5,8), (2,5), (2,8), (2,9), (1,8), (1,9), (2,10), (1,9), (2,10)
Cerrados = (3,8), (3,7), (4,7), (4,6), (5,6), (5,7), (3,9), (2,7), (3,6), (2,8), (3,10), (3,5), (5,5), (2,9), (1,7), (1,8)
------------------------
Iteración 17
-----------
Abiertos = (5,4), (5,7), (5,8), (2,5), (2,8), (2,9), (7,5), (1,8), (1,9), (2,10), (1,9), (2,10)
Cerrados = (3,8), (3,7), (4,7), (4,6), (5,6), (5,7), (3,9), (2,7), (3,6), (2,8), (3,10), (3,5), (5,5), (2,9), (1,7), (1,8), (6,5)
------------------------
Iteración 18
-----------
Abiertos = (5,7), (5,8), (2,5), (2,8), (2,9), (7,5), (5,3), (1,8), (2,10), (1,9), (1,9), (2,10)
Cerrados = (3,8), (3,7), (4,7), (4,6), (5,6), (5,7), (3,9), (2,7), (3,6), (2,8), (3,10), (3,5), (5,5), (2,9), (1,7), (1,8), (6,5), (5,4)
------------------------
Iteración 19
-----------
Abiertos = (5,7), (2,5), (2,8), (2,9), (7,5), (5,3), (1,8), (1,9), (1,9), (2,10), (2,10), (5,9)
Cerrados = (3,8), (3,7), (4,7), (4,6), (5,6), (5,7), (3,9), (2,7), (3,6), (2,8), (3,10), (3,5), (5,5), (2,9), (1,7), (1,8), (6,5), (5,4), (5,8)
------------------------
Iteración 20
-----------
Abiertos = (2,5), (5,2), (7,5), (1,8), (1,9), (1,9), (2,10), (2,10), (4,3), (5,9)
Cerrados = (3,8), (3,7), (4,7), (4,6), (5,6), (5,7), (3,9), (2,7), (3,6), (2,8), (3,10), (3,5), (5,5), (2,9), (1,7), (1,8), (6,5), (5,4), (5,8), (5,3)
------------------------
Iteración 21
-----------
Abiertos = (5,2), (7,5), (1,8), (1,9), (1,9), (2,10), (1,5), (2,10), (4,3), (5,9)
Cerrados = (3,8), (3,7), (4,7), (4,6), (5,6), (5,7), (3,9), (2,7), (3,6), (2,8), (3,10), (3,5), (5,5), (2,9), (1,7), (1,8), (6,5), (5,4), (5,8), (5,3), (2,5)
------------------------
Iteración 22
-----------
Abiertos = (5,2), (8,5), (1,8), (1,9), (1,9), (2,10), (1,5), (7,4), (2,10), (4,3), (5,9)
Cerrados = (3,8), (3,7), (4,7), (4,6), (5,6), (5,7), (3,9), (2,7), (3,6), (2,8), (3,10), (3,5), (5,5), (2,9), (1,7), (1,8), (6,5), (5,4), (5,8), (5,3), (2,5), (7,5)
------------------------
Iteración 23
-----------
Abiertos = (8,5), (1,8), (1,9), (1,9), (2,10), (1,5), (6,2), (7,4), (2,10), (4,2), (4,3), (5,9)
Cerrados = (3,8), (3,7), (4,7), (4,6), (5,6), (5,7), (3,9), (2,7), (3,6), (2,8), (3,10), (3,5), (5,5), (2,9), (1,7), (1,8), (6,5), (5,4), (5,8), (5,3), (2,5), (7,5), (5,2)
------------------------
Iteración 24
-----------
Abiertos = (8,4), (1,9), (2,10), (1,9), (1,5), (6,2), (7,4), (2,10), (4,2), (8,6), (4,3), (5,9)
Cerrados = (3,8), (3,7), (4,7), (4,6), (5,6), (5,7), (3,9), (2,7), (3,6), (2,8), (3,10), (3,5), (5,5), (2,9), (1,7), (1,8), (6,5), (5,4), (5,8), (5,3), (2,5), (7,5), (5,2), (8,5)
------------------------
Iteración 25
-----------
Abiertos = (8,4), (2,10), (1,9), (1,5), (6,2), (7,4), (2,10), (4,2), (8,6), (4,3), (1,10), (5,9)
Cerrados = (3,8), (3,7), (4,7), (4,6), (5,6), (5,7), (3,9), (2,7), (3,6), (2,8), (3,10), (3,5), (5,5), (2,9), (1,7), (1,8), (6,5), (5,4), (5,8), (5,3), (2,5), (7,5), (5,2), (8,5), (1,9)
------------------------
Iteración 26
-----------
Abiertos = (8,4), (1,9), (1,5), (6,2), (7,4), (2,10), (4,2), (8,6), (4,3), (1,10), (1,10), (5,9)
Cerrados = (3,8), (3,7), (4,7), (4,6), (5,6), (5,7), (3,9), (2,7), (3,6), (2,8), (3,10), (3,5), (5,5), (2,9), (1,7), (1,8), (6,5), (5,4), (5,8), (5,3), (2,5), (7,5), (5,2), (8,5), (1,9), (2,10)
------------------------
Iteración 27
-----------
Abiertos = (8,3), (1,5), (6,2), (7,4), (2,10), (4,2), (8,6), (4,3), (1,10), (1,10), (7,4), (5,9)
Cerrados = (3,8), (3,7), (4,7), (4,6), (5,6), (5,7), (3,9), (2,7), (3,6), (2,8), (3,10), (3,5), (5,5), (2,9), (1,7), (1,8), (6,5), (5,4), (5,8), (5,3), (2,5), (7,5), (5,2), (8,5), (1,9), (2,10), (8,4)
------------------------
Iteración 28
-----------
Abiertos = (8,2), (9,3), (1,5), (6,2), (7,4), (2,10), (4,2), (8,6), (4,3), (1,10), (1,10), (7,3), (7,4), (5,9)
Cerrados = (3,8), (3,7), (4,7), (4,6), (5,6), (5,7), (3,9), (2,7), (3,6), (2,8), (3,10), (3,5), (5,5), (2,9), (1,7), (1,8), (6,5), (5,4), (5,8), (5,3), (2,5), (7,5), (5,2), (8,5), (1,9), (2,10), (8,4), (8,3)
------------------------
Iteración 29
-----------
Abiertos = (9,3), (1,5), (6,2), (7,4), (2,10), (8,1), (4,2), (8,6), (4,3), (1,10), (1,10), (7,2), (7,3), (7,4), (5,9)
Cerrados = (3,8), (3,7), (4,7), (4,6), (5,6), (5,7), (3,9), (2,7), (3,6), (2,8), (3,10), (3,5), (5,5), (2,9), (1,7), (1,8), (6,5), (5,4), (5,8), (5,3), (2,5), (7,5), (5,2), (8,5), (1,9), (2,10), (8,4), (8,3), (8,2)
------------------------
Iteración 30
-----------
Abiertos = (9,3), (1,4), (6,2), (7,4), (2,10), (8,1), (4,2), (8,6), (4,3), (1,10), (1,10), (7,2), (7,3), (7,4), (5,9)
Cerrados = (3,8), (3,7), (4,7), (4,6), (5,6), (5,7), (3,9), (2,7), (3,6), (2,8), (3,10), (3,5), (5,5), (2,9), (1,7), (1,8), (6,5), (5,4), (5,8), (5,3), (2,5), (7,5), (5,2), (8,5), (1,9), (2,10), (8,4), (8,3), (8,2), (1,5)
------------------------
Iteración 31
-----------
Abiertos = (1,4), (10,3), (6,2), (7,4), (2,10), (8,1), (4,2), (8,6), (4,3), (1,10), (1,10), (7,2), (7,3), (7,4), (5,9)
Cerrados = (3,8), (3,7), (4,7), (4,6), (5,6), (5,7), (3,9), (2,7), (3,6), (2,8), (3,10), (3,5), (5,5), (2,9), (1,7), (1,8), (6,5), (5,4), (5,8), (5,3), (2,5), (7,5), (5,2), (8,5), (1,9), (2,10), (8,4), (8,3), (8,2), (1,5), (9,3)
------------------------
Iteración 32
-----------
Abiertos = (1,4), (10,2), (6,2), (7,4), (2,10), (8,1), (4,2), (8,6), (4,3), (1,10), (1,10), (11,3), (7,2), (7,3), (7,4), (5,9), (10,4)
Cerrados = (3,8), (3,7), (4,7), (4,6), (5,6), (5,7), (3,9), (2,7), (3,6), (2,8), (3,10), (3,5), (5,5), (2,9), (1,7), (1,8), (6,5), (5,4), (5,8), (5,3), (2,5), (7,5), (5,2), (8,5), (1,9), (2,10), (8,4), (8,3), (8,2), (1,5), (9,3), (10,3)
------------------------
Iteración 33
-----------
Abiertos = (1,3), (10,2), (6,2), (7,4), (2,10), (8,1), (4,2), (8,6), (4,3), (1,10), (1,10), (11,3), (7,2), (7,3), (7,4), (5,9), (10,4)
Cerrados = (3,8), (3,7), (4,7), (4,6), (5,6), (5,7), (3,9), (2,7), (3,6), (2,8), (3,10), (3,5), (5,5), (2,9), (1,7), (1,8), (6,5), (5,4), (5,8), (5,3), (2,5), (7,5), (5,2), (8,5), (1,9), (2,10), (8,4), (8,3), (8,2), (1,5), (9,3), (10,3), (1,4)
------------------------
Iteración 34
-----------
Abiertos = (1,2), (10,2), (6,2), (7,4), (2,10), (8,1), (4,2), (8,6), (4,3), (1,10), (1,10), (2,3), (11,3), (7,2), (7,3), (7,4), (5,9), (10,4)
Cerrados = (3,8), (3,7), (4,7), (4,6), (5,6), (5,7), (3,9), (2,7), (3,6), (2,8), (3,10), (3,5), (5,5), (2,9), (1,7), (1,8), (6,5), (5,4), (5,8), (5,3), (2,5), (7,5), (5,2), (8,5), (1,9), (2,10), (8,4), (8,3), (8,2), (1,5), (9,3), (10,3), (1,4), (1,3)
------------------------
Iteración 35
-----------
Abiertos = (10,2), (6,2), (7,4), (2,10), (8,1), (4,2), (8,6), (4,3), (1,10), (1,10), (2,2), (2,3), (1,1), (11,3), (7,2), (7,3), (7,4), (5,9), (10,4)
Cerrados = (3,8), (3,7), (4,7), (4,6), (5,6), (5,7), (3,9), (2,7), (3,6), (2,8), (3,10), (3,5), (5,5), (2,9), (1,7), (1,8), (6,5), (5,4), (5,8), (5,3), (2,5), (7,5), (5,2), (8,5), (1,9), (2,10), (8,4), (8,3), (8,2), (1,5), (9,3), (10,3), (1,4), (1,3), (1,2)
------------------------
Iteración 36
-----------
Abiertos = (10,2), (7,4), (2,10), (8,1), (4,2), (8,6), (4,3), (1,10), (1,10), (2,2), (2,3), (7,2), (1,1), (11,3), (7,2), (7,3), (7,4), (5,9), (10,4), (6,1)
Cerrados = (3,8), (3,7), (4,7), (4,6), (5,6), (5,7), (3,9), (2,7), (3,6), (2,8), (3,10), (3,5), (5,5), (2,9), (1,7), (1,8), (6,5), (5,4), (5,8), (5,3), (2,5), (7,5), (5,2), (8,5), (1,9), (2,10), (8,4), (8,3), (8,2), (1,5), (9,3), (10,3), (1,4), (1,3), (1,2), (6,2)
------------------------
Camino: (3,8) -> (3,7) -> (4,7) -> (4,6) -> (5,6) -> (5,5) -> (6,5) -> (7,5) -> (8,5) -> (8,4) -> (8,3) -> (9,3) -> (10,3) -> (10,2)
Coste: 44
Iteración 0
-----------
Abiertos = (3,8)
Cerrados = 
------------------------
Iteración 1
-----------
Abiertos = (3,7), (3,9), (2,8)
Cerrados = (3,8)
------------------------
Iteración 2
-----------
Abiertos = (4,7), (3,9), (3,6), (2,7), (2,8)
Cerrados = (3,8), (3,7)
------------------------
Iteración 3
-----------
Abiertos = (4,7), (3,6), (2,7), (2,8), (3,10), (2,9)
Cerrados = (3,8), (3,7), (3,9)
------------------------
Iteración 4
-----------
Abiertos = (4,7), (4,6), (2,7), (2,8), (3,10), (3,5), (2,9)
Cerrados = (3,8), (3,7), (3,9), (3,6)
------------------------
Iteración 5
-----------
Abiertos = (4,7), (2,7), (2,8), (3,10), (5,6), (3,5), (4,7), (2,9)
Cerrados = (3,8), (3,7), (3,9), (3,6), (4,6)
------------------------
Iteración 6
-----------
Abiertos = (4,7), (2,8), (3,10), (5,6), (3,5), (4,7), (1,7), (2,9), (2,8)
Cerrados = (3,8), (3,7), (3,9), (3,6), (4,6), (2,7)
------------------------
Iteración 7
-----------
Abiertos = (4,7), (3,10), (5,6), (3,5), (4,7), (1,7), (2,9), (1,8), (2,8), (2,9)
Cerrados = (3,8), (3,7), (3,9), (3,6), (4,6), (2,7), (2,8)
------------------------
Iteración 8
-----------
Abiertos = (4,7), (5,6), (3,5), (4,7), (1,7), (2,9), (1,8), (2,8), (2,9), (2,10)
Cerrados = (3,8), (3,7), (3,9), (3,6), (4,6), (2,7), (2,8), (3,10)
------------------------
Iteración 9
-----------
Abiertos = (4,7), (3,5), (4,7), (1,7), (2,9), (1,8), (5,5), (2,8), (2,9), (2,10), (5,7)
Cerrados = (3,8), (3,7), (3,9), (3,6), (4,6), (2,7), (2,8), (3,10), (5,6)
------------------------
Iteración 10
-----------
Abiertos = (5,7), (3,5), (4,7), (1,7), (2,9), (1,8), (5,5), (2,8), (2,9), (2,10), (5,7)
Cerrados = (3,8), (3,7), (3,9), (3,6), (4,6), (2,7), (2,8), (3,10), (5,6), (4,7)
------------------------
Iteración 11
-----------
Abiertos = (3,5), (4,7), (1,7), (2,9), (1,8), (5,5), (2,8), (2,9), (2,10), (5,7), (5,8)
Cerrados = (3,8), (3,7), (3,9), (3,6), (4,6), (2,7), (2,8), (3,10), (5,6), (4,7), (5,7)
------------------------
Iteración 12
-----------
Abiertos = (1,7), (2,9), (1,8), (5,5), (2,5), (2,8), (2,9), (2,10), (5,7), (5,8)
Cerrados = (3,8), (3,7), (3,9), (3,6), (4,6), (2,7), (2,8), (3,10), (5,6), (4,7), (5,7), (3,5)
------------------------
Iteración 13
-----------
Abiertos = (1,8), (2,9), (5,5), (2,5), (2,8), (2,9), (1,8), (2,10), (5,7), (5,8)
Cerrados = (3,8), (3,7), (3,9), (3,6), (4,6), (2,7), (2,8), (3,10), (5,6), (4,7), (5,7), (3,5), (1,7)
------------------------
Iteración 14
-----------
Abiertos = (2,9), (5,5), (2,5), (2,8), (2,9), (1,8), (1,9), (2,10), (5,7), (5,8)
Cerrados = (3,8), (3,7), (3,9), (3,6), (4,6), (2,7), (2,8), (3,10), (5,6), (4,7), (5,7), (3,5), (1,7), (1,8)
------------------------
Iteración 15
-----------
Abiertos = (5,5), (2,5), (2,8), (2,9), (1,8), (1,9), (2,10), (1,9), (5,7), (2,10), (5,8)
Cerrados = (3,8), (3,7), (3,9), (3,6), (4,6), (2,7), (2,8), (3,10), (5,6), (4,7), (5,7), (3,5), (1,7), (1,8), (2,9)
------------------------
Iteración 16
-----------
Abiertos = (2,5), (2,8), (2,9), (6,5), (5,4), (1,8), (1,9), (1,9), (2,10), (5,7), (2,10), (5,8)
Cerrados = (3,8), (3,7), (3,9), (3,6), (4,6), (2,7), (2,8), (3,10), (5,6), (4,7), (5,7), (3,5), (1,7), (1,8), (2,9), (5,5)
------------------------
Iteración 17
-----------
Abiertos = (2,8), (2,9), (6,5), (5,4), (1,8), (1,9), (1,9), (2,10), (5,7), (1,5), (2,10), (5,8)
Cerrados = (3,8), (3,7), (3,9), (3,6), (4,6), (2,7), (2,8), (3,10), (5,6), (4,7), (5,7), (3,5), (1,7), (1,8), (2,9), (5,5), (2,5)
------------------------
Iteración 18
-----------
Abiertos = (2,8), (5,4), (1,8), (1,9), (1,9), (2,10), (5,7), (1,5), (7,5), (2,10), (5,8)
Cerrados = (3,8), (3,7), (3,9), (3,6), (4,6), (2,7), (2,8), (3,10), (5,6), (4,7), (5,7), (3,5), (1,7), (1,8), (2,9), (5,5), (2,5), (6,5)
------------------------
Iteración 19
-----------
Abiertos = (2,8), (1,8), (1,9), (1,9), (2,10), (5,7), (1,5), (7,5), (5,3), (2,10), (5,8)
Cerrados = (3,8), (3,7), (3,9), (3,6), (4,6), (2,7), (2,8), (3,10), (5,6), (4,7), (5,7), (3,5), (1,7), (1,8), (2,9), (5,5), (2,5), (6,5), (5,4)
------------------------
Iteración 20
-----------
Abiertos = (2,8), (1,9), (2,10), (5,7), (1,5), (7,5), (5,3), (2,10), (1,10), (5,8)
Cerrados = (3,8), (3,7), (3,9), (3,6), (4,6), (2,7), (2,8), (3,10), (5,6), (4,7), (5,7), (3,5), (1,7), (1,8), (2,9), (5,5), (2,5), (6,5), (5,4), (1,9)
------------------------
Iteración 21
-----------
Abiertos = (2,8), (5,7), (1,5), (7,5), (5,3), (2,10), (1,10), (1,10), (5,8)
Cerrados = (3,8), (3,7), (3,9), (3,6), (4,6), (2,7), (2,8), (3,10), (5,6), (4,7), (5,7), (3,5), (1,7), (1,8), (2,9), (5,5), (2,5), (6,5), (5,4), (1,9), (2,10)
------------------------
Iteración 22
-----------
Abiertos = (2,8), (1,4), (7,5), (5,3), (2,10), (1,10), (1,10), (5,8)
Cerrados = (3,8), (3,7), (3,9), (3,6), (4,6), (2,7), (2,8), (3,10), (5,6), (4,7), (5,7), (3,5), (1,7), (1,8), (2,9), (5,5), (2,5), (6,5), (5,4), (1,9), (2,10), (1,5)
------------------------
Iteración 23
-----------
Abiertos = (1,3), (5,3), (7,5), (2,10), (1,10), (1,10), (5,8)
Cerrados = (3,8), (3,7), (3,9), (3,6), (4,6), (2,7), (2,8), (3,10), (5,6), (4,7), (5,7), (3,5), (1,7), (1,8), (2,9), (5,5), (2,5), (6,5), (5,4), (1,9), (2,10), (1,5), (1,4)
------------------------
Iteración 24
-----------
Abiertos = (1,3), (5,2), (7,5), (2,10), (1,10), (1,10), (4,3), (5,8)
Cerrados = (3,8), (3,7), (3,9), (3,6), (4,6), (2,7), (2,8), (3,10), (5,6), (4,7), (5,7), (3,5), (1,7), (1,8), (2,9), (5,5), (2,5), (6,5), (5,4), (1,9), (2,10), (1,5), (1,4), (5,3)
------------------------
Iteración 25
-----------
Abiertos = (1,3), (7,5), (2,10), (1,10), (1,10), (6,2), (4,2), (4,3), (5,8)
Cerrados = (3,8), (3,7), (3,9), (3,6), (4,6), (2,7), (2,8), (3,10), (5,6), (4,7), (5,7), (3,5), (1,7), (1,8), (2,9), (5,5), (2,5), (6,5), (5,4), (1,9), (2,10), (1,5), (1,4), (5,3), (5,2)
------------------------
Iteración 26
-----------
Abiertos = (1,3), (8,5), (2,10), (1,10), (1,10), (6,2), (7,4), (4,2), (4,3), (5,8)
Cerrados = (3,8), (3,7), (3,9), (3,6), (4,6), (2,7), (2,8), (3,10), (5,6), (4,7), (5,7), (3,5), (1,7), (1,8), (2,9), (5,5), (2,5), (6,5), (5,4), (1,9), (2,10), (1,5), (1,4), (5,3), (5,2), (7,5)
------------------------
Iteración 27
-----------
Abiertos = (1,3), (8,4), (2,10), (1,10), (1,10), (6,2), (7,4), (4,2), (8,6), (4,3), (5,8)
Cerrados = (3,8), (3,7), (3,9), (3,6), (4,6), (2,7), (2,8), (3,10), (5,6), (4,7), (5,7), (3,5), (1,7), (1,8), (2,9), (5,5), (2,5), (6,5), (5,4), (1,9), (2,10), (1,5), (1,4), (5,3), (5,2), (7,5), (8,5)
------------------------
Iteración 28
-----------
Abiertos = (1,2), (8,4), (2,10), (1,10), (1,10), (2,3), (6,2), (7,4), (4,2), (8,6), (4,3), (5,8)
Cerrados = (3,8), (3,7), (3,9), (3,6), (4,6), (2,7), (2,8), (3,10), (5,6), (4,7), (5,7), (3,5), (1,7), (1,8), (2,9), (5,5), (2,5), (6,5), (5,4), (1,9), (2,10), (1,5), (1,4), (5,3), (5,2), (7,5), (8,5), (1,3)
------------------------
Iteración 29
-----------
Abiertos = (8,4), (2,10), (1,10), (1,10), (2,2), (2,3), (6,2), (7,4), (1,1), (8,6), (4,2), (4,3), (5,8)
Cerrados = (3,8), (3,7), (3,9), (3,6), (4,6), (2,7), (2,8), (3,10), (5,6), (4,7), (5,7), (3,5), (1,7), (1,8), (2,9), (5,5), (2,5), (6,5), (5,4), (1,9), (2,10), (1,5), (1,4), (5,3), (5,2), (7,5), (8,5), (1,3), (1,2)
------------------------
Iteración 30
-----------
Abiertos = (8,3), (1,10), (1,10), (2,2), (2,3), (6,2), (7,4), (1,1), (8,6), (4,2), (4,3), (5,8), (7,4)
Cerrados = (3,8), (3,7), (3,9), (3,6), (4,6), (2,7), (2,8), (3,10), (5,6), (4,7), (5,7), (3,5), (1,7), (1,8), (2,9), (5,5), (2,5), (6,5), (5,4), (1,9), (2,10), (1,5), (1,4), (5,3), (5,2), (7,5), (8,5), (1,3), (1,2), (8,4)
------------------------
Iteración 31
-----------
Abiertos = (8,2), (9,3), (1,10), (1,10), (2,2), (2,3), (6,2), (7,4), (1,1), (4,2), (8,6), (4,3), (5,8), (7,3), (7,4)
Cerrados = (3,8), (3,7), (3,9), (3,6), (4,6), (2,7), (2,8), (3,10), (5,6), (4,7), (5,7), (3,5), (1,7), (1,8), (2,9), (5,5), (2,5), (6,5), (5,4), (1,9), (2,10), (1,5), (1,4), (5,3), (5,2), (7,5), (8,5), (1,3), (1,2), (8,4), (8,3)
------------------------
Iteración 32
-----------
Abiertos = (9,3), (1,10), (1,10), (2,2), (2,3), (6,2), (7,4), (1,1), (8,1), (8,6), (4,2), (4,3), (5,8), (7,2), (7,3), (7,4)
Cerrados = (3,8), (3,7), (3,9), (3,6), (4,6), (2,7), (2,8), (3,10), (5,6), (4,7), (5,7), (3,5), (1,7), (1,8), (2,9), (5,5), (2,5), (6,5), (5,4), (1,9), (2,10), (1,5), (1,4), (5,3), (5,2), (7,5), (8,5), (1,3), (1,2), (8,4), (8,3), (8,2)
------------------------
Iteración 33
-----------
Abiertos = (9,3), (1,10), (2,2), (2,3), (6,2), (7,4), (1,1), (8,1), (8,6), (4,2), (4,3), (5,8), (7,2), (7,3), (7,4)
Cerrados = (3,8), (3,7), (3,9), (3,6), (4,6), (2,7), (2,8), (3,10), (5,6), (4,7), (5,7), (3,5), (1,7), (1,8), (2,9), (5,5), (2,5), (6,5), (5,4), (1,9), (2,10), (1,5), (1,4), (5,3), (5,2), (7,5), (8,5), (1,3), (1,2), (8,4), (8,3), (8,2), (1,10)
------------------------
Iteración 34
-----------
Abiertos = (1,10), (2,2), (2,3), (10,3), (6,2), (7,4), (1,1), (8,1), (8,6), (4,2), (4,3), (5,8), (7,2), (7,3), (7,4)
Cerrados = (3,8), (3,7), (3,9), (3,6), (4,6), (2,7), (2,8), (3,10), (5,6), (4,7), (5,7), (3,5), (1,7), (1,8), (2,9), (5,5), (2,5), (6,5), (5,4), (1,9), (2,10), (1,5), (1,4), (5,3), (5,2), (7,5), (8,5), (1,3), (1,2), (8,4), (8,3), (8,2), (1,10), (9,3)
------------------------
Iteración 35
-----------
Abiertos = (2,2), (10,3), (6,2), (7,4), (1,1), (8,1), (8,6), (4,2), (4,3), (2,2), (3,3), (5,8), (7,2), (7,3), (7,4)
Cerrados = (3,8), (3,7), (3,9), (3,6), (4,6), (2,7), (2,8), (3,10), (5,6), (4,7), (5,7), (3,5), (1,7), (1,8), (2,9), (5,5), (2,5), (6,5), (5,4), (1,9), (2,10), (1,5), (1,4), (5,3), (5,2), (7,5), (8,5), (1,3), (1,2), (8,4), (8,3), (8,2), (1,10), (9,3), (2,3)
------------------------
Iteración 36
-----------
Abiertos = (10,3), (6,2), (7,4), (1,1), (8,1), (8,6), (4,2), (4,3), (2,2), (3,3), (5,8), (2,1), (7,2), (7,3), (7,4)
Cerrados = (3,8), (3,7), (3,9), (3,6), (4,6), (2,7), (2,8), (3,10), (5,6), (4,7), (5,7), (3,5), (1,7), (1,8), (2,9), (5,5), (2,5), (6,5), (5,4), (1,9), (2,10), (1,5), (1,4), (5,3), (5,2), (7,5), (8,5), (1,3), (1,2), (8,4), (8,3), (8,2), (1,10), (9,3), (2,3), (2,2)
------------------------
Iteración 37
-----------
Abiertos = (10,2), (6,2), (7,4), (1,1), (8,1), (8,6), (4,2), (4,3), (2,2), (3,3), (5,8), (2,1), (11,3), (7,2), (7,3), (7,4), (10,4)
Cerrados = (3,8), (3,7), (3,9), (3,6), (4,6), (2,7), (2,8), (3,10), (5,6), (4,7), (5,7), (3,5), (1,7), (1,8), (2,9), (5,5), (2,5), (6,5), (5,4), (1,9), (2,10), (1,5), (1,4), (5,3), (5,2), (7,5), (8,5), (1,3), (1,2), (8,4), (8,3), (8,2), (1,10), (9,3), (2,3), (2,2), (10,3)
------------------------
Iteración 38
-----------
Abiertos = (10,2), (7,4), (1,1), (8,1), (8,6), (4,2), (4,3), (2,2), (3,3), (5,8), (7,2), (2,1), (11,3), (7,2), (7,3), (7,4), (10,4), (6,1)
Cerrados = (3,8), (3,7), (3,9), (3,6), (4,6), (2,7), (2,8), (3,10), (5,6), (4,7), (5,7), (3,5), (1,7), (1,8), (2,9), (5,5), (2,5), (6,5), (5,4), (1,9), (2,10), (1,5), (1,4), (5,3), (5,2), (7,5), (8,5), (1,3), (1,2), (8,4), (8,3), (8,2), (1,10), (9,3), (2,3), (2,2), (10,3), (6,2)
------------------------
Camino: (3,8) -> (3,7) -> (3,6) -> (4,6) -> (5,6) -> (5,5) -> (6,5) -> (7,5) -> (8,5) -> (8,4) -> (8,3) -> (9,3) -> (10,3) -> (10,2)
Coste: 47
Iteración 0
-----------
Abiertos = (3,8)
Cerrados = 
------------------------
Iteración 1
-----------
Abiertos = (3,7), (3,9), (2,8)
Cerrados = (3,8)
------------------------
Iteración 2
-----------
Abiertos = (3,7), (2,8), (3,10), (2,9)
Cerrados = (3,8), (3,9)
------------------------
Iteración 3
-----------
Abiertos = (3,7), (2,7), (3,10), (2,9), (1,8), (2,9)
Cerrados = (3,8), (3,9), (2,8)
------------------------
Iteración 4
-----------
Abiertos = (4,7), (3,6), (2,7), (2,7), (3,10), (1,8), (2,9), (2,9)
Cerrados = (3,8), (3,9), (2,8), (3,7)
------------------------
Iteración 5
-----------
Abiertos = (4,7), (4,6), (2,7), (2,7), (3,10), (3,5), (2,9), (1,8), (2,9)
Cerrados = (3,8), (3,9), (2,8), (3,7), (3,6)
------------------------
Iteración 6
-----------
Abiertos = (4,7), (2,7), (2,7), (3,10), (5,6), (3,5), (4,7), (1,8), (2,9), (2,9)
Cerrados = (3,8), (3,9), (2,8), (3,7), (3,6), (4,6)
------------------------
Iteración 7
-----------
Abiertos = (4,7), (2,7), (3,10), (5,6), (3,5), (4,7), (1,7), (1,8), (2,9), (2,9)
Cerrados = (3,8), (3,9), (2,8), (3,7), (3,6), (4,6), (2,7)
------------------------
Iteración 8
-----------
Abiertos = (5,7), (2,7), (3,10), (5,6), (3,5), (4,7), (1,7), (1,8), (2,9), (2,9)
Cerrados = (3,8), (3,9), (2,8), (3,7), (3,6), (4,6), (2,7), (4,7)
------------------------
Iteración 9
-----------
Abiertos = (2,7), (3,10), (5,6), (5,6), (3,5), (4,7), (1,7), (1,8), (2,9), (5,8), (2,9)
Cerrados = (3,8), (3,9), (2,8), (3,7), (3,6), (4,6), (2,7), (4,7), (5,7)
------------------------
Iteración 10
-----------
Abiertos = (2,7), (5,6), (5,6), (3,5), (4,7), (1,7), (1,8), (2,9), (5,8), (2,9), (2,10)
Cerrados = (3,8), (3,9), (2,8), (3,7), (3,6), (4,6), (2,7), (4,7), (5,7), (3,10)
------------------------
Iteración 11
-----------
Abiertos = (5,6), (3,5), (4,7), (1,7), (1,8), (2,9), (5,5), (5,8), (2,9), (2,10)
Cerrados = (3,8), (3,9), (2,8), (3,7), (3,6), (4,6), (2,7), (4,7), (5,7), (3,10), (5,6)
------------------------
Iteración 12
-----------
Abiertos = (5,6), (4,7), (1,7), (1,8), (2,9), (5,5), (5,8), (2,5), (2,9), (2,10)
Cerrados = (3,8), (3,9), (2,8), (3,7), (3,6), (4,6), (2,7), (4,7), (5,7), (3,10), (5,6), (3,5)
------------------------
Iteración 13
-----------
Abiertos = (5,6), (1,8), (2,9), (5,5), (5,8), (2,5), (2,9), (1,8), (2,10)
Cerrados = (3,8), (3,9), (2,8), (3,7), (3,6), (4,6), (2,7), (4,7), (5,7), (3,10), (5,6), (3,5), (1,7)
------------------------
Iteración 14
-----------
Abiertos = (5,6), (2,9), (5,5), (5,8), (2,5), (2,9), (1,8), (1,9), (2,10)
Cerrados = (3,8), (3,9), (2,8), (3,7), (3,6), (4,6), (2,7), (4,7), (5,7), (3,10), (5,6), (3,5), (1,7), (1,8)
------------------------
Iteración 15
-----------
Abiertos = (5,6), (5,5), (5,8), (2,5), (2,9), (1,8), (2,10), (1,9), (1,9), (2,10)
Cerrados = (3,8), (3,9), (2,8), (3,7), (3,6), (4,6), (2,7), (4,7), (5,7), (3,10), (5,6), (3,5), (1,7), (1,8), (2,9)
------------------------
Iteración 16
-----------
Abiertos = (5,5), (2,5), (2,9), (1,8), (2,10), (1,9), (1,9), (2,10), (5,9)
Cerrados = (3,8), (3,9), (2,8), (3,7), (3,6), (4,6), (2,7), (4,7), (5,7), (3,10), (5,6), (3,5), (1,7), (1,8), (2,9), (5,8)
------------------------
Iteración 17
-----------
Abiertos = (2,5), (2,9), (6,5), (5,4), (1,8), (2,10), (1,9), (1,9), (2,10), (5,9)
Cerrados = (3,8), (3,9), (2,8), (3,7), (3,6), (4,6), (2,7), (4,7), (5,7), (3,10), (5,6), (3,5), (1,7), (1,8), (2,9), (5,8), (5,5)
------------------------
Iteración 18
-----------
Abiertos = (2,5), (5,4), (1,8), (2,10), (1,9), (1,9), (7,5), (2,10), (5,9)
Cerrados = (3,8), (3,9), (2,8), (3,7), (3,6), (4,6), (2,7), (4,7), (5,7), (3,10), (5,6), (3,5), (1,7), (1,8), (2,9), (5,8), (5,5), (6,5)
------------------------
Iteración 19
-----------
Abiertos = (2,5), (1,8), (2,10), (1,9), (1,9), (5,3), (7,5), (2,10), (5,9)
Cerrados = (3,8), (3,9), (2,8), (3,7), (3,6), (4,6), (2,7), (4,7), (5,7), (3,10), (5,6), (3,5), (1,7), (1,8), (2,9), (5,8), (5,5), (6,5), (5,4)
------------------------
Iteración 20
-----------
Abiertos = (1,9), (2,10), (1,9), (1,5), (5,3), (7,5), (2,10), (5,9)
Cerrados = (3,8), (3,9), (2,8), (3,7), (3,6), (4,6), (2,7), (4,7), (5,7), (3,10), (5,6), (3,5), (1,7), (1,8), (2,9), (5,8), (5,5), (6,5), (5,4), (2,5)
------------------------
Iteración 21
-----------
Abiertos = (1,9), (1,9), (1,5), (5,3), (7,5), (2,10), (1,10), (5,9)
Cerrados = (3,8), (3,9), (2,8), (3,7), (3,6), (4,6), (2,7), (4,7), (5,7), (3,10), (5,6), (3,5), (1,7), (1,8), (2,9), (5,8), (5,5), (6,5), (5,4), (2,5), (2,10)
------------------------
Iteración 22
-----------
Abiertos = (1,9), (1,5), (5,3), (7,5), (2,10), (1,10), (1,10), (5,9)
Cerrados = (3,8), (3,9), (2,8), (3,7), (3,6), (4,6), (2,7), (4,7), (5,7), (3,10), (5,6), (3,5), (1,7), (1,8), (2,9), (5,8), (5,5), (6,5), (5,4), (2,5), (2,10), (1,9)
------------------------
Iteración 23
-----------
Abiertos = (1,4), (7,5), (5,3), (2,10), (1,10), (1,10), (5,9)
Cerrados = (3,8), (3,9), (2,8), (3,7), (3,6), (4,6), (2,7), (4,7), (5,7), (3,10), (5,6), (3,5), (1,7), (1,8), (2,9), (5,8), (5,5), (6,5), (5,4), (2,5), (2,10), (1,9), (1,5)
------------------------
Iteración 24
-----------
Abiertos = (1,4), (8,5), (5,3), (2,10), (1,10), (1,10), (7,4), (5,9)
Cerrados = (3,8), (3,9), (2,8), (3,7), (3,6), (4,6), (2,7), (4,7), (5,7), (3,10), (5,6), (3,5), (1,7), (1,8), (2,9), (5,8), (5,5), (6,5), (5,4), (2,5), (2,10), (1,9), (1,5), (7,5)
------------------------
Iteración 25
-----------
Abiertos = (1,4), (8,4), (5,3), (2,10), (1,10), (1,10), (7,4), (8,6), (5,9)
Cerrados = (3,8), (3,9), (2,8), (3,7), (3,6), (4,6), (2,7), (4,7), (5,7), (3,10), (5,6), (3,5), (1,7), (1,8), (2,9), (5,8), (5,5), (6,5), (5,4), (2,5), (2,10), (1,9), (1,5), (7,5), (8,5)
------------------------
Iteración 26
-----------
Abiertos = (1,4), (8,3), (5,3), (2,10), (1,10), (1,10), (7,4), (8,6), (5,9), (7,4)
Cerrados = (3,8), (3,9), (2,8), (3,7), (3,6), (4,6), (2,7), (4,7), (5,7), (3,10), (5,6), (3,5), (1,7), (1,8), (2,9), (5,8), (5,5), (6,5), (5,4), (2,5), (2,10), (1,9), (1,5), (7,5), (8,5), (8,4)
------------------------
Iteración 27
-----------
Abiertos = (1,4), (8,2), (9,3), (5,3), (2,10), (1,10), (1,10), (7,4), (8,6), (5,9), (7,3), (7,4)
Cerrados = (3,8), (3,9), (2,8), (3,7), (3,6), (4,6), (2,7), (4,7), (5,7), (3,10), (5,6), (3,5), (1,7), (1,8), (2,9), (5,8), (5,5), (6,5), (5,4), (2,5), (2,10), (1,9), (1,5), (7,5), (8,5), (8,4), (8,3)
------------------------
Iteración 28
-----------
Abiertos = (1,3), (9,3), (8,2), (5,3), (2,10), (1,10), (1,10), (7,4), (8,6), (5,9), (7,3), (7,4)
Cerrados = (3,8), (3,9), (2,8), (3,7), (3,6), (4,6), (2,7), (4,7), (5,7), (3,10), (5,6), (3,5), (1,7), (1,8), (2,9), (5,8), (5,5), (6,5), (5,4), (2,5), (2,10), (1,9), (1,5), (7,5), (8,5), (8,4), (8,3), (1,4)
------------------------
Iteración 29
-----------
Abiertos = (1,3), (8,2), (5,3), (2,10), (1,10), (1,10), (10,3), (7,4), (8,6), (5,9), (7,3), (7,4)
Cerrados = (3,8), (3,9), (2,8), (3,7), (3,6), (4,6), (2,7), (4,7), (5,7), (3,10), (5,6), (3,5), (1,7), (1,8), (2,9), (5,8), (5,5), (6,5), (5,4), (2,5), (2,10), (1,9), (1,5), (7,5), (8,5), (8,4), (8,3), (1,4), (9,3)
------------------------
Iteración 30
-----------
Abiertos = (1,3), (5,3), (2,10), (1,10), (1,10), (10,3), (7,4), (8,1), (8,6), (5,9), (7,2), (7,3), (7,4)
Cerrados = (3,8), (3,9), (2,8), (3,7), (3,6), (4,6), (2,7), (4,7), (5,7), (3,10), (5,6), (3,5), (1,7), (1,8), (2,9), (5,8), (5,5), (6,5), (5,4), (2,5), (2,10), (1,9), (1,5), (7,5), (8,5), (8,4), (8,3), (1,4), (9,3), (8,2)
------------------------
Iteración 31
-----------
Abiertos = (1,2), (5,3), (2,10), (1,10), (1,10), (2,3), (10,3), (7,4), (8,1), (8,6), (5,9), (7,2), (7,3), (7,4)
Cerrados = (3,8), (3,9), (2,8), (3,7), (3,6), (4,6), (2,7), (4,7), (5,7), (3,10), (5,6), (3,5), (1,7), (1,8), (2,9), (5,8), (5,5), (6,5), (5,4), (2,5), (2,10), (1,9), (1,5), (7,5), (8,5), (8,4), (8,3), (1,4), (9,3), (8,2), (1,3)
------------------------
Iteración 32
-----------
Abiertos = (1,2), (5,2), (2,10), (1,10), (1,10), (2,3), (10,3), (7,4), (8,1), (8,6), (4,3), (5,9), (7,2), (7,3), (7,4)
Cerrados = (3,8), (3,9), (2,8), (3,7), (3,6), (4,6), (2,7), (4,7), (5,7), (3,10), (5,6), (3,5), (1,7), (1,8), (2,9), (5,8), (5,5), (6,5), (5,4), (2,5), (2,10), (1,9), (1,5), (7,5), (8,5), (8,4), (8,3), (1,4), (9,3), (8,2), (1,3), (5,3)
------------------------
Iteración 33
-----------
Abiertos = (5,2), (2,10), (1,10), (1,10), (2,2), (2,3), (10,3), (7,4), (1,1), (8,1), (8,6), (4,3), (5,9), (7,2), (7,3), (7,4)
Cerrados = (3,8), (3,9), (2,8), (3,7), (3,6), (4,6), (2,7), (4,7), (5,7), (3,10), (5,6), (3,5), (1,7), (1,8), (2,9), (5,8), (5,5), (6,5), (5,4), (2,5), (2,10), (1,9), (1,5), (7,5), (8,5), (8,4), (8,3), (1,4), (9,3), (8,2), (1,3), (5,3), (1,2)
------------------------
Iteración 34
-----------
Abiertos = (1,10), (1,10), (2,2), (2,3), (10,3), (6,2), (7,4), (1,1), (8,1), (8,6), (4,2), (4,3), (5,9), (7,2), (7,3), (7,4)
Cerrados = (3,8), (3,9), (2,8), (3,7), (3,6), (4,6), (2,7), (4,7), (5,7), (3,10), (5,6), (3,5), (1,7), (1,8), (2,9), (5,8), (5,5), (6,5), (5,4), (2,5), (2,10), (1,9), (1,5), (7,5), (8,5), (8,4), (8,3), (1,4), (9,3), (8,2), (1,3), (5,3), (1,2), (5,2)
------------------------
Iteración 35
-----------
Abiertos = (1,10), (2,2), (2,3), (10,3), (6,2), (7,4), (1,1), (8,1), (8,6), (4,2), (4,3), (5,9), (7,2), (7,3), (7,4)
Cerrados = (3,8), (3,9), (2,8), (3,7), (3,6), (4,6), (2,7), (4,7), (5,7), (3,10), (5,6), (3,5), (1,7), (1,8), (2,9), (5,8), (5,5), (6,5), (5,4), (2,5), (2,10), (1,9), (1,5), (7,5), (8,5), (8,4), (8,3), (1,4), (9,3), (8,2), (1,3), (5,3), (1,2), (5,2), (1,10)
------------------------
Iteración 36
-----------
Abiertos = (2,3), (10,3), (6,2), (7,4), (1,1), (8,1), (8,6), (4,2), (4,3), (5,9), (2,1), (7,2), (7,3), (7,4), (2,3)
Cerrados = (3,8), (3,9), (2,8), (3,7), (3,6), (4,6), (2,7), (4,7), (5,7), (3,10), (5,6), (3,5), (1,7), (1,8), (2,9), (5,8), (5,5), (6,5), (5,4), (2,5), (2,10), (1,9), (1,5), (7,5), (8,5), (8,4), (8,3), (1,4), (9,3), (8,2), (1,3), (5,3), (1,2), (5,2), (1,10), (2,2)
------------------------
Iteración 37
-----------
Abiertos = (2,3), (10,2), (6,2), (7,4), (1,1), (8,1), (8,6), (4,2), (4,3), (5,9), (2,1), (11,3), (7,2), (7,3), (7,4), (2,3), (10,4)
Cerrados = (3,8), (3,9), (2,8), (3,7), (3,6), (4,6), (2,7), (4,7), (5,7), (3,10), (5,6), (3,5), (1,7), (1,8), (2,9), (5,8), (5,5), (6,5), (5,4), (2,5), (2,10), (1,9), (1,5), (7,5), (8,5), (8,4), (8,3), (1,4), (9,3), (8,2), (1,3), (5,3), (1,2), (5,2), (1,10), (2,2), (10,3)
------------------------
Camino: (3,8) -> (3,7) -> (3,6) -> (4,6) -> (5,6) -> (5,5) -> (6,5) -> (7,5) -> (8,5) -> (8,4) -> (8,3) -> (9,3) -> (10,3) -> (10,2)
Coste: 47
Iteración 0
-----------
Abiertos = (3,8)
Cerrados = 
------------------------
Iteración 1
-----------
Abiertos = (3,7), (3,9), (2,8)
Cerrados = (3,8)
------------------------
Iteración 2
-----------
Abiertos = (4,7), (3,9), (3,6), (2,7), (2,8)
Cerrados = (3,8), (3,7)
------------------------
Iteración 3
-----------
Abiertos = (4,7), (3,6), (2,7), (2,8), (3,10), (2,9)
Cerrados = (3,8), (3,7), (3,9)
------------------------
Iteración 4
-----------
Abiertos = (4,7), (4,6), (2,7), (2,8), (3,10), (3,5), (2,9)
Cerrados = (3,8), (3,7), (3,9), (3,6)
------------------------
Iteración 5
-----------
Abiertos = (4,6), (4,6), (5,7), (2,7), (2,8), (3,10), (3,5), (2,9)
Cerrados = (3,8), (3,7), (3,9), (3,6), (4,7)
------------------------
Iteración 6
-----------
Abiertos = (5,7), (4,6), (2,7), (2,8), (3,10), (5,6), (3,5), (2,9)
Cerrados = (3,8), (3,7), (3,9), (3,6), (4,7), (4,6)
------------------------
Iteración 7
-----------
Abiertos = (5,7), (2,8), (3,10), (5,6), (3,5), (1,7), (2,9), (2,8)
Cerrados = (3,8), (3,7), (3,9), (3,6), (4,7), (4,6), (2,7)
------------------------
Iteración 8
-----------
Abiertos = (2,8), (3,10), (5,6), (5,6), (3,5), (1,7), (2,9), (5,8), (2,8)
Cerrados = (3,8), (3,7), (3,9), (3,6), (4,7), (4,6), (2,7), (5,7)
------------------------
Iteración 9
-----------
Abiertos = (3,10), (5,6), (5,6), (3,5), (1,7), (2,9), (1,8), (5,8), (2,8), (2,9)
Cerrados = (3,8), (3,7), (3,9), (3,6), (4,7), (4,6), (2,7), (5,7), (2,8)
------------------------
Iteración 10
-----------
Abiertos = (5,6), (5,6), (3,5), (1,7), (2,9), (1,8), (5,8), (2,8), (2,9), (2,10)
Cerrados = (3,8), (3,7), (3,9), (3,6), (4,7), (4,6), (2,7), (5,7), (2,8), (3,10)
------------------------
Iteración 11
-----------
Abiertos = (5,6), (3,5), (1,7), (2,9), (1,8), (5,5), (5,8), (2,8), (2,9), (2,10)
Cerrados = (3,8), (3,7), (3,9), (3,6), (4,7), (4,6), (2,7), (5,7), (2,8), (3,10), (5,6)
------------------------
Iteración 12
-----------
Abiertos = (5,6), (1,7), (2,9), (1,8), (5,5), (5,8), (2,5), (2,8), (2,9), (2,10)
Cerrados = (3,8), (3,7), (3,9), (3,6), (4,7), (4,6), (2,7), (5,7), (2,8), (3,10), (5,6), (3,5)
------------------------
Iteración 13
-----------
Abiertos = (1,7), (1,8), (5,5), (5,8), (2,5), (2,8), (2,9), (2,10), (1,9), (2,10)
Cerrados = (3,8), (3,7), (3,9), (3,6), (4,7), (4,6), (2,7), (5,7), (2,8), (3,10), (5,6), (3,5), (2,9)
------------------------
Iteración 14
-----------
Abiertos = (1,8), (5,5), (5,8), (2,5), (2,8), (2,9), (1,8), (2,10), (1,9), (2,10)
Cerrados = (3,8), (3,7), (3,9), (3,6), (4,7), (4,6), (2,7), (5,7), (2,8), (3,10), (5,6), (3,5), (2,9), (1,7)
------------------------
Iteración 15
-----------
Abiertos = (5,5), (5,8), (2,5), (2,8), (2,9), (1,8), (2,10), (1,9), (1,9), (2,10)
Cerrados = (3,8), (3,7), (3,9), (3,6), (4,7), (4,6), (2,7), (5,7), (2,8), (3,10), (5,6), (3,5), (2,9), (1,7), (1,8)
------------------------
Iteración 16
-----------
Abiertos = (2,5), (5,8), (2,8), (2,9), (5,4), (6,5), (1,8), (2,10), (1,9), (1,9), (2,10)
Cerrados = (3,8), (3,7), (3,9), (3,6), (4,7), (4,6), (2,7), (5,7), (2,8), (3,10), (5,6), (3,5), (2,9), (1,7), (1,8), (5,5)
------------------------
Iteración 17
-----------
Abiertos = (2,5), (2,8), (2,9), (5,4), (6,5), (1,8), (2,10), (1,9), (1,9), (2,10), (5,9)
Cerrados = (3,8), (3,7), (3,9), (3,6), (4,7), (4,6), (2,7), (5,7), (2,8), (3,10), (5,6), (3,5), (2,9), (1,7), (1,8), (5,5), (5,8)
------------------------
Iteración 18
-----------
Abiertos = (2,9), (5,4), (6,5), (1,8), (2,10), (1,9), (1,9), (1,5), (2,10), (5,9)
Cerrados = (3,8), (3,7), (3,9), (3,6), (4,7), (4,6), (2,7), (5,7), (2,8), (3,10), (5,6), (3,5), (2,9), (1,7), (1,8), (5,5), (5,8), (2,5)
------------------------
Iteración 19
-----------
Abiertos = (2,9), (6,5), (1,8), (2,10), (1,9), (1,9), (1,5), (5,3), (2,10), (5,9)
Cerrados = (3,8), (3,7), (3,9), (3,6), (4,7), (4,6), (2,7), (5,7), (2,8), (3,10), (5,6), (3,5), (2,9), (1,7), (1,8), (5,5), (5,8), (2,5), (5,4)
------------------------
Iteración 20
-----------
Abiertos = (2,10), (1,9), (1,9), (1,5), (5,3), (7,5), (2,10), (5,9)
Cerrados = (3,8), (3,7), (3,9), (3,6), (4,7), (4,6), (2,7), (5,7), (2,8), (3,10), (5,6), (3,5), (2,9), (1,7), (1,8), (5,5), (5,8), (2,5), (5,4), (6,5)
------------------------
Iteración 21
-----------
Abiertos = (1,9), (2,10), (1,5), (5,3), (7,5), (2,10), (1,10), (5,9)
Cerrados = (3,8), (3,7), (3,9), (3,6), (4,7), (4,6), (2,7), (5,7), (2,8), (3,10), (5,6), (3,5), (2,9), (1,7), (1,8), (5,5), (5,8), (2,5), (5,4), (6,5), (1,9)
------------------------
Iteración 22
-----------
Abiertos = (2,10), (1,4), (5,3), (7,5), (2,10), (1,10), (5,9)
Cerrados = (3,8), (3,7), (3,9), (3,6), (4,7), (4,6), (2,7), (5,7), (2,8), (3,10), (5,6), (3,5), (2,9), (1,7), (1,8), (5,5), (5,8), (2,5), (5,4), (6,5), (1,9), (1,5)
------------------------
Iteración 23
-----------
Abiertos = (2,10), (1,3), (5,3), (7,5), (2,10), (1,10), (5,9)
Cerrados = (3,8), (3,7), (3,9), (3,6), (4,7), (4,6), (2,7), (5,7), (2,8), (3,10), (5,6), (3,5), (2,9), (1,7), (1,8), (5,5), (5,8), (2,5), (5,4), (6,5), (1,9), (1,5), (1,4)
------------------------
Iteración 24
-----------
Abiertos = (2,10), (1,2), (5,3), (7,5), (2,10), (1,10), (2,3), (5,9)
Cerrados = (3,8), (3,7), (3,9), (3,6), (4,7), (4,6), (2,7), (5,7), (2,8), (3,10), (5,6), (3,5), (2,9), (1,7), (1,8), (5,5), (5,8), (2,5), (5,4), (6,5), (1,9), (1,5), (1,4), (1,3)
------------------------
Iteración 25
-----------
Abiertos = (2,10), (5,3), (7,5), (2,10), (1,10), (2,2), (2,3), (1,1), (5,9)
Cerrados = (3,8), (3,7), (3,9), (3,6), (4,7), (4,6), (2,7), (5,7), (2,8), (3,10), (5,6), (3,5), (2,9), (1,7), (1,8), (5,5), (5,8), (2,5), (5,4), (6,5), (1,9), (1,5), (1,4), (1,3), (1,2)
------------------------
Iteración 26
-----------
Abiertos = (7,5), (5,3), (2,10), (1,10), (1,10), (2,2), (2,3), (1,1), (5,9)
Cerrados = (3,8), (3,7), (3,9), (3,6), (4,7), (4,6), (2,7), (5,7), (2,8), (3,10), (5,6), (3,5), (2,9), (1,7), (1,8), (5,5), (5,8), (2,5), (5,4), (6,5), (1,9), (1,5), (1,4), (1,3), (1,2), (2,10)
------------------------
Iteración 27
-----------
Abiertos = (5,2), (7,5), (2,10), (1,10), (1,10), (2,2), (2,3), (1,1), (4,3), (5,9)
Cerrados = (3,8), (3,7), (3,9), (3,6), (4,7), (4,6), (2,7), (5,7), (2,8), (3,10), (5,6), (3,5), (2,9), (1,7), (1,8), (5,5), (5,8), (2,5), (5,4), (6,5), (1,9), (1,5), (1,4), (1,3), (1,2), (2,10), (5,3)
------------------------
Iteración 28
-----------
Abiertos = (7,5), (2,10), (1,10), (1,10), (2,2), (2,3), (6,2), (1,1), (4,2), (4,3), (5,9)
Cerrados = (3,8), (3,7), (3,9), (3,6), (4,7), (4,6), (2,7), (5,7), (2,8), (3,10), (5,6), (3,5), (2,9), (1,7), (1,8), (5,5), (5,8), (2,5), (5,4), (6,5), (1,9), (1,5), (1,4), (1,3), (1,2), (2,10), (5,3), (5,2)
------------------------
Iteración 29
-----------
Abiertos = (7,5), (1,10), (2,2), (2,3), (6,2), (1,1), (4,2), (4,3), (5,9)
Cerrados = (3,8), (3,7), (3,9), (3,6), (4,7), (4,6), (2,7), (5,7), (2,8), (3,10), (5,6), (3,5), (2,9), (1,7), (1,8), (5,5), (5,8), (2,5), (5,4), (6,5), (1,9), (1,5), (1,4), (1,3), (1,2), (2,10), (5,3), (5,2), (1,10)
------------------------
Iteración 30
-----------
Abiertos = (7,5), (2,3), (6,2), (1,1), (4,2), (4,3), (5,9), (2,1), (2,3)
Cerrados = (3,8), (3,7), (3,9), (3,6), (4,7), (4,6), (2,7), (5,7), (2,8), (3,10), (5,6), (3,5), (2,9), (1,7), (1,8), (5,5), (5,8), (2,5), (5,4), (6,5), (1,9), (1,5), (1,4), (1,3), (1,2), (2,10), (5,3), (5,2), (1,10), (2,2)
------------------------
Iteración 31
-----------
Abiertos = (7,5), (6,2), (1,1), (4,2), (4,3), (3,3), (5,9), (2,1), (2,3)
Cerrados = (3,8), (3,7), (3,9), (3,6), (4,7), (4,6), (2,7), (5,7), (2,8), (3,10), (5,6), (3,5), (2,9), (1,7), (1,8), (5,5), (5,8), (2,5), (5,4), (6,5), (1,9), (1,5), (1,4), (1,3), (1,2), (2,10), (5,3), (5,2), (1,10), (2,2), (2,3)
------------------------
Iteración 32
-----------
Abiertos = (7,5), (1,1), (4,2), (4,3), (3,3), (5,9), (7,2), (2,1), (2,3), (6,1)
Cerrados = (3,8), (3,7), (3,9), (3,6), (4,7), (4,6), (2,7), (5,7), (2,8), (3,10), (5,6), (3,5), (2,9), (1,7), (1,8), (5,5), (5,8), (2,5), (5,4), (6,5), (1,9), (1,5), (1,4), (1,3), (1,2), (2,10), (5,3), (5,2), (1,10), (2,2), (2,3), (6,2)
------------------------
Iteración 33
-----------
Abiertos = (7,5), (2,1), (4,2), (4,3), (3,3), (5,9), (7,2), (2,1), (2,3), (6,1)
Cerrados = (3,8), (3,7), (3,9), (3,6), (4,7), (4,6), (2,7), (5,7), (2,8), (3,10), (5,6), (3,5), (2,9), (1,7), (1,8), (5,5), (5,8), (2,5), (5,4), (6,5), (1,9), (1,5), (1,4), (1,3), (1,2), (2,10), (5,3), (5,2), (1,10), (2,2), (2,3), (6,2), (1,1)
------------------------
Iteración 34
-----------
Abiertos = (8,5), (7,4), (2,1), (4,2), (4,3), (3,3), (5,9), (7,2), (2,1), (2,3), (6,1)
Cerrados = (3,8), (3,7), (3,9), (3,6), (4,7), (4,6), (2,7), (5,7), (2,8), (3,10), (5,6), (3,5), (2,9), (1,7), (1,8), (5,5), (5,8), (2,5), (5,4), (6,5), (1,9), (1,5), (1,4), (1,3), (1,2), (2,10), (5,3), (5,2), (1,10), (2,2), (2,3), (6,2), (1,1), (7,5)
------------------------
Iteración 35
-----------
Abiertos = (8,4), (7,4), (2,1), (8,6), (4,2), (4,3), (3,3), (5,9), (7,2), (2,1), (2,3), (6,1)
Cerrados = (3,8), (3,7), (3,9), (3,6), (4,7), (4,6), (2,7), (5,7), (2,8), (3,10), (5,6), (3,5), (2,9), (1,7), (1,8), (5,5), (5,8), (2,5), (5,4), (6,5), (1,9), (1,5), (1,4), (1,3), (1,2), (2,10), (5,3), (5,2), (1,10), (2,2), (2,3), (6,2), (1,1), (7,5), (8,5)
------------------------
Iteración 36
-----------
Abiertos = (8,4), (8,4), (2,1), (8,6), (4,2), (4,3), (3,3), (5,9), (7,2), (7,3), (2,1), (2,3), (6,1)
Cerrados = (3,8), (3,7), (3,9), (3,6), (4,7), (4,6), (2,7), (5,7), (2,8), (3,10), (5,6), (3,5), (2,9), (1,7), (1,8), (5,5), (5,8), (2,5), (5,4), (6,5), (1,9), (1,5), (1,4), (1,3), (1,2), (2,10), (5,3), (5,2), (1,10), (2,2), (2,3), (6,2), (1,1), (7,5), (8,5), (7,4)
------------------------
Iteración 37
-----------
Abiertos = (8,3), (8,4), (2,1), (8,6), (4,2), (4,3), (3,3), (5,9), (7,2), (7,3), (2,1), (2,3), (6,1)
Cerrados = (3,8), (3,7), (3,9), (3,6), (4,7), (4,6), (2,7), (5,7), (2,8), (3,10), (5,6), (3,5), (2,9), (1,7), (1,8), (5,5), (5,8), (2,5), (5,4), (6,5), (1,9), (1,5), (1,4), (1,3), (1,2), (2,10), (5,3), (5,2), (1,10), (2,2), (2,3), (6,2), (1,1), (7,5), (8,5), (7,4), (8,4)
------------------------
Iteración 38
-----------
Abiertos = (8,2), (9,3), (2,1), (8,6), (4,2), (4,3), (3,3), (5,9), (7,2), (7,3), (2,1), (7,3), (2,3), (6,1)
Cerrados = (3,8), (3,7), (3,9), (3,6), (4,7), (4,6), (2,7), (5,7), (2,8), (3,10), (5,6), (3,5), (2,9), (1,7), (1,8), (5,5), (5,8), (2,5), (5,4), (6,5), (1,9), (1,5), (1,4), (1,3), (1,2), (2,10), (5,3), (5,2), (1,10), (2,2), (2,3), (6,2), (1,1), (7,5), (8,5), (7,4), (8,4), (8,3)
------------------------
Iteración 39
-----------
Abiertos = (9,3), (2,1), (8,1), (8,6), (4,2), (4,3), (3,3), (5,9), (7,2), (7,3), (2,1), (7,2), (7,3), (2,3), (6,1)
Cerrados = (3,8), (3,7), (3,9), (3,6), (4,7), (4,6), (2,7), (5,7), (2,8), (3,10), (5,6), (3,5), (2,9), (1,7), (1,8), (5,5), (5,8), (2,5), (5,4), (6,5), (1,9), (1,5), (1,4), (1,3), (1,2), (2,10), (5,3), (5,2), (1,10), (2,2), (2,3), (6,2), (1,1), (7,5), (8,5), (7,4), (8,4), (8,3), (8,2)
------------------------
Iteración 40
-----------
Abiertos = (10,3), (2,1), (8,1), (8,6), (4,2), (4,3), (3,3), (5,9), (7,2), (7,3), (2,1), (7,2), (7,3), (2,3), (6,1)
Cerrados = (3,8), (3,7), (3,9), (3,6), (4,7), (4,6), (2,7), (5,7), (2,8), (3,10), (5,6), (3,5), (2,9), (1,7), (1,8), (5,5), (5,8), (2,5), (5,4), (6,5), (1,9), (1,5), (1,4), (1,3), (1,2), (2,10), (5,3), (5,2), (1,10), (2,2), (2,3), (6,2), (1,1), (7,5), (8,5), (7,4), (8,4), (8,3), (8,2), (9,3)
------------------------
Iteración 41
-----------
Abiertos = (10,3), (8,1), (8,6), (4,2), (4,3), (3,3), (5,9), (7,2), (7,3), (3,1), (2,1), (7,2), (7,3), (2,3), (6,1)
Cerrados = (3,8), (3,7), (3,9), (3,6), (4,7), (4,6), (2,7), (5,7), (2,8), (3,10), (5,6), (3,5), (2,9), (1,7), (1,8), (5,5), (5,8), (2,5), (5,4), (6,5), (1,9), (1,5), (1,4), (1,3), (1,2), (2,10), (5,3), (5,2), (1,10), (2,2), (2,3), (6,2), (1,1), (7,5), (8,5), (7,4), (8,4), (8,3), (8,2), (9,3), (2,1)
------------------------
Iteración 42
-----------
Abiertos = (10,3), (9,1), (8,6), (4,2), (4,3), (3,3), (5,9), (7,2), (7,3), (3,1), (2,1), (7,2), (7,3), (7,1), (2,3), (6,1)
Cerrados = (3,8), (3,7), (3,9), (3,6), (4,7), (4,6), (2,7), (5,7), (2,8), (3,10), (5,6), (3,5), (2,9), (1,7), (1,8), (5,5), (5,8), (2,5), (5,4), (6,5), (1,9), (1,5), (1,4), (1,3), (1,2), (2,10), (5,3), (5,2), (1,10), (2,2), (2,3), (6,2), (1,1), (7,5), (8,5), (7,4), (8,4), (8,3), (8,2), (9,3), (2,1), (8,1)
------------------------
Iteración 43
-----------
Abiertos = (10,3), (10,1), (8,6), (4,2), (4,3), (3,3), (5,9), (7,2), (7,3), (3,1), (2,1), (7,2), (7,3), (7,1), (2,3), (6,1)
Cerrados = (3,8), (3,7), (3,9), (3,6), (4,7), (4,6), (2,7), (5,7), (2,8), (3,10), (5,6), (3,5), (2,9), (1,7), (1,8), (5,5), (5,8), (2,5), (5,4), (6,5), (1,9), (1,5), (1,4), (1,3), (1,2), (2,10), (5,3), (5,2), (1,10), (2,2), (2,3), (6,2), (1,1), (7,5), (8,5), (7,4), (8,4), (8,3), (8,2), (9,3), (2,1), (8,1), (9,1)
------------------------
Iteración 44
-----------
Abiertos = (10,2), (10,1), (8,6), (4,2), (4,3), (3,3), (5,9), (7,2), (7,3), (3,1), (2,1), (11,3), (7,2), (7,3), (7,1), (2,3), (10,4), (6,1)
Cerrados = (3,8), (3,7), (3,9), (3,6), (4,7), (4,6), (2,7), (5,7), (2,8), (3,10), (5,6), (3,5), (2,9), (1,7), (1,8), (5,5), (5,8), (2,5), (5,4), (6,5), (1,9), (1,5), (1,4), (1,3), (1,2), (2,10), (5,3), (5,2), (1,10), (2,2), (2,3), (6,2), (1,1), (7,5), (8,5), (7,4), (8,4), (8,3), (8,2), (9,3), (2,1), (8,1), (9,1), (10,3)
------------------------
Camino: (3,8) -> (3,7) -> (3,6) -> (4,6) -> (5,6) -> (5,5) -> (6,5) -> (7,5) -> (8,5) -> (8,4) -> (8,3) -> (9,3) -> (10,3) -> (10,2)
Coste: 47
Iteración 0
-----------
Abiertos = (3,8)
Cerrados = 
------------------------
Iteración 1
-----------
Abiertos = (3,7), (3,9), (2,8)
Cerrados = (3,8)
------------------------
Iteración 2
-----------
Abiertos = (4,7), (3,9), (3,6), (2,7), (2,8)
Cerrados = (3,8), (3,7)
------------------------
Iteración 3
-----------
Abiertos = (4,6), (3,9), (5,7), (3,6), (2,7), (2,8)
Cerrados = (3,8), (3,7), (4,7)
------------------------
Iteración 4
-----------
Abiertos = (3,9), (5,6), (5,7), (3,6), (2,7), (2,8), (3,6)
Cerrados = (3,8), (3,7), (4,7), (4,6)
------------------------
Iteración 5
-----------
Abiertos = (3,9), (5,7), (3,6), (2,7), (2,8), (5,5), (3,6), (5,7)
Cerrados = (3,8), (3,7), (4,7), (4,6), (5,6)
------------------------
Iteración 6
-----------
Abiertos = (3,9), (3,6), (2,7), (2,8), (5,5), (3,6), (5,7), (5,8)
Cerrados = (3,8), (3,7), (4,7), (4,6), (5,6), (5,7)
------------------------
Iteración 7
-----------
Abiertos = (3,6), (2,7), (2,8), (3,10), (5,5), (3,6), (2,9), (5,7), (5,8)
Cerrados = (3,8), (3,7), (4,7), (4,6), (5,6), (5,7), (3,9)
------------------------
Iteración 8
-----------
Abiertos = (3,6), (2,8), (3,10), (5,5), (3,6), (1,7), (2,9), (5,7), (5,8), (2,8)
Cerrados = (3,8), (3,7), (4,7), (4,6), (5,6), (5,7), (3,9), (2,7)
------------------------
Iteración 9
-----------
Abiertos = (2,8), (3,10), (5,5), (3,5), (3,6), (1,7), (2,9), (5,7), (5,8), (2,8)
Cerrados = (3,8), (3,7), (4,7), (4,6), (5,6), (5,7), (3,9), (2,7), (3,6)
------------------------
Iteración 10
-----------
Abiertos = (3,10), (5,5), (3,5), (3,6), (1,7), (2,9), (1,8), (5,7), (5,8), (2,8), (2,9)
Cerrados = (3,8), (3,7), (4,7), (4,6), (5,6), (5,7), (3,9), (2,7), (3,6), (2,8)
------------------------
Iteración 11
-----------
Abiertos = (3,10), (3,5), (3,6), (1,7), (2,9), (1,8), (6,5), (5,4), (5,7), (5,8), (2,8), (2,9)
Cerrados = (3,8), (3,7), (4,7), (4,6), (5,6), (5,7), (3,9), (2,7), (3,6), (2,8), (5,5)
------------------------
Iteración 12
-----------
Abiertos = (3,5), (3,6), (1,7), (2,9), (1,8), (6,5), (5,4), (5,7), (5,8), (2,8), (2,9), (2,10)
Cerrados = (3,8), (3,7), (4,7), (4,6), (5,6), (5,7), (3,9), (2,7), (3,6), (2,8), (5,5), (3,10)
------------------------
Iteración 13
-----------
Abiertos = (1,7), (2,9), (1,8), (6,5), (5,4), (5,7), (5,8), (2,5), (2,8), (2,9), (2,10)
Cerrados = (3,8), (3,7), (4,7), (4,6), (5,6), (5,7), (3,9), (2,7), (3,6), (2,8), (5,5), (3,10), (3,5)
------------------------
Iteración 14
-----------
Abiertos = (1,7), (1,8), (6,5), (5,4), (5,7), (5,8), (2,5), (2,8), (2,9), (1,9), (2,10), (2,10)
Cerrados = (3,8), (3,7), (4,7), (4,6), (5,6), (5,7), (3,9), (2,7), (3,6), (2,8), (5,5), (3,10), (3,5), (2,9)
------------------------
Iteración 15
-----------
Abiertos = (1,8), (6,5), (5,4), (5,7), (5,8), (2,5), (2,8), (2,9), (1,8), (1,9), (2,10), (2,10)
Cerrados = (3,8), (3,7), (4,7), (4,6), (5,6), (5,7), (3,9), (2,7), (3,6), (2,8), (5,5), (3,10), (3,5), (2,9), (1,7)
------------------------
Iteración 16
-----------
Abiertos = (5,4), (6,5), (5,7), (5,8), (2,5), (2,8), (2,9), (1,8), (1,9), (2,10), (1,9), (2,10)
Cerrados = (3,8), (3,7), (4,7), (4,6), (5,6), (5,7), (3,9), (2,7), (3,6), (2,8), (5,5), (3,10), (3,5), (2,9), (1,7), (1,8)
------------------------
Iteración 17
-----------
Abiertos = (6,5), (5,7), (5,8), (2,5), (2,8), (2,9), (5,3), (1,8), (1,9), (2,10), (1,9), (2,10)
Cerrados = (3,8), (3,7), (4,7), (4,6), (5,6), (5,7), (3,9), (2,7), (3,6), (2,8), (5,5), (3,10), (3,5), (2,9), (1,7), (1,8), (5,4)
------------------------
Iteración 18
-----------
Abiertos = (5,7), (5,8), (2,5), (2,8), (2,9), (5,3), (7,5), (1,8), (2,10), (1,9), (1,9), (2,10)
Cerrados = (3,8), (3,7), (4,7), (4,6), (5,6), (5,7), (3,9), (2,7), (3,6), (2,8), (5,5), (3,10), (3,5), (2,9), (1,7), (1,8), (5,4), (6,5)
------------------------
Iteración 19
-----------
Abiertos = (2,5), (2,8), (2,9), (5,3), (7,5), (1,8), (1,9), (1,9), (2,10), (2,10), (5,9)
Cerrados = (3,8), (3,7), (4,7), (4,6), (5,6), (5,7), (3,9), (2,7), (3,6), (2,8), (5,5), (3,10), (3,5), (2,9), (1,7), (1,8), (5,4), (6,5), (5,8)
------------------------
Iteración 20
-----------
Abiertos = (2,8), (2,9), (5,3), (7,5), (1,8), (1,9), (1,9), (2,10), (1,5), (2,10), (5,9)
Cerrados = (3,8), (3,7), (4,7), (4,6), (5,6), (5,7), (3,9), (2,7), (3,6), (2,8), (5,5), (3,10), (3,5), (2,9), (1,7), (1,8), (5,4), (6,5), (5,8), (2,5)
------------------------
Iteración 21
-----------
Abiertos = (2,9), (8,5), (5,3), (1,8), (1,9), (1,9), (2,10), (1,5), (7,4), (2,10), (5,9)
Cerrados = (3,8), (3,7), (4,7), (4,6), (5,6), (5,7), (3,9), (2,7), (3,6), (2,8), (5,5), (3,10), (3,5), (2,9), (1,7), (1,8), (5,4), (6,5), (5,8), (2,5), (7,5)
------------------------
Iteración 22
-----------
Abiertos = (8,4), (5,3), (1,8), (1,9), (1,9), (2,10), (1,5), (7,4), (2,10), (8,6), (5,9)
Cerrados = (3,8), (3,7), (4,7), (4,6), (5,6), (5,7), (3,9), (2,7), (3,6), (2,8), (5,5), (3,10), (3,5), (2,9), (1,7), (1,8), (5,4), (6,5), (5,8), (2,5), (7,5), (8,5)
------------------------
Iteración 23
-----------
Abiertos = (8,4), (5,2), (1,8), (1,9), (1,9), (2,10), (1,5), (7,4), (2,10), (8,6), (4,3), (5,9)
Cerrados = (3,8), (3,7), (4,7), (4,6), (5,6), (5,7), (3,9), (2,7), (3,6), (2,8), (5,5), (3,10), (3,5), (2,9), (1,7), (1,8), (5,4), (6,5), (5,8), (2,5), (7,5), (8,5), (5,3)
------------------------
Iteración 24
-----------
Abiertos = (8,4), (1,8), (1,9), (1,9), (2,10), (1,5), (6,2), (7,4), (2,10), (8,6), (4,2), (4,3), (5,9)
Cerrados = (3,8), (3,7), (4,7), (4,6), (5,6), (5,7), (3,9), (2,7), (3,6), (2,8), (5,5), (3,10), (3,5), (2,9), (1,7), (1,8), (5,4), (6,5), (5,8), (2,5), (7,5), (8,5), (5,3), (5,2)
------------------------
Iteración 25
-----------
Abiertos = (8,3), (1,8), (1,9), (1,9), (2,10), (1,5), (6,2), (7,4), (2,10), (8,6), (4,2), (4,3), (7,4), (5,9)
Cerrados = (3,8), (3,7), (4,7), (4,6), (5,6), (5,7), (3,9), (2,7), (3,6), (2,8), (5,5), (3,10), (3,5), (2,9), (1,7), (1,8), (5,4), (6,5), (5,8), (2,5), (7,5), (8,5), (5,3), (5,2), (8,4)
------------------------
Iteración 26
-----------
Abiertos = (8,2), (9,3), (1,9), (1,9), (2,10), (1,5), (6,2), (7,4), (2,10), (4,2), (8,6), (4,3), (7,3), (7,4), (5,9)
Cerrados = (3,8), (3,7), (4,7), (4,6), (5,6), (5,7), (3,9), (2,7), (3,6), (2,8), (5,5), (3,10), (3,5), (2,9), (1,7), (1,8), (5,4), (6,5), (5,8), (2,5), (7,5), (8,5), (5,3), (5,2), (8,4), (8,3)
------------------------
Iteración 27
-----------
Abiertos = (8,2), (1,9), (1,9), (2,10), (1,5), (10,3), (6,2), (7,4), (2,10), (4,2), (8,6), (4,3), (7,3), (7,4), (5,9)
Cerrados = (3,8), (3,7), (4,7), (4,6), (5,6), (5,7), (3,9), (2,7), (3,6), (2,8), (5,5), (3,10), (3,5), (2,9), (1,7), (1,8), (5,4), (6,5), (5,8), (2,5), (7,5), (8,5), (5,3), (5,2), (8,4), (8,3), (9,3)
------------------------
Iteración 28
-----------
Abiertos = (8,2), (1,9), (2,10), (1,5), (10,3), (6,2), (7,4), (2,10), (4,2), (8,6), (4,3), (1,10), (7,3), (7,4), (5,9)
Cerrados = (3,8), (3,7), (4,7), (4,6), (5,6), (5,7), (3,9), (2,7), (3,6), (2,8), (5,5), (3,10), (3,5), (2,9), (1,7), (1,8), (5,4), (6,5), (5,8), (2,5), (7,5), (8,5), (5,3), (5,2), (8,4), (8,3), (9,3), (1,9)
------------------------
Iteración 29
-----------
Abiertos = (2,10), (1,5), (10,3), (6,2), (7,4), (2,10), (8,1), (4,2), (8,6), (4,3), (1,10), (7,2), (7,3), (7,4), (5,9)
Cerrados = (3,8), (3,7), (4,7), (4,6), (5,6), (5,7), (3,9), (2,7), (3,6), (2,8), (5,5), (3,10), (3,5), (2,9), (1,7), (1,8), (5,4), (6,5), (5,8), (2,5), (7,5), (8,5), (5,3), (5,2), (8,4), (8,3), (9,3), (1,9), (8,2)
------------------------
Iteración 30
-----------
Abiertos = (2,10), (1,4), (10,3), (6,2), (7,4), (2,10), (8,1), (4,2), (8,6), (4,3), (1,10), (7,2), (7,3), (7,4), (5,9)
Cerrados = (3,8), (3,7), (4,7), (4,6), (5,6), (5,7), (3,9), (2,7), (3,6), (2,8), (5,5), (3,10), (3,5), (2,9), (1,7), (1,8), (5,4), (6,5), (5,8), (2,5), (7,5), (8,5), (5,3), (5,2), (8,4), (8,3), (9,3), (1,9), (8,2), (1,5)
------------------------
Iteración 31
-----------
Abiertos = (2,10), (1,3), (10,3), (6,2), (7,4), (2,10), (8,1), (4,2), (8,6), (4,3), (1,10), (7,2), (7,3), (7,4), (5,9)
Cerrados = (3,8), (3,7), (4,7), (4,6), (5,6), (5,7), (3,9), (2,7), (3,6), (2,8), (5,5), (3,10), (3,5), (2,9), (1,7), (1,8), (5,4), (6,5), (5,8), (2,5), (7,5), (8,5), (5,3), (5,2), (8,4), (8,3), (9,3), (1,9), (8,2), (1,5), (1,4)
------------------------
Iteración 32
-----------
Abiertos = (1,3), (10,3), (6,2), (7,4), (2,10), (8,1), (4,2), (8,6), (4,3), (1,10), (1,10), (7,2), (7,3), (7,4), (5,9)
Cerrados = (3,8), (3,7), (4,7), (4,6), (5,6), (5,7), (3,9), (2,7), (3,6), (2,8), (5,5), (3,10), (3,5), (2,9), (1,7), (1,8), (5,4), (6,5), (5,8), (2,5), (7,5), (8,5), (5,3), (5,2), (8,4), (8,3), (9,3), (1,9), (8,2), (1,5), (1,4), (2,10)
------------------------
Iteración 33
-----------
Abiertos = (1,2), (10,3), (6,2), (7,4), (2,10), (8,1), (4,2), (8,6), (4,3), (1,10), (1,10), (2,3), (7,2), (7,3), (7,4), (5,9)
Cerrados = (3,8), (3,7), (4,7), (4,6), (5,6), (5,7), (3,9), (2,7), (3,6), (2,8), (5,5), (3,10), (3,5), (2,9), (1,7), (1,8), (5,4), (6,5), (5,8), (2,5), (7,5), (8,5), (5,3), (5,2), (8,4), (8,3), (9,3), (1,9), (8,2), (1,5), (1,4), (2,10), (1,3)
------------------------
Iteración 34
-----------
Abiertos = (10,3), (6,2), (7,4), (2,10), (8,1), (4,2), (8,6), (4,3), (1,10), (1,10), (2,2), (2,3), (1,1), (7,2), (7,3), (7,4), (5,9)
Cerrados = (3,8), (3,7), (4,7), (4,6), (5,6), (5,7), (3,9), (2,7), (3,6), (2,8), (5,5), (3,10), (3,5), (2,9), (1,7), (1,8), (5,4), (6,5), (5,8), (2,5), (7,5), (8,5), (5,3), (5,2), (8,4), (8,3), (9,3), (1,9), (8,2), (1,5), (1,4), (2,10), (1,3), (1,2)
------------------------
Iteración 35
-----------
Abiertos = (10,3), (7,4), (2,10), (8,1), (4,2), (8,6), (4,3), (1,10), (1,10), (2,2), (2,3), (7,2), (1,1), (7,2), (7,3), (7,4), (5,9), (6,1)
Cerrados = (3,8), (3,7), (4,7), (4,6), (5,6), (5,7), (3,9), (2,7), (3,6), (2,8), (5,5), (3,10), (3,5), (2,9), (1,7), (1,8), (5,4), (6,5), (5,8), (2,5), (7,5), (8,5), (5,3), (5,2), (8,4), (8,3), (9,3), (1,9), (8,2), (1,5), (1,4), (2,10), (1,3), (1,2), (6,2)
------------------------
Iteración 36
-----------
Abiertos = (10,2), (7,4), (2,10), (8,1), (4,2), (8,6), (4,3), (1,10), (1,10), (2,2), (2,3), (7,2), (1,1), (11,3), (7,2), (7,3), (7,4), (5,9), (10,4), (6,1)
Cerrados = (3,8), (3,7), (4,7), (4,6), (5,6), (5,7), (3,9), (2,7), (3,6), (2,8), (5,5), (3,10), (3,5), (2,9), (1,7), (1,8), (5,4), (6,5), (5,8), (2,5), (7,5), (8,5), (5,3), (5,2), (8,4), (8,3), (9,3), (1,9), (8,2), (1,5), (1,4), (2,10), (1,3), (1,2), (6,2), (10,3)
------------------------
Iteración 37
-----------
Abiertos = (10,2), (2,10), (8,1), (4,2), (8,6), (4,3), (1,10), (1,10), (2,2), (2,3), (7,2), (7,3), (1,1), (11,3), (7,2), (7,3), (7,4), (5,9), (10,4), (6,1)
Cerrados = (3,8), (3,7), (4,7), (4,6), (5,6), (5,7), (3,9), (2,7), (3,6), (2,8), (5,5), (3,10), (3,5), (2,9), (1,7), (1,8), (5,4), (6,5), (5,8), (2,5), (7,5), (8,5), (5,3), (5,2), (8,4), (8,3), (9,3), (1,9), (8,2), (1,5), (1,4), (2,10), (1,3), (1,2), (6,2), (10,3), (7,4)
------------------------
Camino: (3,8) -> (3,7) -> (4,7) -> (4,6) -> (5,6) -> (5,5) -> (6,5) -> (7,5) -> (8,5) -> (8,4) -> (8,3) -> (9,3) -> (10,3) -> (10,2)
Coste: 44
Iteración 0
-----------
Abiertos = (3,8)
Cerrados = 
------------------------
Iteración 1
-----------
Abiertos = (3,7), (3,9), (2,8)
Cerrados = (3,8)
------------------------
Iteración 2
-----------
Abiertos = (3,7), (2,8), (3,10), (2,9)
Cerrados = (3,8), (3,9)
------------------------
Iteración 3
-----------
Abiertos = (4,7), (3,6), (2,7), (2,8), (3,10), (2,9)
Cerrados = (3,8), (3,9), (3,7)
------------------------
Iteración 4
-----------
Abiertos = (4,7), (4,6), (2,7), (2,8), (3,10), (3,5), (2,9)
Cerrados = (3,8), (3,9), (3,7), (3,6)
------------------------
Iteración 5
-----------
Abiertos = (4,6), (4,6), (5,7), (2,7), (2,8), (3,10), (3,5), (2,9)
Cerrados = (3,8), (3,9), (3,7), (3,6), (4,7)
------------------------
Iteración 6
-----------
Abiertos = (5,7), (4,6), (2,7), (2,8), (3,10), (5,6), (3,5), (2,9)
Cerrados = (3,8), (3,9), (3,7), (3,6), (4,7), (4,6)
------------------------
Iteración 7
-----------
Abiertos = (4,6), (2,7), (2,8), (3,10), (5,6), (5,6), (3,5), (2,9), (5,8)
Cerrados = (3,8), (3,9), (3,7), (3,6), (4,7), (4,6), (5,7)
------------------------
Iteración 8
-----------
Abiertos = (2,7), (2,7), (3,10), (5,6), (5,6), (3,5), (2,9), (1,8), (5,8), (2,9)
Cerrados = (3,8), (3,9), (3,7), (3,6), (4,7), (4,6), (5,7), (2,8)
------------------------
Iteración 9
-----------
Abiertos = (2,7), (3,10), (5,6), (5,6), (3,5), (1,7), (2,9), (1,8), (5,8), (2,9)
Cerrados = (3,8), (3,9), (3,7), (3,6), (4,7), (4,6), (5,7), (2,8), (2,7)
------------------------
Iteración 10
-----------
Abiertos = (2,7), (5,6), (5,6), (3,5), (1,7), (2,9), (1,8), (5,8), (2,9), (2,10)
Cerrados = (3,8), (3,9), (3,7), (3,6), (4,7), (4,6), (5,7), (2,8), (2,7), (3,10)
------------------------
Iteración 11
-----------
Abiertos = (2,7), (5,6), (3,5), (1,7), (2,9), (1,8), (5,5), (5,8), (2,9), (2,10)
Cerrados = (3,8), (3,9), (3,7), (3,6), (4,7), (4,6), (5,7), (2,8), (2,7), (3,10), (5,6)
------------------------
Iteración 12
-----------
Abiertos = (5,6), (1,7), (2,9), (1,8), (5,5), (5,8), (2,5), (2,9), (2,10)
Cerrados = (3,8), (3,9), (3,7), (3,6), (4,7), (4,6), (5,7), (2,8), (2,7), (3,10), (5,6), (3,5)
------------------------
Iteración 13
-----------
Abiertos = (5,6), (2,9), (1,8), (5,5), (5,8), (2,5), (2,9), (1,8), (2,10)
Cerrados = (3,8), (3,9), (3,7), (3,6), (4,7), (4,6), (5,7), (2,8), (2,7), (3,10), (5,6), (3,5), (1,7)
------------------------
Iteración 14
-----------
Abiertos = (2,9), (5,5), (5,8), (2,5), (2,9), (1,8), (1,9), (2,10)
Cerrados = (3,8), (3,9), (3,7), (3,6), (4,7), (4,6), (5,7), (2,8), (2,7), (3,10), (5,6), (3,5), (1,7), (1,8)
------------------------
Iteración 15
-----------
Abiertos = (2,9), (5,8), (2,5), (2,9), (6,5), (5,4), (1,8), (2,10), (1,9)
Cerrados = (3,8), (3,9), (3,7), (3,6), (4,7), (4,6), (5,7), (2,8), (2,7), (3,10), (5,6), (3,5), (1,7), (1,8), (5,5)
------------------------
Iteración 16
-----------
Abiertos = (2,5), (5,8), (2,9), (6,5), (5,4), (1,8), (2,10), (1,9), (1,9), (2,10)
Cerrados = (3,8), (3,9), (3,7), (3,6), (4,7), (4,6), (5,7), (2,8), (2,7), (3,10), (5,6), (3,5), (1,7), (1,8), (5,5), (2,9)
------------------------
Iteración 17
-----------
Abiertos = (5,8), (2,9), (6,5), (5,4), (1,8), (2,10), (1,9), (1,9), (1,5), (2,10)
Cerrados = (3,8), (3,9), (3,7), (3,6), (4,7), (4,6), (5,7), (2,8), (2,7), (3,10), (5,6), (3,5), (1,7), (1,8), (5,5), (2,9), (2,5)
------------------------
Iteración 18
-----------
Abiertos = (2,9), (6,5), (5,4), (1,8), (2,10), (1,9), (1,9), (1,5), (2,10), (5,9)
Cerrados = (3,8), (3,9), (3,7), (3,6), (4,7), (4,6), (5,7), (2,8), (2,7), (3,10), (5,6), (3,5), (1,7), (1,8), (5,5), (2,9), (2,5), (5,8)
------------------------
Iteración 19
-----------
Abiertos = (5,4), (1,8), (2,10), (1,9), (1,9), (1,5), (7,5), (2,10), (5,9)
Cerrados = (3,8), (3,9), (3,7), (3,6), (4,7), (4,6), (5,7), (2,8), (2,7), (3,10), (5,6), (3,5), (1,7), (1,8), (5,5), (2,9), (2,5), (5,8), (6,5)
------------------------
Iteración 20
-----------
Abiertos = (1,8), (1,9), (2,10), (1,9), (1,5), (7,5), (5,3), (2,10), (5,9)
Cerrados = (3,8), (3,9), (3,7), (3,6), (4,7), (4,6), (5,7), (2,8), (2,7), (3,10), (5,6), (3,5), (1,7), (1,8), (5,5), (2,9), (2,5), (5,8), (6,5), (5,4)
------------------------
Iteración 21
-----------
Abiertos = (1,9), (2,10), (1,5), (7,5), (5,3), (2,10), (1,10), (5,9)
Cerrados = (3,8), (3,9), (3,7), (3,6), (4,7), (4,6), (5,7), (2,8), (2,7), (3,10), (5,6), (3,5), (1,7), (1,8), (5,5), (2,9), (2,5), (5,8), (6,5), (5,4), (1,9)
------------------------
Iteración 22
-----------
Abiertos = (1,9), (1,5), (7,5), (5,3), (2,10), (1,10), (1,10), (5,9)
Cerrados = (3,8), (3,9), (3,7), (3,6), (4,7), (4,6), (5,7), (2,8), (2,7), (3,10), (5,6), (3,5), (1,7), (1,8), (5,5), (2,9), (2,5), (5,8), (6,5), (5,4), (1,9), (2,10)
------------------------
Iteración 23
-----------
Abiertos = (1,5), (8,5), (5,3), (2,10), (1,10), (1,10), (7,4), (5,9)
Cerrados = (3,8), (3,9), (3,7), (3,6), (4,7), (4,6), (5,7), (2,8), (2,7), (3,10), (5,6), (3,5), (1,7), (1,8), (5,5), (2,9), (2,5), (5,8), (6,5), (5,4), (1,9), (2,10), (7,5)
------------------------
Iteración 24
-----------
Abiertos = (1,4), (8,5), (5,3), (2,10), (1,10), (1,10), (7,4), (5,9)
Cerrados = (3,8), (3,9), (3,7), (3,6), (4,7), (4,6), (5,7), (2,8), (2,7), (3,10), (5,6), (3,5), (1,7), (1,8), (5,5), (2,9), (2,5), (5,8), (6,5), (5,4), (1,9), (2,10), (7,5), (1,5)
------------------------
Iteración 25
-----------
Abiertos = (1,3), (8,5), (5,3), (2,10), (1,10), (1,10), (7,4), (5,9)
Cerrados = (3,8), (3,9), (3,7), (3,6), (4,7), (4,6), (5,7), (2,8), (2,7), (3,10), (5,6), (3,5), (1,7), (1,8), (5,5), (2,9), (2,5), (5,8), (6,5), (5,4), (1,9), (2,10), (7,5), (1,5), (1,4)
------------------------
Iteración 26
-----------
Abiertos = (1,2), (8,5), (5,3), (2,10), (1,10), (1,10), (2,3), (7,4), (5,9)
Cerrados = (3,8), (3,9), (3,7), (3,6), (4,7), (4,6), (5,7), (2,8), (2,7), (3,10), (5,6), (3,5), (1,7), (1,8), (5,5), (2,9), (2,5), (5,8), (6,5), (5,4), (1,9), (2,10), (7,5), (1,5), (1,4), (1,3)
------------------------
Iteración 27
-----------
Abiertos = (1,2), (8,4), (5,3), (2,10), (1,10), (1,10), (2,3), (7,4), (8,6), (5,9)
Cerrados = (3,8), (3,9), (3,7), (3,6), (4,7), (4,6), (5,7), (2,8), (2,7), (3,10), (5,6), (3,5), (1,7), (1,8), (5,5), (2,9), (2,5), (5,8), (6,5), (5,4), (1,9), (2,10), (7,5), (1,5), (1,4), (1,3), (8,5)
------------------------
Iteración 28
-----------
Abiertos = (1,2), (8,3), (5,3), (2,10), (1,10), (1,10), (2,3), (7,4), (8,6), (5,9), (7,4)
Cerrados = (3,8), (3,9), (3,7), (3,6), (4,7), (4,6), (5,7), (2,8), (2,7), (3,10), (5,6), (3,5), (1,7), (1,8), (5,5), (2,9), (2,5), (5,8), (6,5), (5,4), (1,9), (2,10), (7,5), (1,5), (1,4), (1,3), (8,5), (8,4)
------------------------
Iteración 29
-----------
Abiertos = (1,2), (9,3), (8,2), (5,3), (2,10), (1,10), (1,10), (2,3), (7,4), (8,6), (5,9), (7,3), (7,4)
Cerrados = (3,8), (3,9), (3,7), (3,6), (4,7), (4,6), (5,7), (2,8), (2,7), (3,10), (5,6), (3,5), (1,7), (1,8), (5,5), (2,9), (2,5), (5,8), (6,5), (5,4), (1,9), (2,10), (7,5), (1,5), (1,4), (1,3), (8,5), (8,4), (8,3)
------------------------
Iteración 30
-----------
Abiertos = (1,2), (8,2), (5,3), (2,10), (1,10), (1,10), (2,3), (10,3), (7,4), (8,6), (5,9), (7,3), (7,4)
Cerrados = (3,8), (3,9), (3,7), (3,6), (4,7), (4,6), (5,7), (2,8), (2,7), (3,10), (5,6), (3,5), (1,7), (1,8), (5,5), (2,9), (2,5), (5,8), (6,5), (5,4), (1,9), (2,10), (7,5), (1,5), (1,4), (1,3), (8,5), (8,4), (8,3), (9,3)
------------------------
Iteración 31
-----------
Abiertos = (1,2), (5,3), (2,10), (1,10), (1,10), (2,3), (10,3), (7,4), (8,1), (8,6), (5,9), (7,2), (7,3), (7,4)
Cerrados = (3,8), (3,9), (3,7), (3,6), (4,7), (4,6), (5,7), (2,8), (2,7), (3,10), (5,6), (3,5), (1,7), (1,8), (5,5), (2,9), (2,5), (5,8), (6,5), (5,4), (1,9), (2,10), (7,5), (1,5), (1,4), (1,3), (8,5), (8,4), (8,3), (9,3), (8,2)
------------------------
Iteración 32
-----------
Abiertos = (5,3), (2,10), (1,10), (1,10), (2,2), (2,3), (10,3), (7,4), (1,1), (8,1), (8,6), (5,9), (7,2), (7,3), (7,4)
Cerrados = (3,8), (3,9), (3,7), (3,6), (4,7), (4,6), (5,7), (2,8), (2,7), (3,10), (5,6), (3,5), (1,7), (1,8), (5,5), (2,9), (2,5), (5,8), (6,5), (5,4), (1,9), (2,10), (7,5), (1,5), (1,4), (1,3), (8,5), (8,4), (8,3), (9,3), (8,2), (1,2)
------------------------
Iteración 33
-----------
Abiertos = (5,2), (1,10), (1,10), (2,2), (2,3), (10,3), (7,4), (1,1), (8,1), (8,6), (4,3), (5,9), (7,2), (7,3), (7,4)
Cerrados = (3,8), (3,9), (3,7), (3,6), (4,7), (4,6), (5,7), (2,8), (2,7), (3,10), (5,6), (3,5), (1,7), (1,8), (5,5), (2,9), (2,5), (5,8), (6,5), (5,4), (1,9), (2,10), (7,5), (1,5), (1,4), (1,3), (8,5), (8,4), (8,3), (9,3), (8,2), (1,2), (5,3)
------------------------
Iteración 34
-----------
Abiertos = (5,2), (1,10), (2,2), (2,3), (10,3), (7,4), (1,1), (8,1), (8,6), (4,3), (5,9), (7,2), (7,3), (7,4)
Cerrados = (3,8), (3,9), (3,7), (3,6), (4,7), (4,6), (5,7), (2,8), (2,7), (3,10), (5,6), (3,5), (1,7), (1,8), (5,5), (2,9), (2,5), (5,8), (6,5), (5,4), (1,9), (2,10), (7,5), (1,5), (1,4), (1,3), (8,5), (8,4), (8,3), (9,3), (8,2), (1,2), (5,3), (1,10)
------------------------
Iteración 35
-----------
Abiertos = (1,10), (2,2), (2,3), (10,3), (6,2), (7,4), (1,1), (8,1), (4,2), (8,6), (4,3), (5,9), (7,2), (7,3), (7,4)
Cerrados = (3,8), (3,9), (3,7), (3,6), (4,7), (4,6), (5,7), (2,8), (2,7), (3,10), (5,6), (3,5), (1,7), (1,8), (5,5), (2,9), (2,5), (5,8), (6,5), (5,4), (1,9), (2,10), (7,5), (1,5), (1,4), (1,3), (8,5), (8,4), (8,3), (9,3), (8,2), (1,2), (5,3), (1,10), (5,2)
------------------------
Iteración 36
-----------
Abiertos = (2,3), (10,3), (6,2), (7,4), (1,1), (8,1), (4,2), (8,6), (4,3), (5,9), (2,1), (7,2), (7,3), (7,4), (2,3)
Cerrados = (3,8), (3,9), (3,7), (3,6), (4,7), (4,6), (5,7), (2,8), (2,7), (3,10), (5,6), (3,5), (1,7), (1,8), (5,5), (2,9), (2,5), (5,8), (6,5), (5,4), (1,9), (2,10), (7,5), (1,5), (1,4), (1,3), (8,5), (8,4), (8,3), (9,3), (8,2), (1,2), (5,3), (1,10), (5,2), (2,2)
------------------------
Iteración 37
-----------
Abiertos = (2,3), (10,2), (6,2), (7,4), (1,1), (8,1), (4,2), (8,6), (4,3), (5,9), (2,1), (11,3), (7,2), (7,3), (7,4), (2,3), (10,4)
Cerrados = (3,8), (3,9), (3,7), (3,6), (4,7), (4,6), (5,7), (2,8), (2,7), (3,10), (5,6), (3,5), (1,7), (1,8), (5,5), (2,9), (2,5), (5,8), (6,5), (5,4), (1,9), (2,10), (7,5), (1,5), (1,4), (1,3), (8,5), (8,4), (8,3), (9,3), (8,2), (1,2), (5,3), (1,10), (5,2), (2,2), (10,3)
------------------------
Iteración 38
-----------
Abiertos = (10,2), (6,2), (7,4), (1,1), (8,1), (4,2), (8,6), (4,3), (3,3), (5,9), (2,1), (11,3), (7,2), (7,3), (7,4), (2,3), (10,4)
Cerrados = (3,8), (3,9), (3,7), (3,6), (4,7), (4,6), (5,7), (2,8), (2,7), (3,10), (5,6), (3,5), (1,7), (1,8), (5,5), (2,9), (2,5), (5,8), (6,5), (5,4), (1,9), (2,10), (7,5), (1,5), (1,4), (1,3), (8,5), (8,4), (8,3), (9,3), (8,2), (1,2), (5,3), (1,10), (5,2), (2,2), (10,3), (2,3)
------------------------
Iteración 39
-----------
Abiertos = (10,2), (7,4), (1,1), (8,1), (4,2), (8,6), (4,3), (3,3), (5,9), (7,2), (2,1), (11,3), (7,2), (7,3), (7,4), (2,3), (10,4), (6,1)
Cerrados = (3,8), (3,9), (3,7), (3,6), (4,7), (4,6), (5,7), (2,8), (2,7), (3,10), (5,6), (3,5), (1,7), (1,8), (5,5), (2,9), (2,5), (5,8), (6,5), (5,4), (1,9), (2,10), (7,5), (1,5), (1,4), (1,3), (8,5), (8,4), (8,3), (9,3), (8,2), (1,2), (5,3), (1,10), (5,2), (2,2), (10,3), (2,3), (6,2)
------------------------
Iteración 40
-----------
Abiertos = (10,2), (1,1), (8,1), (4,2), (8,6), (4,3), (3,3), (5,9), (7,2), (7,3), (2,1), (11,3), (7,2), (7,3), (7,4), (2,3), (10,4), (6,1)
Cerrados = (3,8), (3,9), (3,7), (3,6), (4,7), (4,6), (5,7), (2,8), (2,7), (3,10), (5,6), (3,5), (1,7), (1,8), (5,5), (2,9), (2,5), (5,8), (6,5), (5,4), (1,9), (2,10), (7,5), (1,5), (1,4), (1,3), (8,5), (8,4), (8,3), (9,3), (8,2), (1,2), (5,3), (1,10), (5,2), (2,2), (10,3), (2,3), (6,2), (7,4)
------------------------
Camino: (3,8) -> (3,7) -> (3,6) -> (4,6) -> (5,6) -> (5,5) -> (6,5) -> (7,5) -> (8,5) -> (8,4) -> (8,3) -> (9,3) -> (10,3) -> (10,2)
Coste: 47
Iteración 0
-----------
Abiertos = (3,8)
Cerrados = 
------------------------
Iteración 1
-----------
Abiertos = (3,7), (3,9), (2,8)
Cerrados = (3,8)
------------------------
Iteración 2
-----------
Abiertos = (3,7), (2,8), (3,10), (2,9)
Cerrados = (3,8), (3,9)
------------------------
Iteración 3
-----------
Abiertos = (3,7), (2,7), (3,10), (2,9), (1,8), (2,9)
Cerrados = (3,8), (3,9), (2,8)
------------------------
Iteración 4
-----------
Abiertos = (3,7), (3,10), (3,7), (1,7), (1,8), (2,9), (2,9)
Cerrados = (3,8), (3,9), (2,8), (2,7)
------------------------
Iteración 5
-----------
Abiertos = (4,7), (3,6), (3,10), (3,7), (1,7), (1,8), (2,9), (2,9)
Cerrados = (3,8), (3,9), (2,8), (2,7), (3,7)
------------------------
Iteración 6
-----------
Abiertos = (4,7), (4,6), (3,10), (3,5), (3,7), (1,7), (1,8), (2,9), (2,9)
Cerrados = (3,8), (3,9), (2,8), (2,7), (3,7), (3,6)
------------------------
Iteración 7
-----------
Abiertos = (4,7), (3,10), (5,6), (3,5), (4,7), (3,7), (1,7), (1,8), (2,9), (2,9)
Cerrados = (3,8), (3,9), (2,8), (2,7), (3,7), (3,6), (4,6)
------------------------
Iteración 8
-----------
Abiertos = (5,7), (3,10), (5,6), (3,5), (4,7), (3,7), (1,7), (1,8), (2,9), (2,9)
Cerrados = (3,8), (3,9), (2,8), (2,7), (3,7), (3,6), (4,6), (4,7)
------------------------
Iteración 9
-----------
Abiertos = (5,7), (5,6), (3,5), (4,7), (3,7), (1,7), (1,8), (2,9), (2,9), (2,10)
Cerrados = (3,8), (3,9), (2,8), (2,7), (3,7), (3,6), (4,6), (4,7), (3,10)
------------------------
Iteración 10
-----------
Abiertos = (5,6), (5,6), (3,5), (4,7), (3,7), (1,7), (1,8), (2,9), (5,8), (2,9), (2,10)
Cerrados = (3,8), (3,9), (2,8), (2,7), (3,7), (3,6), (4,6), (4,7), (3,10), (5,7)
------------------------
Iteración 11
-----------
Abiertos = (5,6), (3,5), (4,7), (3,7), (1,7), (1,8), (2,9), (5,5), (5,8), (2,9), (2,10)
Cerrados = (3,8), (3,9), (2,8), (2,7), (3,7), (3,6), (4,6), (4,7), (3,10), (5,7), (5,6)
------------------------
Iteración 12
-----------
Abiertos = (5,6), (4,7), (3,7), (1,7), (1,8), (2,9), (5,5), (2,5), (5,8), (2,9), (2,10)
Cerrados = (3,8), (3,9), (2,8), (2,7), (3,7), (3,6), (4,6), (4,7), (3,10), (5,7), (5,6), (3,5)
------------------------
Iteración 13
-----------
Abiertos = (3,7), (1,8), (2,9), (5,5), (2,5), (5,8), (2,9), (1,8), (2,10)
Cerrados = (3,8), (3,9), (2,8), (2,7), (3,7), (3,6), (4,6), (4,7), (3,10), (5,7), (5,6), (3,5), (1,7)
------------------------
Iteración 14
-----------
Abiertos = (3,7), (2,9), (5,5), (2,5), (5,8), (2,9), (1,8), (2,10), (1,9)
Cerrados = (3,8), (3,9), (2,8), (2,7), (3,7), (3,6), (4,6), (4,7), (3,10), (5,7), (5,6), (3,5), (1,7), (1,8)
------------------------
Iteración 15
-----------
Abiertos = (3,7), (5,5), (2,5), (5,8), (2,9), (1,8), (2,10), (1,9), (1,9), (2,10)
Cerrados = (3,8), (3,9), (2,8), (2,7), (3,7), (3,6), (4,6), (4,7), (3,10), (5,7), (5,6), (3,5), (1,7), (1,8), (2,9)
------------------------
Iteración 16
-----------
Abiertos = (5,8), (2,5), (2,9), (6,5), (5,4), (1,8), (1,9), (1,9), (2,10), (2,10)
Cerrados = (3,8), (3,9), (2,8), (2,7), (3,7), (3,6), (4,6), (4,7), (3,10), (5,7), (5,6), (3,5), (1,7), (1,8), (2,9), (5,5)
------------------------
Iteración 17
-----------
Abiertos = (2,5), (2,9), (6,5), (5,4), (1,8), (2,10), (1,9), (1,9), (2,10), (5,9)
Cerrados = (3,8), (3,9), (2,8), (2,7), (3,7), (3,6), (4,6), (4,7), (3,10), (5,7), (5,6), (3,5), (1,7), (1,8), (2,9), (5,5), (5,8)
------------------------
Iteración 18
-----------
Abiertos = (2,5), (5,4), (1,8), (2,10), (1,9), (1,9), (7,5), (2,10), (5,9)
Cerrados = (3,8), (3,9), (2,8), (2,7), (3,7), (3,6), (4,6), (4,7), (3,10), (5,7), (5,6), (3,5), (1,7), (1,8), (2,9), (5,5), (5,8), (6,5)
------------------------
Iteración 19
-----------
Abiertos = (2,5), (1,8), (2,10), (1,9), (1,9), (7,5), (5,3), (2,10), (5,9)
Cerrados = (3,8), (3,9), (2,8), (2,7), (3,7), (3,6), (4,6), (4,7), (3,10), (5,7), (5,6), (3,5), (1,7), (1,8), (2,9), (5,5), (5,8), (6,5), (5,4)
------------------------
Iteración 20
-----------
Abiertos = (1,8), (2,10), (1,9), (1,9), (1,5), (7,5), (5,3), (2,10), (5,9)
Cerrados = (3,8), (3,9), (2,8), (2,7), (3,7), (3,6), (4,6), (4,7), (3,10), (5,7), (5,6), (3,5), (1,7), (1,8), (2,9), (5,5), (5,8), (6,5), (5,4), (2,5)
------------------------
Iteración 21
-----------
Abiertos = (1,8), (1,9), (1,9), (1,5), (7,5), (5,3), (2,10), (1,10), (5,9)
Cerrados = (3,8), (3,9), (2,8), (2,7), (3,7), (3,6), (4,6), (4,7), (3,10), (5,7), (5,6), (3,5), (1,7), (1,8), (2,9), (5,5), (5,8), (6,5), (5,4), (2,5), (2,10)
------------------------
Iteración 22
-----------
Abiertos = (1,8), (1,9), (1,5), (7,5), (5,3), (2,10), (1,10), (1,10), (5,9)
Cerrados = (3,8), (3,9), (2,8), (2,7), (3,7), (3,6), (4,6), (4,7), (3,10), (5,7), (5,6), (3,5), (1,7), (1,8), (2,9), (5,5), (5,8), (6,5), (5,4), (2,5), (2,10), (1,9)
------------------------
Iteración 23
-----------
Abiertos = (1,5), (8,5), (5,3), (2,10), (1,10), (1,10), (7,4), (5,9)
Cerrados = (3,8), (3,9), (2,8), (2,7), (3,7), (3,6), (4,6), (4,7), (3,10), (5,7), (5,6), (3,5), (1,7), (1,8), (2,9), (5,5), (5,8), (6,5), (5,4), (2,5), (2,10), (1,9), (7,5)
------------------------
Iteración 24
-----------
Abiertos = (1,5), (8,4), (5,3), (2,10), (1,10), (1,10), (7,4), (8,6), (5,9)
Cerrados = (3,8), (3,9), (2,8), (2,7), (3,7), (3,6), (4,6), (4,7), (3,10), (5,7), (5,6), (3,5), (1,7), (1,8), (2,9), (5,5), (5,8), (6,5), (5,4), (2,5), (2,10), (1,9), (7,5), (8,5)
------------------------
Iteración 25
-----------
Abiertos = (1,5), (8,3), (5,3), (2,10), (1,10), (1,10), (7,4), (8,6), (5,9), (7,4)
Cerrados = (3,8), (3,9), (2,8), (2,7), (3,7), (3,6), (4,6), (4,7), (3,10), (5,7), (5,6), (3,5), (1,7), (1,8), (2,9), (5,5), (5,8), (6,5), (5,4), (2,5), (2,10), (1,9), (7,5), (8,5), (8,4)
------------------------
Iteración 26
-----------
Abiertos = (1,4), (8,3), (5,3), (2,10), (1,10), (1,10), (7,4), (8,6), (5,9), (7,4)
Cerrados = (3,8), (3,9), (2,8), (2,7), (3,7), (3,6), (4,6), (4,7), (3,10), (5,7), (5,6), (3,5), (1,7), (1,8), (2,9), (5,5), (5,8), (6,5), (5,4), (2,5), (2,10), (1,9), (7,5), (8,5), (8,4), (1,5)
------------------------
Iteración 27
-----------
Abiertos = (1,4), (8,2), (9,3), (5,3), (2,10), (1,10), (1,10), (7,4), (8,6), (5,9), (7,3), (7,4)
Cerrados = (3,8), (3,9), (2,8), (2,7), (3,7), (3,6), (4,6), (4,7), (3,10), (5,7), (5,6), (3,5), (1,7), (1,8), (2,9), (5,5), (5,8), (6,5), (5,4), (2,5), (2,10), (1,9), (7,5), (8,5), (8,4), (1,5), (8,3)
------------------------
Iteración 28
-----------
Abiertos = (1,3), (9,3), (8,2), (5,3), (2,10), (1,10), (1,10), (7,4), (8,6), (5,9), (7,3), (7,4)
Cerrados = (3,8), (3,9), (2,8), (2,7), (3,7), (3,6), (4,6), (4,7), (3,10), (5,7), (5,6), (3,5), (1,7), (1,8), (2,9), (5,5), (5,8), (6,5), (5,4), (2,5), (2,10), (1,9), (7,5), (8,5), (8,4), (1,5), (8,3), (1,4)
------------------------
Iteración 29
-----------
Abiertos = (1,3), (8,2), (5,3), (2,10), (1,10), (1,10), (10,3), (7,4), (8,6), (5,9), (7,3), (7,4)
Cerrados = (3,8), (3,9), (2,8), (2,7), (3,7), (3,6), (4,6), (4,7), (3,10), (5,7), (5,6), (3,5), (1,7), (1,8), (2,9), (5,5), (5,8), (6,5), (5,4), (2,5), (2,10), (1,9), (7,5), (8,5), (8,4), (1,5), (8,3), (1,4), (9,3)
------------------------
Iteración 30
-----------
Abiertos = (1,3), (5,3), (2,10), (1,10), (1,10), (10,3), (7,4), (8,1), (8,6), (5,9), (7,2), (7,3), (7,4)
Cerrados = (3,8), (3,9), (2,8), (2,7), (3,7), (3,6), (4,6), (4,7), (3,10), (5,7), (5,6), (3,5), (1,7), (1,8), (2,9), (5,5), (5,8), (6,5), (5,4), (2,5), (2,10), (1,9), (7,5), (8,5), (8,4), (1,5), (8,3), (1,4), (9,3), (8,2)
------------------------
Iteración 31
-----------
Abiertos = (1,3), (5,2), (2,10), (1,10), (1,10), (10,3), (7,4), (8,1), (8,6), (4,3), (5,9), (7,2), (7,3), (7,4)
Cerrados = (3,8), (3,9), (2,8), (2,7), (3,7), (3,6), (4,6), (4,7), (3,10), (5,7), (5,6), (3,5), (1,7), (1,8), (2,9), (5,5), (5,8), (6,5), (5,4), (2,5), (2,10), (1,9), (7,5), (8,5), (8,4), (1,5), (8,3), (1,4), (9,3), (8,2), (5,3)
------------------------
Iteración 32
-----------
Abiertos = (1,3), (2,10), (1,10), (1,10), (10,3), (6,2), (7,4), (8,1), (4,2), (8,6), (4,3), (5,9), (7,2), (7,3), (7,4)
Cerrados = (3,8), (3,9), (2,8), (2,7), (3,7), (3,6), (4,6), (4,7), (3,10), (5,7), (5,6), (3,5), (1,7), (1,8), (2,9), (5,5), (5,8), (6,5), (5,4), (2,5), (2,10), (1,9), (7,5), (8,5), (8,4), (1,5), (8,3), (1,4), (9,3), (8,2), (5,3), (5,2)
------------------------
Iteración 33
-----------
Abiertos = (1,2), (2,10), (1,10), (1,10), (2,3), (10,3), (6,2), (7,4), (8,1), (4,2), (8,6), (4,3), (5,9), (7,2), (7,3), (7,4)
Cerrados = (3,8), (3,9), (2,8), (2,7), (3,7), (3,6), (4,6), (4,7), (3,10), (5,7), (5,6), (3,5), (1,7), (1,8), (2,9), (5,5), (5,8), (6,5), (5,4), (2,5), (2,10), (1,9), (7,5), (8,5), (8,4), (1,5), (8,3), (1,4), (9,3), (8,2), (5,3), (5,2), (1,3)
------------------------
Iteración 34
-----------
Abiertos = (2,10), (1,10), (1,10), (2,2), (2,3), (10,3), (6,2), (7,4), (1,1), (8,1), (4,2), (8,6), (4,3), (5,9), (7,2), (7,3), (7,4)
Cerrados = (3,8), (3,9), (2,8), (2,7), (3,7), (3,6), (4,6), (4,7), (3,10), (5,7), (5,6), (3,5), (1,7), (1,8), (2,9), (5,5), (5,8), (6,5), (5,4), (2,5), (2,10), (1,9), (7,5), (8,5), (8,4), (1,5), (8,3), (1,4), (9,3), (8,2), (5,3), (5,2), (1,3), (1,2)
------------------------
Iteración 35
-----------
Abiertos = (2,10), (1,10), (2,2), (2,3), (10,3), (6,2), (7,4), (1,1), (8,1), (4,2), (8,6), (4,3), (5,9), (7,2), (7,3), (7,4)
Cerrados = (3,8), (3,9), (2,8), (2,7), (3,7), (3,6), (4,6), (4,7), (3,10), (5,7), (5,6), (3,5), (1,7), (1,8), (2,9), (5,5), (5,8), (6,5), (5,4), (2,5), (2,10), (1,9), (7,5), (8,5), (8,4), (1,5), (8,3), (1,4), (9,3), (8,2), (5,3), (5,2), (1,3), (1,2), (1,10)
------------------------
Iteración 36
-----------
Abiertos = (2,3), (10,3), (6,2), (7,4), (1,1), (8,1), (4,2), (8,6), (4,3), (5,9), (2,1), (7,2), (7,3), (7,4), (2,3)
Cerrados = (3,8), (3,9), (2,8), (2,7), (3,7), (3,6), (4,6), (4,7), (3,10), (5,7), (5,6), (3,5), (1,7), (1,8), (2,9), (5,5), (5,8), (6,5), (5,4), (2,5), (2,10), (1,9), (7,5), (8,5), (8,4), (1,5), (8,3), (1,4), (9,3), (8,2), (5,3), (5,2), (1,3), (1,2), (1,10), (2,2)
------------------------
Iteración 37
-----------
Abiertos = (2,3), (10,2), (6,2), (7,4), (1,1), (8,1), (4,2), (8,6), (4,3), (5,9), (2,1), (11,3), (7,2), (7,3), (7,4), (2,3), (10,4)
Cerrados = (3,8), (3,9), (2,8), (2,7), (3,7), (3,6), (4,6), (4,7), (3,10), (5,7), (5,6), (3,5), (1,7), (1,8), (2,9), (5,5), (5,8), (6,5), (5,4), (2,5), (2,10), (1,9), (7,5), (8,5), (8,4), (1,5), (8,3), (1,4), (9,3), (8,2), (5,3), (5,2), (1,3), (1,2), (1,10), (2,2), (10,3)
------------------------
Camino: (3,8) -> (3,7) -> (3,6) -> (4,6) -> (5,6) -> (5,5) -> (6,5) -> (7,5) -> (8,5) -> (8,4) -> (8,3) -> (9,3) -> (10,3) -> (10,2)
Coste: 47
Iteración 0
-----------
Abiertos = (3,8)
Cerrados = 
------------------------
Iteración 1
-----------
Abiertos = (3,7), (3,9), (2,8)
Cerrados = (3,8)
------------------------
Iteración 2
-----------
Abiertos = (4,7), (3,9), (3,6), (2,7), (2,8)
Cerrados = (3,8), (3,7)
------------------------
Iteración 3
-----------
Abiertos = (4,6), (3,9), (5,7), (3,6), (2,7), (2,8)
Cerrados = (3,8), (3,7), (4,7)
------------------------
Iteración 4
-----------
Abiertos = (3,9), (5,6), (5,7), (3,6), (2,7), (2,8), (3,6)
Cerrados = (3,8), (3,7), (4,7), (4,6)
------------------------
Iteración 5
-----------
Abiertos = (5,6), (5,7), (3,6), (2,7), (2,8), (3,10), (3,6), (2,9)
Cerrados = (3,8), (3,7), (4,7), (4,6), (3,9)
------------------------
Iteración 6
-----------
Abiertos = (5,7), (3,6), (2,7), (2,8), (3,10), (5,5), (3,6), (2,9), (5,7)
Cerrados = (3,8), (3,7), (4,7), (4,6), (3,9), (5,6)
------------------------
Iteración 7
-----------
Abiertos = (3,6), (2,7), (2,8), (3,10), (5,5), (3,6), (2,9), (5,7), (5,8)
Cerrados = (3,8), (3,7), (4,7), (4,6), (3,9), (5,6), (5,7)
------------------------
Iteración 8
-----------
Abiertos = (2,7), (2,8), (3,10), (5,5), (3,5), (3,6), (2,9), (5,7), (5,8)
Cerrados = (3,8), (3,7), (4,7), (4,6), (3,9), (5,6), (5,7), (3,6)
------------------------
Iteración 9
-----------
Abiertos = (2,7), (2,7), (3,10), (5,5), (3,5), (3,6), (2,9), (1,8), (5,7), (5,8), (2,9)
Cerrados = (3,8), (3,7), (4,7), (4,6), (3,9), (5,6), (5,7), (3,6), (2,8)
------------------------
Iteración 10
-----------
Abiertos = (2,7), (3,10), (5,5), (3,5), (3,6), (1,7), (2,9), (1,8), (5,7), (5,8), (2,9)
Cerrados = (3,8), (3,7), (4,7), (4,6), (3,9), (5,6), (5,7), (3,6), (2,8), (2,7)
------------------------
Iteración 11
-----------
Abiertos = (2,7), (5,5), (3,5), (3,6), (1,7), (2,9), (1,8), (5,7), (5,8), (2,9), (2,10)
Cerrados = (3,8), (3,7), (4,7), (4,6), (3,9), (5,6), (5,7), (3,6), (2,8), (2,7), (3,10)
------------------------
Iteración 12
-----------
Abiertos = (5,5), (3,6), (1,7), (2,9), (1,8), (5,7), (5,8), (2,5), (2,9), (2,10)
Cerrados = (3,8), (3,7), (4,7), (4,6), (3,9), (5,6), (5,7), (3,6), (2,8), (2,7), (3,10), (3,5)
------------------------
Iteración 13
-----------
Abiertos = (3,6), (1,7), (2,9), (1,8), (5,4), (6,5), (5,7), (5,8), (2,5), (2,9), (2,10)
Cerrados = (3,8), (3,7), (4,7), (4,6), (3,9), (5,6), (5,7), (3,6), (2,8), (2,7), (3,10), (3,5), (5,5)
------------------------
Iteración 14
-----------
Abiertos = (3,6), (2,9), (1,8), (5,4), (6,5), (5,7), (5,8), (2,5), (2,9), (1,8), (2,10)
Cerrados = (3,8), (3,7), (4,7), (4,6), (3,9), (5,6), (5,7), (3,6), (2,8), (2,7), (3,10), (3,5), (5,5), (1,7)
------------------------
Iteración 15
-----------
Abiertos = (1,8), (5,4), (6,5), (5,7), (2,5), (5,8), (2,9), (1,8), (2,10), (1,9), (2,10)
Cerrados = (3,8), (3,7), (4,7), (4,6), (3,9), (5,6), (5,7), (3,6), (2,8), (2,7), (3,10), (3,5), (5,5), (1,7), (2,9)
------------------------
Iteración 16
-----------
Abiertos = (1,8), (6,5), (5,7), (2,5), (5,8), (2,9), (5,3), (1,8), (2,10), (1,9), (2,10)
Cerrados = (3,8), (3,7), (4,7), (4,6), (3,9), (5,6), (5,7), (3,6), (2,8), (2,7), (3,10), (3,5), (5,5), (1,7), (2,9), (5,4)
------------------------
Iteración 17
-----------
Abiertos = (1,8), (5,7), (2,5), (5,8), (2,9), (7,5), (5,3), (1,8), (2,10), (1,9), (2,10)
Cerrados = (3,8), (3,7), (4,7), (4,6), (3,9), (5,6), (5,7), (3,6), (2,8), (2,7), (3,10), (3,5), (5,5), (1,7), (2,9), (5,4), (6,5)
------------------------
Iteración 18
-----------
Abiertos = (2,5), (5,8), (2,9), (7,5), (5,3), (1,8), (2,10), (1,9), (1,9), (2,10)
Cerrados = (3,8), (3,7), (4,7), (4,6), (3,9), (5,6), (5,7), (3,6), (2,8), (2,7), (3,10), (3,5), (5,5), (1,7), (2,9), (5,4), (6,5), (1,8)
------------------------
Iteración 19
-----------
Abiertos = (2,5), (2,9), (7,5), (5,3), (1,8), (2,10), (1,9), (1,9), (2,10), (5,9)
Cerrados = (3,8), (3,7), (4,7), (4,6), (3,9), (5,6), (5,7), (3,6), (2,8), (2,7), (3,10), (3,5), (5,5), (1,7), (2,9), (5,4), (6,5), (1,8), (5,8)
------------------------
Iteración 20
-----------
Abiertos = (7,5), (5,3), (1,8), (1,9), (1,9), (2,10), (1,5), (2,10), (5,9)
Cerrados = (3,8), (3,7), (4,7), (4,6), (3,9), (5,6), (5,7), (3,6), (2,8), (2,7), (3,10), (3,5), (5,5), (1,7), (2,9), (5,4), (6,5), (1,8), (5,8), (2,5)
------------------------
Iteración 21
-----------
Abiertos = (8,5), (5,3), (1,8), (1,9), (1,9), (2,10), (1,5), (7,4), (2,10), (5,9)
Cerrados = (3,8), (3,7), (4,7), (4,6), (3,9), (5,6), (5,7), (3,6), (2,8), (2,7), (3,10), (3,5), (5,5), (1,7), (2,9), (5,4), (6,5), (1,8), (5,8), (2,5), (7,5)
------------------------
Iteración 22
-----------
Abiertos = (8,5), (5,2), (1,8), (1,9), (1,9), (2,10), (1,5), (7,4), (2,10), (4,3), (5,9)
Cerrados = (3,8), (3,7), (4,7), (4,6), (3,9), (5,6), (5,7), (3,6), (2,8), (2,7), (3,10), (3,5), (5,5), (1,7), (2,9), (5,4), (6,5), (1,8), (5,8), (2,5), (7,5), (5,3)
------------------------
Iteración 23
-----------
Abiertos = (8,4), (5,2), (1,8), (1,9), (1,9), (2,10), (1,5), (7,4), (2,10), (8,6), (4,3), (5,9)
Cerrados = (3,8), (3,7), (4,7), (4,6), (3,9), (5,6), (5,7), (3,6), (2,8), (2,7), (3,10), (3,5), (5,5), (1,7), (2,9), (5,4), (6,5), (1,8), (5,8), (2,5), (7,5), (5,3), (8,5)
------------------------
Iteración 24
-----------
Abiertos = (8,3), (5,2), (1,8), (1,9), (1,9), (2,10), (1,5), (7,4), (2,10), (8,6), (4,3), (7,4), (5,9)
Cerrados = (3,8), (3,7), (4,7), (4,6), (3,9), (5,6), (5,7), (3,6), (2,8), (2,7), (3,10), (3,5), (5,5), (1,7), (2,9), (5,4), (6,5), (1,8), (5,8), (2,5), (7,5), (5,3), (8,5), (8,4)
------------------------
Iteración 25
-----------
Abiertos = (8,2), (9,3), (5,2), (1,8), (1,9), (1,9), (2,10), (1,5), (7,4), (2,10), (8,6), (4,3), (7,3), (7,4), (5,9)
Cerrados = (3,8), (3,7), (4,7), (4,6), (3,9), (5,6), (5,7), (3,6), (2,8), (2,7), (3,10), (3,5), (5,5), (1,7), (2,9), (5,4), (6,5), (1,8), (5,8), (2,5), (7,5), (5,3), (8,5), (8,4), (8,3)
------------------------
Iteración 26
-----------
Abiertos = (8,2), (5,2), (1,8), (1,9), (1,9), (2,10), (1,5), (10,3), (7,4), (2,10), (8,6), (4,3), (7,3), (7,4), (5,9)
Cerrados = (3,8), (3,7), (4,7), (4,6), (3,9), (5,6), (5,7), (3,6), (2,8), (2,7), (3,10), (3,5), (5,5), (1,7), (2,9), (5,4), (6,5), (1,8), (5,8), (2,5), (7,5), (5,3), (8,5), (8,4), (8,3), (9,3)
------------------------
Iteración 27
-----------
Abiertos = (8,2), (1,8), (1,9), (1,9), (2,10), (1,5), (10,3), (6,2), (7,4), (2,10), (8,6), (4,2), (4,3), (7,3), (7,4), (5,9)
Cerrados = (3,8), (3,7), (4,7), (4,6), (3,9), (5,6), (5,7), (3,6), (2,8), (2,7), (3,10), (3,5), (5,5), (1,7), (2,9), (5,4), (6,5), (1,8), (5,8), (2,5), (7,5), (5,3), (8,5), (8,4), (8,3), (9,3), (5,2)
------------------------
Iteración 28
-----------
Abiertos = (1,8), (1,9), (1,9), (2,10), (1,5), (10,3), (6,2), (7,4), (2,10), (8,1), (8,6), (4,2), (4,3), (7,2), (7,3), (7,4), (5,9)
Cerrados = (3,8), (3,7), (4,7), (4,6), (3,9), (5,6), (5,7), (3,6), (2,8), (2,7), (3,10), (3,5), (5,5), (1,7), (2,9), (5,4), (6,5), (1,8), (5,8), (2,5), (7,5), (5,3), (8,5), (8,4), (8,3), (9,3), (5,2), (8,2)
------------------------
Iteración 29
-----------
Abiertos = (1,9), (1,9), (1,5), (10,3), (6,2), (7,4), (2,10), (8,1), (4,2), (8,6), (4,3), (1,10), (7,2), (7,3), (7,4), (5,9)
Cerrados = (3,8), (3,7), (4,7), (4,6), (3,9), (5,6), (5,7), (3,6), (2,8), (2,7), (3,10), (3,5), (5,5), (1,7), (2,9), (5,4), (6,5), (1,8), (5,8), (2,5), (7,5), (5,3), (8,5), (8,4), (8,3), (9,3), (5,2), (8,2), (2,10)
------------------------
Iteración 30
-----------
Abiertos = (1,9), (1,5), (10,3), (6,2), (7,4), (2,10), (8,1), (4,2), (8,6), (4,3), (1,10), (1,10), (7,2), (7,3), (7,4), (5,9)
Cerrados = (3,8), (3,7), (4,7), (4,6), (3,9), (5,6), (5,7), (3,6), (2,8), (2,7), (3,10), (3,5), (5,5), (1,7), (2,9), (5,4), (6,5), (1,8), (5,8), (2,5), (7,5), (5,3), (8,5), (8,4), (8,3), (9,3), (5,2), (8,2), (2,10), (1,9)
------------------------
Iteración 31
-----------
Abiertos = (1,4), (10,3), (6,2), (7,4), (2,10), (8,1), (4,2), (8,6), (4,3), (1,10), (1,10), (7,2), (7,3), (7,4), (5,9)
Cerrados = (3,8), (3,7), (4,7), (4,6), (3,9), (5,6), (5,7), (3,6), (2,8), (2,7), (3,10), (3,5), (5,5), (1,7), (2,9), (5,4), (6,5), (1,8), (5,8), (2,5), (7,5), (5,3), (8,5), (8,4), (8,3), (9,3), (5,2), (8,2), (2,10), (1,9), (1,5)
------------------------
Iteración 32
-----------
Abiertos = (1,4), (10,2), (6,2), (7,4), (2,10), (8,1), (4,2), (8,6), (4,3), (1,10), (1,10), (11,3), (7,2), (7,3), (7,4), (5,9), (10,4)
Cerrados = (3,8), (3,7), (4,7), (4,6), (3,9), (5,6), (5,7), (3,6), (2,8), (2,7), (3,10), (3,5), (5,5), (1,7), (2,9), (5,4), (6,5), (1,8), (5,8), (2,5), (7,5), (5,3), (8,5), (8,4), (8,3), (9,3), (5,2), (8,2), (2,10), (1,9), (1,5), (10,3)
------------------------
Iteración 33
-----------
Abiertos = (1,3), (10,2), (6,2), (7,4), (2,10), (8,1), (4,2), (8,6), (4,3), (1,10), (1,10), (11,3), (7,2), (7,3), (7,4), (5,9), (10,4)
Cerrados = (3,8), (3,7), (4,7), (4,6), (3,9), (5,6), (5,7), (3,6), (2,8), (2,7), (3,10), (3,5), (5,5), (1,7), (2,9), (5,4), (6,5), (1,8), (5,8), (2,5), (7,5), (5,3), (8,5), (8,4), (8,3), (9,3), (5,2), (8,2), (2,10), (1,9), (1,5), (10,3), (1,4)
------------------------
Iteración 34
-----------
Abiertos = (1,2), (10,2), (6,2), (7,4), (2,10), (8,1), (4,2), (8,6), (4,3), (1,10), (1,10), (2,3), (11,3), (7,2), (7,3), (7,4), (5,9), (10,4)
Cerrados = (3,8), (3,7), (4,7), (4,6), (3,9), (5,6), (5,7), (3,6), (2,8), (2,7), (3,10), (3,5), (5,5), (1,7), (2,9), (5,4), (6,5), (1,8), (5,8), (2,5), (7,5), (5,3), (8,5), (8,4), (8,3), (9,3), (5,2), (8,2), (2,10), (1,9), (1,5), (10,3), (1,4), (1,3)
------------------------
Iteración 35
-----------
Abiertos = (10,2), (6,2), (7,4), (2,10), (8,1), (4,2), (8,6), (4,3), (1,10), (1,10), (2,2), (2,3), (1,1), (11,3), (7,2), (7,3), (7,4), (5,9), (10,4)
Cerrados = (3,8), (3,7), (4,7), (4,6), (3,9), (5,6), (5,7), (3,6), (2,8), (2,7), (3,10), (3,5), (5,5), (1,7), (2,9), (5,4), (6,5), (1,8), (5,8), (2,5), (7,5), (5,3), (8,5), (8,4), (8,3), (9,3), (5,2), (8,2), (2,10), (1,9), (1,5), (10,3), (1,4), (1,3), (1,2)
------------------------
Camino: (3,8) -> (3,7) -> (4,7) -> (4,6) -> (5,6) -> (5,5) -> (6,5) -> (7,5) -> (8,5) -> (8,4) -> (8,3) -> (9,3) -> (10,3) -> (10,2)
Coste: 44
Iteración 0
-----------
Abiertos = (3,8)
Cerrados = 
------------------------
Iteración 1
-----------
Abiertos = (3,7), (3,9), (2,8)
Cerrados = (3,8)
------------------------
Iteración 2
-----------
Abiertos = (3,7), (2,8), (3,10), (2,9)
Cerrados = (3,8), (3,9)
------------------------
Iteración 3
-----------
Abiertos = (3,7), (2,7), (3,10), (2,9), (1,8), (2,9)
Cerrados = (3,8), (3,9), (2,8)
------------------------
Iteración 4
-----------
Abiertos = (4,7), (3,6), (2,7), (2,7), (3,10), (1,8), (2,9), (2,9)
Cerrados = (3,8), (3,9), (2,8), (3,7)
------------------------
Iteración 5
-----------
Abiertos = (4,7), (4,6), (2,7), (2,7), (3,10), (3,5), (2,9), (1,8), (2,9)
Cerrados = (3,8), (3,9), (2,8), (3,7), (3,6)
------------------------
Iteración 6
-----------
Abiertos = (4,6), (4,6), (5,7), (2,7), (2,7), (3,10), (3,5), (2,9), (1,8), (2,9)
Cerrados = (3,8), (3,9), (2,8), (3,7), (3,6), (4,7)
------------------------
Iteración 7
-----------
Abiertos = (4,6), (5,7), (2,7), (2,7), (3,10), (5,6), (3,5), (1,8), (2,9), (2,9)
Cerrados = (3,8), (3,9), (2,8), (3,7), (3,6), (4,7), (4,6)
------------------------
Iteración 8
-----------
Abiertos = (5,7), (2,7), (3,10), (5,6), (3,5), (1,7), (1,8), (2,9), (2,9)
Cerrados = (3,8), (3,9), (2,8), (3,7), (3,6), (4,7), (4,6), (2,7)
------------------------
Iteración 9
-----------
Abiertos = (2,7), (3,10), (5,6), (5,6), (3,5), (1,7), (1,8), (2,9), (5,8), (2,9)
Cerrados = (3,8), (3,9), (2,8), (3,7), (3,6), (4,7), (4,6), (2,7), (5,7)
------------------------
Iteración 10
-----------
Abiertos = (2,7), (5,6), (5,6), (3,5), (1,7), (1,8), (2,9), (5,8), (2,9), (2,10)
Cerrados = (3,8), (3,9), (2,8), (3,7), (3,6), (4,7), (4,6), (2,7), (5,7), (3,10)
------------------------
Iteración 11
-----------
Abiertos = (2,7), (5,6), (3,5), (1,7), (1,8), (2,9), (5,5), (5,8), (2,9), (2,10)
Cerrados = (3,8), (3,9), (2,8), (3,7), (3,6), (4,7), (4,6), (2,7), (5,7), (3,10), (5,6)
------------------------
Iteración 12
-----------
Abiertos = (5,6), (1,7), (1,8), (2,9), (5,5), (5,8), (2,5), (2,9), (2,10)
Cerrados = (3,8), (3,9), (2,8), (3,7), (3,6), (4,7), (4,6), (2,7), (5,7), (3,10), (5,6), (3,5)
------------------------
Iteración 13
-----------
Abiertos = (2,9), (1,8), (5,5), (5,8), (2,5), (2,9), (1,8), (2,10)
Cerrados = (3,8), (3,9), (2,8), (3,7), (3,6), (4,7), (4,6), (2,7), (5,7), (3,10), (5,6), (3,5), (1,7)
------------------------
Iteración 14
-----------
Abiertos = (2,9), (5,5), (5,8), (2,5), (2,9), (1,8), (1,9), (2,10)
Cerrados = (3,8), (3,9), (2,8), (3,7), (3,6), (4,7), (4,6), (2,7), (5,7), (3,10), (5,6), (3,5), (1,7), (1,8)
------------------------
Iteración 15
-----------
Abiertos = (2,9), (5,8), (2,5), (2,9), (6,5), (5,4), (1,8), (2,10), (1,9)
Cerrados = (3,8), (3,9), (2,8), (3,7), (3,6), (4,7), (4,6), (2,7), (5,7), (3,10), (5,6), (3,5), (1,7), (1,8), (5,5)
------------------------
Iteración 16
-----------
Abiertos = (2,9), (2,5), (2,9), (6,5), (5,4), (1,8), (1,9), (2,10), (5,9)
Cerrados = (3,8), (3,9), (2,8), (3,7), (3,6), (4,7), (4,6), (2,7), (5,7), (3,10), (5,6), (3,5), (1,7), (1,8), (5,5), (5,8)
------------------------
Iteración 17
-----------
Abiertos = (2,5), (2,9), (6,5), (5,4), (1,8), (1,9), (2,10), (1,9), (2,10), (5,9)
Cerrados = (3,8), (3,9), (2,8), (3,7), (3,6), (4,7), (4,6), (2,7), (5,7), (3,10), (5,6), (3,5), (1,7), (1,8), (5,5), (5,8), (2,9)
------------------------
Iteración 18
-----------
Abiertos = (2,5), (5,4), (1,8), (1,9), (2,10), (1,9), (7,5), (2,10), (5,9)
Cerrados = (3,8), (3,9), (2,8), (3,7), (3,6), (4,7), (4,6), (2,7), (5,7), (3,10), (5,6), (3,5), (1,7), (1,8), (5,5), (5,8), (2,9), (6,5)
------------------------
Iteración 19
-----------
Abiertos = (2,5), (1,8), (1,9), (2,10), (1,9), (5,3), (7,5), (2,10), (5,9)
Cerrados = (3,8), (3,9), (2,8), (3,7), (3,6), (4,7), (4,6), (2,7), (5,7), (3,10), (5,6), (3,5), (1,7), (1,8), (5,5), (5,8), (2,9), (6,5), (5,4)
------------------------
Iteración 20
-----------
Abiertos = (2,10), (1,9), (1,9), (1,5), (5,3), (7,5), (2,10), (5,9)
Cerrados = (3,8), (3,9), (2,8), (3,7), (3,6), (4,7), (4,6), (2,7), (5,7), (3,10), (5,6), (3,5), (1,7), (1,8), (5,5), (5,8), (2,9), (6,5), (5,4), (2,5)
------------------------
Iteración 21
-----------
Abiertos = (1,9), (1,9), (1,5), (5,3), (7,5), (2,10), (1,10), (5,9)
Cerrados = (3,8), (3,9), (2,8), (3,7), (3,6), (4,7), (4,6), (2,7), (5,7), (3,10), (5,6), (3,5), (1,7), (1,8), (5,5), (5,8), (2,9), (6,5), (5,4), (2,5), (2,10)
------------------------
Iteración 22
-----------
Abiertos = (1,9), (1,5), (5,3), (7,5), (2,10), (1,10), (1,10), (5,9)
Cerrados = (3,8), (3,9), (2,8), (3,7), (3,6), (4,7), (4,6), (2,7), (5,7), (3,10), (5,6), (3,5), (1,7), (1,8), (5,5), (5,8), (2,9), (6,5), (5,4), (2,5), (2,10), (1,9)
------------------------
Iteración 23
-----------
Abiertos = (1,4), (7,5), (5,3), (2,10), (1,10), (1,10), (5,9)
Cerrados = (3,8), (3,9), (2,8), (3,7), (3,6), (4,7), (4,6), (2,7), (5,7), (3,10), (5,6), (3,5), (1,7), (1,8), (5,5), (5,8), (2,9), (6,5), (5,4), (2,5), (2,10), (1,9), (1,5)
------------------------
Iteración 24
-----------
Abiertos = (1,3), (5,3), (7,5), (2,10), (1,10), (1,10), (5,9)
Cerrados = (3,8), (3,9), (2,8), (3,7), (3,6), (4,7), (4,6), (2,7), (5,7), (3,10), (5,6), (3,5), (1,7), (1,8), (5,5), (5,8), (2,9), (6,5), (5,4), (2,5), (2,10), (1,9), (1,5), (1,4)
------------------------
Iteración 25
-----------
Abiertos = (1,2), (7,5), (5,3), (2,10), (1,10), (1,10), (2,3), (5,9)
Cerrados = (3,8), (3,9), (2,8), (3,7), (3,6), (4,7), (4,6), (2,7), (5,7), (3,10), (5,6), (3,5), (1,7), (1,8), (5,5), (5,8), (2,9), (6,5), (5,4), (2,5), (2,10), (1,9), (1,5), (1,4), (1,3)
------------------------
Iteración 26
-----------
Abiertos = (5,3), (7,5), (2,10), (1,10), (1,10), (2,2), (2,3), (1,1), (5,9)
Cerrados = (3,8), (3,9), (2,8), (3,7), (3,6), (4,7), (4,6), (2,7), (5,7), (3,10), (5,6), (3,5), (1,7), (1,8), (5,5), (5,8), (2,9), (6,5), (5,4), (2,5), (2,10), (1,9), (1,5), (1,4), (1,3), (1,2)
------------------------
Iteración 27
-----------
Abiertos = (8,5), (5,3), (2,10), (1,10), (1,10), (2,2), (2,3), (7,4), (1,1), (5,9)
Cerrados = (3,8), (3,9), (2,8), (3,7), (3,6), (4,7), (4,6), (2,7), (5,7), (3,10), (5,6), (3,5), (1,7), (1,8), (5,5), (5,8), (2,9), (6,5), (5,4), (2,5), (2,10), (1,9), (1,5), (1,4), (1,3), (1,2), (7,5)
------------------------
Iteración 28
-----------
Abiertos = (8,5), (5,2), (2,10), (1,10), (1,10), (2,2), (2,3), (7,4), (1,1), (4,3), (5,9)
Cerrados = (3,8), (3,9), (2,8), (3,7), (3,6), (4,7), (4,6), (2,7), (5,7), (3,10), (5,6), (3,5), (1,7), (1,8), (5,5), (5,8), (2,9), (6,5), (5,4), (2,5), (2,10), (1,9), (1,5), (1,4), (1,3), (1,2), (7,5), (5,3)
------------------------
Iteración 29
-----------
Abiertos = (8,5), (2,10), (1,10), (1,10), (2,2), (2,3), (6,2), (7,4), (1,1), (4,2), (4,3), (5,9)
Cerrados = (3,8), (3,9), (2,8), (3,7), (3,6), (4,7), (4,6), (2,7), (5,7), (3,10), (5,6), (3,5), (1,7), (1,8), (5,5), (5,8), (2,9), (6,5), (5,4), (2,5), (2,10), (1,9), (1,5), (1,4), (1,3), (1,2), (7,5), (5,3), (5,2)
------------------------
Iteración 30
-----------
Abiertos = (8,4), (1,10), (1,10), (2,2), (2,3), (6,2), (7,4), (1,1), (8,6), (4,2), (4,3), (5,9)
Cerrados = (3,8), (3,9), (2,8), (3,7), (3,6), (4,7), (4,6), (2,7), (5,7), (3,10), (5,6), (3,5), (1,7), (1,8), (5,5), (5,8), (2,9), (6,5), (5,4), (2,5), (2,10), (1,9), (1,5), (1,4), (1,3), (1,2), (7,5), (5,3), (5,2), (8,5)
------------------------
Iteración 31
-----------
Abiertos = (8,3), (1,10), (1,10), (2,2), (2,3), (6,2), (7,4), (1,1), (8,6), (4,2), (4,3), (5,9), (7,4)
Cerrados = (3,8), (3,9), (2,8), (3,7), (3,6), (4,7), (4,6), (2,7), (5,7), (3,10), (5,6), (3,5), (1,7), (1,8), (5,5), (5,8), (2,9), (6,5), (5,4), (2,5), (2,10), (1,9), (1,5), (1,4), (1,3), (1,2), (7,5), (5,3), (5,2), (8,5), (8,4)
------------------------
Iteración 32
-----------
Abiertos = (8,2), (9,3), (1,10), (1,10), (2,2), (2,3), (6,2), (7,4), (1,1), (8,6), (4,2), (4,3), (5,9), (7,3), (7,4)
Cerrados = (3,8), (3,9), (2,8), (3,7), (3,6), (4,7), (4,6), (2,7), (5,7), (3,10), (5,6), (3,5), (1,7), (1,8), (5,5), (5,8), (2,9), (6,5), (5,4), (2,5), (2,10), (1,9), (1,5), (1,4), (1,3), (1,2), (7,5), (5,3), (5,2), (8,5), (8,4), (8,3)
------------------------
Iteración 33
-----------
Abiertos = (8,2), (1,10), (1,10), (2,2), (2,3), (10,3), (6,2), (7,4), (1,1), (8,6), (4,2), (4,3), (5,9), (7,3), (7,4)
Cerrados = (3,8), (3,9), (2,8), (3,7), (3,6), (4,7), (4,6), (2,7), (5,7), (3,10), (5,6), (3,5), (1,7), (1,8), (5,5), (5,8), (2,9), (6,5), (5,4), (2,5), (2,10), (1,9), (1,5), (1,4), (1,3), (1,2), (7,5), (5,3), (5,2), (8,5), (8,4), (8,3), (9,3)
------------------------
Iteración 34
-----------
Abiertos = (8,2), (1,10), (2,2), (2,3), (10,3), (6,2), (7,4), (1,1), (8,6), (4,2), (4,3), (5,9), (7,3), (7,4)
Cerrados = (3,8), (3,9), (2,8), (3,7), (3,6), (4,7), (4,6), (2,7), (5,7), (3,10), (5,6), (3,5), (1,7), (1,8), (5,5), (5,8), (2,9), (6,5), (5,4), (2,5), (2,10), (1,9), (1,5), (1,4), (1,3), (1,2), (7,5), (5,3), (5,2), (8,5), (8,4), (8,3), (9,3), (1,10)
------------------------
Iteración 35
-----------
Abiertos = (1,10), (2,2), (2,3), (10,3), (6,2), (7,4), (1,1), (8,1), (8,6), (4,2), (4,3), (5,9), (7,2), (7,3), (7,4)
Cerrados = (3,8), (3,9), (2,8), (3,7), (3,6), (4,7), (4,6), (2,7), (5,7), (3,10), (5,6), (3,5), (1,7), (1,8), (5,5), (5,8), (2,9), (6,5), (5,4), (2,5), (2,10), (1,9), (1,5), (1,4), (1,3), (1,2), (7,5), (5,3), (5,2), (8,5), (8,4), (8,3), (9,3), (1,10), (8,2)
------------------------
Iteración 36
-----------
Abiertos = (1,10), (2,3), (10,3), (6,2), (7,4), (1,1), (8,1), (8,6), (4,2), (4,3), (5,9), (2,1), (7,2), (7,3), (7,4), (2,3)
Cerrados = (3,8), (3,9), (2,8), (3,7), (3,6), (4,7), (4,6), (2,7), (5,7), (3,10), (5,6), (3,5), (1,7), (1,8), (5,5), (5,8), (2,9), (6,5), (5,4), (2,5), (2,10), (1,9), (1,5), (1,4), (1,3), (1,2), (7,5), (5,3), (5,2), (8,5), (8,4), (8,3), (9,3), (1,10), (8,2), (2,2)
------------------------
Iteración 37
-----------
Abiertos = (10,3), (6,2), (7,4), (1,1), (8,1), (8,6), (4,2), (4,3), (3,3), (5,9), (2,1), (7,2), (7,3), (7,4), (2,3)
Cerrados = (3,8), (3,9), (2,8), (3,7), (3,6), (4,7), (4,6), (2,7), (5,7), (3,10), (5,6), (3,5), (1,7), (1,8), (5,5), (5,8), (2,9), (6,5), (5,4), (2,5), (2,10), (1,9), (1,5), (1,4), (1,3), (1,2), (7,5), (5,3), (5,2), (8,5), (8,4), (8,3), (9,3), (1,10), (8,2), (2,2), (2,3)
------------------------
Iteración 38
-----------
Abiertos = (10,2), (6,2), (7,4), (1,1), (8,1), (8,6), (4,2), (4,3), (3,3), (5,9), (2,1), (11,3), (7,2), (7,3), (7,4), (2,3), (10,4)
Cerrados = (3,8), (3,9), (2,8), (3,7), (3,6), (4,7), (4,6), (2,7), (5,7), (3,10), (5,6), (3,5), (1,7), (1,8), (5,5), (5,8), (2,9), (6,5), (5,4), (2,5), (2,10), (1,9), (1,5), (1,4), (1,3), (1,2), (7,5), (5,3), (5,2), (8,5), (8,4), (8,3), (9,3), (1,10), (8,2), (2,2), (2,3), (10,3)
------------------------
Iteración 39
-----------
Abiertos = (10,2), (7,4), (1,1), (8,1), (8,6), (4,2), (4,3), (3,3), (5,9), (7,2), (2,1), (11,3), (7,2), (7,3), (7,4), (2,3), (10,4), (6,1)
Cerrados = (3,8), (3,9), (2,8), (3,7), (3,6), (4,7), (4,6), (2,7), (5,7), (3,10), (5,6), (3,5), (1,7), (1,8), (5,5), (5,8), (2,9), (6,5), (5,4), (2,5), (2,10), (1,9), (1,5), (1,4), (1,3), (1,2), (7,5), (5,3), (5,2), (8,5), (8,4), (8,3), (9,3), (1,10), (8,2), (2,2), (2,3), (10,3), (6,2)
------------------------
Iteración 40
-----------
Abiertos = (10,2), (1,1), (8,1), (8,6), (4,2), (4,3), (3,3), (5,9), (7,2), (7,3), (2,1), (11,3), (7,2), (7,3), (7,4), (2,3), (10,4), (6,1)
Cerrados = (3,8), (3,9), (2,8), (3,7), (3,6), (4,7), (4,6), (2,7), (5,7), (3,10), (5,6), (3,5), (1,7), (1,8), (5,5), (5,8), (2,9), (6,5), (5,4), (2,5), (2,10), (1,9), (1,5), (1,4), (1,3), (1,2), (7,5), (5,3), (5,2), (8,5), (8,4), (8,3), (9,3), (1,10), (8,2), (2,2), (2,3), (10,3), (6,2), (7,4)
------------------------
Camino: (3,8) -> (3,7) -> (3,6) -> (4,6) -> (5,6) -> (5,5) -> (6,5) -> (7,5) -> (8,5) -> (8,4) -> (8,3) -> (9,3) -> (10,3) -> (10,2)
Coste: 47
Iteración 0
-----------
Abiertos = (3,8)
Cerrados = 
------------------------
Iteración 1
-----------
Abiertos = (3,7), (3,9), (2,8)
Cerrados = (3,8)
------------------------
Iteración 2
-----------
Abiertos = (4,7), (3,9), (3,6), (2,7), (2,8)
Cerrados = (3,8), (3,7)
------------------------
Iteración 3
-----------
Abiertos = (4,6), (3,9), (5,7), (3,6), (2,7), (2,8)
Cerrados = (3,8), (3,7), (4,7)
------------------------
Iteración 4
-----------
Abiertos = (3,9), (5,6), (5,7), (3,6), (2,7), (2,8), (3,6)
Cerrados = (3,8), (3,7), (4,7), (4,6)
------------------------
Iteración 5
-----------
Abiertos = (3,9), (5,7), (3,6), (2,7), (2,8), (5,5), (3,6), (5,7)
Cerrados = (3,8), (3,7), (4,7), (4,6), (5,6)
------------------------
Iteración 6
-----------
Abiertos = (3,9), (3,6), (2,7), (2,8), (5,5), (3,6), (5,7), (5,8)
Cerrados = (3,8), (3,7), (4,7), (4,6), (5,6), (5,7)
------------------------
Iteración 7
-----------
Abiertos = (3,6), (2,7), (2,8), (3,10), (5,5), (3,6), (2,9), (5,7), (5,8)
Cerrados = (3,8), (3,7), (4,7), (4,6), (5,6), (5,7), (3,9)
------------------------
Iteración 8
-----------
Abiertos = (3,6), (2,8), (3,10), (5,5), (3,6), (1,7), (2,9), (5,7), (5,8), (2,8)
Cerrados = (3,8), (3,7), (4,7), (4,6), (5,6), (5,7), (3,9), (2,7)
------------------------
Iteración 9
-----------
Abiertos = (2,8), (3,10), (5,5), (3,5), (3,6), (1,7), (2,9), (5,7), (5,8), (2,8)
Cerrados = (3,8), (3,7), (4,7), (4,6), (5,6), (5,7), (3,9), (2,7), (3,6)
------------------------
Iteración 10
-----------
Abiertos = (3,10), (5,5), (3,5), (3,6), (1,7), (2,9), (1,8), (5,7), (5,8), (2,8), (2,9)
Cerrados = (3,8), (3,7), (4,7), (4,6), (5,6), (5,7), (3,9), (2,7), (3,6), (2,8)
------------------------
Iteración 11
-----------
Abiertos = (5,5), (3,5), (3,6), (1,7), (2,9), (1,8), (5,7), (5,8), (2,8), (2,9), (2,10)
Cerrados = (3,8), (3,7), (4,7), (4,6), (5,6), (5,7), (3,9), (2,7), (3,6), (2,8), (3,10)
------------------------
Iteración 12
-----------
Abiertos = (5,5), (3,6), (1,7), (2,9), (1,8), (5,7), (5,8), (2,5), (2,8), (2,9), (2,10)
Cerrados = (3,8), (3,7), (4,7), (4,6), (5,6), (5,7), (3,9), (2,7), (3,6), (2,8), (3,10), (3,5)
------------------------
Iteración 13
-----------
Abiertos = (3,6), (1,7), (2,9), (1,8), (6,5), (5,4), (5,7), (5,8), (2,5), (2,8), (2,9), (2,10)
Cerrados = (3,8), (3,7), (4,7), (4,6), (5,6), (5,7), (3,9), (2,7), (3,6), (2,8), (3,10), (3,5), (5,5)
------------------------
Iteración 14
-----------
Abiertos = (1,7), (1,8), (6,5), (5,4), (5,7), (5,8), (2,5), (2,8), (2,9), (1,9), (2,10), (2,10)
Cerrados = (3,8), (3,7), (4,7), (4,6), (5,6), (5,7), (3,9), (2,7), (3,6), (2,8), (3,10), (3,5), (5,5), (2,9)
------------------------
Iteración 15
-----------
Abiertos = (1,8), (6,5), (5,4), (5,7), (5,8), (2,5), (2,8), (2,9), (1,8), (1,9), (2,10), (2,10)
Cerrados = (3,8), (3,7), (4,7), (4,6), (5,6), (5,7), (3,9), (2,7), (3,6), (2,8), (3,10), (3,5), (5,5), (2,9), (1,7)
------------------------
Iteración 16
-----------
Abiertos = (5,4), (6,5), (5,7), (5,8), (2,5), (2,8), (2,9), (1,8), (1,9), (2,10), (1,9), (2,10)
Cerrados = (3,8), (3,7), (4,7), (4,6), (5,6), (5,7), (3,9), (2,7), (3,6), (2,8), (3,10), (3,5), (5,5), (2,9), (1,7), (1,8)
------------------------
Iteración 17
-----------
Abiertos = (5,4), (5,7), (5,8), (2,5), (2,8), (2,9), (7,5), (1,8), (1,9), (2,10), (1,9), (2,10)
Cerrados = (3,8), (3,7), (4,7), (4,6), (5,6), (5,7), (3,9), (2,7), (3,6), (2,8), (3,10), (3,5), (5,5), (2,9), (1,7), (1,8), (6,5)
------------------------
Iteración 18
-----------
Abiertos = (5,7), (5,8), (2,5), (2,8), (2,9), (7,5), (5,3), (1,8), (2,10), (1,9), (1,9), (2,10)
Cerrados = (3,8), (3,7), (4,7), (4,6), (5,6), (5,7), (3,9), (2,7), (3,6), (2,8), (3,10), (3,5), (5,5), (2,9), (1,7), (1,8), (6,5), (5,4)
------------------------
Iteración 19
-----------
Abiertos = (5,7), (2,5), (2,8), (2,9), (7,5), (5,3), (1,8), (1,9), (1,9), (2,10), (2,10), (5,9)
Cerrados = (3,8), (3,7), (4,7), (4,6), (5,6), (5,7), (3,9), (2,7), (3,6), (2,8), (3,10), (3,5), (5,5), (2,9), (1,7), (1,8), (6,5), (5,4), (5,8)
------------------------
Iteración 20
-----------
Abiertos = (2,5), (5,2), (7,5), (1,8), (1,9), (1,9), (2,10), (2,10), (4,3), (5,9)
Cerrados = (3,8), (3,7), (4,7), (4,6), (5,6), (5,7), (3,9), (2,7), (3,6), (2,8), (3,10), (3,5), (5,5), (2,9), (1,7), (1,8), (6,5), (5,4), (5,8), (5,3)
------------------------
Iteración 21
-----------
Abiertos = (5,2), (7,5), (1,8), (1,9), (1,9), (2,10), (1,5), (2,10), (4,3), (5,9)
Cerrados = (3,8), (3,7), (4,7), (4,6), (5,6), (5,7), (3,9), (2,7), (3,6), (2,8), (3,10), (3,5), (5,5), (2,9), (1,7), (1,8), (6,5), (5,4), (5,8), (5,3), (2,5)
------------------------
Iteración 22
-----------
Abiertos = (5,2), (8,5), (1,8), (1,9), (1,9), (2,10), (1,5), (7,4), (2,10), (4,3), (5,9)
Cerrados = (3,8), (3,7), (4,7), (4,6), (5,6), (5,7), (3,9), (2,7), (3,6), (2,8), (3,10), (3,5), (5,5), (2,9), (1,7), (1,8), (6,5), (5,4), (5,8), (5,3), (2,5), (7,5)
------------------------
Iteración 23
-----------
Abiertos = (8,5), (1,8), (1,9), (1,9), (2,10), (1,5), (6,2), (7,4), (2,10), (4,2), (4,3), (5,9)
Cerrados = (3,8), (3,7), (4,7), (4,6), (5,6), (5,7), (3,9), (2,7), (3,6), (2,8), (3,10), (3,5), (5,5), (2,9), (1,7), (1,8), (6,5), (5,4), (5,8), (5,3), (2,5), (7,5), (5,2)
------------------------
Iteración 24
-----------
Abiertos = (8,4), (1,9), (2,10), (1,9), (1,5), (6,2), (7,4), (2,10), (4,2), (8,6), (4,3), (5,9)
Cerrados = (3,8), (3,7), (4,7), (4,6), (5,6), (5,7), (3,9), (2,7), (3,6), (2,8), (3,10), (3,5), (5,5), (2,9), (1,7), (1,8), (6,5), (5,4), (5,8), (5,3), (2,5), (7,5), (5,2), (8,5)
------------------------
Iteración 25
-----------
Abiertos = (8,4), (2,10), (1,9), (1,5), (6,2), (7,4), (2,10), (4,2), (8,6), (4,3), (1,10), (5,9)
Cerrados = (3,8), (3,7), (4,7), (4,6), (5,6), (5,7), (3,9), (2,7), (3,6), (2,8), (3,10), (3,5), (5,5), (2,9), (1,7), (1,8), (6,5), (5,4), (5,8), (5,3), (2,5), (7,5), (5,2), (8,5), (1,9)
------------------------
Iteración 26
-----------
Abiertos = (8,4), (1,9), (1,5), (6,2), (7,4), (2,10), (4,2), (8,6), (4,3), (1,10), (1,10), (5,9)
Cerrados = (3,8), (3,7), (4,7), (4,6), (5,6), (5,7), (3,9), (2,7), (3,6), (2,8), (3,10), (3,5), (5,5), (2,9), (1,7), (1,8), (6,5), (5,4), (5,8), (5,3), (2,5), (7,5), (5,2), (8,5), (1,9), (2,10)
------------------------
Iteración 27
-----------
Abiertos = (8,3), (1,5), (6,2), (7,4), (2,10), (4,2), (8,6), (4,3), (1,10), (1,10), (7,4), (5,9)
Cerrados = (3,8), (3,7), (4,7), (4,6), (5,6), (5,7), (3,9), (2,7), (3,6), (2,8), (3,10), (3,5), (5,5), (2,9), (1,7), (1,8), (6,5), (5,4), (5,8), (5,3), (2,5), (7,5), (5,2), (8,5), (1,9), (2,10), (8,4)
------------------------
Iteración 28
-----------
Abiertos = (8,2), (9,3), (1,5), (6,2), (7,4), (2,10), (4,2), (8,6), (4,3), (1,10), (1,10), (7,3), (7,4), (5,9)
Cerrados = (3,8), (3,7), (4,7), (4,6), (5,6), (5,7), (3,9), (2,7), (3,6), (2,8), (3,10), (3,5), (5,5), (2,9), (1,7), (1,8), (6,5), (5,4), (5,8), (5,3), (2,5), (7,5), (5,2), (8,5), (1,9), (2,10), (8,4), (8,3)
------------------------
Iteración 29
-----------
Abiertos = (9,3), (1,5), (6,2), (7,4), (2,10), (8,1), (4,2), (8,6), (4,3), (1,10), (1,10), (7,2), (7,3), (7,4), (5,9)
Cerrados = (3,8), (3,7), (4,7), (4,6), (5,6), (5,7), (3,9), (2,7), (3,6), (2,8), (3,10), (3,5), (5,5), (2,9), (1,7), (1,8), (6,5), (5,4), (5,8), (5,3), (2,5), (7,5), (5,2), (8,5), (1,9), (2,10), (8,4), (8,3), (8,2)
------------------------
Iteración 30
-----------
Abiertos = (9,3), (1,4), (6,2), (7,4), (2,10), (8,1), (4,2), (8,6), (4,3), (1,10), (1,10), (7,2), (7,3), (7,4), (5,9)
Cerrados = (3,8), (3,7), (4,7), (4,6), (5,6), (5,7), (3,9), (2,7), (3,6), (2,8), (3,10), (3,5), (5,5), (2,9), (1,7), (1,8), (6,5), (5,4), (5,8), (5,3), (2,5), (7,5), (5,2), (8,5), (1,9), (2,10), (8,4), (8,3), (8,2), (1,5)
------------------------
Iteración 31
-----------
Abiertos = (1,4), (10,3), (6,2), (7,4), (2,10), (8,1), (4,2), (8,6), (4,3), (1,10), (1,10), (7,2), (7,3), (7,4), (5,9)
Cerrados = (3,8), (3,7), (4,7), (4,6), (5,6), (5,7), (3,9), (2,7), (3,6), (2,8), (3,10), (3,5), (5,5), (2,9), (1,7), (1,8), (6,5), (5,4), (5,8), (5,3), (2,5), (7,5), (5,2), (8,5), (1,9), (2,10), (8,4), (8,3), (8,2), (1,5), (9,3)
------------------------
Iteración 32
-----------
Abiertos = (1,4), (10,2), (6,2), (7,4), (2,10), (8,1), (4,2), (8,6), (4,3), (1,10), (1,10), (11,3), (7,2), (7,3), (7,4), (5,9), (10,4)
Cerrados = (3,8), (3,7), (4,7), (4,6), (5,6), (5,7), (3,9), (2,7), (3,6), (2,8), (3,10), (3,5), (5,5), (2,9), (1,7), (1,8), (6,5), (5,4), (5,8), (5,3), (2,5), (7,5), (5,2), (8,5), (1,9), (2,10), (8,4), (8,3), (8,2), (1,5), (9,3), (10,3)
------------------------
Iteración 33
-----------
Abiertos = (1,3), (10,2), (6,2), (7,4), (2,10), (8,1), (4,2), (8,6), (4,3), (1,10), (1,10), (11,3), (7,2), (7,3), (7,4), (5,9), (10,4)
Cerrados = (3,8), (3,7), (4,7), (4,6), (5,6), (5,7), (3,9), (2,7), (3,6), (2,8), (3,10), (3,5), (5,5), (2,9), (1,7), (1,8), (6,5), (5,4), (5,8), (5,3), (2,5), (7,5), (5,2), (8,5), (1,9), (2,10), (8,4), (8,3), (8,2), (1,5), (9,3), (10,3), (1,4)
------------------------
Iteración 34
-----------
Abiertos = (1,2), (10,2), (6,2), (7,4), (2,10), (8,1), (4,2), (8,6), (4,3), (1,10), (1,10), (2,3), (11,3), (7,2), (7,3), (7,4), (5,9), (10,4)
Cerrados = (3,8), (3,7), (4,7), (4,6), (5,6), (5,7), (3,9), (2,7), (3,6), (2,8), (3,10), (3,5), (5,5), (2,9), (1,7), (1,8), (6,5), (5,4), (5,8), (5,3), (2,5), (7,5), (5,2), (8,5), (1,9), (2,10), (8,4), (8,3), (8,2), (1,5), (9,3), (10,3), (1,4), (1,3)
------------------------
Iteración 35
-----------
Abiertos = (10,2), (6,2), (7,4), (2,10), (8,1), (4,2), (8,6), (4,3), (1,10), (1,10), (2,2), (2,3), (1,1), (11,3), (7,2), (7,3), (7,4), (5,9), (10,4)
Cerrados = (3,8), (3,7), (4,7), (4,6), (5,6), (5,7), (3,9), (2,7), (3,6), (2,8), (3,10), (3,5), (5,5), (2,9), (1,7), (1,8), (6,5), (5,4), (5,8), (5,3), (2,5), (7,5), (5,2), (8,5), (1,9), (2,10), (8,4), (8,3), (8,2), (1,5), (9,3), (10,3), (1,4), (1,3), (1,2)
------------------------
Iteración 36
-----------
Abiertos = (10,2), (7,4), (2,10), (8,1), (4,2), (8,6), (4,3), (1,10), (1,10), (2,2), (2,3), (7,2), (1,1), (11,3), (7,2), (7,3), (7,4), (5,9), (10,4), (6,1)
Cerrados = (3,8), (3,7), (4,7), (4,6), (5,6), (5,7), (3,9), (2,7), (3,6), (2,8), (3,10), (3,5), (5,5), (2,9), (1,7), (1,8), (6,5), (5,4), (5,8), (5,3), (2,5), (7,5), (5,2), (8,5), (1,9), (2,10), (8,4), (8,3), (8,2), (1,5), (9,3), (10,3), (1,4), (1,3), (1,2), (6,2)
------------------------
Camino: (3,8) -> (3,7) -> (4,7) -> (4,6) -> (5,6) -> (5,5) -> (6,5) -> (7,5) -> (8,5) -> (8,4) -> (8,3) -> (9,3) -> (10,3) -> (10,2)
Coste: 44
Iteración 0
-----------
Abiertos = (3,8)
Cerrados = 
------------------------
Iteración 1
-----------
Abiertos = (3,7), (3,9), (2,8)
Cerrados = (3,8)
------------------------
Iteración 2
-----------
Abiertos = (4,7), (3,9), (3,6), (2,7), (2,8)
Cerrados = (3,8), (3,7)
------------------------
Iteración 3
-----------
Abiertos = (4,7), (3,6), (2,7), (2,8), (3,10), (2,9)
Cerrados = (3,8), (3,7), (3,9)
------------------------
Iteración 4
-----------
Abiertos = (4,7), (4,6), (2,7), (2,8), (3,10), (3,5), (2,9)
Cerrados = (3,8), (3,7), (3,9), (3,6)
------------------------
Iteración 5
-----------
Abiertos = (4,7), (2,7), (2,8), (3,10), (5,6), (3,5), (4,7), (2,9)
Cerrados = (3,8), (3,7), (3,9), (3,6), (4,6)
------------------------
Iteración 6
-----------
Abiertos = (4,7), (2,8), (3,10), (5,6), (3,5), (4,7), (1,7), (2,9), (2,8)
Cerrados = (3,8), (3,7), (3,9), (3,6), (4,6), (2,7)
------------------------
Iteración 7
-----------
Abiertos = (4,7), (3,10), (5,6), (3,5), (4,7), (1,7), (2,9), (1,8), (2,8), (2,9)
Cerrados = (3,8), (3,7), (3,9), (3,6), (4,6), (2,7), (2,8)
------------------------
Iteración 8
-----------
Abiertos = (4,7), (5,6), (3,5), (4,7), (1,7), (2,9), (1,8), (2,8), (2,9), (2,10)
Cerrados = (3,8), (3,7), (3,9), (3,6), (4,6), (2,7), (2,8), (3,10)
------------------------
Iteración 9
-----------
Abiertos = (4,7), (3,5), (4,7), (1,7), (2,9), (1,8), (5,5), (2,8), (2,9), (2,10), (5,7)
Cerrados = (3,8), (3,7), (3,9), (3,6), (4,6), (2,7), (2,8), (3,10), (5,6)
------------------------
Iteración 10
-----------
Abiertos = (5,7), (3,5), (4,7), (1,7), (2,9), (1,8), (5,5), (2,8), (2,9), (2,10), (5,7)
Cerrados = (3,8), (3,7), (3,9), (3,6), (4,6), (2,7), (2,8), (3,10), (5,6), (4,7)
------------------------
Iteración 11
-----------
Abiertos = (3,5), (4,7), (1,7), (2,9), (1,8), (5,5), (2,8), (2,9), (2,10), (5,7), (5,8)
Cerrados = (3,8), (3,7), (3,9), (3,6), (4,6), (2,7), (2,8), (3,10), (5,6), (4,7), (5,7)
------------------------
Iteración 12
-----------
Abiertos = (1,7), (2,9), (1,8), (5,5), (2,5), (2,8), (2,9), (2,10), (5,7), (5,8)
Cerrados = (3,8), (3,7), (3,9), (3,6), (4,6), (2,7), (2,8), (3,10), (5,6), (4,7), (5,7), (3,5)
------------------------
Iteración 13
-----------
Abiertos = (1,8), (2,9), (5,5), (2,5), (2,8), (2,9), (1,8), (2,10), (5,7), (5,8)
Cerrados = (3,8), (3,7), (3,9), (3,6), (4,6), (2,7), (2,8), (3,10), (5,6), (4,7), (5,7), (3,5), (1,7)
------------------------
Iteración 14
-----------
Abiertos = (2,9), (5,5), (2,5), (2,8), (2,9), (1,8), (1,9), (2,10), (5,7), (5,8)
Cerrados = (3,8), (3,7), (3,9), (3,6), (4,6), (2,7), (2,8), (3,10), (5,6), (4,7), (5,7), (3,5), (1,7), (1,8)
------------------------
Iteración 15
-----------
Abiertos = (5,5), (2,5), (2,8), (2,9), (1,8), (1,9), (2,10), (1,9), (5,7), (2,10), (5,8)
Cerrados = (3,8), (3,7), (3,9), (3,6), (4,6), (2,7), (2,8), (3,10), (5,6), (4,7), (5,7), (3,5), (1,7), (1,8), (2,9)
------------------------
Iteración 16
-----------
Abiertos = (2,5), (2,8), (2,9), (6,5), (5,4), (1,8), (1,9), (1,9), (2,10), (5,7), (2,10), (5,8)
Cerrados = (3,8), (3,7), (3,9), (3,6), (4,6), (2,7), (2,8), (3,10), (5,6), (4,7), (5,7), (3,5), (1,7), (1,8), (2,9), (5,5)
------------------------
Iteración 17
-----------
Abiertos = (2,8), (2,9), (6,5), (5,4), (1,8), (1,9), (1,9), (2,10), (5,7), (1,5), (2,10), (5,8)
Cerrados = (3,8), (3,7), (3,9), (3,6), (4,6), (2,7), (2,8), (3,10), (5,6), (4,7), (5,7), (3,5), (1,7), (1,8), (2,9), (5,5), (2,5)
------------------------
Iteración 18
-----------
Abiertos = (2,8), (5,4), (1,8), (1,9), (1,9), (2,10), (5,7), (1,5), (7,5), (2,10), (5,8)
Cerrados = (3,8), (3,7), (3,9), (3,6), (4,6), (2,7), (2,8), (3,10), (5,6), (4,7), (5,7), (3,5), (1,7), (1,8), (2,9), (5,5), (2,5), (6,5)
------------------------
Iteración 19
-----------
Abiertos = (2,8), (1,8), (1,9), (1,9), (2,10), (5,7), (1,5), (7,5), (5,3), (2,10), (5,8)
Cerrados = (3,8), (3,7), (3,9), (3,6), (4,6), (2,7), (2,8), (3,10), (5,6), (4,7), (5,7), (3,5), (1,7), (1,8), (2,9), (5,5), (2,5), (6,5), (5,4)
------------------------
Iteración 20
-----------
Abiertos = (2,8), (1,9), (2,10), (5,7), (1,5), (7,5), (5,3), (2,10), (1,10), (5,8)
Cerrados = (3,8), (3,7), (3,9), (3,6), (4,6), (2,7), (2,8), (3,10), (5,6), (4,7), (5,7), (3,5), (1,7), (1,8), (2,9), (5,5), (2,5), (6,5), (5,4), (1,9)
------------------------
Iteración 21
-----------
Abiertos = (2,8), (5,7), (1,5), (7,5), (5,3), (2,10), (1,10), (1,10), (5,8)
Cerrados = (3,8), (3,7), (3,9), (3,6), (4,6), (2,7), (2,8), (3,10), (5,6), (4,7), (5,7), (3,5), (1,7), (1,8), (2,9), (5,5), (2,5), (6,5), (5,4), (1,9), (2,10)
------------------------
Iteración 22
-----------
Abiertos = (2,8), (1,4), (7,5), (5,3), (2,10), (1,10), (1,10), (5,8)
Cerrados = (3,8), (3,7), (3,9), (3,6), (4,6), (2,7), (2,8), (3,10), (5,6), (4,7), (5,7), (3,5), (1,7), (1,8), (2,9), (5,5), (2,5), (6,5), (5,4), (1,9), (2,10), (1,5)
------------------------
Iteración 23
-----------
Abiertos = (1,3), (5,3), (7,5), (2,10), (1,10), (1,10), (5,8)
Cerrados = (3,8), (3,7), (3,9), (3,6), (4,6), (2,7), (2,8), (3,10), (5,6), (4,7), (5,7), (3,5), (1,7), (1,8), (2,9), (5,5), (2,5), (6,5), (5,4), (1,9), (2,10), (1,5), (1,4)
------------------------
Iteración 24
-----------
Abiertos = (1,3), (5,2), (7,5), (2,10), (1,10), (1,10), (4,3), (5,8)
Cerrados = (3,8), (3,7), (3,9), (3,6), (4,6), (2,7), (2,8), (3,10), (5,6), (4,7), (5,7), (3,5), (1,7), (1,8), (2,9), (5,5), (2,5), (6,5), (5,4), (1,9), (2,10), (1,5), (1,4), (5,3)
------------------------
Iteración 25
-----------
Abiertos = (1,3), (7,5), (2,10), (1,10), (1,10), (6,2), (4,2), (4,3), (5,8)
Cerrados = (3,8), (3,7), (3,9), (3,6), (4,6), (2,7), (2,8), (3,10), (5,6), (4,7), (5,7), (3,5), (1,7), (1,8), (2,9), (5,5), (2,5), (6,5), (5,4), (1,9), (2,10), (1,5), (1,4), (5,3), (5,2)
------------------------
Iteración 26
-----------
Abiertos = (1,3), (8,5), (2,10), (1,10), (1,10), (6,2), (7,4), (4,2), (4,3), (5,8)
Cerrados = (3,8), (3,7), (3,9), (3,6), (4,6), (2,7), (2,8), (3,10), (5,6), (4,7), (5,7), (3,5), (1,7), (1,8), (2,9), (5,5), (2,5), (6,5), (5,4), (1,9), (2,10), (1,5), (1,4), (5,3), (5,2), (7,5)
------------------------
Iteración 27
-----------
Abiertos = (1,3), (8,4), (2,10), (1,10), (1,10), (6,2), (7,4), (4,2), (8,6), (4,3), (5,8)
Cerrados = (3,8), (3,7), (3,9), (3,6), (4,6), (2,7), (2,8), (3,10), (5,6), (4,7), (5,7), (3,5), (1,7), (1,8), (2,9), (5,5), (2,5), (6,5), (5,4), (1,9), (2,10), (1,5), (1,4), (5,3), (5,2), (7,5), (8,5)
------------------------
Iteración 28
-----------
Abiertos = (1,2), (8,4), (2,10), (1,10), (1,10), (2,3), (6,2), (7,4), (4,2), (8,6), (4,3), (5,8)
Cerrados = (3,8), (3,7), (3,9), (3,6), (4,6), (2,7), (2,8), (3,10), (5,6), (4,7), (5,7), (3,5), (1,7), (1,8), (2,9), (5,5), (2,5), (6,5), (5,4), (1,9), (2,10), (1,5), (1,4), (5,3), (5,2), (7,5), (8,5), (1,3)
------------------------
Iteración 29
-----------
Abiertos = (8,4), (2,10), (1,10), (1,10), (2,2), (2,3), (6,2), (7,4), (1,1), (8,6), (4,2), (4,3), (5,8)
Cerrados = (3,8), (3,7), (3,9), (3,6), (4,6), (2,7), (2,8), (3,10), (5,6), (4,7), (5,7), (3,5), (1,7), (1,8), (2,9), (5,5), (2,5), (6,5), (5,4), (1,9), (2,10), (1,5), (1,4), (5,3), (5,2), (7,5), (8,5), (1,3), (1,2)
------------------------
Iteración 30
-----------
Abiertos = (8,3), (1,10), (1,10), (2,2), (2,3), (6,2), (7,4), (1,1), (8,6), (4,2), (4,3), (5,8), (7,4)
Cerrados = (3,8), (3,7), (3,9), (3,6), (4,6), (2,7), (2,8), (3,10), (5,6), (4,7), (5,7), (3,5), (1,7), (1,8), (2,9), (5,5), (2,5), (6,5), (5,4), (1,9), (2,10), (1,5), (1,4), (5,3), (5,2), (7,5), (8,5), (1,3), (1,2), (8,4)
------------------------
Iteración 31
-----------
Abiertos = (8,2), (9,3), (1,10), (1,10), (2,2), (2,3), (6,2), (7,4), (1,1), (4,2), (8,6), (4,3), (5,8), (7,3), (7,4)
Cerrados = (3,8), (3,7), (3,9), (3,6), (4,6), (2,7), (2,8), (3,10), (5,6), (4,7), (5,7), (3,5), (1,7), (1,8), (2,9), (5,5), (2,5), (6,5), (5,4), (1,9), (2,10), (1,5), (1,4), (5,3), (5,2), (7,5), (8,5), (1,3), (1,2), (8,4), (8,3)
------------------------
Iteración 32
-----------
Abiertos = (9,3), (1,10), (1,10), (2,2), (2,3), (6,2), (7,4), (1,1), (8,1), (8,6), (4,2), (4,3), (5,8), (7,2), (7,3), (7,4)
Cerrados = (3,8), (3,7), (3,9), (3,6), (4,6), (2,7), (2,8), (3,10), (5,6), (4,7), (5,7), (3,5), (1,7), (1,8), (2,9), (5,5), (2,5), (6,5), (5,4), (1,9), (2,10), (1,5), (1,4), (5,3), (5,2), (7,5), (8,5), (1,3), (1,2), (8,4), (8,3), (8,2)
------------------------
Iteración 33
-----------
Abiertos = (9,3), (1,10), (2,2), (2,3), (6,2), (7,4), (1,1), (8,1), (8,6), (4,2), (4,3), (5,8), (7,2), (7,3), (7,4)
Cerrados = (3,8), (3,7), (3,9), (3,6), (4,6), (2,7), (2,8), (3,10), (5,6), (4,7), (5,7), (3,5), (1,7), (1,8), (2,9), (5,5), (2,5), (6,5), (5,4), (1,9), (2,10), (1,5), (1,4), (5,3), (5,2), (7,5), (8,5), (1,3), (1,2), (8,4), (8,3), (8,2), (1,10)
------------------------
Iteración 34
-----------
Abiertos = (1,10), (2,2), (2,3), (10,3), (6,2), (7,4), (1,1), (8,1), (8,6), (4,2), (4,3), (5,8), (7,2), (7,3), (7,4)
Cerrados = (3,8), (3,7), (3,9), (3,6), (4,6), (2,7), (2,8), (3,10), (5,6), (4,7), (5,7), (3,5), (1,7), (1,8), (2,9), (5,5), (2,5), (6,5), (5,4), (1,9), (2,10), (1,5), (1,4), (5,3), (5,2), (7,5), (8,5), (1,3), (1,2), (8,4), (8,3), (8,2), (1,10), (9,3)
------------------------
Iteración 35
-----------
Abiertos = (2,2), (10,3), (6,2), (7,4), (1,1), (8,1), (8,6), (4,2), (4,3), (2,2), (3,3), (5,8), (7,2), (7,3), (7,4)
Cerrados = (3,8), (3,7), (3,9), (3,6), (4,6), (2,7), (2,8), (3,10), (5,6), (4,7), (5,7), (3,5), (1,7), (1,8), (2,9), (5,5), (2,5), (6,5), (5,4), (1,9), (2,10), (1,5), (1,4), (5,3), (5,2), (7,5), (8,5), (1,3), (1,2), (8,4), (8,3), (8,2), (1,10), (9,3), (2,3)
------------------------
Iteración 36
-----------
Abiertos = (10,3), (6,2), (7,4), (1,1), (8,1), (8,6), (4,2), (4,3), (2,2), (3,3), (5,8), (2,1), (7,2), (7,3), (7,4)
Cerrados = (3,8), (3,7), (3,9), (3,6), (4,6), (2,7), (2,8), (3,10), (5,6), (4,7), (5,7), (3,5), (1,7), (1,8), (2,9), (5,5), (2,5), (6,5), (5,4), (1,9), (2,10), (1,5), (1,4), (5,3), (5,2), (7,5), (8,5), (1,3), (1,2), (8,4), (8,3), (8,2), (1,10), (9,3), (2,3), (2,2)
------------------------
Iteración 37
-----------
Abiertos = (10,2), (6,2), (7,4), (1,1), (8,1), (8,6), (4,2), (4,3), (2,2), (3,3), (5,8), (2,1), (11,3), (7,2), (7,3), (7,4), (10,4)
Cerrados = (3,8), (3,7), (3,9), (3,6), (4,6), (2,7), (2,8), (3,10), (5,6), (4,7), (5,7), (3,5), (1,7), (1,8), (2,9), (5,5), (2,5), (6,5), (5,4), (1,9), (2,10), (1,5), (1,4), (5,3), (5,2), (7,5), (8,5), (1,3), (1,2), (8,4), (8,3), (8,2), (1,10), (9,3), (2,3), (2,2), (10,3)
------------------------
Iteración 38
-----------
Abiertos = (10,2), (7,4), (1,1), (8,1), (8,6), (4,2), (4,3), (2,2), (3,3), (5,8), (7,2), (2,1), (11,3), (7,2), (7,3), (7,4), (10,4), (6,1)
Cerrados = (3,8), (3,7), (3,9), (3,6), (4,6), (2,7), (2,8), (3,10), (5,6), (4,7), (5,7), (3,5), (1,7), (1,8), (2,9), (5,5), (2,5), (6,5), (5,4), (1,9), (2,10), (1,5), (1,4), (5,3), (5,2), (7,5), (8,5), (1,3), (1,2), (8,4), (8,3), (8,2), (1,10), (9,3), (2,3), (2,2), (10,3), (6,2)
------------------------
Camino: (3,8) -> (3,7) -> (3,6) -> (4,6) -> (5,6) -> (5,5) -> (6,5) -> (7,5) -> (8,5) -> (8,4) -> (8,3) -> (9,3) -> (10,3) -> (10,2)
Coste: 47
Iteración 0
-----------
Abiertos = (3,8)
Cerrados = 
------------------------
Iteración 1
-----------
Abiertos = (3,7), (3,9), (2,8)
Cerrados = (3,8)
------------------------
Iteración 2
-----------
Abiertos = (3,7), (2,8), (3,10), (2,9)
Cerrados = (3,8), (3,9)
------------------------
Iteración 3
-----------
Abiertos = (3,7), (2,7), (3,10), (2,9), (1,8), (2,9)
Cerrados = (3,8), (3,9), (2,8)
------------------------
Iteración 4
-----------
Abiertos = (4,7), (3,6), (2,7), (2,7), (3,10), (1,8), (2,9), (2,9)
Cerrados = (3,8), (3,9), (2,8), (3,7)
------------------------
Iteración 5
-----------
Abiertos = (4,7), (4,6), (2,7), (2,7), (3,10), (3,5), (2,9), (1,8), (2,9)
Cerrados = (3,8), (3,9), (2,8), (3,7), (3,6)
------------------------
Iteración 6
-----------
Abiertos = (4,7), (2,7), (2,7), (3,10), (5,6), (3,5), (4,7), (1,8), (2,9), (2,9)
Cerrados = (3,8), (3,9), (2,8), (3,7), (3,6), (4,6)
------------------------
Iteración 7
-----------
Abiertos = (4,7), (2,7), (3,10), (5,6), (3,5), (4,7), (1,7), (1,8), (2,9), (2,9)
Cerrados = (3,8), (3,9), (2,8), (3,7), (3,6), (4,6), (2,7)
------------------------
Iteración 8
-----------
Abiertos = (5,7), (2,7), (3,10), (5,6), (3,5), (4,7), (1,7), (1,8), (2,9), (2,9)
Cerrados = (3,8), (3,9), (2,8), (3,7), (3,6), (4,6), (2,7), (4,7)
------------------------
Iteración 9
-----------
Abiertos = (2,7), (3,10), (5,6), (5,6), (3,5), (4,7), (1,7), (1,8), (2,9), (5,8), (2,9)
Cerrados = (3,8), (3,9), (2,8), (3,7), (3,6), (4,6), (2,7), (4,7), (5,7)
------------------------
Iteración 10
-----------
Abiertos = (2,7), (5,6), (5,6), (3,5), (4,7), (1,7), (1,8), (2,9), (5,8), (2,9), (2,10)
Cerrados = (3,8), (3,9), (2,8), (3,7), (3,6), (4,6), (2,7), (4,7), (5,7), (3,10)
------------------------
Iteración 11
-----------
Abiertos = (5,6), (3,5), (4,7), (1,7), (1,8), (2,9), (5,5), (5,8), (2,9), (2,10)
Cerrados = (3,8), (3,9), (2,8), (3,7), (3,6), (4,6), (2,7), (4,7), (5,7), (3,10), (5,6)
------------------------
Iteración 12
-----------
Abiertos = (5,6), (4,7), (1,7), (1,8), (2,9), (5,5), (5,8), (2,5), (2,9), (2,10)
Cerrados = (3,8), (3,9), (2,8), (3,7), (3,6), (4,6), (2,7), (4,7), (5,7), (3,10), (5,6), (3,5)
------------------------
Iteración 13
-----------
Abiertos = (5,6), (1,8), (2,9), (5,5), (5,8), (2,5), (2,9), (1,8), (2,10)
Cerrados = (3,8), (3,9), (2,8), (3,7), (3,6), (4,6), (2,7), (4,7), (5,7), (3,10), (5,6), (3,5), (1,7)
------------------------
Iteración 14
-----------
Abiertos = (5,6), (2,9), (5,5), (5,8), (2,5), (2,9), (1,8), (1,9), (2,10)
Cerrados = (3,8), (3,9), (2,8), (3,7), (3,6), (4,6), (2,7), (4,7), (5,7), (3,10), (5,6), (3,5), (1,7), (1,8)
------------------------
Iteración 15
-----------
Abiertos = (5,6), (5,5), (5,8), (2,5), (2,9), (1,8), (2,10), (1,9), (1,9), (2,10)
Cerrados = (3,8), (3,9), (2,8), (3,7), (3,6), (4,6), (2,7), (4,7), (5,7), (3,10), (5,6), (3,5), (1,7), (1,8), (2,9)
------------------------
Iteración 16
-----------
Abiertos = (5,5), (2,5), (2,9), (1,8), (2,10), (1,9), (1,9), (2,10), (5,9)
Cerrados = (3,8), (3,9), (2,8), (3,7), (3,6), (4,6), (2,7), (4,7), (5,7), (3,10), (5,6), (3,5), (1,7), (1,8), (2,9), (5,8)
------------------------
Iteración 17
-----------
Abiertos = (2,5), (2,9), (6,5), (5,4), (1,8), (2,10), (1,9), (1,9), (2,10), (5,9)
Cerrados = (3,8), (3,9), (2,8), (3,7), (3,6), (4,6), (2,7), (4,7), (5,7), (3,10), (5,6), (3,5), (1,7), (1,8), (2,9), (5,8), (5,5)
------------------------
Iteración 18
-----------
Abiertos = (2,5), (5,4), (1,8), (2,10), (1,9), (1,9), (7,5), (2,10), (5,9)
Cerrados = (3,8), (3,9), (2,8), (3,7), (3,6), (4,6), (2,7), (4,7), (5,7), (3,10), (5,6), (3,5), (1,7), (1,8), (2,9), (5,8), (5,5), (6,5)
------------------------
Iteración 19
-----------
Abiertos = (2,5), (1,8), (2,10), (1,9), (1,9), (5,3), (7,5), (2,10), (5,9)
Cerrados = (3,8), (3,9), (2,8), (3,7), (3,6), (4,6), (2,7), (4,7), (5,7), (3,10), (5,6), (3,5), (1,7), (1,8), (2,9), (5,8), (5,5), (6,5), (5,4)
------------------------
Iteración 20
-----------
Abiertos = (1,9), (2,10), (1,9), (1,5), (5,3), (7,5), (2,10), (5,9)
Cerrados = (3,8), (3,9), (2,8), (3,7), (3,6), (4,6), (2,7), (4,7), (5,7), (3,10), (5,6), (3,5), (1,7), (1,8), (2,9), (5,8), (5,5), (6,5), (5,4), (2,5)
------------------------
Iteración 21
-----------
Abiertos = (1,9), (1,9), (1,5), (5,3), (7,5), (2,10), (1,10), (5,9)
Cerrados = (3,8), (3,9), (2,8), (3,7), (3,6), (4,6), (2,7), (4,7), (5,7), (3,10), (5,6), (3,5), (1,7), (1,8), (2,9), (5,8), (5,5), (6,5), (5,4), (2,5), (2,10)
------------------------
Iteración 22
-----------
Abiertos = (1,9), (1,5), (5,3), (7,5), (2,10), (1,10), (1,10), (5,9)
Cerrados = (3,8), (3,9), (2,8), (3,7), (3,6), (4,6), (2,7), (4,7), (5,7), (3,10), (5,6), (3,5), (1,7), (1,8), (2,9), (5,8), (5,5), (6,5), (5,4), (2,5), (2,10), (1,9)
------------------------
Iteración 23
-----------
Abiertos = (1,4), (7,5), (5,3), (2,10), (1,10), (1,10), (5,9)
Cerrados = (3,8), (3,9), (2,8), (3,7), (3,6), (4,6), (2,7), (4,7), (5,7), (3,10), (5,6), (3,5), (1,7), (1,8), (2,9), (5,8), (5,5), (6,5), (5,4), (2,5), (2,10), (1,9), (1,5)
------------------------
Iteración 24
-----------
Abiertos = (1,4), (8,5), (5,3), (2,10), (1,10), (1,10), (7,4), (5,9)
Cerrados = (3,8), (3,9), (2,8), (3,7), (3,6), (4,6), (2,7), (4,7), (5,7), (3,10), (5,6), (3,5), (1,7), (1,8), (2,9), (5,8), (5,5), (6,5), (5,4), (2,5), (2,10), (1,9), (1,5), (7,5)
------------------------
Iteración 25
-----------
Abiertos = (1,4), (8,4), (5,3), (2,10), (1,10), (1,10), (7,4), (8,6), (5,9)
Cerrados = (3,8), (3,9), (2,8), (3,7), (3,6), (4,6), (2,7), (4,7), (5,7), (3,10), (5,6), (3,5), (1,7), (1,8), (2,9), (5,8), (5,5), (6,5), (5,4), (2,5), (2,10), (1,9), (1,5), (7,5), (8,5)
------------------------
Iteración 26
-----------
Abiertos = (1,4), (8,3), (5,3), (2,10), (1,10), (1,10), (7,4), (8,6), (5,9), (7,4)
Cerrados = (3,8), (3,9), (2,8), (3,7), (3,6), (4,6), (2,7), (4,7), (5,7), (3,10), (5,6), (3,5), (1,7), (1,8), (2,9), (5,8), (5,5), (6,5), (5,4), (2,5), (2,10), (1,9), (1,5), (7,5), (8,5), (8,4)
------------------------
Iteración 27
-----------
Abiertos = (1,4), (8,2), (9,3), (5,3), (2,10), (1,10), (1,10), (7,4), (8,6), (5,9), (7,3), (7,4)
Cerrados = (3,8), (3,9), (2,8), (3,7), (3,6), (4,6), (2,7), (4,7), (5,7), (3,10), (5,6), (3,5), (1,7), (1,8), (2,9), (5,8), (5,5), (6,5), (5,4), (2,5), (2,10), (1,9), (1,5), (7,5), (8,5), (8,4), (8,3)
------------------------
Iteración 28
-----------
Abiertos = (1,3), (9,3), (8,2), (5,3), (2,10), (1,10), (1,10), (7,4), (8,6), (5,9), (7,3), (7,4)
Cerrados = (3,8), (3,9), (2,8), (3,7), (3,6), (4,6), (2,7), (4,7), (5,7), (3,10), (5,6), (3,5), (1,7), (1,8), (2,9), (5,8), (5,5), (6,5), (5,4), (2,5), (2,10), (1,9), (1,5), (7,5), (8,5), (8,4), (8,3), (1,4)
------------------------
Iteración 29
-----------
Abiertos = (1,3), (8,2), (5,3), (2,10), (1,10), (1,10), (10,3), (7,4), (8,6), (5,9), (7,3), (7,4)
Cerrados = (3,8), (3,9), (2,8), (3,7), (3,6), (4,6), (2,7), (4,7), (5,7), (3,10), (5,6), (3,5), (1,7), (1,8), (2,9), (5,8), (5,5), (6,5), (5,4), (2,5), (2,10), (1,9), (1,5), (7,5), (8,5), (8,4), (8,3), (1,4), (9,3)
------------------------
Iteración 30
-----------
Abiertos = (1,3), (5,3), (2,10), (1,10), (1,10), (10,3), (7,4), (8,1), (8,6), (5,9), (7,2), (7,3), (7,4)
Cerrados = (3,8), (3,9), (2,8), (3,7), (3,6), (4,6), (2,7), (4,7), (5,7), (3,10), (5,6), (3,5), (1,7), (1,8), (2,9), (5,8), (5,5), (6,5), (5,4), (2,5), (2,10), (1,9), (1,5), (7,5), (8,5), (8,4), (8,3), (1,4), (9,3), (8,2)
------------------------
Iteración 31
-----------
Abiertos = (1,2), (5,3), (2,10), (1,10), (1,10), (2,3), (10,3), (7,4), (8,1), (8,6), (5,9), (7,2), (7,3), (7,4)
Cerrados = (3,8), (3,9), (2,8), (3,7), (3,6), (4,6), (2,7), (4,7), (5,7), (3,10), (5,6), (3,5), (1,7), (1,8), (2,9), (5,8), (5,5), (6,5), (5,4), (2,5), (2,10), (1,9), (1,5), (7,5), (8,5), (8,4), (8,3), (1,4), (9,3), (8,2), (1,3)
------------------------
Iteración 32
-----------
Abiertos = (1,2), (5,2), (2,10), (1,10), (1,10), (2,3), (10,3), (7,4), (8,1), (8,6), (4,3), (5,9), (7,2), (7,3), (7,4)
Cerrados = (3,8), (3,9), (2,8), (3,7), (3,6), (4,6), (2,7), (4,7), (5,7), (3,10), (5,6), (3,5), (1,7), (1,8), (2,9), (5,8), (5,5), (6,5), (5,4), (2,5), (2,10), (1,9), (1,5), (7,5), (8,5), (8,4), (8,3), (1,4), (9,3), (8,2), (1,3), (5,3)
------------------------
Iteración 33
-----------
Abiertos = (5,2), (2,10), (1,10), (1,10), (2,2), (2,3), (10,3), (7,4), (1,1), (8,1), (8,6), (4,3), (5,9), (7,2), (7,3), (7,4)
Cerrados = (3,8), (3,9), (2,8), (3,7), (3,6), (4,6), (2,7), (4,7), (5,7), (3,10), (5,6), (3,5), (1,7), (1,8), (2,9), (5,8), (5,5), (6,5), (5,4), (2,5), (2,10), (1,9), (1,5), (7,5), (8,5), (8,4), (8,3), (1,4), (9,3), (8,2), (1,3), (5,3), (1,2)
------------------------
Iteración 34
-----------
Abiertos = (1,10), (1,10), (2,2), (2,3), (10,3), (6,2), (7,4), (1,1), (8,1), (8,6), (4,2), (4,3), (5,9), (7,2), (7,3), (7,4)
Cerrados = (3,8), (3,9), (2,8), (3,7), (3,6), (4,6), (2,7), (4,7), (5,7), (3,10), (5,6), (3,5), (1,7), (1,8), (2,9), (5,8), (5,5), (6,5), (5,4), (2,5), (2,10), (1,9), (1,5), (7,5), (8,5), (8,4), (8,3), (1,4), (9,3), (8,2), (1,3), (5,3), (1,2), (5,2)
------------------------
Iteración 35
-----------
Abiertos = (1,10), (2,2), (2,3), (10,3), (6,2), (7,4), (1,1), (8,1), (8,6), (4,2), (4,3), (5,9), (7,2), (7,3), (7,4)
Cerrados = (3,8), (3,9), (2,8), (3,7), (3,6), (4,6), (2,7), (4,7), (5,7), (3,10), (5,6), (3,5), (1,7), (1,8), (2,9), (5,8), (5,5), (6,5), (5,4), (2,5), (2,10), (1,9), (1,5), (7,5), (8,5), (8,4), (8,3), (1,4), (9,3), (8,2), (1,3), (5,3), (1,2), (5,2), (1,10)
------------------------
Iteración 36
-----------
Abiertos = (2,3), (10,3), (6,2), (7,4), (1,1), (8,1), (8,6), (4,2), (4,3), (5,9), (2,1), (7,2), (7,3), (7,4), (2,3)
Cerrados = (3,8), (3,9), (2,8), (3,7), (3,6), (4,6), (2,7), (4,7), (5,7), (3,10), (5,6), (3,5), (1,7), (1,8), (2,9), (5,8), (5,5), (6,5), (5,4), (2,5), (2,10), (1,9), (1,5), (7,5), (8,5), (8,4), (8,3), (1,4), (9,3), (8,2), (1,3), (5,3), (1,2), (5,2), (1,10), (2,2)
------------------------
Iteración 37
-----------
Abiertos = (2,3), (10,2), (6,2), (7,4), (1,1), (8,1), (8,6), (4,2), (4,3), (5,9), (2,1), (11,3), (7,2), (7,3), (7,4), (2,3), (10,4)
Cerrados = (3,8), (3,9), (2,8), (3,7), (3,6), (4,6), (2,7), (4,7), (5,7), (3,10), (5,6), (3,5), (1,7), (1,8), (2,9), (5,8), (5,5), (6,5), (5,4), (2,5), (2,10), (1,9), (1,5), (7,5), (8,5), (8,4), (8,3), (1,4), (9,3), (8,2), (1,3), (5,3), (1,2), (5,2), (1,10), (2,2), (10,3)
------------------------
Camino: (3,8) -> (3,7) -> (3,6) -> (4,6) -> (5,6) -> (5,5) -> (6,5) -> (7,5) -> (8,5) -> (8,4) -> (8,3) -> (9,3) -> (10,3) -> (10,2)
Coste: 47
Iteración 0
-----------
Abiertos = (3,8)
Cerrados = 
------------------------
Iteración 1
-----------
Abiertos = (3,7), (3,9), (2,8)
Cerrados = (3,8)
------------------------
Iteración 2
-----------
Abiertos = (4,7), (3,9), (3,6), (2,7), (2,8)
Cerrados = (3,8), (3,7)
------------------------
Iteración 3
-----------
Abiertos = (4,7), (3,6), (2,7), (2,8), (3,10), (2,9)
Cerrados = (3,8), (3,7), (3,9)
------------------------
Iteración 4
-----------
Abiertos = (4,7), (4,6), (2,7), (2,8), (3,10), (3,5), (2,9)
Cerrados = (3,8), (3,7), (3,9), (3,6)
------------------------
Iteración 5
-----------
Abiertos = (4,6), (4,6), (5,7), (2,7), (2,8), (3,10), (3,5), (2,9)
Cerrados = (3,8), (3,7), (3,9), (3,6), (4,7)
------------------------
Iteración 6
-----------
Abiertos = (5,7), (4,6), (2,7), (2,8), (3,10), (5,6), (3,5), (2,9)
Cerrados = (3,8), (3,7), (3,9), (3,6), (4,7), (4,6)
------------------------
Iteración 7
-----------
Abiertos = (5,7), (2,8), (3,10), (5,6), (3,5), (1,7), (2,9), (2,8)
Cerrados = (3,8), (3,7), (3,9), (3,6), (4,7), (4,6), (2,7)
------------------------
Iteración 8
-----------
Abiertos = (2,8), (3,10), (5,6), (5,6), (3,5), (1,7), (2,9), (5,8), (2,8)
Cerrados = (3,8), (3,7), (3,9), (3,6), (4,7), (4,6), (2,7), (5,7)
------------------------
Iteración 9
-----------
Abiertos = (3,10), (5,6), (5,6), (3,5), (1,7), (2,9), (1,8), (5,8), (2,8), (2,9)
Cerrados = (3,8), (3,7), (3,9), (3,6), (4,7), (4,6), (2,7), (5,7), (2,8)
------------------------
Iteración 10
-----------
Abiertos = (5,6), (5,6), (3,5), (1,7), (2,9), (1,8), (5,8), (2,8), (2,9), (2,10)
Cerrados = (3,8), (3,7), (3,9), (3,6), (4,7), (4,6), (2,7), (5,7), (2,8), (3,10)
------------------------
Iteración 11
-----------
Abiertos = (5,6), (3,5), (1,7), (2,9), (1,8), (5,5), (5,8), (2,8), (2,9), (2,10)
Cerrados = (3,8), (3,7), (3,9), (3,6), (4,7), (4,6), (2,7), (5,7), (2,8), (3,10), (5,6)
------------------------
Iteración 12
-----------
Abiertos = (5,6), (1,7), (2,9), (1,8), (5,5), (5,8), (2,5), (2,8), (2,9), (2,10)
Cerrados = (3,8), (3,7), (3,9), (3,6), (4,7), (4,6), (2,7), (5,7), (2,8), (3,10), (5,6), (3,5)
------------------------
Iteración 13
-----------
Abiertos = (1,7), (1,8), (5,5), (5,8), (2,5), (2,8), (2,9), (2,10), (1,9), (2,10)
Cerrados = (3,8), (3,7), (3,9), (3,6), (4,7), (4,6), (2,7), (5,7), (2,8), (3,10), (5,6), (3,5), (2,9)
------------------------
Iteración 14
-----------
Abiertos = (1,8), (5,5), (5,8), (2,5), (2,8), (2,9), (1,8), (2,10), (1,9), (2,10)
Cerrados = (3,8), (3,7), (3,9), (3,6), (4,7), (4,6), (2,7), (5,7), (2,8), (3,10), (5,6), (3,5), (2,9), (1,7)
------------------------
Iteración 15
-----------
Abiertos = (5,5), (5,8), (2,5), (2,8), (2,9), (1,8), (2,10), (1,9), (1,9), (2,10)
Cerrados = (3,8), (3,7), (3,9), (3,6), (4,7), (4,6), (2,7), (5,7), (2,8), (3,10), (5,6), (3,5), (2,9), (1,7), (1,8)
------------------------
Iteración 16
-----------
Abiertos = (2,5), (5,8), (2,8), (2,9), (5,4), (6,5), (1,8), (2,10), (1,9), (1,9), (2,10)
Cerrados = (3,8), (3,7), (3,9), (3,6), (4,7), (4,6), (2,7), (5,7), (2,8), (3,10), (5,6), (3,5), (2,9), (1,7), (1,8), (5,5)
------------------------
Iteración 17
-----------
Abiertos = (2,5), (2,8), (2,9), (5,4), (6,5), (1,8), (2,10), (1,9), (1,9), (2,10), (5,9)
Cerrados = (3,8), (3,7), (3,9), (3,6), (4,7), (4,6), (2,7), (5,7), (2,8), (3,10), (5,6), (3,5), (2,9), (1,7), (1,8), (5,5), (5,8)
------------------------
Iteración 18
-----------
Abiertos = (2,9), (5,4), (6,5), (1,8), (2,10), (1,9), (1,9), (1,5), (2,10), (5,9)
Cerrados = (3,8), (3,7), (3,9), (3,6), (4,7), (4,6), (2,7), (5,7), (2,8), (3,10), (5,6), (3,5), (2,9), (1,7), (1,8), (5,5), (5,8), (2,5)
------------------------
Iteración 19
-----------
Abiertos = (2,9), (6,5), (1,8), (2,10), (1,9), (1,9), (1,5), (5,3), (2,10), (5,9)
Cerrados = (3,8), (3,7), (3,9), (3,6), (4,7), (4,6), (2,7), (5,7), (2,8), (3,10), (5,6), (3,5), (2,9), (1,7), (1,8), (5,5), (5,8), (2,5), (5,4)
------------------------
Iteración 20
-----------
Abiertos = (2,10), (1,9), (1,9), (1,5), (5,3), (7,5), (2,10), (5,9)
Cerrados = (3,8), (3,7), (3,9), (3,6), (4,7), (4,6), (2,7), (5,7), (2,8), (3,10), (5,6), (3,5), (2,9), (1,7), (1,8), (5,5), (5,8), (2,5), (5,4), (6,5)
------------------------
Iteración 21
-----------
Abiertos = (1,9), (2,10), (1,5), (5,3), (7,5), (2,10), (1,10), (5,9)
Cerrados = (3,8), (3,7), (3,9), (3,6), (4,7), (4,6), (2,7), (5,7), (2,8), (3,10), (5,6), (3,5), (2,9), (1,7), (1,8), (5,5), (5,8), (2,5), (5,4), (6,5), (1,9)
------------------------
Iteración 22
-----------
Abiertos = (2,10), (1,4), (5,3), (7,5), (2,10), (1,10), (5,9)
Cerrados = (3,8), (3,7), (3,9), (3,6), (4,7), (4,6), (2,7), (5,7), (2,8), (3,10), (5,6), (3,5), (2,9), (1,7), (1,8), (5,5), (5,8), (2,5), (5,4), (6,5), (1,9), (1,5)
------------------------
Iteración 23
-----------
Abiertos = (2,10), (1,3), (5,3), (7,5), (2,10), (1,10), (5,9)
Cerrados = (3,8), (3,7), (3,9), (3,6), (4,7), (4,6), (2,7), (5,7), (2,8), (3,10), (5,6), (3,5), (2,9), (1,7), (1,8), (5,5), (5,8), (2,5), (5,4), (6,5), (1,9), (1,5), (1,4)
------------------------
Iteración 24
-----------
Abiertos = (2,10), (1,2), (5,3), (7,5), (2,10), (1,10), (2,3), (5,9)
Cerrados = (3,8), (3,7), (3,9), (3,6), (4,7), (4,6), (2,7), (5,7), (2,8), (3,10), (5,6), (3,5), (2,9), (1,7), (1,8), (5,5), (5,8), (2,5), (5,4), (6,5), (1,9), (1,5), (1,4), (1,3)
------------------------
Iteración 25
-----------
Abiertos = (2,10), (5,3), (7,5), (2,10), (1,10), (2,2), (2,3), (1,1), (5,9)
Cerrados = (3,8), (3,7), (3,9), (3,6), (4,7), (4,6), (2,7), (5,7), (2,8), (3,10), (5,6), (3,5), (2,9), (1,7), (1,8), (5,5), (5,8), (2,5), (5,4), (6,5), (1,9), (1,5), (1,4), (1,3), (1,2)
------------------------
Iteración 26
-----------
Abiertos = (7,5), (5,3), (2,10), (1,10), (1,10), (2,2), (2,3), (1,1), (5,9)
Cerrados = (3,8), (3,7), (3,9), (3,6), (4,7), (4,6), (2,7), (5,7), (2,8), (3,10), (5,6), (3,5), (2,9), (1,7), (1,8), (5,5), (5,8), (2,5), (5,4), (6,5), (1,9), (1,5), (1,4), (1,3), (1,2), (2,10)
------------------------
Iteración 27
-----------
Abiertos = (5,2), (7,5), (2,10), (1,10), (1,10), (2,2), (2,3), (1,1), (4,3), (5,9)
Cerrados = (3,8), (3,7), (3,9), (3,6), (4,7), (4,6), (2,7), (5,7), (2,8), (3,10), (5,6), (3,5), (2,9), (1,7), (1,8), (5,5), (5,8), (2,5), (5,4), (6,5), (1,9), (1,5), (1,4), (1,3), (1,2), (2,10), (5,3)
------------------------
Iteración 28
-----------
Abiertos = (7,5), (2,10), (1,10), (1,10), (2,2), (2,3), (6,2), (1,1), (4,2), (4,3), (5,9)
Cerrados = (3,8), (3,7), (3,9), (3,6), (4,7), (4,6), (2,7), (5,7), (2,8), (3,10), (5,6), (3,5), (2,9), (1,7), (1,8), (5,5), (5,8), (2,5), (5,4), (6,5), (1,9), (1,5), (1,4), (1,3), (1,2), (2,10), (5,3), (5,2)
------------------------
Iteración 29
-----------
Abiertos = (7,5), (1,10), (2,2), (2,3), (6,2), (1,1), (4,2), (4,3), (5,9)
Cerrados = (3,8), (3,7), (3,9), (3,6), (4,7), (4,6), (2,7), (5,7), (2,8), (3,10), (5,6), (3,5), (2,9), (1,7), (1,8), (5,5), (5,8), (2,5), (5,4), (6,5), (1,9), (1,5), (1,4), (1,3), (1,2), (2,10), (5,3), (5,2), (1,10)
------------------------
Iteración 30
-----------
Abiertos = (7,5), (2,3), (6,2), (1,1), (4,2), (4,3), (5,9), (2,1), (2,3)
Cerrados = (3,8), (3,7), (3,9), (3,6), (4,7), (4,6), (2,7), (5,7), (2,8), (3,10), (5,6), (3,5), (2,9), (1,7), (1,8), (5,5), (5,8), (2,5), (5,4), (6,5), (1,9), (1,5), (1,4), (1,3), (1,2), (2,10), (5,3), (5,2), (1,10), (2,2)
------------------------
Iteración 31
-----------
Abiertos = (7,5), (6,2), (1,1), (4,2), (4,3), (3,3), (5,9), (2,1), (2,3)
Cerrados = (3,8), (3,7), (3,9), (3,6), (4,7), (4,6), (2,7), (5,7), (2,8), (3,10), (5,6), (3,5), (2,9), (1,7), (1,8), (5,5), (5,8), (2,5), (5,4), (6,5), (1,9), (1,5), (1,4), (1,3), (1,2), (2,10), (5,3), (5,2), (1,10), (2,2), (2,3)
------------------------
Iteración 32
-----------
Abiertos = (7,5), (1,1), (4,2), (4,3), (3,3), (5,9), (7,2), (2,1), (2,3), (6,1)
Cerrados = (3,8), (3,7), (3,9), (3,6), (4,7), (4,6), (2,7), (5,7), (2,8), (3,10), (5,6), (3,5), (2,9), (1,7), (1,8), (5,5), (5,8), (2,5), (5,4), (6,5), (1,9), (1,5), (1,4), (1,3), (1,2), (2,10), (5,3), (5,2), (1,10), (2,2), (2,3), (6,2)
------------------------
Iteración 33
-----------
Abiertos = (7,5), (2,1), (4,2), (4,3), (3,3), (5,9), (7,2), (2,1), (2,3), (6,1)
Cerrados = (3,8), (3,7), (3,9), (3,6), (4,7), (4,6), (2,7), (5,7), (2,8), (3,10), (5,6), (3,5), (2,9), (1,7), (1,8), (5,5), (5,8), (2,5), (5,4), (6,5), (1,9), (1,5), (1,4), (1,3), (1,2), (2,10), (5,3), (5,2), (1,10), (2,2), (2,3), (6,2), (1,1)
------------------------
Iteración 34
-----------
Abiertos = (8,5), (7,4), (2,1), (4,2), (4,3), (3,3), (5,9), (7,2), (2,1), (2,3), (6,1)
Cerrados = (3,8), (3,7), (3,9), (3,6), (4,7), (4,6), (2,7), (5,7), (2,8), (3,10), (5,6), (3,5), (2,9), (1,7), (1,8), (5,5), (5,8), (2,5), (5,4), (6,5), (1,9), (1,5), (1,4), (1,3), (1,2), (2,10), (5,3), (5,2), (1,10), (2,2), (2,3), (6,2), (1,1), (7,5)
------------------------
Iteración 35
-----------
Abiertos = (8,4), (7,4), (2,1), (8,6), (4,2), (4,3), (3,3), (5,9), (7,2), (2,1), (2,3), (6,1)
Cerrados = (3,8), (3,7), (3,9), (3,6), (4,7), (4,6), (2,7), (5,7), (2,8), (3,10), (5,6), (3,5), (2,9), (1,7), (1,8), (5,5), (5,8), (2,5), (5,4), (6,5), (1,9), (1,5), (1,4), (1,3), (1,2), (2,10), (5,3), (5,2), (1,10), (2,2), (2,3), (6,2), (1,1), (7,5), (8,5)
------------------------
Iteración 36
-----------
Abiertos = (8,4), (8,4), (2,1), (8,6), (4,2), (4,3), (3,3), (5,9), (7,2), (7,3), (2,1), (2,3), (6,1)
Cerrados = (3,8), (3,7), (3,9), (3,6), (4,7), (4,6), (2,7), (5,7), (2,8), (3,10), (5,6), (3,5), (2,9), (1,7), (1,8), (5,5), (5,8), (2,5), (5,4), (6,5), (1,9), (1,5), (1,4), (1,3), (1,2), (2,10), (5,3), (5,2), (1,10), (2,2), (2,3), (6,2), (1,1), (7,5), (8,5), (7,4)
------------------------
Iteración 37
-----------
Abiertos = (8,3), (8,4), (2,1), (8,6), (4,2), (4,3), (3,3), (5,9), (7,2), (7,3), (2,1), (2,3), (6,1)
Cerrados = (3,8), (3,7), (3,9), (3,6), (4,7), (4,6), (2,7), (5,7), (2,8), (3,10), (5,6), (3,5), (2,9), (1,7), (1,8), (5,5), (5,8), (2,5), (5,4), (6,5), (1,9), (1,5), (1,4), (1,3), (1,2), (2,10), (5,3), (5,2), (1,10), (2,2), (2,3), (6,2), (1,1), (7,5), (8,5), (7,4), (8,4)
------------------------
Iteración 38
-----------
Abiertos = (8,2), (9,3), (2,1), (8,6), (4,2), (4,3), (3,3), (5,9), (7,2), (7,3), (2,1), (7,3), (2,3), (6,1)
Cerrados = (3,8), (3,7), (3,9), (3,6), (4,7), (4,6), (2,7), (5,7), (2,8), (3,10), (5,6), (3,5), (2,9), (1,7), (1,8), (5,5), (5,8), (2,5), (5,4), (6,5), (1,9), (1,5), (1,4), (1,3), (1,2), (2,10), (5,3), (5,2), (1,10), (2,2), (2,3), (6,2), (1,1), (7,5), (8,5), (7,4), (8,4), (8,3)
------------------------
Iteración 39
-----------
Abiertos = (9,3), (2,1), (8,1), (8,6), (4,2), (4,3), (3,3), (5,9), (7,2), (7,3), (2,1), (7,2), (7,3), (2,3), (6,1)
Cerrados = (3,8), (3,7), (3,9), (3,6), (4,7), (4,6), (2,7), (5,7), (2,8), (3,10), (5,6), (3,5), (2,9), (1,7), (1,8), (5,5), (5,8), (2,5), (5,4), (6,5), (1,9), (1,5), (1,4), (1,3), (1,2), (2,10), (5,3), (5,2), (1,10), (2,2), (2,3), (6,2), (1,1), (7,5), (8,5), (7,4), (8,4), (8,3), (8,2)
------------------------
Iteración 40
-----------
Abiertos = (10,3), (2,1), (8,1), (8,6), (4,2), (4,3), (3,3), (5,9), (7,2), (7,3), (2,1), (7,2), (7,3), (2,3), (6,1)
Cerrados = (3,8), (3,7), (3,9), (3,6), (4,7), (4,6), (2,7), (5,7), (2,8), (3,10), (5,6), (3,5), (2,9), (1,7), (1,8), (5,5), (5,8), (2,5), (5,4), (6,5), (1,9), (1,5), (1,4), (1,3), (1,2), (2,10), (5,3), (5,2), (1,10), (2,2), (2,3), (6,2), (1,1), (7,5), (8,5), (7,4), (8,4), (8,3), (8,2), (9,3)
------------------------
Iteración 41
-----------
Abiertos = (10,3), (8,1), (8,6), (4,2), (4,3), (3,3), (5,9), (7,2), (7,3), (3,1), (2,1), (7,2), (7,3), (2,3), (6,1)
Cerrados = (3,8), (3,7), (3,9), (3,6), (4,7), (4,6), (2,7), (5,7), (2,8), (3,10), (5,6), (3,5), (2,9), (1,7), (1,8), (5,5), (5,8), (2,5), (5,4), (6,5), (1,9), (1,5), (1,4), (1,3), (1,2), (2,10), (5,3), (5,2), (1,10), (2,2), (2,3), (6,2), (1,1), (7,5), (8,5), (7,4), (8,4), (8,3), (8,2), (9,3), (2,1)
------------------------
Iteración 42
-----------
Abiertos = (10,3), (9,1), (8,6), (4,2), (4,3), (3,3), (5,9), (7,2), (7,3), (3,1), (2,1), (7,2), (7,3), (7,1), (2,3), (6,1)
Cerrados = (3,8), (3,7), (3,9), (3,6), (4,7), (4,6), (2,7), (5,7), (2,8), (3,10), (5,6), (3,5), (2,9), (1,7), (1,8), (5,5), (5,8), (2,5), (5,4), (6,5), (1,9), (1,5), (1,4), (1,3), (1,2), (2,10), (5,3), (5,2), (1,10), (2,2), (2,3), (6,2), (1,1), (7,5), (8,5), (7,4), (8,4), (8,3), (8,2), (9,3), (2,1), (8,1)
------------------------
Iteración 43
-----------
Abiertos = (10,3), (10,1), (8,6), (4,2), (4,3), (3,3), (5,9), (7,2), (7,3), (3,1), (2,1), (7,2), (7,3), (7,1), (2,3), (6,1)
Cerrados = (3,8), (3,7), (3,9), (3,6), (4,7), (4,6), (2,7), (5,7), (2,8), (3,10), (5,6), (3,5), (2,9), (1,7), (1,8), (5,5), (5,8), (2,5), (5,4), (6,5), (1,9), (1,5), (1,4), (1,3), (1,2), (2,10), (5,3), (5,2), (1,10), (2,2), (2,3), (6,2), (1,1), (7,5), (8,5), (7,4), (8,4), (8,3), (8,2), (9,3), (2,1), (8,1), (9,1)
------------------------
Iteración 44
-----------
Abiertos = (10,2), (10,1), (8,6), (4,2), (4,3), (3,3), (5,9), (7,2), (7,3), (3,1), (2,1), (11,3), (7,2), (7,3), (7,1), (2,3), (10,4), (6,1)
Cerrados = (3,8), (3,7), (3,9), (3,6), (4,7), (4,6), (2,7), (5,7), (2,8), (3,10), (5,6), (3,5), (2,9), (1,7), (1,8), (5,5), (5,8), (2,5), (5,4), (6,5), (1,9), (1,5), (1,4), (1,3), (1,2), (2,10), (5,3), (5,2), (1,10), (2,2), (2,3), (6,2), (1,1), (7,5), (8,5), (7,4), (8,4), (8,3), (8,2), (9,3), (2,1), (8,1), (9,1), (10,3)
------------------------
Camino: (3,8) -> (3,7) -> (3,6) -> (4,6) -> (5,6) -> (5,5) -> (6,5) -> (7,5) -> (8,5) -> (8,4) -> (8,3) -> (9,3) -> (10,3) -> (10,2)
Coste: 47
Iteración 0
-----------
Abiertos = (3,8)
Cerrados = 
------------------------
Iteración 1
-----------
Abiertos = (3,7), (3,9), (2,8)
Cerrados = (3,8)
------------------------
Iteración 2
-----------
Abiertos = (4,7), (3,9), (3,6), (2,7), (2,8)
Cerrados = (3,8), (3,7)
------------------------
Iteración 3
-----------
Abiertos = (4,6), (3,9), (5,7), (3,6), (2,7), (2,8)
Cerrados = (3,8), (3,7), (4,7)
------------------------
Iteración 4
-----------
Abiertos = (3,9), (5,6), (5,7), (3,6), (2,7), (2,8), (3,6)
Cerrados = (3,8), (3,7), (4,7), (4,6)
------------------------
Iteración 5
-----------
Abiertos = (3,9), (5,7), (3,6), (2,7), (2,8), (5,5), (3,6), (5,7)
Cerrados = (3,8), (3,7), (4,7), (4,6), (5,6)
------------------------
Iteración 6
-----------
Abiertos = (3,9), (3,6), (2,7), (2,8), (5,5), (3,6), (5,7), (5,8)
Cerrados = (3,8), (3,7), (4,7), (4,6), (5,6), (5,7)
------------------------
Iteración 7
-----------
Abiertos = (3,6), (2,7), (2,8), (3,10), (5,5), (3,6), (2,9), (5,7), (5,8)
Cerrados = (3,8), (3,7), (4,7), (4,6), (5,6), (5,7), (3,9)
------------------------
Iteración 8
-----------
Abiertos = (3,6), (2,8), (3,10), (5,5), (3,6), (1,7), (2,9), (5,7), (5,8), (2,8)
Cerrados = (3,8), (3,7), (4,7), (4,6), (5,6), (5,7), (3,9), (2,7)
------------------------
Iteración 9
-----------
Abiertos = (2,8), (3,10), (5,5), (3,5), (3,6), (1,7), (2,9), (5,7), (5,8), (2,8)
Cerrados = (3,8), (3,7), (4,7), (4,6), (5,6), (5,7), (3,9), (2,7), (3,6)
------------------------
Iteración 10
-----------
Abiertos = (3,10), (5,5), (3,5), (3,6), (1,7), (2,9), (1,8), (5,7), (5,8), (2,8), (2,9)
Cerrados = (3,8), (3,7), (4,7), (4,6), (5,6), (5,7), (3,9), (2,7), (3,6), (2,8)
------------------------
Iteración 11
-----------
Abiertos = (3,10), (3,5), (3,6), (1,7), (2,9), (1,8), (6,5), (5,4), (5,7), (5,8), (2,8), (2,9)
Cerrados = (3,8), (3,7), (4,7), (4,6), (5,6), (5,7), (3,9), (2,7), (3,6), (2,8), (5,5)
------------------------
Iteración 12
-----------
Abiertos = (3,5), (3,6), (1,7), (2,9), (1,8), (6,5), (5,4), (5,7), (5,8), (2,8), (2,9), (2,10)
Cerrados = (3,8), (3,7), (4,7), (4,6), (5,6), (5,7), (3,9), (2,7), (3,6), (2,8), (5,5), (3,10)
------------------------
Iteración 13
-----------
Abiertos = (1,7), (2,9), (1,8), (6,5), (5,4), (5,7), (5,8), (2,5), (2,8), (2,9), (2,10)
Cerrados = (3,8), (3,7), (4,7), (4,6), (5,6), (5,7), (3,9), (2,7), (3,6), (2,8), (5,5), (3,10), (3,5)
------------------------
Iteración 14
-----------
Abiertos = (1,7), (1,8), (6,5), (5,4), (5,7), (5,8), (2,5), (2,8), (2,9), (1,9), (2,10), (2,10)
Cerrados = (3,8), (3,7), (4,7), (4,6), (5,6), (5,7), (3,9), (2,7), (3,6), (2,8), (5,5), (3,10), (3,5), (2,9)
------------------------
Iteración 15
-----------
Abiertos = (1,8), (6,5), (5,4), (5,7), (5,8), (2,5), (2,8), (2,9), (1,8), (1,9), (2,10), (2,10)
Cerrados = (3,8), (3,7), (4,7), (4,6), (5,6), (5,7), (3,9), (2,7), (3,6), (2,8), (5,5), (3,10), (3,5), (2,9), (1,7)
------------------------
Iteración 16
-----------
Abiertos = (5,4), (6,5), (5,7), (5,8), (2,5), (2,8), (2,9), (1,8), (1,9), (2,10), (1,9), (2,10)
Cerrados = (3,8), (3,7), (4,7), (4,6), (5,6), (5,7), (3,9), (2,7), (3,6), (2,8), (5,5), (3,10), (3,5), (2,9), (1,7), (1,8)
------------------------
Iteración 17
-----------
Abiertos = (6,5), (5,7), (5,8), (2,5), (2,8), (2,9), (5,3), (1,8), (1,9), (2,10), (1,9), (2,10)
Cerrados = (3,8), (3,7), (4,7), (4,6), (5,6), (5,7), (3,9), (2,7), (3,6), (2,8), (5,5), (3,10), (3,5), (2,9), (1,7), (1,8), (5,4)
------------------------
Iteración 18
-----------
Abiertos = (5,7), (5,8), (2,5), (2,8), (2,9), (5,3), (7,5), (1,8), (2,10), (1,9), (1,9), (2,10)
Cerrados = (3,8), (3,7), (4,7), (4,6), (5,6), (5,7), (3,9), (2,7), (3,6), (2,8), (5,5), (3,10), (3,5), (2,9), (1,7), (1,8), (5,4), (6,5)
------------------------
Iteración 19
-----------
Abiertos = (2,5), (2,8), (2,9), (5,3), (7,5), (1,8), (1,9), (1,9), (2,10), (2,10), (5,9)
Cerrados = (3,8), (3,7), (4,7), (4,6), (5,6), (5,7), (3,9), (2,7), (3,6), (2,8), (5,5), (3,10), (3,5), (2,9), (1,7), (1,8), (5,4), (6,5), (5,8)
------------------------
Iteración 20
-----------
Abiertos = (2,8), (2,9), (5,3), (7,5), (1,8), (1,9), (1,9), (2,10), (1,5), (2,10), (5,9)
Cerrados = (3,8), (3,7), (4,7), (4,6), (5,6), (5,7), (3,9), (2,7), (3,6), (2,8), (5,5), (3,10), (3,5), (2,9), (1,7), (1,8), (5,4), (6,5), (5,8), (2,5)
------------------------
Iteración 21
-----------
Abiertos = (2,9), (8,5), (5,3), (1,8), (1,9), (1,9), (2,10), (1,5), (7,4), (2,10), (5,9)
Cerrados = (3,8), (3,7), (4,7), (4,6), (5,6), (5,7), (3,9), (2,7), (3,6), (2,8), (5,5), (3,10), (3,5), (2,9), (1,7), (1,8), (5,4), (6,5), (5,8), (2,5), (7,5)
------------------------
Iteración 22
-----------
Abiertos = (8,4), (5,3), (1,8), (1,9), (1,9), (2,10), (1,5), (7,4), (2,10), (8,6), (5,9)
Cerrados = (3,8), (3,7), (4,7), (4,6), (5,6), (5,7), (3,9), (2,7), (3,6), (2,8), (5,5), (3,10), (3,5), (2,9), (1,7), (1,8), (5,4), (6,5), (5,8), (2,5), (7,5), (8,5)
------------------------
Iteración 23
-----------
Abiertos = (8,4), (5,2), (1,8), (1,9), (1,9), (2,10), (1,5), (7,4), (2,10), (8,6), (4,3), (5,9)
Cerrados = (3,8), (3,7), (4,7), (4,6), (5,6), (5,7), (3,9), (2,7), (3,6), (2,8), (5,5), (3,10), (3,5), (2,9), (1,7), (1,8), (5,4), (6,5), (5,8), (2,5), (7,5), (8,5), (5,3)
------------------------
Iteración 24
-----------
Abiertos = (8,4), (1,8), (1,9), (1,9), (2,10), (1,5), (6,2), (7,4), (2,10), (8,6), (4,2), (4,3), (5,9)
Cerrados = (3,8), (3,7), (4,7), (4,6), (5,6), (5,7), (3,9), (2,7), (3,6), (2,8), (5,5), (3,10), (3,5), (2,9), (1,7), (1,8), (5,4), (6,5), (5,8), (2,5), (7,5), (8,5), (5,3), (5,2)
------------------------
Iteración 25
-----------
Abiertos = (8,3), (1,8), (1,9), (1,9), (2,10), (1,5), (6,2), (7,4), (2,10), (8,6), (4,2), (4,3), (7,4), (5,9)
Cerrados = (3,8), (3,7), (4,7), (4,6), (5,6), (5,7), (3,9), (2,7), (3,6), (2,8), (5,5), (3,10), (3,5), (2,9), (1,7), (1,8), (5,4), (6,5), (5,8), (2,5), (7,5), (8,5), (5,3), (5,2), (8,4)
------------------------
Iteración 26
-----------
Abiertos = (8,2), (9,3), (1,9), (1,9), (2,10), (1,5), (6,2), (7,4), (2,10), (4,2), (8,6), (4,3), (7,3), (7,4), (5,9)
Cerrados = (3,8), (3,7), (4,7), (4,6), (5,6), (5,7), (3,9), (2,7), (3,6), (2,8), (5,5), (3,10), (3,5), (2,9), (1,7), (1,8), (5,4), (6,5), (5,8), (2,5), (7,5), (8,5), (5,3), (5,2), (8,4), (8,3)
------------------------
Iteración 27
-----------
Abiertos = (8,2), (1,9), (1,9), (2,10), (1,5), (10,3), (6,2), (7,4), (2,10), (4,2), (8,6), (4,3), (7,3), (7,4), (5,9)
Cerrados = (3,8), (3,7), (4,7), (4,6), (5,6), (5,7), (3,9), (2,7), (3,6), (2,8), (5,5), (3,10), (3,5), (2,9), (1,7), (1,8), (5,4), (6,5), (5,8), (2,5), (7,5), (8,5), (5,3), (5,2), (8,4), (8,3), (9,3)
------------------------
Iteración 28
-----------
Abiertos = (8,2), (1,9), (2,10), (1,5), (10,3), (6,2), (7,4), (2,10), (4,2), (8,6), (4,3), (1,10), (7,3), (7,4), (5,9)
Cerrados = (3,8), (3,7), (4,7), (4,6), (5,6), (5,7), (3,9), (2,7), (3,6), (2,8), (5,5), (3,10), (3,5), (2,9), (1,7), (1,8), (5,4), (6,5), (5,8), (2,5), (7,5), (8,5), (5,3), (5,2), (8,4), (8,3), (9,3), (1,9)
------------------------
Iteración 29
-----------
Abiertos = (2,10), (1,5), (10,3), (6,2), (7,4), (2,10), (8,1), (4,2), (8,6), (4,3), (1,10), (7,2), (7,3), (7,4), (5,9)
Cerrados = (3,8), (3,7), (4,7), (4,6), (5,6), (5,7), (3,9), (2,7), (3,6), (2,8), (5,5), (3,10), (3,5), (2,9), (1,7), (1,8), (5,4), (6,5), (5,8), (2,5), (7,5), (8,5), (5,3), (5,2), (8,4), (8,3), (9,3), (1,9), (8,2)
------------------------
Iteración 30
-----------
Abiertos = (2,10), (1,4), (10,3), (6,2), (7,4), (2,10), (8,1), (4,2), (8,6), (4,3), (1,10), (7,2), (7,3), (7,4), (5,9)
Cerrados = (3,8), (3,7), (4,7), (4,6), (5,6), (5,7), (3,9), (2,7), (3,6), (2,8), (5,5), (3,10), (3,5), (2,9), (1,7), (1,8), (5,4), (6,5), (5,8), (2,5), (7,5), (8,5), (5,3), (5,2), (8,4), (8,3), (9,3), (1,9), (8,2), (1,5)
------------------------
Iteración 31
-----------
Abiertos = (2,10), (1,3), (10,3), (6,2), (7,4), (2,10), (8,1), (4,2), (8,6), (4,3), (1,10), (7,2), (7,3), (7,4), (5,9)
Cerrados = (3,8), (3,7), (4,7), (4,6), (5,6), (5,7), (3,9), (2,7), (3,6), (2,8), (5,5), (3,10), (3,5), (2,9), (1,7), (1,8), (5,4), (6,5), (5,8), (2,5), (7,5), (8,5), (5,3), (5,2), (8,4), (8,3), (9,3), (1,9), (8,2), (1,5), (1,4)
------------------------
Iteración 32
-----------
Abiertos = (1,3), (10,3), (6,2), (7,4), (2,10), (8,1), (4,2), (8,6), (4,3), (1,10), (1,10), (7,2), (7,3), (7,4), (5,9)
Cerrados = (3,8), (3,7), (4,7), (4,6), (5,6), (5,7), (3,9), (2,7), (3,6), (2,8), (5,5), (3,10), (3,5), (2,9), (1,7), (1,8), (5,4), (6,5), (5,8), (2,5), (7,5), (8,5), (5,3), (5,2), (8,4), (8,3), (9,3), (1,9), (8,2), (1,5), (1,4), (2,10)
------------------------
Iteración 33
-----------
Abiertos = (1,2), (10,3), (6,2), (7,4), (2,10), (8,1), (4,2), (8,6), (4,3), (1,10), (1,10), (2,3), (7,2), (7,3), (7,4), (5,9)
Cerrados = (3,8), (3,7), (4,7), (4,6), (5,6), (5,7), (3,9), (2,7), (3,6), (2,8), (5,5), (3,10), (3,5), (2,9), (1,7), (1,8), (5,4), (6,5), (5,8), (2,5), (7,5), (8,5), (5,3), (5,2), (8,4), (8,3), (9,3), (1,9), (8,2), (1,5), (1,4), (2,10), (1,3)
------------------------
Iteración 34
-----------
Abiertos = (10,3), (6,2), (7,4), (2,10), (8,1), (4,2), (8,6), (4,3), (1,10), (1,10), (2,2), (2,3), (1,1), (7,2), (7,3), (7,4), (5,9)
Cerrados = (3,8), (3,7), (4,7), (4,6), (5,6), (5,7), (3,9), (2,7), (3,6), (2,8), (5,5), (3,10), (3,5), (2,9), (1,7), (1,8), (5,4), (6,5), (5,8), (2,5), (7,5), (8,5), (5,3), (5,2), (8,4), (8,3), (9,3), (1,9), (8,2), (1,5), (1,4), (2,10), (1,3), (1,2)
------------------------
Iteración 35
-----------
Abiertos = (10,3), (7,4), (2,10), (8,1), (4,2), (8,6), (4,3), (1,10), (1,10), (2,2), (2,3), (7,2), (1,1), (7,2), (7,3), (7,4), (5,9), (6,1)
Cerrados = (3,8), (3,7), (4,7), (4,6), (5,6), (5,7), (3,9), (2,7), (3,6), (2,8), (5,5), (3,10), (3,5), (2,9), (1,7), (1,8), (5,4), (6,5), (5,8), (2,5), (7,5), (8,5), (5,3), (5,2), (8,4), (8,3), (9,3), (1,9), (8,2), (1,5), (1,4), (2,10), (1,3), (1,2), (6,2)
------------------------
Iteración 36
-----------
Abiertos = (10,2), (7,4), (2,10), (8,1), (4,2), (8,6), (4,3), (1,10), (1,10), (2,2), (2,3), (7,2), (1,1), (11,3), (7,2), (7,3), (7,4), (5,9), (10,4), (6,1)
Cerrados = (3,8), (3,7), (4,7), (4,6), (5,6), (5,7), (3,9), (2,7), (3,6), (2,8), (5,5), (3,10), (3,5), (2,9), (1,7), (1,8), (5,4), (6,5), (5,8), (2,5), (7,5), (8,5), (5,3), (5,2), (8,4), (8,3), (9,3), (1,9), (8,2), (1,5), (1,4), (2,10), (1,3), (1,2), (6,2), (10,3)
------------------------
Iteración 37
-----------
Abiertos = (10,2), (2,10), (8,1), (4,2), (8,6), (4,3), (1,10), (1,10), (2,2), (2,3), (7,2), (7,3), (1,1), (11,3), (7,2), (7,3), (7,4), (5,9), (10,4), (6,1)
Cerrados = (3,8), (3,7), (4,7), (4,6), (5,6), (5,7), (3,9), (2,7), (3,6), (2,8), (5,5), (3,10), (3,5), (2,9), (1,7), (1,8), (5,4), (6,5), (5,8), (2,5), (7,5), (8,5), (5,3), (5,2), (8,4), (8,3), (9,3), (1,9), (8,2), (1,5), (1,4), (2,10), (1,3), (1,2), (6,2), (10,3), (7,4)
------------------------
Camino: (3,8) -> (3,7) -> (4,7) -> (4,6) -> (5,6) -> (5,5) -> (6,5) -> (7,5) -> (8,5) -> (8,4) -> (8,3) -> (9,3) -> (10,3) -> (10,2)
Coste: 44
Iteración 0
-----------
Abiertos = (3,8)
Cerrados = 
------------------------
Iteración 1
-----------
Abiertos = (3,7), (3,9), (2,8)
Cerrados = (3,8)
------------------------
Iteración 2
-----------
Abiertos = (3,7), (2,8), (3,10), (2,9)
Cerrados = (3,8), (3,9)
------------------------
Iteración 3
-----------
Abiertos = (4,7), (3,6), (2,7), (2,8), (3,10), (2,9)
Cerrados = (3,8), (3,9), (3,7)
------------------------
Iteración 4
-----------
Abiertos = (4,7), (4,6), (2,7), (2,8), (3,10), (3,5), (2,9)
Cerrados = (3,8), (3,9), (3,7), (3,6)
------------------------
Iteración 5
-----------
Abiertos = (4,6), (4,6), (5,7), (2,7), (2,8), (3,10), (3,5), (2,9)
Cerrados = (3,8), (3,9), (3,7), (3,6), (4,7)
------------------------
Iteración 6
-----------
Abiertos = (5,7), (4,6), (2,7), (2,8), (3,10), (5,6), (3,5), (2,9)
Cerrados = (3,8), (3,9), (3,7), (3,6), (4,7), (4,6)
------------------------
Iteración 7
-----------
Abiertos = (4,6), (2,7), (2,8), (3,10), (5,6), (5,6), (3,5), (2,9), (5,8)
Cerrados = (3,8), (3,9), (3,7), (3,6), (4,7), (4,6), (5,7)
------------------------
Iteración 8
-----------
Abiertos = (2,7), (2,7), (3,10), (5,6), (5,6), (3,5), (2,9), (1,8), (5,8), (2,9)
Cerrados = (3,8), (3,9), (3,7), (3,6), (4,7), (4,6), (5,7), (2,8)
------------------------
Iteración 9
-----------
Abiertos = (2,7), (3,10), (5,6), (5,6), (3,5), (1,7), (2,9), (1,8), (5,8), (2,9)
Cerrados = (3,8), (3,9), (3,7), (3,6), (4,7), (4,6), (5,7), (2,8), (2,7)
------------------------
Iteración 10
-----------
Abiertos = (2,7), (5,6), (5,6), (3,5), (1,7), (2,9), (1,8), (5,8), (2,9), (2,10)
Cerrados = (3,8), (3,9), (3,7), (3,6), (4,7), (4,6), (5,7), (2,8), (2,7), (3,10)
------------------------
Iteración 11
-----------
Abiertos = (2,7), (5,6), (3,5), (1,7), (2,9), (1,8), (5,5), (5,8), (2,9), (2,10)
Cerrados = (3,8), (3,9), (3,7), (3,6), (4,7), (4,6), (5,7), (2,8), (2,7), (3,10), (5,6)
------------------------
Iteración 12
-----------
Abiertos = (5,6), (1,7), (2,9), (1,8), (5,5), (5,8), (2,5), (2,9), (2,10)
Cerrados = (3,8), (3,9), (3,7), (3,6), (4,7), (4,6), (5,7), (2,8), (2,7), (3,10), (5,6), (3,5)
------------------------
Iteración 13
-----------
Abiertos = (5,6), (2,9), (1,8), (5,5), (5,8), (2,5), (2,9), (1,8), (2,10)
Cerrados = (3,8), (3,9), (3,7), (3,6), (4,7), (4,6), (5,7), (2,8), (2,7), (3,10), (5,6), (3,5), (1,7)
------------------------
Iteración 14
-----------
Abiertos = (2,9), (5,5), (5,8), (2,5), (2,9), (1,8), (1,9), (2,10)
Cerrados = (3,8), (3,9), (3,7), (3,6), (4,7), (4,6), (5,7), (2,8), (2,7), (3,10), (5,6), (3,5), (1,7), (1,8)
------------------------
Iteración 15
-----------
Abiertos = (2,9), (5,8), (2,5), (2,9), (6,5), (5,4), (1,8), (2,10), (1,9)
Cerrados = (3,8), (3,9), (3,7), (3,6), (4,7), (4,6), (5,7), (2,8), (2,7), (3,10), (5,6), (3,5), (1,7), (1,8), (5,5)
------------------------
Iteración 16
-----------
Abiertos = (2,5), (5,8), (2,9), (6,5), (5,4), (1,8), (2,10), (1,9), (1,9), (2,10)
Cerrados = (3,8), (3,9), (3,7), (3,6), (4,7), (4,6), (5,7), (2,8), (2,7), (3,10), (5,6), (3,5), (1,7), (1,8), (5,5), (2,9)
------------------------
Iteración 17
-----------
Abiertos = (5,8), (2,9), (6,5), (5,4), (1,8), (2,10), (1,9), (1,9), (1,5), (2,10)
Cerrados = (3,8), (3,9), (3,7), (3,6), (4,7), (4,6), (5,7), (2,8), (2,7), (3,10), (5,6), (3,5), (1,7), (1,8), (5,5), (2,9), (2,5)
------------------------
Iteración 18
-----------
Abiertos = (2,9), (6,5), (5,4), (1,8), (2,10), (1,9), (1,9), (1,5), (2,10), (5,9)
Cerrados = (3,8), (3,9), (3,7), (3,6), (4,7), (4,6), (5,7), (2,8), (2,7), (3,10), (5,6), (3,5), (1,7), (1,8), (5,5), (2,9), (2,5), (5,8)
------------------------
Iteración 19
-----------
Abiertos = (5,4), (1,8), (2,10), (1,9), (1,9), (1,5), (7,5), (2,10), (5,9)
Cerrados = (3,8), (3,9), (3,7), (3,6), (4,7), (4,6), (5,7), (2,8), (2,7), (3,10), (5,6), (3,5), (1,7), (1,8), (5,5), (2,9), (2,5), (5,8), (6,5)
------------------------
Iteración 20
-----------
Abiertos = (1,8), (1,9), (2,10), (1,9), (1,5), (7,5), (5,3), (2,10), (5,9)
Cerrados = (3,8), (3,9), (3,7), (3,6), (4,7), (4,6), (5,7), (2,8), (2,7), (3,10), (5,6), (3,5), (1,7), (1,8), (5,5), (2,9), (2,5), (5,8), (6,5), (5,4)
------------------------
Iteración 21
-----------
Abiertos = (1,9), (2,10), (1,5), (7,5), (5,3), (2,10), (1,10), (5,9)
Cerrados = (3,8), (3,9), (3,7), (3,6), (4,7), (4,6), (5,7), (2,8), (2,7), (3,10), (5,6), (3,5), (1,7), (1,8), (5,5), (2,9), (2,5), (5,8), (6,5), (5,4), (1,9)
------------------------
Iteración 22
-----------
Abiertos = (1,9), (1,5), (7,5), (5,3), (2,10), (1,10), (1,10), (5,9)
Cerrados = (3,8), (3,9), (3,7), (3,6), (4,7), (4,6), (5,7), (2,8), (2,7), (3,10), (5,6), (3,5), (1,7), (1,8), (5,5), (2,9), (2,5), (5,8), (6,5), (5,4), (1,9), (2,10)
------------------------
Iteración 23
-----------
Abiertos = (1,5), (8,5), (5,3), (2,10), (1,10), (1,10), (7,4), (5,9)
Cerrados = (3,8), (3,9), (3,7), (3,6), (4,7), (4,6), (5,7), (2,8), (2,7), (3,10), (5,6), (3,5), (1,7), (1,8), (5,5), (2,9), (2,5), (5,8), (6,5), (5,4), (1,9), (2,10), (7,5)
------------------------
Iteración 24
-----------
Abiertos = (1,4), (8,5), (5,3), (2,10), (1,10), (1,10), (7,4), (5,9)
Cerrados = (3,8), (3,9), (3,7), (3,6), (4,7), (4,6), (5,7), (2,8), (2,7), (3,10), (5,6), (3,5), (1,7), (1,8), (5,5), (2,9), (2,5), (5,8), (6,5), (5,4), (1,9), (2,10), (7,5), (1,5)
------------------------
Iteración 25
-----------
Abiertos = (1,3), (8,5), (5,3), (2,10), (1,10), (1,10), (7,4), (5,9)
Cerrados = (3,8), (3,9), (3,7), (3,6), (4,7), (4,6), (5,7), (2,8), (2,7), (3,10), (5,6), (3,5), (1,7), (1,8), (5,5), (2,9), (2,5), (5,8), (6,5), (5,4), (1,9), (2,10), (7,5), (1,5), (1,4)
------------------------
Iteración 26
-----------
Abiertos = (1,2), (8,5), (5,3), (2,10), (1,10), (1,10), (2,3), (7,4), (5,9)
Cerrados = (3,8), (3,9), (3,7), (3,6), (4,7), (4,6), (5,7), (2,8), (2,7), (3,10), (5,6), (3,5), (1,7), (1,8), (5,5), (2,9), (2,5), (5,8), (6,5), (5,4), (1,9), (2,10), (7,5), (1,5), (1,4), (1,3)
------------------------
Iteración 27
-----------
Abiertos = (1,2), (8,4), (5,3), (2,10), (1,10), (1,10), (2,3), (7,4), (8,6), (5,9)
Cerrados = (3,8), (3,9), (3,7), (3,6), (4,7), (4,6), (5,7), (2,8), (2,7), (3,10), (5,6), (3,5), (1,7), (1,8), (5,5), (2,9), (2,5), (5,8), (6,5), (5,4), (1,9), (2,10), (7,5), (1,5), (1,4), (1,3), (8,5)
------------------------
Iteración 28
-----------
Abiertos = (1,2), (8,3), (5,3), (2,10), (1,10), (1,10), (2,3), (7,4), (8,6), (5,9), (7,4)
Cerrados = (3,8), (3,9), (3,7), (3,6), (4,7), (4,6), (5,7), (2,8), (2,7), (3,10), (5,6), (3,5), (1,7), (1,8), (5,5), (2,9), (2,5), (5,8), (6,5), (5,4), (1,9), (2,10), (7,5), (1,5), (1,4), (1,3), (8,5), (8,4)
------------------------
Iteración 29
-----------
Abiertos = (1,2), (9,3), (8,2), (5,3), (2,10), (1,10), (1,10), (2,3), (7,4), (8,6), (5,9), (7,3), (7,4)
Cerrados = (3,8), (3,9), (3,7), (3,6), (4,7), (4,6), (5,7), (2,8), (2,7), (3,10), (5,6), (3,5), (1,7), (1,8), (5,5), (2,9), (2,5), (5,8), (6,5), (5,4), (1,9), (2,10), (7,5), (1,5), (1,4), (1,3), (8,5), (8,4), (8,3)
------------------------
Iteración 30
-----------
Abiertos = (1,2), (8,2), (5,3), (2,10), (1,10), (1,10), (2,3), (10,3), (7,4), (8,6), (5,9), (7,3), (7,4)
Cerrados = (3,8), (3,9), (3,7), (3,6), (4,7), (4,6), (5,7), (2,8), (2,7), (3,10), (5,6), (3,5), (1,7), (1,8), (5,5), (2,9), (2,5), (5,8), (6,5), (5,4), (1,9), (2,10), (7,5), (1,5), (1,4), (1,3), (8,5), (8,4), (8,3), (9,3)
------------------------
Iteración 31
-----------
Abiertos = (1,2), (5,3), (2,10), (1,10), (1,10), (2,3), (10,3), (7,4), (8,1), (8,6), (5,9), (7,2), (7,3), (7,4)
Cerrados = (3,8), (3,9), (3,7), (3,6), (4,7), (4,6), (5,7), (2,8), (2,7), (3,10), (5,6), (3,5), (1,7), (1,8), (5,5), (2,9), (2,5), (5,8), (6,5), (5,4), (1,9), (2,10), (7,5), (1,5), (1,4), (1,3), (8,5), (8,4), (8,3), (9,3), (8,2)
------------------------
Iteración 32
-----------
Abiertos = (5,3), (2,10), (1,10), (1,10), (2,2), (2,3), (10,3), (7,4), (1,1), (8,1), (8,6), (5,9), (7,2), (7,3), (7,4)
Cerrados = (3,8), (3,9), (3,7), (3,6), (4,7), (4,6), (5,7), (2,8), (2,7), (3,10), (5,6), (3,5), (1,7), (1,8), (5,5), (2,9), (2,5), (5,8), (6,5), (5,4), (1,9), (2,10), (7,5), (1,5), (1,4), (1,3), (8,5), (8,4), (8,3), (9,3), (8,2), (1,2)
------------------------
Iteración 33
-----------
Abiertos = (5,2), (1,10), (1,10), (2,2), (2,3), (10,3), (7,4), (1,1), (8,1), (8,6), (4,3), (5,9), (7,2), (7,3), (7,4)
Cerrados = (3,8), (3,9), (3,7), (3,6), (4,7), (4,6), (5,7), (2,8), (2,7), (3,10), (5,6), (3,5), (1,7), (1,8), (5,5), (2,9), (2,5), (5,8), (6,5), (5,4), (1,9), (2,10), (7,5), (1,5), (1,4), (1,3), (8,5), (8,4), (8,3), (9,3), (8,2), (1,2), (5,3)
------------------------
Iteración 34
-----------
Abiertos = (5,2), (1,10), (2,2), (2,3), (10,3), (7,4), (1,1), (8,1), (8,6), (4,3), (5,9), (7,2), (7,3), (7,4)
Cerrados = (3,8), (3,9), (3,7), (3,6), (4,7), (4,6), (5,7), (2,8), (2,7), (3,10), (5,6), (3,5), (1,7), (1,8), (5,5), (2,9), (2,5), (5,8), (6,5), (5,4), (1,9), (2,10), (7,5), (1,5), (1,4), (1,3), (8,5), (8,4), (8,3), (9,3), (8,2), (1,2), (5,3), (1,10)
------------------------
Iteración 35
-----------
Abiertos = (1,10), (2,2), (2,3), (10,3), (6,2), (7,4), (1,1), (8,1), (4,2), (8,6), (4,3), (5,9), (7,2), (7,3), (7,4)
Cerrados = (3,8), (3,9), (3,7), (3,6), (4,7), (4,6), (5,7), (2,8), (2,7), (3,10), (5,6), (3,5), (1,7), (1,8), (5,5), (2,9), (2,5), (5,8), (6,5), (5,4), (1,9), (2,10), (7,5), (1,5), (1,4), (1,3), (8,5), (8,4), (8,3), (9,3), (8,2), (1,2), (5,3), (1,10), (5,2)
------------------------
Iteración 36
-----------
Abiertos = (2,3), (10,3), (6,2), (7,4), (1,1), (8,1), (4,2), (8,6), (4,3), (5,9), (2,1), (7,2), (7,3), (7,4), (2,3)
Cerrados = (3,8), (3,9), (3,7), (3,6), (4,7), (4,6), (5,7), (2,8), (2,7), (3,10), (5,6), (3,5), (1,7), (1,8), (5,5), (2,9), (2,5), (5,8), (6,5), (5,4), (1,9), (2,10), (7,5), (1,5), (1,4), (1,3), (8,5), (8,4), (8,3), (9,3), (8,2), (1,2), (5,3), (1,10), (5,2), (2,2)
------------------------
Iteración 37
-----------
Abiertos = (2,3), (10,2), (6,2), (7,4), (1,1), (8,1), (4,2), (8,6), (4,3), (5,9), (2,1), (11,3), (7,2), (7,3), (7,4), (2,3), (10,4)
Cerrados = (3,8), (3,9), (3,7), (3,6), (4,7), (4,6), (5,7), (2,8), (2,7), (3,10), (5,6), (3,5), (1,7), (1,8), (5,5), (2,9), (2,5), (5,8), (6,5), (5,4), (1,9), (2,10), (7,5), (1,5), (1,4), (1,3), (8,5), (8,4), (8,3), (9,3), (8,2), (1,2), (5,3), (1,10), (5,2), (2,2), (10,3)
------------------------
Iteración 38
-----------
Abiertos = (10,2), (6,2), (7,4), (1,1), (8,1), (4,2), (8,6), (4,3), (3,3), (5,9), (2,1), (11,3), (7,2), (7,3), (7,4), (2,3), (10,4)
Cerrados = (3,8), (3,9), (3,7), (3,6), (4,7), (4,6), (5,7), (2,8), (2,7), (3,10), (5,6), (3,5), (1,7), (1,8), (5,5), (2,9), (2,5), (5,8), (6,5), (5,4), (1,9), (2,10), (7,5), (1,5), (1,4), (1,3), (8,5), (8,4), (8,3), (9,3), (8,2), (1,2), (5,3), (1,10), (5,2), (2,2), (10,3), (2,3)
------------------------
Iteración 39
-----------
Abiertos = (10,2), (7,4), (1,1), (8,1), (4,2), (8,6), (4,3), (3,3), (5,9), (7,2), (2,1), (11,3), (7,2), (7,3), (7,4), (2,3), (10,4), (6,1)
Cerrados = (3,8), (3,9), (3,7), (3,6), (4,7), (4,6), (5,7), (2,8), (2,7), (3,10), (5,6), (3,5), (1,7), (1,8), (5,5), (2,9), (2,5), (5,8), (6,5), (5,4), (1,9), (2,10), (7,5), (1,5), (1,4), (1,3), (8,5), (8,4), (8,3), (9,3), (8,2), (1,2), (5,3), (1,10), (5,2), (2,2), (10,3), (2,3), (6,2)
------------------------
Iteración 40
-----------
Abiertos = (10,2), (1,1), (8,1), (4,2), (8,6), (4,3), (3,3), (5,9), (7,2), (7,3), (2,1), (11,3), (7,2), (7,3), (7,4), (2,3), (10,4), (6,1)
Cerrados = (3,8), (3,9), (3,7), (3,6), (4,7), (4,6), (5,7), (2,8), (2,7), (3,10), (5,6), (3,5), (1,7), (1,8), (5,5), (2,9), (2,5), (5,8), (6,5), (5,4), (1,9), (2,10), (7,5), (1,5), (1,4), (1,3), (8,5), (8,4), (8,3), (9,3), (8,2), (1,2), (5,3), (1,10), (5,2), (2,2), (10,3), (2,3), (6,2), (7,4)
------------------------
Camino: (3,8) -> (3,7) -> (3,6) -> (4,6) -> (5,6) -> (5,5) -> (6,5) -> (7,5) -> (8,5) -> (8,4) -> (8,3) -> (9,3) -> (10,3) -> (10,2)
Coste: 47
Iteración 0
-----------
Abiertos = (3,8)
Cerrados = 
------------------------
Iteración 1
-----------
Abiertos = (3,7), (3,9), (2,8)
Cerrados = (3,8)
------------------------
Iteración 2
-----------
Abiertos = (3,7), (2,8), (3,10), (2,9)
Cerrados = (3,8), (3,9)
------------------------
Iteración 3
-----------
Abiertos = (3,7), (2,7), (3,10), (2,9), (1,8), (2,9)
Cerrados = (3,8), (3,9), (2,8)
------------------------
Iteración 4
-----------
Abiertos = (3,7), (3,10), (3,7), (1,7), (1,8), (2,9), (2,9)
Cerrados = (3,8), (3,9), (2,8), (2,7)
------------------------
Iteración 5
-----------
Abiertos = (4,7), (3,6), (3,10), (3,7), (1,7), (1,8), (2,9), (2,9)
Cerrados = (3,8), (3,9), (2,8), (2,7), (3,7)
------------------------
Iteración 6
-----------
Abiertos = (4,7), (4,6), (3,10), (3,5), (3,7), (1,7), (1,8), (2,9), (2,9)
Cerrados = (3,8), (3,9), (2,8), (2,7), (3,7), (3,6)
------------------------
Iteración 7
-----------
Abiertos = (4,7), (3,10), (5,6), (3,5), (4,7), (3,7), (1,7), (1,8), (2,9), (2,9)
Cerrados = (3,8), (3,9), (2,8), (2,7), (3,7), (3,6), (4,6)
------------------------
Iteración 8
-----------
Abiertos = (5,7), (3,10), (5,6), (3,5), (4,7), (3,7), (1,7), (1,8), (2,9), (2,9)
Cerrados = (3,8), (3,9), (2,8), (2,7), (3,7), (3,6), (4,6), (4,7)
------------------------
Iteración 9
-----------
Abiertos = (5,7), (5,6), (3,5), (4,7), (3,7), (1,7), (1,8), (2,9), (2,9), (2,10)
Cerrados = (3,8), (3,9), (2,8), (2,7), (3,7), (3,6), (4,6), (4,7), (3,10)
------------------------
Iteración 10
-----------
Abiertos = (5,6), (5,6), (3,5), (4,7), (3,7), (1,7), (1,8), (2,9), (5,8), (2,9), (2,10)
Cerrados = (3,8), (3,9), (2,8), (2,7), (3,7), (3,6), (4,6), (4,7), (3,10), (5,7)
------------------------
Iteración 11
-----------
Abiertos = (5,6), (3,5), (4,7), (3,7), (1,7), (1,8), (2,9), (5,5), (5,8), (2,9), (2,10)
Cerrados = (3,8), (3,9), (2,8), (2,7), (3,7), (3,6), (4,6), (4,7), (3,10), (5,7), (5,6)
------------------------
Iteración 12
-----------
Abiertos = (5,6), (4,7), (3,7), (1,7), (1,8), (2,9), (5,5), (2,5), (5,8), (2,9), (2,10)
Cerrados = (3,8), (3,9), (2,8), (2,7), (3,7), (3,6), (4,6), (4,7), (3,10), (5,7), (5,6), (3,5)
------------------------
Iteración 13
-----------
Abiertos = (3,7), (1,8), (2,9), (5,5), (2,5), (5,8), (2,9), (1,8), (2,10)
Cerrados = (3,8), (3,9), (2,8), (2,7), (3,7), (3,6), (4,6), (4,7), (3,10), (5,7), (5,6), (3,5), (1,7)
------------------------
Iteración 14
-----------
Abiertos = (3,7), (2,9), (5,5), (2,5), (5,8), (2,9), (1,8), (2,10), (1,9)
Cerrados = (3,8), (3,9), (2,8), (2,7), (3,7), (3,6), (4,6), (4,7), (3,10), (5,7), (5,6), (3,5), (1,7), (1,8)
------------------------
Iteración 15
-----------
Abiertos = (3,7), (5,5), (2,5), (5,8), (2,9), (1,8), (2,10), (1,9), (1,9), (2,10)
Cerrados = (3,8), (3,9), (2,8), (2,7), (3,7), (3,6), (4,6), (4,7), (3,10), (5,7), (5,6), (3,5), (1,7), (1,8), (2,9)
------------------------
Iteración 16
-----------
Abiertos = (5,8), (2,5), (2,9), (6,5), (5,4), (1,8), (1,9), (1,9), (2,10), (2,10)
Cerrados = (3,8), (3,9), (2,8), (2,7), (3,7), (3,6), (4,6), (4,7), (3,10), (5,7), (5,6), (3,5), (1,7), (1,8), (2,9), (5,5)
------------------------
Iteración 17
-----------
Abiertos = (2,5), (2,9), (6,5), (5,4), (1,8), (2,10), (1,9), (1,9), (2,10), (5,9)
Cerrados = (3,8), (3,9), (2,8), (2,7), (3,7), (3,6), (4,6), (4,7), (3,10), (5,7), (5,6), (3,5), (1,7), (1,8), (2,9), (5,5), (5,8)
------------------------
Iteración 18
-----------
Abiertos = (2,5), (5,4), (1,8), (2,10), (1,9), (1,9), (7,5), (2,10), (5,9)
Cerrados = (3,8), (3,9), (2,8), (2,7), (3,7), (3,6), (4,6), (4,7), (3,10), (5,7), (5,6), (3,5), (1,7), (1,8), (2,9), (5,5), (5,8), (6,5)
------------------------
Iteración 19
-----------
Abiertos = (2,5), (1,8), (2,10), (1,9), (1,9), (7,5), (5,3), (2,10), (5,9)
Cerrados = (3,8), (3,9), (2,8), (2,7), (3,7), (3,6), (4,6), (4,7), (3,10), (5,7), (5,6), (3,5), (1,7), (1,8), (2,9), (5,5), (5,8), (6,5), (5,4)
------------------------
Iteración 20
-----------
Abiertos = (1,8), (2,10), (1,9), (1,9), (1,5), (7,5), (5,3), (2,10), (5,9)
Cerrados = (3,8), (3,9), (2,8), (2,7), (3,7), (3,6), (4,6), (4,7), (3,10), (5,7), (5,6), (3,5), (1,7), (1,8), (2,9), (5,5), (5,8), (6,5), (5,4), (2,5)
------------------------
Iteración 21
-----------
Abiertos = (1,8), (1,9), (1,9), (1,5), (7,5), (5,3), (2,10), (1,10), (5,9)
Cerrados = (3,8), (3,9), (2,8), (2,7), (3,7), (3,6), (4,6), (4,7), (3,10), (5,7), (5,6), (3,5), (1,7), (1,8), (2,9), (5,5), (5,8), (6,5), (5,4), (2,5), (2,10)
------------------------
Iteración 22
-----------
Abiertos = (1,8), (1,9), (1,5), (7,5), (5,3), (2,10), (1,10), (1,10), (5,9)
Cerrados = (3,8), (3,9), (2,8), (2,7), (3,7), (3,6), (4,6), (4,7), (3,10), (5,7), (5,6), (3,5), (1,7), (1,8), (2,9), (5,5), (5,8), (6,5), (5,4), (2,5), (2,10), (1,9)
------------------------
Iteración 23
-----------
Abiertos = (1,5), (8,5), (5,3), (2,10), (1,10), (1,10), (7,4), (5,9)
Cerrados = (3,8), (3,9), (2,8), (2,7), (3,7), (3,6), (4,6), (4,7), (3,10), (5,7), (5,6), (3,5), (1,7), (1,8), (2,9), (5,5), (5,8), (6,5), (5,4), (2,5), (2,10), (1,9), (7,5)
------------------------
Iteración 24
-----------
Abiertos = (1,5), (8,4), (5,3), (2,10), (1,10), (1,10), (7,4), (8,6), (5,9)
Cerrados = (3,8), (3,9), (2,8), (2,7), (3,7), (3,6), (4,6), (4,7), (3,10), (5,7), (5,6), (3,5), (1,7), (1,8), (2,9), (5,5), (5,8), (6,5), (5,4), (2,5), (2,10), (1,9), (7,5), (8,5)
------------------------
Iteración 25
-----------
Abiertos = (1,5), (8,3), (5,3), (2,10), (1,10), (1,10), (7,4), (8,6), (5,9), (7,4)
Cerrados = (3,8), (3,9), (2,8), (2,7), (3,7), (3,6), (4,6), (4,7), (3,10), (5,7), (5,6), (3,5), (1,7), (1,8), (2,9), (5,5), (5,8), (6,5), (5,4), (2,5), (2,10), (1,9), (7,5), (8,5), (8,4)
------------------------
Iteración 26
-----------
Abiertos = (1,4), (8,3), (5,3), (2,10), (1,10), (1,10), (7,4), (8,6), (5,9), (7,4)
Cerrados = (3,8), (3,9), (2,8), (2,7), (3,7), (3,6), (4,6), (4,7), (3,10), (5,7), (5,6), (3,5), (1,7), (1,8), (2,9), (5,5), (5,8), (6,5), (5,4), (2,5), (2,10), (1,9), (7,5), (8,5), (8,4), (1,5)
------------------------
Iteración 27
-----------
Abiertos = (1,4), (8,2), (9,3), (5,3), (2,10), (1,10), (1,10), (7,4), (8,6), (5,9), (7,3), (7,4)
Cerrados = (3,8), (3,9), (2,8), (2,7), (3,7), (3,6), (4,6), (4,7), (3,10), (5,7), (5,6), (3,5), (1,7), (1,8), (2,9), (5,5), (5,8), (6,5), (5,4), (2,5), (2,10), (1,9), (7,5), (8,5), (8,4), (1,5), (8,3)
------------------------
Iteración 28
-----------
Abiertos = (1,3), (9,3), (8,2), (5,3), (2,10), (1,10), (1,10), (7,4), (8,6), (5,9), (7,3), (7,4)
Cerrados = (3,8), (3,9), (2,8), (2,7), (3,7), (3,6), (4,6), (4,7), (3,10), (5,7), (5,6), (3,5), (1,7), (1,8), (2,9), (5,5), (5,8), (6,5), (5,4), (2,5), (2,10), (1,9), (7,5), (8,5), (8,4), (1,5), (8,3), (1,4)
------------------------
Iteración 29
-----------
Abiertos = (1,3), (8,2), (5,3), (2,10), (1,10), (1,10), (10,3), (7,4), (8,6), (5,9), (7,3), (7,4)
Cerrados = (3,8), (3,9), (2,8), (2,7), (3,7), (3,6), (4,6), (4,7), (3,10), (5,7), (5,6), (3,5), (1,7), (1,8), (2,9), (5,5), (5,8), (6,5), (5,4), (2,5), (2,10), (1,9), (7,5), (8,5), (8,4), (1,5), (8,3), (1,4), (9,3)
------------------------
Iteración 30
-----------
Abiertos = (1,3), (5,3), (2,10), (1,10), (1,10), (10,3), (7,4), (8,1), (8,6), (5,9), (7,2), (7,3), (7,4)
Cerrados = (3,8), (3,9), (2,8), (2,7), (3,7), (3,6), (4,6), (4,7), (3,10), (5,7), (5,6), (3,5), (1,7), (1,8), (2,9), (5,5), (5,8), (6,5), (5,4), (2,5), (2,10), (1,9), (7,5), (8,5), (8,4), (1,5), (8,3), (1,4), (9,3), (8,2)
------------------------
Iteración 31
-----------
Abiertos = (1,3), (5,2), (2,10), (1,10), (1,10), (10,3), (7,4), (8,1), (8,6), (4,3), (5,9), (7,2), (7,3), (7,4)
Cerrados = (3,8), (3,9), (2,8), (2,7), (3,7), (3,6), (4,6), (4,7), (3,10), (5,7), (5,6), (3,5), (1,7), (1,8), (2,9), (5,5), (5,8), (6,5), (5,4), (2,5), (2,10), (1,9), (7,5), (8,5), (8,4), (1,5), (8,3), (1,4), (9,3), (8,2), (5,3)
------------------------
Iteración 32
-----------
Abiertos = (1,3), (2,10), (1,10), (1,10), (10,3), (6,2), (7,4), (8,1), (4,2), (8,6), (4,3), (5,9), (7,2), (7,3), (7,4)
Cerrados = (3,8), (3,9), (2,8), (2,7), (3,7), (3,6), (4,6), (4,7), (3,10), (5,7), (5,6), (3,5), (1,7), (1,8), (2,9), (5,5), (5,8), (6,5), (5,4), (2,5), (2,10), (1,9), (7,5), (8,5), (8,4), (1,5), (8,3), (1,4), (9,3), (8,2), (5,3), (5,2)
------------------------
Iteración 33
-----------
Abiertos = (1,2), (2,10), (1,10), (1,10), (2,3), (10,3), (6,2), (7,4), (8,1), (4,2), (8,6), (4,3), (5,9), (7,2), (7,3), (7,4)
Cerrados = (3,8), (3,9), (2,8), (2,7), (3,7), (3,6), (4,6), (4,7), (3,10), (5,7), (5,6), (3,5), (1,7), (1,8), (2,9), (5,5), (5,8), (6,5), (5,4), (2,5), (2,10), (1,9), (7,5), (8,5), (8,4), (1,5), (8,3), (1,4), (9,3), (8,2), (5,3), (5,2), (1,3)
------------------------
Iteración 34
-----------
Abiertos = (2,10), (1,10), (1,10), (2,2), (2,3), (10,3), (6,2), (7,4), (1,1), (8,1), (4,2), (8,6), (4,3), (5,9), (7,2), (7,3), (7,4)
Cerrados = (3,8), (3,9), (2,8), (2,7), (3,7), (3,6), (4,6), (4,7), (3,10), (5,7), (5,6), (3,5), (1,7), (1,8), (2,9), (5,5), (5,8), (6,5), (5,4), (2,5), (2,10), (1,9), (7,5), (8,5), (8,4), (1,5), (8,3), (1,4), (9,3), (8,2), (5,3), (5,2), (1,3), (1,2)
------------------------
Iteración 35
-----------
Abiertos = (2,10), (1,10), (2,2), (2,3), (10,3), (6,2), (7,4), (1,1), (8,1), (4,2), (8,6), (4,3), (5,9), (7,2), (7,3), (7,4)
Cerrados = (3,8), (3,9), (2,8), (2,7), (3,7), (3,6), (4,6), (4,7), (3,10), (5,7), (5,6), (3,5), (1,7), (1,8), (2,9), (5,5), (5,8), (6,5), (5,4), (2,5), (2,10), (1,9), (7,5), (8,5), (8,4), (1,5), (8,3), (1,4), (9,3), (8,2), (5,3), (5,2), (1,3), (1,2), (1,10)
------------------------
Iteración 36
-----------
Abiertos = (2,3), (10,3), (6,2), (7,4), (1,1), (8,1), (4,2), (8,6), (4,3), (5,9), (2,1), (7,2), (7,3), (7,4), (2,3)
Cerrados = (3,8), (3,9), (2,8), (2,7), (3,7), (3,6), (4,6), (4,7), (3,10), (5,7), (5,6), (3,5), (1,7), (1,8), (2,9), (5,5), (5,8), (6,5), (5,4), (2,5), (2,10), (1,9), (7,5), (8,5), (8,4), (1,5), (8,3), (1,4), (9,3), (8,2), (5,3), (5,2), (1,3), (1,2), (1,10), (2,2)
------------------------
Iteración 37
-----------
Abiertos = (2,3), (10,2), (6,2), (7,4), (1,1), (8,1), (4,2), (8,6), (4,3), (5,9), (2,1), (11,3), (7,2), (7,3), (7,4), (2,3), (10,4)
Cerrados = (3,8), (3,9), (2,8), (2,7), (3,7), (3,6), (4,6), (4,7), (3,10), (5,7), (5,6), (3,5), (1,7), (1,8), (2,9), (5,5), (5,8), (6,5), (5,4), (2,5), (2,10), (1,9), (7,5), (8,5), (8,4), (1,5), (8,3), (1,4), (9,3), (8,2), (5,3), (5,2), (1,3), (1,2), (1,10), (2,2), (10,3)
------------------------
Camino: (3,8) -> (3,7) -> (3,6) -> (4,6) -> (5,6) -> (5,5) -> (6,5) -> (7,5) -> (8,5) -> (8,4) -> (8,3) -> (9,3) -> (10,3) -> (10,2)
Coste: 47
Iteración 0
-----------
Abiertos = (3,8)
Cerrados = 
------------------------
Iteración 1
-----------
Abiertos = (3,7), (3,9), (2,8)
Cerrados = (3,8)
------------------------
Iteración 2
-----------
Abiertos = (4,7), (3,9), (3,6), (2,7), (2,8)
Cerrados = (3,8), (3,7)
------------------------
Iteración 3
-----------
Abiertos = (4,6), (3,9), (5,7), (3,6), (2,7), (2,8)
Cerrados = (3,8), (3,7), (4,7)
------------------------
Iteración 4
-----------
Abiertos = (3,9), (5,6), (5,7), (3,6), (2,7), (2,8), (3,6)
Cerrados = (3,8), (3,7), (4,7), (4,6)
------------------------
Iteración 5
-----------
Abiertos = (5,6), (5,7), (3,6), (2,7), (2,8), (3,10), (3,6), (2,9)
Cerrados = (3,8), (3,7), (4,7), (4,6), (3,9)
------------------------
Iteración 6
-----------
Abiertos = (5,7), (3,6), (2,7), (2,8), (3,10), (5,5), (3,6), (2,9), (5,7)
Cerrados = (3,8), (3,7), (4,7), (4,6), (3,9), (5,6)
------------------------
Iteración 7
-----------
Abiertos = (3,6), (2,7), (2,8), (3,10), (5,5), (3,6), (2,9), (5,7), (5,8)
Cerrados = (3,8), (3,7), (4,7), (4,6), (3,9), (5,6), (5,7)
------------------------
Iteración 8
-----------
Abiertos = (2,7), (2,8), (3,10), (5,5), (3,5), (3,6), (2,9), (5,7), (5,8)
Cerrados = (3,8), (3,7), (4,7), (4,6), (3,9), (5,6), (5,7), (3,6)
------------------------
Iteración 9
-----------
Abiertos = (2,7), (2,7), (3,10), (5,5), (3,5), (3,6), (2,9), (1,8), (5,7), (5,8), (2,9)
Cerrados = (3,8), (3,7), (4,7), (4,6), (3,9), (5,6), (5,7), (3,6), (2,8)
------------------------
Iteración 10
-----------
Abiertos = (2,7), (3,10), (5,5), (3,5), (3,6), (1,7), (2,9), (1,8), (5,7), (5,8), (2,9)
Cerrados = (3,8), (3,7), (4,7), (4,6), (3,9), (5,6), (5,7), (3,6), (2,8), (2,7)
------------------------
Iteración 11
-----------
Abiertos = (2,7), (5,5), (3,5), (3,6), (1,7), (2,9), (1,8), (5,7), (5,8), (2,9), (2,10)
Cerrados = (3,8), (3,7), (4,7), (4,6), (3,9), (5,6), (5,7), (3,6), (2,8), (2,7), (3,10)
------------------------
Iteración 12
-----------
Abiertos = (5,5), (3,6), (1,7), (2,9), (1,8), (5,7), (5,8), (2,5), (2,9), (2,10)
Cerrados = (3,8), (3,7), (4,7), (4,6), (3,9), (5,6), (5,7), (3,6), (2,8), (2,7), (3,10), (3,5)
------------------------
Iteración 13
-----------
Abiertos = (3,6), (1,7), (2,9), (1,8), (5,4), (6,5), (5,7), (5,8), (2,5), (2,9), (2,10)
Cerrados = (3,8), (3,7), (4,7), (4,6), (3,9), (5,6), (5,7), (3,6), (2,8), (2,7), (3,10), (3,5), (5,5)
------------------------
Iteración 14
-----------
Abiertos = (3,6), (2,9), (1,8), (5,4), (6,5), (5,7), (5,8), (2,5), (2,9), (1,8), (2,10)
Cerrados = (3,8), (3,7), (4,7), (4,6), (3,9), (5,6), (5,7), (3,6), (2,8), (2,7), (3,10), (3,5), (5,5), (1,7)
------------------------
Iteración 15
-----------
Abiertos = (1,8), (5,4), (6,5), (5,7), (2,5), (5,8), (2,9), (1,8), (2,10), (1,9), (2,10)
Cerrados = (3,8), (3,7), (4,7), (4,6), (3,9), (5,6), (5,7), (3,6), (2,8), (2,7), (3,10), (3,5), (5,5), (1,7), (2,9)
------------------------
Iteración 16
-----------
Abiertos = (1,8), (6,5), (5,7), (2,5), (5,8), (2,9), (5,3), (1,8), (2,10), (1,9), (2,10)
Cerrados = (3,8), (3,7), (4,7), (4,6), (3,9), (5,6), (5,7), (3,6), (2,8), (2,7), (3,10), (3,5), (5,5), (1,7), (2,9), (5,4)
------------------------
Iteración 17
-----------
Abiertos = (1,8), (5,7), (2,5), (5,8), (2,9), (7,5), (5,3), (1,8), (2,10), (1,9), (2,10)
Cerrados = (3,8), (3,7), (4,7), (4,6), (3,9), (5,6), (5,7), (3,6), (2,8), (2,7), (3,10), (3,5), (5,5), (1,7), (2,9), (5,4), (6,5)
------------------------
Iteración 18
-----------
Abiertos = (2,5), (5,8), (2,9), (7,5), (5,3), (1,8), (2,10), (1,9), (1,9), (2,10)
Cerrados = (3,8), (3,7), (4,7), (4,6), (3,9), (5,6), (5,7), (3,6), (2,8), (2,7), (3,10), (3,5), (5,5), (1,7), (2,9), (5,4), (6,5), (1,8)
------------------------
Iteración 19
-----------
Abiertos = (2,5), (2,9), (7,5), (5,3), (1,8), (2,10), (1,9), (1,9), (2,10), (5,9)
Cerrados = (3,8), (3,7), (4,7), (4,6), (3,9), (5,6), (5,7), (3,6), (2,8), (2,7), (3,10), (3,5), (5,5), (1,7), (2,9), (5,4), (6,5), (1,8), (5,8)
------------------------
Iteración 20
-----------
Abiertos = (7,5), (5,3), (1,8), (1,9), (1,9), (2,10), (1,5), (2,10), (5,9)
Cerrados = (3,8), (3,7), (4,7), (4,6), (3,9), (5,6), (5,7), (3,6), (2,8), (2,7), (3,10), (3,5), (5,5), (1,7), (2,9), (5,4), (6,5), (1,8), (5,8), (2,5)
------------------------
Iteración 21
-----------
Abiertos = (8,5), (5,3), (1,8), (1,9), (1,9), (2,10), (1,5), (7,4), (2,10), (5,9)
Cerrados = (3,8), (3,7), (4,7), (4,6), (3,9), (5,6), (5,7), (3,6), (2,8), (2,7), (3,10), (3,5), (5,5), (1,7), (2,9), (5,4), (6,5), (1,8), (5,8), (2,5), (7,5)
------------------------
Iteración 22
-----------
Abiertos = (8,5), (5,2), (1,8), (1,9), (1,9), (2,10), (1,5), (7,4), (2,10), (4,3), (5,9)
Cerrados = (3,8), (3,7), (4,7), (4,6), (3,9), (5,6), (5,7), (3,6), (2,8), (2,7), (3,10), (3,5), (5,5), (1,7), (2,9), (5,4), (6,5), (1,8), (5,8), (2,5), (7,5), (5,3)
------------------------
Iteración 23
-----------
Abiertos = (8,4), (5,2), (1,8), (1,9), (1,9), (2,10), (1,5), (7,4), (2,10), (8,6), (4,3), (5,9)
Cerrados = (3,8), (3,7), (4,7), (4,6), (3,9), (5,6), (5,7), (3,6), (2,8), (2,7), (3,10), (3,5), (5,5), (1,7), (2,9), (5,4), (6,5), (1,8), (5,8), (2,5), (7,5), (5,3), (8,5)
------------------------
Iteración 24
-----------
Abiertos = (8,3), (5,2), (1,8), (1,9), (1,9), (2,10), (1,5), (7,4), (2,10), (8,6), (4,3), (7,4), (5,9)
Cerrados = (3,8), (3,7), (4,7), (4,6), (3,9), (5,6), (5,7), (3,6), (2,8), (2,7), (3,10), (3,5), (5,5), (1,7), (2,9), (5,4), (6,5), (1,8), (5,8), (2,5), (7,5), (5,3), (8,5), (8,4)
------------------------
Iteración 25
-----------
Abiertos = (8,2), (9,3), (5,2), (1,8), (1,9), (1,9), (2,10), (1,5), (7,4), (2,10), (8,6), (4,3), (7,3), (7,4), (5,9)
Cerrados = (3,8), (3,7), (4,7), (4,6), (3,9), (5,6), (5,7), (3,6), (2,8), (2,7), (3,10), (3,5), (5,5), (1,7), (2,9), (5,4), (6,5), (1,8), (5,8), (2,5), (7,5), (5,3), (8,5), (8,4), (8,3)
------------------------
Iteración 26
-----------
Abiertos = (8,2), (5,2), (1,8), (1,9), (1,9), (2,10), (1,5), (10,3), (7,4), (2,10), (8,6), (4,3), (7,3), (7,4), (5,9)
Cerrados = (3,8), (3,7), (4,7), (4,6), (3,9), (5,6), (5,7), (3,6), (2,8), (2,7), (3,10), (3,5), (5,5), (1,7), (2,9), (5,4), (6,5), (1,8), (5,8), (2,5), (7,5), (5,3), (8,5), (8,4), (8,3), (9,3)
------------------------
Iteración 27
-----------
Abiertos = (8,2), (1,8), (1,9), (1,9), (2,10), (1,5), (10,3), (6,2), (7,4), (2,10), (8,6), (4,2), (4,3), (7,3), (7,4), (5,9)
Cerrados = (3,8), (3,7), (4,7), (4,6), (3,9), (5,6), (5,7), (3,6), (2,8), (2,7), (3,10), (3,5), (5,5), (1,7), (2,9), (5,4), (6,5), (1,8), (5,8), (2,5), (7,5), (5,3), (8,5), (8,4), (8,3), (9,3), (5,2)
------------------------
Iteración 28
-----------
Abiertos = (1,8), (1,9), (1,9), (2,10), (1,5), (10,3), (6,2), (7,4), (2,10), (8,1), (8,6), (4,2), (4,3), (7,2), (7,3), (7,4), (5,9)
Cerrados = (3,8), (3,7), (4,7), (4,6), (3,9), (5,6), (5,7), (3,6), (2,8), (2,7), (3,10), (3,5), (5,5), (1,7), (2,9), (5,4), (6,5), (1,8), (5,8), (2,5), (7,5), (5,3), (8,5), (8,4), (8,3), (9,3), (5,2), (8,2)
------------------------
Iteración 29
-----------
Abiertos = (1,9), (1,9), (1,5), (10,3), (6,2), (7,4), (2,10), (8,1), (4,2), (8,6), (4,3), (1,10), (7,2), (7,3), (7,4), (5,9)
Cerrados = (3,8), (3,7), (4,7), (4,6), (3,9), (5,6), (5,7), (3,6), (2,8), (2,7), (3,10), (3,5), (5,5), (1,7), (2,9), (5,4), (6,5), (1,8), (5,8), (2,5), (7,5), (5,3), (8,5), (8,4), (8,3), (9,3), (5,2), (8,2), (2,10)
------------------------
Iteración 30
-----------
Abiertos = (1,9), (1,5), (10,3), (6,2), (7,4), (2,10), (8,1), (4,2), (8,6), (4,3), (1,10), (1,10), (7,2), (7,3), (7,4), (5,9)
Cerrados = (3,8), (3,7), (4,7), (4,6), (3,9), (5,6), (5,7), (3,6), (2,8), (2,7), (3,10), (3,5), (5,5), (1,7), (2,9), (5,4), (6,5), (1,8), (5,8), (2,5), (7,5), (5,3), (8,5), (8,4), (8,3), (9,3), (5,2), (8,2), (2,10), (1,9)
------------------------
Iteración 31
-----------
Abiertos = (1,4), (10,3), (6,2), (7,4), (2,10), (8,1), (4,2), (8,6), (4,3), (1,10), (1,10), (7,2), (7,3), (7,4), (5,9)
Cerrados = (3,8), (3,7), (4,7), (4,6), (3,9), (5,6), (5,7), (3,6), (2,8), (2,7), (3,10), (3,5), (5,5), (1,7), (2,9), (5,4), (6,5), (1,8), (5,8), (2,5), (7,5), (5,3), (8,5), (8,4), (8,3), (9,3), (5,2), (8,2), (2,10), (1,9), (1,5)
------------------------
Iteración 32
-----------
Abiertos = (1,4), (10,2), (6,2), (7,4), (2,10), (8,1), (4,2), (8,6), (4,3), (1,10), (1,10), (11,3), (7,2), (7,3), (7,4), (5,9), (10,4)
Cerrados = (3,8), (3,7), (4,7), (4,6), (3,9), (5,6), (5,7), (3,6), (2,8), (2,7), (3,10), (3,5), (5,5), (1,7), (2,9), (5,4), (6,5), (1,8), (5,8), (2,5), (7,5), (5,3), (8,5), (8,4), (8,3), (9,3), (5,2), (8,2), (2,10), (1,9), (1,5), (10,3)
------------------------
Iteración 33
-----------
Abiertos = (1,3), (10,2), (6,2), (7,4), (2,10), (8,1), (4,2), (8,6), (4,3), (1,10), (1,10), (11,3), (7,2), (7,3), (7,4), (5,9), (10,4)
Cerrados = (3,8), (3,7), (4,7), (4,6), (3,9), (5,6), (5,7), (3,6), (2,8), (2,7), (3,10), (3,5), (5,5), (1,7), (2,9), (5,4), (6,5), (1,8), (5,8), (2,5), (7,5), (5,3), (8,5), (8,4), (8,3), (9,3), (5,2), (8,2), (2,10), (1,9), (1,5), (10,3), (1,4)
------------------------
Iteración 34
-----------
Abiertos = (1,2), (10,2), (6,2), (7,4), (2,10), (8,1), (4,2), (8,6), (4,3), (1,10), (1,10), (2,3), (11,3), (7,2), (7,3), (7,4), (5,9), (10,4)
Cerrados = (3,8), (3,7), (4,7), (4,6), (3,9), (5,6), (5,7), (3,6), (2,8), (2,7), (3,10), (3,5), (5,5), (1,7), (2,9), (5,4), (6,5), (1,8), (5,8), (2,5), (7,5), (5,3), (8,5), (8,4), (8,3), (9,3), (5,2), (8,2), (2,10), (1,9), (1,5), (10,3), (1,4), (1,3)
------------------------
Iteración 35
-----------
Abiertos = (10,2), (6,2), (7,4), (2,10), (8,1), (4,2), (8,6), (4,3), (1,10), (1,10), (2,2), (2,3), (1,1), (11,3), (7,2), (7,3), (7,4), (5,9), (10,4)
Cerrados = (3,8), (3,7), (4,7), (4,6), (3,9), (5,6), (5,7), (3,6), (2,8), (2,7), (3,10), (3,5), (5,5), (1,7), (2,9), (5,4), (6,5), (1,8), (5,8), (2,5), (7,5), (5,3), (8,5), (8,4), (8,3), (9,3), (5,2), (8,2), (2,10), (1,9), (1,5), (10,3), (1,4), (1,3), (1,2)
------------------------
Camino: (3,8) -> (3,7) -> (4,7) -> (4,6) -> (5,6) -> (5,5) -> (6,5) -> (7,5) -> (8,5) -> (8,4) -> (8,3) -> (9,3) -> (10,3) -> (10,2)
Coste: 44
Iteración 0
-----------
Abiertos = (3,8)
Cerrados = 
------------------------
Iteración 1
-----------
Abiertos = (3,7), (3,9), (2,8)
Cerrados = (3,8)
------------------------
Iteración 2
-----------
Abiertos = (3,7), (2,8), (3,10), (2,9)
Cerrados = (3,8), (3,9)
------------------------
Iteración 3
-----------
Abiertos = (3,7), (2,7), (3,10), (2,9), (1,8), (2,9)
Cerrados = (3,8), (3,9), (2,8)
------------------------
Iteración 4
-----------
Abiertos = (4,7), (3,6), (2,7), (2,7), (3,10), (1,8), (2,9), (2,9)
Cerrados = (3,8), (3,9), (2,8), (3,7)
------------------------
Iteración 5
-----------
Abiertos = (4,7), (4,6), (2,7), (2,7), (3,10), (3,5), (2,9), (1,8), (2,9)
Cerrados = (3,8), (3,9), (2,8), (3,7), (3,6)
------------------------
Iteración 6
-----------
Abiertos = (4,6), (4,6), (5,7), (2,7), (2,7), (3,10), (3,5), (2,9), (1,8), (2,9)
Cerrados = (3,8), (3,9), (2,8), (3,7), (3,6), (4,7)
------------------------
Iteración 7
-----------
Abiertos = (4,6), (5,7), (2,7), (2,7), (3,10), (5,6), (3,5), (1,8), (2,9), (2,9)
Cerrados = (3,8), (3,9), (2,8), (3,7), (3,6), (4,7), (4,6)
------------------------
Iteración 8
-----------
Abiertos = (5,7), (2,7), (3,10), (5,6), (3,5), (1,7), (1,8), (2,9), (2,9)
Cerrados = (3,8), (3,9), (2,8), (3,7), (3,6), (4,7), (4,6), (2,7)
------------------------
Iteración 9
-----------
Abiertos = (2,7), (3,10), (5,6), (5,6), (3,5), (1,7), (1,8), (2,9), (5,8), (2,9)
Cerrados = (3,8), (3,9), (2,8), (3,7), (3,6), (4,7), (4,6), (2,7), (5,7)
------------------------
Iteración 10
-----------
Abiertos = (2,7), (5,6), (5,6), (3,5), (1,7), (1,8), (2,9), (5,8), (2,9), (2,10)
Cerrados = (3,8), (3,9), (2,8), (3,7), (3,6), (4,7), (4,6), (2,7), (5,7), (3,10)
------------------------
Iteración 11
-----------
Abiertos = (2,7), (5,6), (3,5), (1,7), (1,8), (2,9), (5,5), (5,8), (2,9), (2,10)
Cerrados = (3,8), (3,9), (2,8), (3,7), (3,6), (4,7), (4,6), (2,7), (5,7), (3,10), (5,6)
------------------------
Iteración 12
-----------
Abiertos = (5,6), (1,7), (1,8), (2,9), (5,5), (5,8), (2,5), (2,9), (2,10)
Cerrados = (3,8), (3,9), (2,8), (3,7), (3,6), (4,7), (4,6), (2,7), (5,7), (3,10), (5,6), (3,5)
------------------------
Iteración 13
-----------
Abiertos = (2,9), (1,8), (5,5), (5,8), (2,5), (2,9), (1,8), (2,10)
Cerrados = (3,8), (3,9), (2,8), (3,7), (3,6), (4,7), (4,6), (2,7), (5,7), (3,10), (5,6), (3,5), (1,7)
------------------------
Iteración 14
-----------
Abiertos = (2,9), (5,5), (5,8), (2,5), (2,9), (1,8), (1,9), (2,10)
Cerrados = (3,8), (3,9), (2,8), (3,7), (3,6), (4,7), (4,6), (2,7), (5,7), (3,10), (5,6), (3,5), (1,7), (1,8)
------------------------
Iteración 15
-----------
Abiertos = (2,9), (5,8), (2,5), (2,9), (6,5), (5,4), (1,8), (2,10), (1,9)
Cerrados = (3,8), (3,9), (2,8), (3,7), (3,6), (4,7), (4,6), (2,7), (5,7), (3,10), (5,6), (3,5), (1,7), (1,8), (5,5)
------------------------
Iteración 16
-----------
Abiertos = (2,9), (2,5), (2,9), (6,5), (5,4), (1,8), (1,9), (2,10), (5,9)
Cerrados = (3,8), (3,9), (2,8), (3,7), (3,6), (4,7), (4,6), (2,7), (5,7), (3,10), (5,6), (3,5), (1,7), (1,8), (5,5), (5,8)
------------------------
Iteración 17
-----------
Abiertos = (2,5), (2,9), (6,5), (5,4), (1,8), (1,9), (2,10), (1,9), (2,10), (5,9)
Cerrados = (3,8), (3,9), (2,8), (3,7), (3,6), (4,7), (4,6), (2,7), (5,7), (3,10), (5,6), (3,5), (1,7), (1,8), (5,5), (5,8), (2,9)
------------------------
Iteración 18
-----------
Abiertos = (2,5), (5,4), (1,8), (1,9), (2,10), (1,9), (7,5), (2,10), (5,9)
Cerrados = (3,8), (3,9), (2,8), (3,7), (3,6), (4,7), (4,6), (2,7), (5,7), (3,10), (5,6), (3,5), (1,7), (1,8), (5,5), (5,8), (2,9), (6,5)
------------------------
Iteración 19
-----------
Abiertos = (2,5), (1,8), (1,9), (2,10), (1,9), (5,3), (7,5), (2,10), (5,9)
Cerrados = (3,8), (3,9), (2,8), (3,7), (3,6), (4,7), (4,6), (2,7), (5,7), (3,10), (5,6), (3,5), (1,7), (1,8), (5,5), (5,8), (2,9), (6,5), (5,4)
------------------------
Iteración 20
-----------
Abiertos = (2,10), (1,9), (1,9), (1,5), (5,3), (7,5), (2,10), (5,9)
Cerrados = (3,8), (3,9), (2,8), (3,7), (3,6), (4,7), (4,6), (2,7), (5,7), (3,10), (5,6), (3,5), (1,7), (1,8), (5,5), (5,8), (2,9), (6,5), (5,4), (2,5)
------------------------
Iteración 21
-----------
Abiertos = (1,9), (1,9), (1,5), (5,3), (7,5), (2,10), (1,10), (5,9)
Cerrados = (3,8), (3,9), (2,8), (3,7), (3,6), (4,7), (4,6), (2,7), (5,7), (3,10), (5,6), (3,5), (1,7), (1,8), (5,5), (5,8), (2,9), (6,5), (5,4), (2,5), (2,10)
------------------------
Iteración 22
-----------
Abiertos = (1,9), (1,5), (5,3), (7,5), (2,10), (1,10), (1,10), (5,9)
Cerrados = (3,8), (3,9), (2,8), (3,7), (3,6), (4,7), (4,6), (2,7), (5,7), (3,10), (5,6), (3,5), (1,7), (1,8), (5,5), (5,8), (2,9), (6,5), (5,4), (2,5), (2,10), (1,9)
------------------------
Iteración 23
-----------
Abiertos = (1,4), (7,5), (5,3), (2,10), (1,10), (1,10), (5,9)
Cerrados = (3,8), (3,9), (2,8), (3,7), (3,6), (4,7), (4,6), (2,7), (5,7), (3,10), (5,6), (3,5), (1,7), (1,8), (5,5), (5,8), (2,9), (6,5), (5,4), (2,5), (2,10), (1,9), (1,5)
------------------------
Iteración 24
-----------
Abiertos = (1,3), (5,3), (7,5), (2,10), (1,10), (1,10), (5,9)
Cerrados = (3,8), (3,9), (2,8), (3,7), (3,6), (4,7), (4,6), (2,7), (5,7), (3,10), (5,6), (3,5), (1,7), (1,8), (5,5), (5,8), (2,9), (6,5), (5,4), (2,5), (2,10), (1,9), (1,5), (1,4)
------------------------
Iteración 25
-----------
Abiertos = (1,2), (7,5), (5,3), (2,10), (1,10), (1,10), (2,3), (5,9)
Cerrados = (3,8), (3,9), (2,8), (3,7), (3,6), (4,7), (4,6), (2,7), (5,7), (3,10), (5,6), (3,5), (1,7), (1,8), (5,5), (5,8), (2,9), (6,5), (5,4), (2,5), (2,10), (1,9), (1,5), (1,4), (1,3)
------------------------
Iteración 26
-----------
Abiertos = (5,3), (7,5), (2,10), (1,10), (1,10), (2,2), (2,3), (1,1), (5,9)
Cerrados = (3,8), (3,9), (2,8), (3,7), (3,6), (4,7), (4,6), (2,7), (5,7), (3,10), (5,6), (3,5), (1,7), (1,8), (5,5), (5,8), (2,9), (6,5), (5,4), (2,5), (2,10), (1,9), (1,5), (1,4), (1,3), (1,2)
------------------------
Iteración 27
-----------
Abiertos = (8,5), (5,3), (2,10), (1,10), (1,10), (2,2), (2,3), (7,4), (1,1), (5,9)
Cerrados = (3,8), (3,9), (2,8), (3,7), (3,6), (4,7), (4,6), (2,7), (5,7), (3,10), (5,6), (3,5), (1,7), (1,8), (5,5), (5,8), (2,9), (6,5), (5,4), (2,5), (2,10), (1,9), (1,5), (1,4), (1,3), (1,2), (7,5)
------------------------
Iteración 28
-----------
Abiertos = (8,5), (5,2), (2,10), (1,10), (1,10), (2,2), (2,3), (7,4), (1,1), (4,3), (5,9)
Cerrados = (3,8), (3,9), (2,8), (3,7), (3,6), (4,7), (4,6), (2,7), (5,7), (3,10), (5,6), (3,5), (1,7), (1,8), (5,5), (5,8), (2,9), (6,5), (5,4), (2,5), (2,10), (1,9), (1,5), (1,4), (1,3), (1,2), (7,5), (5,3)
------------------------
Iteración 29
-----------
Abiertos = (8,5), (2,10), (1,10), (1,10), (2,2), (2,3), (6,2), (7,4), (1,1), (4,2), (4,3), (5,9)
Cerrados = (3,8), (3,9), (2,8), (3,7), (3,6), (4,7), (4,6), (2,7), (5,7), (3,10), (5,6), (3,5), (1,7), (1,8), (5,5), (5,8), (2,9), (6,5), (5,4), (2,5), (2,10), (1,9), (1,5), (1,4), (1,3), (1,2), (7,5), (5,3), (5,2)
------------------------
Iteración 30
-----------
Abiertos = (8,4), (1,10), (1,10), (2,2), (2,3), (6,2), (7,4), (1,1), (8,6), (4,2), (4,3), (5,9)
Cerrados = (3,8), (3,9), (2,8), (3,7), (3,6), (4,7), (4,6), (2,7), (5,7), (3,10), (5,6), (3,5), (1,7), (1,8), (5,5), (5,8), (2,9), (6,5), (5,4), (2,5), (2,10), (1,9), (1,5), (1,4), (1,3), (1,2), (7,5), (5,3), (5,2), (8,5)
------------------------
Iteración 31
-----------
Abiertos = (8,3), (1,10), (1,10), (2,2), (2,3), (6,2), (7,4), (1,1), (8,6), (4,2), (4,3), (5,9), (7,4)
Cerrados = (3,8), (3,9), (2,8), (3,7), (3,6), (4,7), (4,6), (2,7), (5,7), (3,10), (5,6), (3,5), (1,7), (1,8), (5,5), (5,8), (2,9), (6,5), (5,4), (2,5), (2,10), (1,9), (1,5), (1,4), (1,3), (1,2), (7,5), (5,3), (5,2), (8,5), (8,4)
------------------------
Iteración 32
-----------
Abiertos = (8,2), (9,3), (1,10), (1,10), (2,2), (2,3), (6,2), (7,4), (1,1), (8,6), (4,2), (4,3), (5,9), (7,3), (7,4)
Cerrados = (3,8), (3,9), (2,8), (3,7), (3,6), (4,7), (4,6), (2,7), (5,7), (3,10), (5,6), (3,5), (1,7), (1,8), (5,5), (5,8), (2,9), (6,5), (5,4), (2,5), (2,10), (1,9), (1,5), (1,4), (1,3), (1,2), (7,5), (5,3), (5,2), (8,5), (8,4), (8,3)
------------------------
Iteración 33
-----------
Abiertos = (8,2), (1,10), (1,10), (2,2), (2,3), (10,3), (6,2), (7,4), (1,1), (8,6), (4,2), (4,3), (5,9), (7,3), (7,4)
Cerrados = (3,8), (3,9), (2,8), (3,7), (3,6), (4,7), (4,6), (2,7), (5,7), (3,10), (5,6), (3,5), (1,7), (1,8), (5,5), (5,8), (2,9), (6,5), (5,4), (2,5), (2,10), (1,9), (1,5), (1,4), (1,3), (1,2), (7,5), (5,3), (5,2), (8,5), (8,4), (8,3), (9,3)
------------------------
Iteración 34
-----------
Abiertos = (8,2), (1,10), (2,2), (2,3), (10,3), (6,2), (7,4), (1,1), (8,6), (4,2), (4,3), (5,9), (7,3), (7,4)
Cerrados = (3,8), (3,9), (2,8), (3,7), (3,6), (4,7), (4,6), (2,7), (5,7), (3,10), (5,6), (3,5), (1,7), (1,8), (5,5), (5,8), (2,9), (6,5), (5,4), (2,5), (2,10), (1,9), (1,5), (1,4), (1,3), (1,2), (7,5), (5,3), (5,2), (8,5), (8,4), (8,3), (9,3), (1,10)
------------------------
Iteración 35
-----------
Abiertos = (1,10), (2,2), (2,3), (10,3), (6,2), (7,4), (1,1), (8,1), (8,6), (4,2), (4,3), (5,9), (7,2), (7,3), (7,4)
Cerrados = (3,8), (3,9), (2,8), (3,7), (3,6), (4,7), (4,6), (2,7), (5,7), (3,10), (5,6), (3,5), (1,7), (1,8), (5,5), (5,8), (2,9), (6,5), (5,4), (2,5), (2,10), (1,9), (1,5), (1,4), (1,3), (1,2), (7,5), (5,3), (5,2), (8,5), (8,4), (8,3), (9,3), (1,10), (8,2)
------------------------
Iteración 36
-----------
Abiertos = (1,10), (2,3), (10,3), (6,2), (7,4), (1,1), (8,1), (8,6), (4,2), (4,3), (5,9), (2,1), (7,2), (7,3), (7,4), (2,3)
Cerrados = (3,8), (3,9), (2,8), (3,7), (3,6), (4,7), (4,6), (2,7), (5,7), (3,10), (5,6), (3,5), (1,7), (1,8), (5,5), (5,8), (2,9), (6,5), (5,4), (2,5), (2,10), (1,9), (1,5), (1,4), (1,3), (1,2), (7,5), (5,3), (5,2), (8,5), (8,4), (8,3), (9,3), (1,10), (8,2), (2,2)
------------------------
Iteración 37
-----------
Abiertos = (10,3), (6,2), (7,4), (1,1), (8,1), (8,6), (4,2), (4,3), (3,3), (5,9), (2,1), (7,2), (7,3), (7,4), (2,3)
Cerrados = (3,8), (3,9), (2,8), (3,7), (3,6), (4,7), (4,6), (2,7), (5,7), (3,10), (5,6), (3,5), (1,7), (1,8), (5,5), (5,8), (2,9), (6,5), (5,4), (2,5), (2,10), (1,9), (1,5), (1,4), (1,3), (1,2), (7,5), (5,3), (5,2), (8,5), (8,4), (8,3), (9,3), (1,10), (8,2), (2,2), (2,3)
------------------------
Iteración 38
-----------
Abiertos = (10,2), (6,2), (7,4), (1,1), (8,1), (8,6), (4,2), (4,3), (3,3), (5,9), (2,1), (11,3), (7,2), (7,3), (7,4), (2,3), (10,4)
Cerrados = (3,8), (3,9), (2,8), (3,7), (3,6), (4,7), (4,6), (2,7), (5,7), (3,10), (5,6), (3,5), (1,7), (1,8), (5,5), (5,8), (2,9), (6,5), (5,4), (2,5), (2,10), (1,9), (1,5), (1,4), (1,3), (1,2), (7,5), (5,3), (5,2), (8,5), (8,4), (8,3), (9,3), (1,10), (8,2), (2,2), (2,3), (10,3)
------------------------
Iteración 39
-----------
Abiertos = (10,2), (7,4), (1,1), (8,1), (8,6), (4,2), (4,3), (3,3), (5,9), (7,2), (2,1), (11,3), (7,2), (7,3), (7,4), (2,3), (10,4), (6,1)
Cerrados = (3,8), (3,9), (2,8), (3,7), (3,6), (4,7), (4,6), (2,7), (5,7), (3,10), (5,6), (3,5), (1,7), (1,8), (5,5), (5,8), (2,9), (6,5), (5,4), (2,5), (2,10), (1,9), (1,5), (1,4), (1,3), (1,2), (7,5), (5,3), (5,2), (8,5), (8,4), (8,3), (9,3), (1,10), (8,2), (2,2), (2,3), (10,3), (6,2)
------------------------
Iteración 40
-----------
Abiertos = (10,2), (1,1), (8,1), (8,6), (4,2), (4,3), (3,3), (5,9), (7,2), (7,3), (2,1), (11,3), (7,2), (7,3), (7,4), (2,3), (10,4), (6,1)
Cerrados = (3,8), (3,9), (2,8), (3,7), (3,6), (4,7), (4,6), (2,7), (5,7), (3,10), (5,6), (3,5), (1,7), (1,8), (5,5), (5,8), (2,9), (6,5), (5,4), (2,5), (2,10), (1,9), (1,5), (1,4), (1,3), (1,2), (7,5), (5,3), (5,2), (8,5), (8,4), (8,3), (9,3), (1,10), (8,2), (2,2), (2,3), (10,3), (6,2), (7,4)
------------------------
Camino: (3,8) -> (3,7) -> (3,6) -> (4,6) -> (5,6) -> (5,5) -> (6,5) -> (7,5) -> (8,5) -> (8,4) -> (8,3) -> (9,3) -> (10,3) -> (10,2)
Coste: 47
Iteración 0
-----------
Abiertos = (3,8)
Cerrados = 
------------------------
Iteración 1
-----------
Abiertos = (3,7), (3,9), (2,8)
Cerrados = (3,8)
------------------------
Iteración 2
-----------
Abiertos = (4,7), (3,9), (3,6), (2,7), (2,8)
Cerrados = (3,8), (3,7)
------------------------
Iteración 3
-----------
Abiertos = (4,7), (3,6), (2,7), (2,8), (3,10), (2,9)
Cerrados = (3,8), (3,7), (3,9)
------------------------
Iteración 4
-----------
Abiertos = (4,6), (5,7), (3,6), (2,7), (2,8), (3,10), (2,9)
Cerrados = (3,8), (3,7), (3,9), (4,7)
------------------------
Iteración 5
-----------
Abiertos = (4,6), (3,6), (2,7), (2,8), (3,10), (5,6), (2,9), (5,8)
Cerrados = (3,8), (3,7), (3,9), (4,7), (5,7)
------------------------
Iteración 6
-----------
Abiertos = (4,6), (4,6), (2,7), (2,8), (3,10), (5,6), (3,5), (2,9), (5,8)
Cerrados = (3,8), (3,7), (3,9), (4,7), (5,7), (3,6)
------------------------
Iteración 7
-----------
Abiertos = (5,6), (4,6), (2,7), (2,8), (3,10), (5,6), (3,5), (2,9), (5,8)
Cerrados = (3,8), (3,7), (3,9), (4,7), (5,7), (3,6), (4,6)
------------------------
Iteración 8
-----------
Abiertos = (5,6), (2,8), (3,10), (5,6), (3,5), (1,7), (2,9), (5,8), (2,8)
Cerrados = (3,8), (3,7), (3,9), (4,7), (5,7), (3,6), (4,6), (2,7)
------------------------
Iteración 9
-----------
Abiertos = (5,6), (3,10), (5,6), (3,5), (1,7), (2,9), (1,8), (5,8), (2,8), (2,9)
Cerrados = (3,8), (3,7), (3,9), (4,7), (5,7), (3,6), (4,6), (2,7), (2,8)
------------------------
Iteración 10
-----------
Abiertos = (3,10), (5,6), (3,5), (1,7), (2,9), (1,8), (5,5), (5,8), (2,8), (2,9)
Cerrados = (3,8), (3,7), (3,9), (4,7), (5,7), (3,6), (4,6), (2,7), (2,8), (5,6)
------------------------
Iteración 11
-----------
Abiertos = (5,6), (3,5), (1,7), (2,9), (1,8), (5,5), (5,8), (2,8), (2,9), (2,10)
Cerrados = (3,8), (3,7), (3,9), (4,7), (5,7), (3,6), (4,6), (2,7), (2,8), (5,6), (3,10)
------------------------
Iteración 12
-----------
Abiertos = (5,6), (1,7), (2,9), (1,8), (5,5), (5,8), (2,5), (2,8), (2,9), (2,10)
Cerrados = (3,8), (3,7), (3,9), (4,7), (5,7), (3,6), (4,6), (2,7), (2,8), (5,6), (3,10), (3,5)
------------------------
Iteración 13
-----------
Abiertos = (5,6), (2,9), (1,8), (5,5), (5,8), (2,5), (2,8), (2,9), (1,8), (2,10)
Cerrados = (3,8), (3,7), (3,9), (4,7), (5,7), (3,6), (4,6), (2,7), (2,8), (5,6), (3,10), (3,5), (1,7)
------------------------
Iteración 14
-----------
Abiertos = (5,6), (1,8), (5,5), (5,8), (2,5), (2,8), (2,9), (1,8), (1,9), (2,10), (2,10)
Cerrados = (3,8), (3,7), (3,9), (4,7), (5,7), (3,6), (4,6), (2,7), (2,8), (5,6), (3,10), (3,5), (1,7), (2,9)
------------------------
Iteración 15
-----------
Abiertos = (5,6), (5,5), (5,8), (2,5), (2,8), (2,9), (1,8), (2,10), (1,9), (1,9), (2,10)
Cerrados = (3,8), (3,7), (3,9), (4,7), (5,7), (3,6), (4,6), (2,7), (2,8), (5,6), (3,10), (3,5), (1,7), (2,9), (1,8)
------------------------
Iteración 16
-----------
Abiertos = (5,6), (5,8), (2,5), (2,8), (2,9), (6,5), (5,4), (1,8), (2,10), (1,9), (1,9), (2,10)
Cerrados = (3,8), (3,7), (3,9), (4,7), (5,7), (3,6), (4,6), (2,7), (2,8), (5,6), (3,10), (3,5), (1,7), (2,9), (1,8), (5,5)
------------------------
Iteración 17
-----------
Abiertos = (5,6), (2,5), (2,8), (2,9), (6,5), (5,4), (1,8), (2,10), (1,9), (1,9), (2,10), (5,9)
Cerrados = (3,8), (3,7), (3,9), (4,7), (5,7), (3,6), (4,6), (2,7), (2,8), (5,6), (3,10), (3,5), (1,7), (2,9), (1,8), (5,5), (5,8)
------------------------
Iteración 18
-----------
Abiertos = (5,6), (2,8), (2,9), (6,5), (5,4), (1,8), (2,10), (1,9), (1,9), (1,5), (2,10), (5,9)
Cerrados = (3,8), (3,7), (3,9), (4,7), (5,7), (3,6), (4,6), (2,7), (2,8), (5,6), (3,10), (3,5), (1,7), (2,9), (1,8), (5,5), (5,8), (2,5)
------------------------
Iteración 19
-----------
Abiertos = (2,8), (5,4), (1,8), (2,10), (1,9), (1,9), (1,5), (7,5), (2,10), (5,9)
Cerrados = (3,8), (3,7), (3,9), (4,7), (5,7), (3,6), (4,6), (2,7), (2,8), (5,6), (3,10), (3,5), (1,7), (2,9), (1,8), (5,5), (5,8), (2,5), (6,5)
------------------------
Iteración 20
-----------
Abiertos = (1,8), (2,10), (1,9), (1,9), (1,5), (7,5), (5,3), (2,10), (5,9)
Cerrados = (3,8), (3,7), (3,9), (4,7), (5,7), (3,6), (4,6), (2,7), (2,8), (5,6), (3,10), (3,5), (1,7), (2,9), (1,8), (5,5), (5,8), (2,5), (6,5), (5,4)
------------------------
Iteración 21
-----------
Abiertos = (2,10), (1,9), (1,5), (7,5), (5,3), (2,10), (1,10), (5,9)
Cerrados = (3,8), (3,7), (3,9), (4,7), (5,7), (3,6), (4,6), (2,7), (2,8), (5,6), (3,10), (3,5), (1,7), (2,9), (1,8), (5,5), (5,8), (2,5), (6,5), (5,4), (1,9)
------------------------
Iteración 22
-----------
Abiertos = (1,9), (1,5), (7,5), (5,3), (2,10), (1,10), (1,10), (5,9)
Cerrados = (3,8), (3,7), (3,9), (4,7), (5,7), (3,6), (4,6), (2,7), (2,8), (5,6), (3,10), (3,5), (1,7), (2,9), (1,8), (5,5), (5,8), (2,5), (6,5), (5,4), (1,9), (2,10)
------------------------
Iteración 23
-----------
Abiertos = (1,4), (5,3), (7,5), (2,10), (1,10), (1,10), (5,9)
Cerrados = (3,8), (3,7), (3,9), (4,7), (5,7), (3,6), (4,6), (2,7), (2,8), (5,6), (3,10), (3,5), (1,7), (2,9), (1,8), (5,5), (5,8), (2,5), (6,5), (5,4), (1,9), (2,10), (1,5)
------------------------
Iteración 24
-----------
Abiertos = (1,4), (5,2), (7,5), (2,10), (1,10), (1,10), (4,3), (5,9)
Cerrados = (3,8), (3,7), (3,9), (4,7), (5,7), (3,6), (4,6), (2,7), (2,8), (5,6), (3,10), (3,5), (1,7), (2,9), (1,8), (5,5), (5,8), (2,5), (6,5), (5,4), (1,9), (2,10), (1,5), (5,3)
------------------------
Iteración 25
-----------
Abiertos = (1,3), (5,2), (7,5), (2,10), (1,10), (1,10), (4,3), (5,9)
Cerrados = (3,8), (3,7), (3,9), (4,7), (5,7), (3,6), (4,6), (2,7), (2,8), (5,6), (3,10), (3,5), (1,7), (2,9), (1,8), (5,5), (5,8), (2,5), (6,5), (5,4), (1,9), (2,10), (1,5), (5,3), (1,4)
------------------------
Iteración 26
-----------
Abiertos = (1,2), (5,2), (7,5), (2,10), (1,10), (1,10), (2,3), (4,3), (5,9)
Cerrados = (3,8), (3,7), (3,9), (4,7), (5,7), (3,6), (4,6), (2,7), (2,8), (5,6), (3,10), (3,5), (1,7), (2,9), (1,8), (5,5), (5,8), (2,5), (6,5), (5,4), (1,9), (2,10), (1,5), (5,3), (1,4), (1,3)
------------------------
Iteración 27
-----------
Abiertos = (5,2), (7,5), (2,10), (1,10), (1,10), (2,2), (2,3), (1,1), (4,3), (5,9)
Cerrados = (3,8), (3,7), (3,9), (4,7), (5,7), (3,6), (4,6), (2,7), (2,8), (5,6), (3,10), (3,5), (1,7), (2,9), (1,8), (5,5), (5,8), (2,5), (6,5), (5,4), (1,9), (2,10), (1,5), (5,3), (1,4), (1,3), (1,2)
------------------------
Iteración 28
-----------
Abiertos = (5,2), (8,5), (2,10), (1,10), (1,10), (2,2), (2,3), (7,4), (1,1), (4,3), (5,9)
Cerrados = (3,8), (3,7), (3,9), (4,7), (5,7), (3,6), (4,6), (2,7), (2,8), (5,6), (3,10), (3,5), (1,7), (2,9), (1,8), (5,5), (5,8), (2,5), (6,5), (5,4), (1,9), (2,10), (1,5), (5,3), (1,4), (1,3), (1,2), (7,5)
------------------------
Iteración 29
-----------
Abiertos = (8,4), (5,2), (2,10), (1,10), (1,10), (2,2), (2,3), (7,4), (1,1), (8,6), (4,3), (5,9)
Cerrados = (3,8), (3,7), (3,9), (4,7), (5,7), (3,6), (4,6), (2,7), (2,8), (5,6), (3,10), (3,5), (1,7), (2,9), (1,8), (5,5), (5,8), (2,5), (6,5), (5,4), (1,9), (2,10), (1,5), (5,3), (1,4), (1,3), (1,2), (7,5), (8,5)
------------------------
Iteración 30
-----------
Abiertos = (8,4), (2,10), (1,10), (1,10), (2,2), (2,3), (6,2), (7,4), (1,1), (4,2), (8,6), (4,3), (5,9)
Cerrados = (3,8), (3,7), (3,9), (4,7), (5,7), (3,6), (4,6), (2,7), (2,8), (5,6), (3,10), (3,5), (1,7), (2,9), (1,8), (5,5), (5,8), (2,5), (6,5), (5,4), (1,9), (2,10), (1,5), (5,3), (1,4), (1,3), (1,2), (7,5), (8,5), (5,2)
------------------------
Iteración 31
-----------
Abiertos = (8,4), (1,10), (2,2), (2,3), (6,2), (7,4), (1,1), (4,2), (8,6), (4,3), (5,9)
Cerrados = (3,8), (3,7), (3,9), (4,7), (5,7), (3,6), (4,6), (2,7), (2,8), (5,6), (3,10), (3,5), (1,7), (2,9), (1,8), (5,5), (5,8), (2,5), (6,5), (5,4), (1,9), (2,10), (1,5), (5,3), (1,4), (1,3), (1,2), (7,5), (8,5), (5,2), (1,10)
------------------------
Iteración 32
-----------
Abiertos = (8,3), (1,10), (2,2), (2,3), (6,2), (7,4), (1,1), (4,2), (8,6), (4,3), (5,9), (7,4)
Cerrados = (3,8), (3,7), (3,9), (4,7), (5,7), (3,6), (4,6), (2,7), (2,8), (5,6), (3,10), (3,5), (1,7), (2,9), (1,8), (5,5), (5,8), (2,5), (6,5), (5,4), (1,9), (2,10), (1,5), (5,3), (1,4), (1,3), (1,2), (7,5), (8,5), (5,2), (1,10), (8,4)
------------------------
Iteración 33
-----------
Abiertos = (8,2), (9,3), (2,2), (2,3), (6,2), (7,4), (1,1), (4,2), (8,6), (4,3), (5,9), (7,3), (7,4)
Cerrados = (3,8), (3,7), (3,9), (4,7), (5,7), (3,6), (4,6), (2,7), (2,8), (5,6), (3,10), (3,5), (1,7), (2,9), (1,8), (5,5), (5,8), (2,5), (6,5), (5,4), (1,9), (2,10), (1,5), (5,3), (1,4), (1,3), (1,2), (7,5), (8,5), (5,2), (1,10), (8,4), (8,3)
------------------------
Iteración 34
-----------
Abiertos = (8,2), (2,2), (2,3), (10,3), (6,2), (7,4), (1,1), (4,2), (8,6), (4,3), (5,9), (7,3), (7,4)
Cerrados = (3,8), (3,7), (3,9), (4,7), (5,7), (3,6), (4,6), (2,7), (2,8), (5,6), (3,10), (3,5), (1,7), (2,9), (1,8), (5,5), (5,8), (2,5), (6,5), (5,4), (1,9), (2,10), (1,5), (5,3), (1,4), (1,3), (1,2), (7,5), (8,5), (5,2), (1,10), (8,4), (8,3), (9,3)
------------------------
Iteración 35
-----------
Abiertos = (8,2), (2,3), (10,3), (6,2), (7,4), (1,1), (4,2), (8,6), (4,3), (5,9), (2,1), (7,3), (7,4), (2,3)
Cerrados = (3,8), (3,7), (3,9), (4,7), (5,7), (3,6), (4,6), (2,7), (2,8), (5,6), (3,10), (3,5), (1,7), (2,9), (1,8), (5,5), (5,8), (2,5), (6,5), (5,4), (1,9), (2,10), (1,5), (5,3), (1,4), (1,3), (1,2), (7,5), (8,5), (5,2), (1,10), (8,4), (8,3), (9,3), (2,2)
------------------------
Iteración 36
-----------
Abiertos = (8,2), (10,3), (6,2), (7,4), (1,1), (4,2), (8,6), (4,3), (3,3), (5,9), (2,1), (7,3), (7,4), (2,3)
Cerrados = (3,8), (3,7), (3,9), (4,7), (5,7), (3,6), (4,6), (2,7), (2,8), (5,6), (3,10), (3,5), (1,7), (2,9), (1,8), (5,5), (5,8), (2,5), (6,5), (5,4), (1,9), (2,10), (1,5), (5,3), (1,4), (1,3), (1,2), (7,5), (8,5), (5,2), (1,10), (8,4), (8,3), (9,3), (2,2), (2,3)
------------------------
Iteración 37
-----------
Abiertos = (8,2), (10,2), (6,2), (7,4), (1,1), (4,2), (8,6), (4,3), (3,3), (5,9), (2,1), (11,3), (7,3), (7,4), (2,3), (10,4)
Cerrados = (3,8), (3,7), (3,9), (4,7), (5,7), (3,6), (4,6), (2,7), (2,8), (5,6), (3,10), (3,5), (1,7), (2,9), (1,8), (5,5), (5,8), (2,5), (6,5), (5,4), (1,9), (2,10), (1,5), (5,3), (1,4), (1,3), (1,2), (7,5), (8,5), (5,2), (1,10), (8,4), (8,3), (9,3), (2,2), (2,3), (10,3)
------------------------
Camino: (3,8) -> (3,7) -> (4,7) -> (5,7) -> (5,6) -> (5,5) -> (6,5) -> (7,5) -> (8,5) -> (8,4) -> (8,3) -> (9,3) -> (10,3) -> (10,2)
Coste: 47
